cik,name,n_filings,n_amendments,latest_filed
0000897070,ASHFORD CAPITAL MANAGEMENT INC,4,0,2026-08-21
0001297376,"Advisors Asset Management, Inc.",4,28,2026-08-21
0001546007,Assenagon Asset Management S.A.,4,1,2026-08-21
0002056313,Bernard Wealth Management Corp.,4,0,2026-08-21
0001661536,Delaney Dennis R,4,0,2026-08-21
0002080849,"Envision Financial Transparency, LLC",2,0,2026-08-21
0002134841,First Nebraska Trust Co,88,0,2026-08-21
0001119032,HARVEY CAPITAL MANAGEMENT INC,4,1,2026-08-21
0001635409,"Harbor Spring Capital, LLC",3,0,2026-08-21
0001314377,Kidder Stephen W,4,0,2026-08-21
0002030974,Kings Path Partners LLC,4,1,2026-08-21
0001541055,"Nokomis Capital, L.L.C.",4,1,2026-08-21
0002119167,Pangea Capital Gestao de Recursos Ltda.,15,2,2026-08-21
0002081668,"Royalty Pharma Sub-Manager, LLC",3,3,2026-08-21
0001909879,"WEST MICHIGAN ADVISORS, LLC",4,1,2026-08-21
0002111013,"ATX Financial Planning, LLC",3,0,2026-08-20
0000908758,"American Beacon Advisors, Inc.",4,0,2026-08-20
0002018166,"Anderson Financial Strategies, LLC",4,0,2026-08-20
0001034642,CLIFFORD SWAN INVESTMENT COUNSEL LLC,4,0,2026-08-20
0001847739,"Condire Management, LP",4,1,2026-08-20
0001008894,DEPRINCE RACE & ZOLLO INC,4,0,2026-08-20
0002068112,"Forefront Wealth Partners, LLC",4,0,2026-08-20
0000729563,"GILL CAPITAL PARTNERS, LLC",4,0,2026-08-20
0001694126,"Harvest Fund Management Co., Ltd",4,0,2026-08-20
0001536799,"Jackson Wealth Management, LLC",4,0,2026-08-20
0001724910,"Layline Advisors, LLC",1,0,2026-08-20
0002143045,Pandowealth. LLC,3,1,2026-08-20
0001633037,Rehmann Capital Advisory Group,4,0,2026-08-20
0001943071,Ridgepath Capital Management LLC,5,0,2026-08-20
0001513193,Arbiter Partners Capital Management LLC,4,1,2026-08-19
0001803804,Archer Investment Corp,4,1,2026-08-19
0001569001,BOUSSARD & GAVAUDAN GESTION SAS,1,0,2026-08-19
0001872195,Bullish,3,0,2026-08-19
0002067581,Bullock Wealth Management Group,1,0,2026-08-19
0000803016,CALIFORNIA FIRST LEASING CORP,4,0,2026-08-19
0001024896,"CANTOR FITZGERALD, L. P.",4,3,2026-08-19
0001904423,"Custos Family Office, LLC",4,0,2026-08-19
0002007407,Expect Equity LLC,4,2,2026-08-19
0001594492,Field & Main Bank,4,1,2026-08-19
0001844393,"Financial Avengers, Inc.",4,1,2026-08-19
0002016110,Fox Hill Wealth Management,4,0,2026-08-19
0001803294,Goodwin Investment Advisory,4,0,2026-08-19
0002150482,"IKE Capital, LLC",1,0,2026-08-19
0002106181,Kalehua Capital Management LLC,3,2,2026-08-19
0001791965,"Kingsview Wealth Management, LLC",4,0,2026-08-19
0001535784,Lombard Odier Asset Management,4,2,2026-08-19
0000853758,MERCER GLOBAL ADVISORS INC /ADV,4,1,2026-08-19
0001787423,"Madryn Asset Management, LP",3,0,2026-08-19
0001472322,"Nantahala Capital Management, LLC",4,1,2026-08-19
0001306923,Palo Alto Investors LP,4,2,2026-08-19
0002001016,Prosperitas Financial LLC,4,0,2026-08-19
0002005292,"RESOLUTE WEALTH ADVISOR, INC.",3,0,2026-08-19
0001589176,SPX Gestao de Recursos Ltda,4,1,2026-08-19
0000741073,STOCK YARDS BANK & TRUST CO,4,1,2026-08-19
0001580677,"Sustainable Insight Capital Management, LLC",4,0,2026-08-19
0001862443,"Vermillion & White Wealth Management Group, LLC",4,1,2026-08-19
0001903579,"Wilson & Boucher Capital Management, LLC",4,0,2026-08-19
0002022291,"49 WEALTH MANAGEMENT, LLC",4,1,2026-08-18
0001166309,"BRIDGER MANAGEMENT, LLC",4,0,2026-08-18
0001744317,"Beacon Pointe Advisors, LLC",4,0,2026-08-18
0001058854,CANNELL CAPITAL LLC,4,0,2026-08-18
0001483234,CRCM LP,4,3,2026-08-18
0001911938,Capasso Planning Partners LLC,4,0,2026-08-18
0001631773,"Concorde Asset Management, LLC",4,0,2026-08-18
0002058771,Copia Wealth Management,4,0,2026-08-18
0001657980,"Denver PWM, LLC",4,0,2026-08-18
0001454984,"Ensign Peak Advisors, Inc",4,3,2026-08-18
0001353395,Fulcrum Asset Management LLP,4,3,2026-08-18
0001691827,Glenview Trust Co,4,1,2026-08-18
0002115631,"Henson-Edgewater Management, LLC",3,1,2026-08-18
0001960212,JDM Financial Group LLC,4,0,2026-08-18
0001318103,"Kimelman & Baird, LLC",4,1,2026-08-18
0001920405,"Leo H. Evart, Inc.",2,1,2026-08-18
0001544204,Liontrust Investment Partners LLP,4,2,2026-08-18
0001547926,"Livforsakringsbolaget Skandia, Omsesidigt",4,0,2026-08-18
0001133219,MUHLENKAMP & CO INC,4,0,2026-08-18
0002135336,Madrid Financial Services,7,0,2026-08-18
0001666606,Mint Tower Capital Management B.V.,4,0,2026-08-18
0001056559,NORTH STAR ASSET MANAGEMENT INC,4,0,2026-08-18
0001948755,"Nest Investments, LLC",3,0,2026-08-18
0001846758,Orion Capital Management LLC,4,0,2026-08-18
0001094584,PIN OAK INVESTMENT ADVISORS INC,4,1,2026-08-18
0001695582,"RB Capital Management, LLC",4,0,2026-08-18
0002112884,"RIHO Partners, LLC",3,1,2026-08-18
0002062680,"Rakuten Investment Management, Inc.",4,0,2026-08-18
0001566887,Ratan Capital Management LP,4,0,2026-08-18
0002113426,Sankala Group LLC,3,0,2026-08-18
0001966210,Strait & Sound Wealth Management LLC,4,0,2026-08-18
0001260945,THOMAS H LEE PARTNERS LP,4,0,2026-08-18
0001910210,"TILIA FIDUCIARY PARTNERS, INC.",4,0,2026-08-18
0001847794,"Twin Lakes Capital Management, LLC",4,0,2026-08-18
0001910387,"Unconventional Investor, LLC",4,0,2026-08-18
0001628622,VY Capital Management Co. Ltd.,1,0,2026-08-18
0001631014,ALTAROCK PARTNERS LP,4,0,2026-08-17
0001682475,"AWH Capital, L.P.",4,1,2026-08-17
0001067926,Adelante Capital Management LLC,4,0,2026-08-17
0001582681,Alaska Permanent Fund Corp,4,1,2026-08-17
0001596468,Almitas Capital LLC,4,1,2026-08-17
0002029723,"American Family Investments, Inc.",4,0,2026-08-17
0001922879,Asset Allocation Strategies LLC,4,0,2026-08-17
0002127120,"AtlasMark Financial, Inc",23,0,2026-08-17
0001643833,"BRASADA CAPITAL MANAGEMENT, LP",4,1,2026-08-17
0001767040,"BROOKS, MOORE & ASSOCIATES, INC.",4,0,2026-08-17
0002011851,Balanced Rock Investment Advisors LLC,4,0,2026-08-17
0001569650,Bank OZK,4,0,2026-08-17
0001599620,"Blue Edge Capital, LLC",4,0,2026-08-17
0001426196,"CAPSTONE INVESTMENT ADVISORS, LLC",4,0,2026-08-17
0000891943,"CENTAURUS FINANCIAL, INC.",4,0,2026-08-17
0002010947,"Caitlin John, LLC",4,0,2026-08-17
0001536444,"Camarda Financial Advisors, LLC",4,0,2026-08-17
0001665976,"Coastal Bridge Advisors, LLC",4,0,2026-08-17
0002058921,Comprehensive Money Management Services LLC,4,0,2026-08-17
0001948780,Corient Private Wealth LLC,4,3,2026-08-17
0001984078,"Council Ring Capital, LLC",4,0,2026-08-17
0001206792,DEARBORN PARTNERS LLC,4,1,2026-08-17
0002129940,"E-Wealth Partners, LLC",3,0,2026-08-17
0001616895,"EIG Asset Management, LLC",4,0,2026-08-17
0001592828,"Empowered Funds, LLC",4,2,2026-08-17
0001333986,"Equitable Holdings, Inc.",4,0,2026-08-17
0000937729,FAYEZ SAROFIM & CO,4,0,2026-08-17
0001093219,FORMULA GROWTH LTD,4,0,2026-08-17
0001905627,"FSA Advisors, Inc.",4,1,2026-08-17
0001076809,"GLAZER CAPITAL, LLC",4,0,2026-08-17
0001252007,"GRAYBILL WEALTH MANAGEMENT, LTD.",4,0,2026-08-17
0001637946,"General Catalyst Group Management, LLC",4,0,2026-08-17
0001569137,"Grandeur Peak Global Advisors, LLC",4,1,2026-08-17
0001616659,"HARBERT FUND ADVISORS, INC.",4,0,2026-08-17
0001646639,"Hamilton Capital, LLC",3,0,2026-08-17
0001508236,Hauser Brothers GmbH,4,0,2026-08-17
0001430681,Hayek Kallen Investment Management,4,0,2026-08-17
0001837343,"Hill City Capital, LP",4,1,2026-08-17
0001317679,Impala Asset Management LLC,4,3,2026-08-17
0001665337,"Integrated Investment Consultants, LLC",4,1,2026-08-17
0002111761,Jacobs Equity LLC,3,0,2026-08-17
0000096223,Jefferies Financial Group Inc.,4,0,2026-08-17
0001039565,KAHN BROTHERS GROUP INC,4,1,2026-08-17
0001963514,KM Capital Management Ltd.,4,0,2026-08-17
0002112646,LARCH CAPITAL PARTNERS LLC,3,0,2026-08-17
0001042537,LITTLEJOHN & CO LLC,4,0,2026-08-17
0002105396,"Legacy Edge Advisors, LLC",10,1,2026-08-17
0002116339,Lifetime Wealth Management P.C.,3,1,2026-08-17
0002075029,MASTERINVEST Kapitalanlage GmbH,4,0,2026-08-17
0001536336,"Ma Investment Partnership, LP",3,0,2026-08-17
0002096567,"Maxele Advisors, LLC",10,0,2026-08-17
0002056447,McMill Wealth Management,5,1,2026-08-17
0001964047,Melia Wealth LLC,4,0,2026-08-17
0002146922,"N10 ASSETS, LLC",1,0,2026-08-17
0001767500,"Nalls Sherbakoff Group, LLC",6,0,2026-08-17
0001760444,"Old North State Trust, LLC",4,0,2026-08-17
0001755535,"One68 Global Capital, LLC",4,1,2026-08-17
0001323414,PACIFIC HEIGHTS ASSET MANAGEMENT LLC,4,0,2026-08-17
0001623624,PSquared Asset Management AG,4,0,2026-08-17
0001007280,PUBLIC EMPLOYEES RETIREMENT SYSTEM OF OHIO,4,0,2026-08-17
0002063952,Papamarkou Wellner Asset Management inc.,4,0,2026-08-17
0002056764,"Parvin Asset Management, LLC",4,0,2026-08-17
0001994332,"Payne Capital Management, LLC",7,0,2026-08-17
0001706164,PenderFund Capital Management Ltd.,4,0,2026-08-17
0001654175,Proficio Capital Partners LLC,4,1,2026-08-17
0001571556,"Pure Financial Advisors, LLC",4,1,2026-08-17
0001169581,RAFFLES ASSOCIATES LP,4,1,2026-08-17
0002110687,"Reality Financial Planning Services, LLC",3,0,2026-08-17
0001717479,"Redwood Investment Management, LLC",4,1,2026-08-17
0001971230,Ruggaard & Associates LLC,4,0,2026-08-17
0000051812,STONEBRIDGE CAPITAL MANAGEMENT INC,2,0,2026-08-17
0002126627,Sanchez Levi Garrett,2,0,2026-08-17
0002092021,Seven Fleet Capital Management LP,3,2,2026-08-17
0001332784,Silver Point Capital L.P.,4,0,2026-08-17
0001786379,Stonehage Fleming Financial Services Holdings Ltd,4,0,2026-08-17
0001440771,"Stonepine Capital Management, LLC",4,1,2026-08-17
0002090040,"Strive Financial Group ,LLC",3,2,2026-08-17
0002055526,"SwitchPoint Financial Planning, LLC",4,0,2026-08-17
0001974312,"TORNO CAPITAL, LLC",4,4,2026-08-17
0001502149,"Transamerica Financial Advisors, LLC",4,0,2026-08-17
0001811805,Triton Financial Group Inc,4,0,2026-08-17
0001463217,"UNITED CAPITAL FINANCIAL ADVISORS, LLC",4,0,2026-08-17
0001282189,VALUEWORKS LLC,4,0,2026-08-17
0001963565,"Value Aligned Research Advisors, LLC",4,1,2026-08-17
0001803296,"WNY Asset Management, LLC",3,0,2026-08-17
0002057285,"Wealth Management Strategies, Inc.",5,1,2026-08-17
0001880817,Windward Management LP,3,0,2026-08-17
0001793399,"Winning Points Advisors, LLC",3,1,2026-08-17
0002011550,Wiser Advisor Group LLC,4,0,2026-08-17
0001828822,"XXEC, Inc.",4,2,2026-08-17
0002065849,"Yukon Wealth Management, Inc.",4,0,2026-08-17
0000107136,&PARTNERS,4,0,2026-08-14
0002056650,10Elms LLP,4,0,2026-08-14
0001801172,11 Capital Partners LP,4,0,2026-08-14
0001540531,12 West Capital Management LP,4,0,2026-08-14
0001600133,13D Management LLC,4,0,2026-08-14
0001820788,140 Summer Partners LP,4,0,2026-08-14
0001436866,"1607 Capital Partners, LLC",4,0,2026-08-14
0001584289,1922 Investment Co LLC,4,0,2026-08-14
0002075659,22C Capital LLC,3,0,2026-08-14
0001694297,"22NW, LP",4,0,2026-08-14
0001950972,26North Partners LP,4,0,2026-08-14
0001843587,2Xideas AG,4,0,2026-08-14
0001873893,325 CAPITAL LLC,4,0,2026-08-14
0001421669,3G Capital Partners LP,4,0,2026-08-14
0001831187,44 WEALTH MANAGEMENT LLC,4,0,2026-08-14
0001938268,"4D Advisors, LLC",4,0,2026-08-14
0001805589,"59 North Capital Management, LP",4,0,2026-08-14
0001799883,"5AM Venture Management, LLC",4,0,2026-08-14
0001404574,"683 Capital Management, LLC",4,0,2026-08-14
0001832749,"72 Investment Holdings, LLC",4,0,2026-08-14
0002022694,"8VC AI Fund I MM, LLC",1,0,2026-08-14
0001667766,"8VC GP I, LLC",4,0,2026-08-14
0001866724,"8VC Opportunities GP II, LLC",1,0,2026-08-14
0001982920,"9823 Capital, L.P.",3,0,2026-08-14
0001845297,ABG Innovation Capital Partners III GP Ltd,4,0,2026-08-14
0001832108,ABG-WTT Global Life Science Capital Partners GP Ltd,4,0,2026-08-14
0002024264,"ABOUND FINANCIAL, LLC",4,1,2026-08-14
0001317588,"ABRAMS BISON INVESTMENTS, LLC",4,0,2026-08-14
0001660708,ABS Investment Management LLC,1,0,2026-08-14
0001803200,"ACME, LLC",4,0,2026-08-14
0002054410,"ACORN CAPITAL ADVISORS, LLC",4,0,2026-08-14
0002116119,"ACTION POINT FINANCIAL PLANNING, LLC",2,0,2026-08-14
0001582844,"ACUTA CAPITAL PARTNERS, LLC",4,0,2026-08-14
0001165408,"ADAGE CAPITAL PARTNERS GP, L.L.C.",4,0,2026-08-14
0001193586,ADAMS STREET PARTNERS LLC,4,0,2026-08-14
0001940272,"ADAR1 Capital Management, LLC",4,1,2026-08-14
0000002488,ADVANCED MICRO DEVICES INC,3,0,2026-08-14
0001034196,"ADVENT INTERNATIONAL, L.P.",4,0,2026-08-14
0001745214,"ADW Capital Management, LLC",4,0,2026-08-14
0001880785,"AE INDUSTRIAL PARTNERS, LP",4,0,2026-08-14
0001512073,"AFT, FORSYTH & COMPANY, INC.",4,0,2026-08-14
0001741224,"AIGEN INVESTMENT MANAGEMENT, LP",4,0,2026-08-14
0001630365,"AIMZ Investment Advisors, LLC",4,0,2026-08-14
0001908177,"AIRE ADVISORS, LLC",4,0,2026-08-14
0001112520,AKRE CAPITAL MANAGEMENT LLC,4,0,2026-08-14
0000919458,ALERUS FINANCIAL NA,4,0,2026-08-14
0001549408,"ALETHEA CAPITAL MANAGEMENT, LLC",4,0,2026-08-14
0001230239,ALKEON CAPITAL MANAGEMENT LLC,4,0,2026-08-14
0001109448,ALLIANCEBERNSTEIN L.P.,4,0,2026-08-14
0002113496,"ALONGSIDE, LLC",2,0,2026-08-14
0001858353,"ALTA FOX CAPITAL MANAGEMENT, LLC",4,0,2026-08-14
0001167388,ALTRINSIC GLOBAL ADVISORS LLC,4,0,2026-08-14
0001320168,AMERICAN CAPITAL MANAGEMENT INC,4,0,2026-08-14
0002057637,"AMERIFLEX GROUP, INC.",4,0,2026-08-14
0000820027,AMERIPRISE FINANCIAL INC,4,2,2026-08-14
0002009885,"ANCHOR CAPITAL MANAGEMENT COMPANY, LLC",4,0,2026-08-14
0001386892,"APIS CAPITAL ADVISORS, LLC",4,0,2026-08-14
0001167456,AQR Arbitrage LLC,4,0,2026-08-14
0001167557,AQR CAPITAL MANAGEMENT LLC,4,0,2026-08-14
0001274403,"ARCH Venture Management, LLC",4,0,2026-08-14
0001259313,ARES MANAGEMENT LLC,4,0,2026-08-14
0000936753,"ARIEL INVESTMENTS, LLC",4,0,2026-08-14
0001080171,"ARISTEIA CAPITAL, L.L.C.",4,0,2026-08-14
0001697748,ARK Investment Management LLC,4,0,2026-08-14
0001601086,"ARMISTICE CAPITAL, LLC",4,0,2026-08-14
0002074760,ARP Global Capital Ltd,3,0,2026-08-14
0001063296,"ATLANTIC INVESTMENT MANAGEMENT, INC.",4,0,2026-08-14
0001924953,ATLAS Infrastructure Partners,4,0,2026-08-14
0001832439,ATMOS CAPITAL GESTAO DE RECURSOS LTDA.,4,1,2026-08-14
0001105863,AUXIER ASSET MANAGEMENT LLC,4,0,2026-08-14
0001535264,"AWM Investment Company, Inc.",4,0,2026-08-14
0000898427,AXA S.A.,4,0,2026-08-14
0001069183,"AXON ENTERPRISE, INC.",4,0,2026-08-14
0002011524,AYAL Capital Advisors Ltd,4,0,2026-08-14
0001578684,"Abdiel Capital Advisors, LP",4,0,2026-08-14
0001847566,Absoluto Partners Gestao de Recursos Ltda,4,4,2026-08-14
0001701879,"Acorns Advisers, LLC",4,0,2026-08-14
0001698926,Adalta Capital Management LLC,4,0,2026-08-14
0001802516,Adventist Health System/ West,4,0,2026-08-14
0002011872,"Advyzon Investment Management, LLC",4,0,2026-08-14
0002059583,Affinity Partners GP LP,4,0,2026-08-14
0001566801,"Aft, Forsyth & Sober, LLC",4,0,2026-08-14
0001859677,"Alaethes Wealth, LLC",4,0,2026-08-14
0002088424,Alamut Investment Management LLP,4,0,2026-08-14
0002034565,Albar Capital Partners LLP,4,0,2026-08-14
0001448430,"Aldebaran Capital, LLC",4,0,2026-08-14
0001616882,Alden Global Capital LLC,4,0,2026-08-14
0001577552,Alibaba Group Holding Ltd,4,0,2026-08-14
0001651473,Alight Capital Management LP,4,0,2026-08-14
0001535323,Allianz Asset Management GmbH,4,0,2026-08-14
0001822947,Ally Bridge Group,4,0,2026-08-14
0002148988,AlphaGrep UK Ltd,3,0,2026-08-14
0001535943,Alphadyne Asset Management LP,4,0,2026-08-14
0002096493,Alpine Fox Capital LLC,4,0,2026-08-14
0001581655,"Alpine Global Management, LLC",4,2,2026-08-14
0001964631,Alpine Investment Management Ltd,4,0,2026-08-14
0001906602,"Alpine Peaks Capital, LP",4,0,2026-08-14
0001621855,"Alta Park Capital, LP",4,0,2026-08-14
0001541617,"Altimeter Capital Management, LP",4,0,2026-08-14
0002109121,"Alvarez & Marsal Private Wealth Partners, LLC",3,0,2026-08-14
0001453072,"Alyeska Investment Group, L.P.",4,0,2026-08-14
0000006201,American Airlines Group Inc.,3,0,2026-08-14
0002041441,"American Alpha Advisors, LLC",4,1,2026-08-14
0002086953,American National Bank of Texas,4,0,2026-08-14
0001905128,American Trust,5,0,2026-08-14
0001291424,"American Trust Investment Advisors, LLC",4,0,2026-08-14
0001901275,"Ameritas Advisory Services, LLC",4,0,2026-08-14
0002059671,"Ampersand Capital Group, L.P.",4,0,2026-08-14
0001822480,"Anabranch Capital Management, LP",4,1,2026-08-14
0001753384,Analog Century Management LP,4,1,2026-08-14
0002037077,"Ananym Capital Management, LP",4,0,2026-08-14
0001693745,Anatole Investment Management Ltd,4,0,2026-08-14
0001993962,Anchor @ 65 Pte. Ltd.,4,0,2026-08-14
0002007642,"Anchorage Capital Advisors, L.P.",4,0,2026-08-14
0001300714,"Anchorage Capital Group, L.L.C.",4,0,2026-08-14
0001426749,"Ancient Art, L.P.",4,0,2026-08-14
0001446114,Ancora Advisors LLC,4,0,2026-08-14
0001817534,"Anomaly Capital Management, LP",4,0,2026-08-14
0001787596,"Aperture Investors, LLC",4,0,2026-08-14
0001449434,"Apollo Management Holdings, L.P.",4,0,2026-08-14
0001656456,Appaloosa LP,4,0,2026-08-14
0001795816,Appian Way Asset Management LP,4,0,2026-08-14
0001425165,Apriem Advisors,4,0,2026-08-14
0001803916,Aquatic Capital Management LLC,4,0,2026-08-14
0001991518,"Aragon Global Management, LP",4,0,2026-08-14
0001768757,Ararat Capital Management LP,4,0,2026-08-14
0001398825,Archon Capital Management LLC,4,0,2026-08-14
0001651960,"Arcus Capital Partners, LLC",4,0,2026-08-14
0001835730,Ardmore Road Asset Management LP,4,0,2026-08-14
0002135379,Ares Systematic Credit Ltd,3,0,2026-08-14
0002056354,"Argosy-Lionbridge Management, LLC",4,0,2026-08-14
0002056819,Arini Captial Management Ltd,3,1,2026-08-14
0001697267,"Aristotle Atlantic Partners, LLC",4,0,2026-08-14
0001633911,"Aristotle Capital Boston, LLC",4,0,2026-08-14
0000860644,"Aristotle Capital Management, LLC",4,0,2026-08-14
0001844577,"Aristotle Pacific Capital, LLC",4,0,2026-08-14
0001703208,Arjuna Capital,4,0,2026-08-14
0001769089,Arkos Global Advisors,4,0,2026-08-14
0002043756,Arohi Asset Management PTE Ltd.,4,0,2026-08-14
0001596053,Arosa Capital Management LP,4,0,2026-08-14
0001767435,"Artemis Wealth Advisors, LLC",4,1,2026-08-14
0001846503,"Arthedge Capital Management, LLC",4,1,2026-08-14
0001937964,Artia Global Partners LP,4,1,2026-08-14
0002109853,"Ascent Advisors, LLC",3,0,2026-08-14
0001632715,"Ashe Capital Management, LP",4,0,2026-08-14
0001806027,"Aspen Grove Capital, LLC",4,0,2026-08-14
0001768375,Aspex Management,4,0,2026-08-14
0001511550,"Asset Management Group, Inc.",4,0,2026-08-14
0002040915,Aster Capital Management,4,1,2026-08-14
0001671122,"Atairos Group, Inc.",4,0,2026-08-14
0001671176,"Atairos Partners GP, Inc.",4,0,2026-08-14
0001662906,"Atalan Capital Partners, LP",4,0,2026-08-14
0001741369,"Ategra Capital Management, LLC",4,0,2026-08-14
0002019038,"Atlanta Consulting Group Advisors, LLC",4,0,2026-08-14
0001738902,Atom Investors LP,4,0,2026-08-14
0001777813,"Atreides Management, LP",4,0,2026-08-14
0001381296,"Aureus Asset Management, LLC",4,0,2026-08-14
0001667146,"Ausdal Financial Partners, Inc.",4,0,2026-08-14
0001967054,"Authentikos Wealth Advisory, LLC",4,3,2026-08-14
0001948899,Avala Global LP,4,0,2026-08-14
0002087378,"Avantyr Capital Partners, LP",3,0,2026-08-14
0002029708,Avenir Tech Ltd,4,0,2026-08-14
0001803822,"Aventail Capital Group, LP",4,0,2026-08-14
0001791827,Avidity Partners Management LP,4,1,2026-08-14
0001633313,Avoro Capital Advisors LLC,4,1,2026-08-14
0001948622,"Avos Capital Management, LLC",4,0,2026-08-14
0001950607,Axim Planning & Wealth,4,0,2026-08-14
0002030181,Axxion S.A.,1,0,2026-08-14
0001700272,Azora Capital LP,4,0,2026-08-14
0002043476,"B Group, Inc.",4,0,2026-08-14
0001040508,BAIN CAPITAL INVESTORS LLC,4,0,2026-08-14
0001309469,"BAIN CAPITAL VENTURE INVESTORS, LLC",4,0,2026-08-14
0001263508,BAKER BROS. ADVISORS LP,4,0,2026-08-14
0002109256,BALANCE CAPITAL PARTNERS L.P.,3,0,2026-08-14
0001218710,BALYASNY ASSET MANAGEMENT L.P.,4,0,2026-08-14
0001017918,BAMCO INC /NY/,4,0,2026-08-14
0000070858,BANK OF AMERICA CORP /DE/,4,1,2026-08-14
0000315080,BANK OF HAWAII,4,0,2026-08-14
0000312069,BARCLAYS PLC,4,13,2026-08-14
0001085393,"BASSWOOD CAPITAL MANAGEMENT, L.L.C.",4,0,2026-08-14
0002094345,BBFIT INVESTMENTS PTE LTD,3,0,2026-08-14
0002069049,BC Partners PE LP,4,0,2026-08-14
0001542165,"BCWM, LLC",4,0,2026-08-14
0001510974,"BDT CAPITAL PARTNERS, LLC",4,0,2026-08-14
0001569537,"BEACONLIGHT CAPITAL, LLC",4,0,2026-08-14
0001601904,"BECK CAPITAL MANAGEMENT, LLC",4,0,2026-08-14
0000010742,BECK MACK & OLIVER LLC,4,0,2026-08-14
0000011544,BERKLEY W R CORP,4,0,2026-08-14
0001133742,BERKSHIRE CAPITAL HOLDINGS INC,4,0,2026-08-14
0001067983,BERKSHIRE HATHAWAY INC,4,0,2026-08-14
0001334429,BIGLARI CAPITAL CORP.,4,0,2026-08-14
0001334430,"BIGLARI, SARDAR",4,0,2026-08-14
0001813845,"BIOS Capital Management, LP",4,0,2026-08-14
0000918504,BIRMINGHAM CAPITAL MANAGEMENT CO INC/AL,4,0,2026-08-14
0002110106,BITTERROOT CAPITAL ADVISORS LLC,3,0,2026-08-14
0002035232,"BLKBRD Asset Management, LP",4,0,2026-08-14
0001907826,"BLODGETT WEALTH ADVISORS, LLC",4,1,2026-08-14
0001144208,"BLUEFIN CAPITAL MANAGEMENT, LLC",4,0,2026-08-14
0001715696,BNDES Participacoes S.A.,3,0,2026-08-14
0001632118,BONTEMPO OHLY CAPITAL MGMT LLC,4,0,2026-08-14
0001882053,BOONE CAPITAL MANAGEMENT LLC,4,0,2026-08-14
0001549230,"BOOTHBAY FUND MANAGEMENT, LLC",4,0,2026-08-14
0001218254,BOYAR ASSET MANAGEMENT INC.,4,0,2026-08-14
0001015086,BRADLEY FOSTER & SARGENT INC/CT,4,1,2026-08-14
0001920938,BRAIDWELL LP,4,0,2026-08-14
0001015079,"BRANDES INVESTMENT PARTNERS, LP",4,0,2026-08-14
0001135121,"BRANDYWINE MANAGERS, LLC",4,0,2026-08-14
0001123803,BRANDYWINE TRUST CO,4,0,2026-08-14
0001464790,"BRC Group Holdings, Inc.",6,0,2026-08-14
0002009914,"BREACH INLET CAPITAL MANAGEMENT, LLC",4,0,2026-08-14
0001107261,"BRIDGEWAY CAPITAL MANAGEMENT, LLC",4,0,2026-08-14
0001421306,"BRIGADE CAPITAL MANAGEMENT, LP",4,0,2026-08-14
0001432450,"BRIGHTLINE CAPITAL MANAGEMENT, LLC",4,0,2026-08-14
0001278387,BROADWOOD CAPITAL INC,4,0,2026-08-14
0001001085,BROOKFIELD Corp /ON/,4,0,2026-08-14
0001345929,BROWN ADVISORY INC,4,0,2026-08-14
0001825564,BROWNING WEST LP,4,0,2026-08-14
0001844103,BRX Global LP,4,0,2026-08-14
0001569579,BTG Pactual Asset Management US LLC,4,0,2026-08-14
0001532842,"BTS Asset Management, Inc.",4,0,2026-08-14
0001056807,BVF INC/IL,4,0,2026-08-14
0001568280,BW Gestao de Investimentos Ltda.,4,0,2026-08-14
0001787893,"BWCP, LP",4,0,2026-08-14
0002047312,Babb Wealth Advisors LLC,4,0,2026-08-14
0001317947,"Bain Capital Credit, LP",4,0,2026-08-14
0001703031,"Bain Capital Life Sciences Investors, LLC",4,0,2026-08-14
0002067353,"Bain Capital Prairie, LLC",3,0,2026-08-14
0001768111,"Bain Capital Public Equity Management II, LLC",4,0,2026-08-14
0001962552,"Bain Capital Public Equity, LP",4,0,2026-08-14
0001976751,Bakala Capital LLC,4,0,2026-08-14
0002040900,Bank of Jackson Hole Trust,4,0,2026-08-14
0001909089,"Barrier Capital Management, LLC",4,0,2026-08-14
0002115254,Basecamp Wealth Advisors LLC,3,0,2026-08-14
0001548594,Battery Management Corp.,4,0,2026-08-14
0002040013,Bawa N Mallick Trust,7,0,2026-08-14
0001771524,Bayberry Capital Partners LP,4,0,2026-08-14
0001632551,"Bayesian Capital Management, LP",4,0,2026-08-14
0002058173,Bayhunt Capital LLC,3,0,2026-08-14
0001767366,"Bayview Asset Management, LLC",4,0,2026-08-14
0001877162,"Beartown Capital Management, LLC",3,0,2026-08-14
0001681004,Bell Asset Management Ltd,4,0,2026-08-14
0001674546,Bellevue Group AG,4,0,2026-08-14
0001819815,"Bellwether Advisors, LLC",4,0,2026-08-14
0002016777,Benchstone Capital Management LP,4,0,2026-08-14
0001312988,Berkshire Partners LLC,4,0,2026-08-14
0001719307,Beryl Capital Management LLC,4,0,2026-08-14
0001633901,Betterment LLC,4,0,2026-08-14
0001618205,"Birchview Capital, LP",4,0,2026-08-14
0001997245,"Birnam Oak Advisors, LP",4,0,2026-08-14
0002084285,"Black Diamond Capital Management I, LLLP",4,0,2026-08-14
0001588959,Black Maple Capital Management LP,4,0,2026-08-14
0002010204,BlackBarn Capital Partners LP,4,0,2026-08-14
0001800249,Blacksheep Fund Management Ltd,4,0,2026-08-14
0001910984,"Blackston Financial Advisory Group, LLC",4,3,2026-08-14
0001393818,Blackstone Inc.,4,5,2026-08-14
0001887451,Blantyre Capital Ltd,4,0,2026-08-14
0001632801,"Blue Chip Partners, LLC",4,0,2026-08-14
0001909147,"Blue Door Asset Management, LLC",4,0,2026-08-14
0002032685,"Blue Investment Opportunities, LLC - Project Breeze Series 1",4,0,2026-08-14
0001675855,Blue Pool Management Ltd.,4,0,2026-08-14
0002104539,"Blue Sparrow, LLC /DE",3,0,2026-08-14
0001789778,"Blue Water Life Science Advisors, LP",4,0,2026-08-14
0001610880,BlueCrest Capital Management Ltd,4,2,2026-08-14
0001600285,"BlueSpruce Investments, LP",4,0,2026-08-14
0001727353,Bluegrass Capital Partners LP,4,0,2026-08-14
0002054129,Blueprint Financial Advisors LLC,4,0,2026-08-14
0001629283,Bluescape Energy Partners LLC,4,0,2026-08-14
0001727827,"Blueshift Asset Management, LLC",4,0,2026-08-14
0001923934,"Bond Capital Management, LP",4,1,2026-08-14
0001771944,Boundary Creek Advisors LP,4,0,2026-08-14
0002018299,"Boxer Capital Management, LLC",4,3,2026-08-14
0001426486,"Bracebridge Capital, LLC",4,0,2026-08-14
0001619899,"Bramshill Investments, LLC",4,0,2026-08-14
0001553733,"Brave Warrior Advisors, LLC",4,0,2026-08-14
0001935243,"Breakout Capital Partners, LP",4,1,2026-08-14
0001695721,Bregal General Partner Jersey Ltd,2,0,2026-08-14
0002087970,Bregal Sagemount IV General Partner Jersey Ltd,3,0,2026-08-14
0001512857,Brevan Howard Capital Management LP,4,0,2026-08-14
0001725690,"Bridgefront Capital, LLC",4,0,2026-08-14
0001350694,"Bridgewater Associates, LP",4,0,2026-08-14
0001313998,"Bristlecone Value Partners, LLC",3,0,2026-08-14
0001650142,Bristol Gate Capital Partners Inc.,4,0,2026-08-14
0001759115,"Broad Bay Capital Management, LP",4,0,2026-08-14
0001568621,"Broad Run Investment Management, LLC",4,0,2026-08-14
0002110839,Broadfin Holdings LLC,2,0,2026-08-14
0001358331,"Bruce & Co., Inc.",4,0,2026-08-14
0001504304,"Bulldog Investors, LLP",4,0,2026-08-14
0001904549,"Burkehill Global Management, LP",4,0,2026-08-14
0001634083,C Partners Holding GmbH,4,0,2026-08-14
0001893767,"CADEN CAPITAL PARTNERS, LP",4,0,2026-08-14
0001423686,"CADIAN CAPITAL MANAGEMENT, LP",4,0,2026-08-14
0000898286,CAISSE DE DEPOT ET PLACEMENT DU QUEBEC,4,0,2026-08-14
0000919079,CALIFORNIA PUBLIC EMPLOYEES RETIREMENT SYSTEM,4,0,2026-08-14
0000733986,CAMBRIDGE ASSOCIATES LLC /MA/ /ADV,4,6,2026-08-14
0001283718,CANADA PENSION PLAN INVESTMENT BOARD,4,0,2026-08-14
0001074034,CANYON CAPITAL ADVISORS LLC,4,0,2026-08-14
0001054646,CAPE COD FIVE CENTS SAVINGS BANK,4,0,2026-08-14
0001910000,"CARDIFF PARK ADVISORS, LLC",4,0,2026-08-14
0001866872,"CARRONADE CAPITAL MANAGEMENT, LP",4,1,2026-08-14
0001697591,"CAS Investment Partners, LLC",4,0,2026-08-14
0001518999,CASPIAN CAPITAL LP,3,0,2026-08-14
0001106832,CASTLEARK MANAGEMENT LLC,4,0,2026-08-14
0001404780,CASTLEKEEP INVESTMENT ADVISORS LLC,4,0,2026-08-14
0001654648,CAT ROCK CAPITAL MANAGEMENT LP,4,0,2026-08-14
0002051323,CAXTON ASSOCIATES LLP,4,0,2026-08-14
0001388551,CAXTON CORP,4,0,2026-08-14
0001033984,CBRE INVESTMENT MANAGEMENT LISTED REAL ASSETS LLC,4,0,2026-08-14
0002077836,"CDC Financial, Inc.",3,0,2026-08-14
0001250731,CHAI TRUST CO LLC,4,0,2026-08-14
0000884546,CHARLES SCHWAB INVESTMENT MANAGEMENT INC,4,1,2026-08-14
0001129770,CHARTIST INC /CA/,4,0,2026-08-14
0001332632,CHILTON INVESTMENT CO INC.,4,0,2026-08-14
0001423053,CITADEL ADVISORS LLC,4,0,2026-08-14
0001643569,CLEARFIELD CAPITAL MANAGEMENT LP,4,0,2026-08-14
0001688282,"CLEARLAKE CAPITAL GROUP, L.P.",4,0,2026-08-14
0001276144,CLOUGH CAPITAL PARTNERS L P,4,0,2026-08-14
0000021175,CNA FINANCIAL CORP,4,0,2026-08-14
0001135730,COATUE MANAGEMENT LLC,4,1,2026-08-14
0001086762,"COBALT CAPITAL MANAGEMENT, INC.",4,0,2026-08-14
0002104330,"COFG Advisors, LLC",3,0,2026-08-14
0001284812,"COHEN & STEERS, INC.",4,0,2026-08-14
0001082339,COLDSTREAM CAPITAL MANAGEMENT INC,4,0,2026-08-14
0002022949,COMMON FUND FOR NONPROFIT ORGANIZATIONS,4,0,2026-08-14
0000884548,CONNORS INVESTOR SERVICES INC,4,0,2026-08-14
0001050417,"CONTRARIAN CAPITAL MANAGEMENT, L.L.C.",4,0,2026-08-14
0001512162,COOPER CREEK PARTNERS MANAGEMENT LLC,4,0,2026-08-14
0001654033,"COOPER/HAIMS ADVISORS, LLC",4,0,2026-08-14
0000898382,COOPERMAN LEON G,4,0,2026-08-14
0001276470,"CORSAIR CAPITAL MANAGEMENT, L.P.",4,3,2026-08-14
0000709428,COZAD ASSET MANAGEMENT INC,4,0,2026-08-14
0001763844,"CPV Partners, LLC",4,0,2026-08-14
0000837592,CRAWFORD INVESTMENT COUNSEL INC,4,0,2026-08-14
0001191672,CREDIT AGRICOLE S A,4,0,2026-08-14
0001104329,CROSSLINK CAPITAL INC,4,0,2026-08-14
0001863523,"CSM Advisors, LLC",4,0,2026-08-14
0001103646,CSS LLC/IL,4,0,2026-08-14
0002023131,CVC Management Holdings II Ltd.,4,0,2026-08-14
0001166564,"CYRUS CAPITAL PARTNERS, L.P.",4,0,2026-08-14
0001699575,"Cable Car Capital, LP",4,0,2026-08-14
0001862682,"Caerus Investment Advisors, LLC",4,0,2026-08-14
0001352924,Caledonia,4,0,2026-08-14
0001727492,Caligan Partners LP,4,0,2026-08-14
0001741675,"Callodine Capital Management, LP",4,0,2026-08-14
0001759271,Calydon Capital,4,0,2026-08-14
0001529389,"Cambria Investment Management, L.P.",4,1,2026-08-14
0001334199,"Cambridge Financial Group, Inc.",4,0,2026-08-14
0002040608,Camrose Capital Investment Partners LLP,4,0,2026-08-14
0001845660,Candelo Capital Management LP,4,0,2026-08-14
0002082399,Cander Asset Management LP,3,0,2026-08-14
0001666024,Capital Asset Advisory Services LLC,4,0,2026-08-14
0001566728,"Capital Wealth Planning, LLC",4,0,2026-08-14
0001536261,Capricorn Investment Group LLC,4,0,2026-08-14
0001599217,"Capstone Financial Advisors, Inc.",4,0,2026-08-14
0001706766,"Caption Management, LLC",4,0,2026-08-14
0001557017,Capula Management Ltd,4,0,2026-08-14
0002052538,"Carbahal Olsen Financial Services Group, LLC",4,0,2026-08-14
0001829805,Carmenna Advisors LLC,4,0,2026-08-14
0001808928,"Cartenna Capital, LP",4,0,2026-08-14
0002035512,"Cascades Capital Asset Management, LLC",4,0,2026-08-14
0001534261,"Casdin Capital, LLC",4,0,2026-08-14
0001687241,Castle Hook Partners LP,4,0,2026-08-14
0001835751,CastleKnight Management LP,4,0,2026-08-14
0001958125,"Catalio Capital Management, LP",4,0,2026-08-14
0001655543,"Cavalier Investments, LLC",4,0,2026-08-14
0001861244,Cederberg Capital Ltd,4,1,2026-08-14
0001722439,"Ceeto Capital Group, LLC",4,0,2026-08-14
0002121390,Center for Wealth Management Advisory,3,0,2026-08-14
0001484836,"Centerbridge Partners, L.P.",4,0,2026-08-14
0001525907,"Cerberus Capital Management, L.P.",4,0,2026-08-14
0001936416,Cercano Management LLC,4,1,2026-08-14
0001566475,Cerity Partners LLC,4,0,2026-08-14
0001519611,Cerity Partners OCIO LLC,4,0,2026-08-14
0002128338,Cerity Partners Retirement Plan Advisors LLC,2,0,2026-08-14
0001365341,Cevian Capital II GP LTD,4,0,2026-08-14
0001997453,"Chan Zuckerberg Initiative, LLC",4,0,2026-08-14
0001977548,Checkpoint Capital L.P.,4,0,2026-08-14
0001697162,Chescapmanager LLC,4,0,2026-08-14
0001462020,"Chevy Chase Trust Holdings, LLC",4,0,2026-08-14
0001491126,"Chieftain Capital Management, Inc.",4,0,2026-08-14
0002092549,Children's Medical Center Corp,3,0,2026-08-14
0002057199,"Chokshi & Queen Wealth Advisors, Inc",4,0,2026-08-14
0001787258,Cinctive Capital Management LP,4,0,2026-08-14
0001742372,Circumference Group LLC,4,0,2026-08-14
0002112250,"Civilization Ventures Management, LLC",3,0,2026-08-14
0001593410,Claar Advisors LLC,4,0,2026-08-14
0001550509,Clayton Partners LLC,4,0,2026-08-14
0001911523,Clean Energy Transition LLP,4,0,2026-08-14
0001972331,ClearAlpha Technologies LP,4,0,2026-08-14
0001600136,Clearline Capital LP,4,0,2026-08-14
0001965522,"Clifford Group, LLC",4,0,2026-08-14
0001759662,"Coalescence Partners Investment Management, LP",4,0,2026-08-14
0001324279,Coastline Trust Co,4,0,2026-08-14
0002087493,CoinFund Management LLC,3,0,2026-08-14
0001409751,"Coliseum Capital Management, LLC",4,0,2026-08-14
0002097223,Collaborative Capital Advisors LLC,1,0,2026-08-14
0002107902,Colter Lewis Investment Partners LLC,3,0,2026-08-14
0001833486,Column Group LLC,4,0,2026-08-14
0001831942,Commodore Capital LP,4,0,2026-08-14
0001799802,Comprehensive Financial Management LLC,4,0,2026-08-14
0001851869,"Concentric Capital Strategies, LP",4,0,2026-08-14
0001911822,Concorde Financial Corp,4,0,2026-08-14
0001729242,Conrad N. Hilton Foundation,4,0,2026-08-14
0001510677,Consulta Ltd,4,0,2026-08-14
0001510669,Contour Asset Management LLC,4,0,2026-08-14
0002043653,Converium Capital Inc.,3,2,2026-08-14
0001850901,Conversant Capital LLC,4,0,2026-08-14
0001542280,"Cook & Bynum Capital Management, LLC",4,0,2026-08-14
0001848433,Coppell Advisory Solutions LLC,4,0,2026-08-14
0001776878,Core Alternative Capital,4,0,2026-08-14
0001301743,"CoreCommodity Management, LLC",4,0,2026-08-14
0001842785,CoreView Capital Management Ltd,4,0,2026-08-14
0001583977,"Cormorant Asset Management, LP",4,0,2026-08-14
0001535472,Corvex Management LP,4,0,2026-08-14
0001816427,"Crawford Fund Management, LLC",4,0,2026-08-14
0001629984,"Crescent Park Management, L.P.",4,0,2026-08-14
0001761013,"Cresset Asset Management, LLC",4,2,2026-08-14
0001536054,"Crestline Management, LP",4,1,2026-08-14
0002065494,"Cria, Inc.",3,0,2026-08-14
0001898772,Crow's Nest Holdings LP,4,0,2026-08-14
0001713506,"Cruiser Capital Advisors, LLC",4,0,2026-08-14
0001781284,Curated Wealth Partners LLC,4,1,2026-08-14
0001332905,"Curi Capital, LLC",4,0,2026-08-14
0001353098,"Cutler Capital Management, LLC",4,0,2026-08-14
0001009207,"D. E. Shaw & Co., Inc.",4,0,2026-08-14
0001747057,D1 Capital Partners L.P.,4,0,2026-08-14
0001389933,DAFNA Capital Management LLC,4,0,2026-08-14
0001853322,DARK FOREST CAPITAL MANAGEMENT LP,4,1,2026-08-14
0001854440,"DARLINGTON PARTNERS CAPITAL MANAGEMENT, LP",4,0,2026-08-14
0001595082,DAVIDSON KEMPNER CAPITAL MANAGEMENT LP,4,30,2026-08-14
0000891287,DAVIS R M INC,4,0,2026-08-14
0001869028,"DC Funds, LP",4,0,2026-08-14
0001565951,"DC Investments Management, LLC",4,0,2026-08-14
0001668343,"DCVC Opportunity Fund II GP, LLC",4,0,2026-08-14
0000846797,"DEAN INVESTMENT ASSOCIATES, LLC",4,1,2026-08-14
0001915836,DECADE RENEWABLE PARTNERS LP,4,0,2026-08-14
0001009258,"DEERFIELD MANAGEMENT COMPANY, L.P.",4,0,2026-08-14
0000027904,"DELTA AIR LINES, INC.",4,0,2026-08-14
0001782124,DENDUR CAPITAL LP,4,0,2026-08-14
0000934999,DF DENT & CO INC,4,0,2026-08-14
0002026172,DIADEMA PARTNERS LP,4,0,2026-08-14
0001276525,DIKER MANAGEMENT LLC,4,0,2026-08-14
0001041773,DIMENSION CAPITAL MANAGEMENT LLC,4,0,2026-08-14
0001050442,DISCIPLINED GROWTH INVESTORS INC /MN,4,0,2026-08-14
0001389507,"DISCOVERY CAPITAL MANAGEMENT, LLC / CT",4,0,2026-08-14
0001489933,"DME Capital Management, LP",4,0,2026-08-14
0000029915,DOW CHEMICAL CO /DE/,4,0,2026-08-14
0001630709,"DRH Investments, Inc.",4,0,2026-08-14
0000938206,DRIEHAUS CAPITAL MANAGEMENT LLC,4,0,2026-08-14
0001481986,"DRW Securities, LLC",4,0,2026-08-14
0001970572,DSC Meridian Capital LP,4,0,2026-08-14
0001841659,"DV EQUITIES, LLC",2,0,2026-08-14
0001721757,DV Trading LLC,3,1,2026-08-14
0001759545,"DWM Financial Group, Inc.",1,0,2026-08-14
0001546790,DYNAMO INTERNACIONAL GESTAO DE RECURSOS LTDA.,4,0,2026-08-14
0001694217,"DZ BANK AG Deutsche Zentral Genossenschafts Bank, Frankfurt am Main",4,34,2026-08-14
0001956649,"Daner Wealth Management, LLC",4,0,2026-08-14
0001609098,Darsana Capital Partners LP,4,0,2026-08-14
0001839209,"Darwin Global Management, Ltd.",4,0,2026-08-14
0002064978,"Darwins River Capital, LP",3,0,2026-08-14
0001664974,"Data Collective IV GP, LLC",4,0,2026-08-14
0001823718,"Daventry Group, LP",4,1,2026-08-14
0002104502,"Davis Wealth Advisors, LLC",3,0,2026-08-14
0001980739,Dayah Capital LLC,3,2,2026-08-14
0001455468,Dean Capital Management,4,0,2026-08-14
0001950677,Decagon Asset Management LLP,4,0,2026-08-14
0001505961,"Decatur Capital Management, Inc.",4,0,2026-08-14
0002010850,Decheng Capital LLC,4,0,2026-08-14
0001856083,"Deep Track Capital, LP",4,0,2026-08-14
0001754535,DeepCurrents Investment Group LLC,4,0,2026-08-14
0001494127,Deer Management Co. LLC,4,0,2026-08-14
0001702490,Deer Park Road Corp,4,2,2026-08-14
0001732541,"Defiance ETFs, LLC",3,0,2026-08-14
0002088557,"Defilade Capital Management, L.P.",3,1,2026-08-14
0002140766,Delaney Capital Management Ltd.,3,0,2026-08-14
0002056289,"Delaware Ladera Management Company, Inc.",4,0,2026-08-14
0001878326,"Delos Wealth Advisors, LLC",4,0,2026-08-14
0002104766,Deltroit Asset Management,3,0,2026-08-14
0001789351,Deseret Mutual Benefit Administrators,4,0,2026-08-14
0001278573,Destination Wealth Management,4,0,2026-08-14
0001727012,Diameter Capital Partners LP,4,1,2026-08-14
0001719087,"Diametric Capital, LP",4,0,2026-08-14
0001679688,"DigitalBridge Group, Inc.",4,0,2026-08-14
0001632958,Discerene Group LP,4,0,2026-08-14
0001741001,Distillate Capital Partners LLC,4,0,2026-08-14
0001901865,"Divisadero Street Capital Management, LP",4,0,2026-08-14
0001645721,Divisar Capital Management LLC,4,0,2026-08-14
0001547007,"Dorsal Capital Management, LP",4,0,2026-08-14
0001384042,Dorsey & Whitney Trust CO LLC,4,0,2026-08-14
0001671657,"Dorsey Asset Management, LLC",4,0,2026-08-14
0001959989,DoubleLine ETF Adviser LP,4,0,2026-08-14
0001602189,"Dragoneer Investment Group, LLC",4,0,2026-08-14
0001742418,Dundas Partners LLP,4,0,2026-08-14
0001536411,Duquesne Family Office LLC,4,0,2026-08-14
0001798849,Durable Capital Partners LP,4,0,2026-08-14
0000945631,EAGLE CAPITAL MANAGEMENT LLC,4,0,2026-08-14
0001905663,"EARNED WEALTH ADVISORS, LLC",4,2,2026-08-14
0001707921,"ECP ControlCo, LLC",4,6,2026-08-14
0001980273,EDENTREE ASSET MANAGEMENT Ltd,4,0,2026-08-14
0002109868,EFG International AG,3,0,2026-08-14
0001535630,ELEMENT CAPITAL MANAGEMENT LLC,4,0,2026-08-14
0002011651,"ELEVATE WEALTH ADVISORY, INC",4,0,2026-08-14
0001478394,"EMG Holdings, L.P.",4,0,2026-08-14
0001906023,"ENDEAVOR PRIVATE WEALTH, INC.",4,0,2026-08-14
0002052200,"ENTREWEALTH, LLC",4,0,2026-08-14
0001080818,ENTRUST GLOBAL PARTNERS L L C,4,1,2026-08-14
0001927623,"EPACRIA CAPITAL PARTNERS, LLC",4,0,2026-08-14
0002059227,"ER Collective Holdings, LLC",3,0,2026-08-14
0001442891,"EVENTIDE ASSET MANAGEMENT, LLC",4,0,2026-08-14
0001579254,"East Coast Asset Management, LLC.",4,0,2026-08-14
0001587114,"EcoR1 Capital, LLC",4,0,2026-08-14
0001481669,EdgePoint Investment Group Inc.,4,0,2026-08-14
0001641043,Ehrenkranz Partners L.P.,4,0,2026-08-14
0002087133,"Electric Capital Partners, LLC",3,1,2026-08-14
0001586986,"Electron Capital Partners, LLC",4,1,2026-08-14
0001802743,"Element Wealth, LLC",4,0,2026-08-14
0001791786,Elliott Investment Management L.P.,4,1,2026-08-14
0002052213,"Elmind Capital, LP",3,0,2026-08-14
0002042845,"Emmett Investment Management, LP",4,1,2026-08-14
0001971875,"Empire Financial Management Company, LLC",4,0,2026-08-14
0001572838,"Empirical Finance, LLC",4,1,2026-08-14
0001398739,Employees Retirement System of Texas,4,0,2026-08-14
0001317195,"Empyrean Capital Partners, LP",4,0,2026-08-14
0001953107,"Enavate Sciences GP, LLC",4,0,2026-08-14
0001541901,Encompass Capital Advisors LLC,4,0,2026-08-14
0001559771,Engaged Capital LLC,4,0,2026-08-14
0001665590,"Engine Capital Management, LP",4,0,2026-08-14
0001620220,Engineers Gate Manager LP,4,0,2026-08-14
0001684868,"Engle Capital Management, L.P.",4,0,2026-08-14
0001363829,Enstar Group LTD,4,0,2026-08-14
0001964460,"Envision Financial Planning, LLC",4,0,2026-08-14
0000938552,Equinox Partners Investment Management LLC,4,0,2026-08-14
0001910874,Eschler Asset Management LLP,4,0,2026-08-14
0001965005,Estuary Capital Management LP,4,0,2026-08-14
0001825034,Euclidean Capital LLC,4,0,2026-08-14
0001482689,"Evercore Wealth Management, LLC",4,0,2026-08-14
0002016939,"Evergreen Quality Fund GP, Ltd.",4,0,2026-08-14
0001904432,"Evergreen Wealth Solutions, LLC",4,0,2026-08-14
0001697013,"Eversept Partners, LP",4,0,2026-08-14
0001846838,Ewing Morris & Co. Investment Partners Ltd.,4,0,2026-08-14
0002110679,Excelsior Advisor Network LLC,3,0,2026-08-14
0001736225,"ExodusPoint Capital Management, LP",4,1,2026-08-14
0002011932,Exome Asset Management LLC,4,0,2026-08-14
0001703148,Extract Advisors LLC,3,0,2026-08-14
0001964400,"FACT Capital, LP",4,1,2026-08-14
0000915191,FAIRFAX FINANCIAL HOLDINGS LTD/ CAN,4,0,2026-08-14
0001056831,FAIRHOLME CAPITAL MANAGEMENT LLC,4,0,2026-08-14
0001056549,"FAIRVIEW CAPITAL INVESTMENT MANAGEMENT, LLC",4,0,2026-08-14
0000909661,FARALLON CAPITAL MANAGEMENT LLC,4,15,2026-08-14
0002013410,FCPM III SERVICES B.V.,4,0,2026-08-14
0002056821,FEARNLEY ASSET MANAGEMENT AS,3,1,2026-08-14
0001814465,FINDELL CAPITAL MANAGEMENT LLC,4,0,2026-08-14
0001086763,FIRST FOUNDATION ADVISORS,4,0,2026-08-14
0000728083,FIRST MANHATTAN CO. LLC.,4,0,2026-08-14
0001731530,FIRST SABREPOINT CAPITAL MANAGEMENT LP,4,0,2026-08-14
0000732847,FIRST WILSHIRE SECURITIES MANAGEMENT INC,4,0,2026-08-14
0001599170,FJ Capital Management LLC,4,0,2026-08-14
0002106996,"FLAX POND CAPITAL, LLC",3,1,2026-08-14
0001466697,FLOW TRADERS U.S. LLC,4,0,2026-08-14
0001743404,"FOUNDATIONS INVESTMENT ADVISORS, LLC",4,0,2026-08-14
0001897652,FOURSIXTHREE CAPITAL LP,4,0,2026-08-14
0000003520,"FRED ALGER MANAGEMENT, LLC",4,0,2026-08-14
0002145869,"FRIENDS OF THE CORNELL LAB OF ORNITHOLOGY, INC.",3,0,2026-08-14
0000351173,FRONTIER CAPITAL MANAGEMENT CO LLC,4,0,2026-08-14
0002021589,"FTV Management Company, L.P.",4,0,2026-08-14
0001868537,FUNDSMITH INVESTMENT SERVICES LTD.,4,0,2026-08-14
0001862067,"FWG Holdings, LLC",4,1,2026-08-14
0001829231,"FWL INVESTMENT MANAGEMENT, LLC",4,0,2026-08-14
0001732687,"Factorial Partners, LLC",4,0,2026-08-14
0001802528,Fairmount Funds Management LLC,4,0,2026-08-14
0001539947,Family Management Corp,4,0,2026-08-14
0002022297,Federation des caisses Desjardins du Quebec,4,0,2026-08-14
0002110123,Feynman Point Asset Management LLC,3,0,2026-08-14
0001862427,"Fi3 FINANCIAL ADVISORS, LLC",4,0,2026-08-14
0002040221,"Fieldview Capital Management, LLC",4,0,2026-08-14
0001697856,"Financial Advisors Network, Inc.",4,0,2026-08-14
0001420473,Financial Engines Advisors L.L.C.,4,0,2026-08-14
0002107584,"Financial Plan, Inc.",3,0,2026-08-14
0001358828,"Financial Sense Advisors, Inc.",4,0,2026-08-14
0002106949,Finhabits Advisors LLC,3,0,2026-08-14
0001600004,"First Light Asset Management, LLC",4,0,2026-08-14
0001377581,"First Pacific Advisors, LP",4,0,2026-08-14
0001706604,First Reserve GP XIII Ltd,4,0,2026-08-14
0001993440,"First Turn Management, LLC",4,0,2026-08-14
0001476179,"Firsthand Capital Management, Inc.",4,0,2026-08-14
0001400240,Flagship Pioneering Inc.,4,0,2026-08-14
0001799456,Flat Footed LLC,4,0,2026-08-14
0002130067,Flatrock Wealth Partners LLC,3,1,2026-08-14
0001861705,"Flight Deck Capital, LP",4,0,2026-08-14
0001802986,"Forager Capital Management, LLC",4,0,2026-08-14
0001909850,"Forerunner Ventures Management, LLC",3,0,2026-08-14
0001704132,"Foresite Capital Management IV, LLC",4,0,2026-08-14
0001792206,"Foresite Capital Management V, LLC",4,0,2026-08-14
0002013341,Foresite Capital Management VI LLC,4,0,2026-08-14
0001944889,Forest Avenue Capital Management LP,4,0,2026-08-14
0001316550,"Forest Hill Capital, LLC",4,0,2026-08-14
0001688382,Fort Baker Capital Management LP,4,0,2026-08-14
0001589282,Fort Point Capital Partners LLC,4,0,2026-08-14
0001380393,Fortress Investment Group LLC,4,0,2026-08-14
0002133354,Forum Finance Group S.A.,2,0,2026-08-14
0002106825,"Founders Fund Growth II Management, LP",3,0,2026-08-14
0001770525,FourWorld Capital Management LLC,4,1,2026-08-14
0001767803,Fourthstone LLC,4,0,2026-08-14
0001590531,"Foxhaven Asset Management, LP",4,0,2026-08-14
0002112734,Framtiden Holdings Management Co LLC,3,0,2026-08-14
0001197853,"Francisco Partners Management, LP",4,0,2026-08-14
0001892134,"Frazier Life Sciences Management, L.P.",4,0,2026-08-14
0002055328,"Frederick Financial Consultants, LLC",4,0,2026-08-14
0002007591,Freestone Grove Partners LP,4,0,2026-08-14
0002064172,Fremen Capital Management LP,3,0,2026-08-14
0001459270,"Freshford Capital Management, LLC",4,0,2026-08-14
0001767730,"Frisch Financial Group, Inc.",4,0,2026-08-14
0001683182,"Front Street Capital Management, Inc.",4,0,2026-08-14
0001592746,Fullerton Fund Management Co Ltd.,4,0,2026-08-14
0001959730,"Fund 1 Investments, LLC",4,0,2026-08-14
0001569205,Fundsmith LLP,4,0,2026-08-14
0001593404,G2 Investment Partners Management LLC,4,0,2026-08-14
0001438848,GAM Holding AG,4,0,2026-08-14
0001423876,"GARNET EQUITY CAPITAL HOLDINGS, INC.",4,0,2026-08-14
0001705447,"GATE CITY CAPITAL MANAGEMENT, LLC",4,0,2026-08-14
0001166559,GATES FOUNDATION TRUST,4,0,2026-08-14
0001939480,"GCM Grosvenor Holdings, LLC",4,0,2026-08-14
0001125824,GE INVESTMENT MANAGEMENT CORP.,4,0,2026-08-14
0001056581,GENDELL JEFFREY L,4,0,2026-08-14
0001017645,"GENERAL ATLANTIC, L.P.",4,0,2026-08-14
0001688774,GFI Investment Counsel Ltd.,4,2,2026-08-14
0000902464,GILDER GAGNON HOWE & CO LLC,4,0,2026-08-14
0001529872,GLADE BROOK CAPITAL PARTNERS LLC,4,0,2026-08-14
0001138995,"GLENVIEW CAPITAL MANAGEMENT, LLC",4,0,2026-08-14
0001413303,GLOBAL STRATEGIC MANAGEMENT INC,3,0,2026-08-14
0001106191,GMT CAPITAL CORP,4,0,2026-08-14
0002130895,GOANNA CAPITAL MANAGEMENT LLC,3,0,2026-08-14
0001698060,GOBI CAPITAL LLC,4,0,2026-08-14
0001278951,GOLDENTREE ASSET MANAGEMENT LP,4,1,2026-08-14
0000886982,GOLDMAN SACHS GROUP INC,4,1,2026-08-14
0001362255,"GOODNOW INVESTMENT GROUP, LLC",4,0,2026-08-14
0001599793,"GRATIA CAPITAL, LLC",4,0,2026-08-14
0001231756,"GREAT HILL PARTNERS, L.P.",4,0,2026-08-14
0001281446,GREAT POINT PARTNERS LLC,4,0,2026-08-14
0001766504,"GREENLEA LANE CAPITAL MANAGEMENT, LLC",4,0,2026-08-14
0001840735,GREENOAKS CAPITAL PARTNERS LLC,4,0,2026-08-14
0002011732,"GRIZZLYROCK CAPITAL, LLC",4,0,2026-08-14
0000932540,GROUP ONE TRADING LLC,4,0,2026-08-14
0001055969,GROUPAMA ASSET MANAGMENT,4,0,2026-08-14
0001544554,"GRS Advisors, LLC",4,0,2026-08-14
0002112647,"GTS FINANCIAL, LLC",2,0,2026-08-14
0001452765,GTS SECURITIES LLC,4,0,2026-08-14
0001732008,GUARDCAP ASSET MANAGEMENT Ltd,4,1,2026-08-14
0001224324,GUARDIAN CAPITAL LP,4,0,2026-08-14
0001595932,"GUARDIAN POINT CAPITAL, LP",4,0,2026-08-14
0001901403,"GUARDIAN WEALTH ADVISORS, LLC / NC",4,0,2026-08-14
0002118292,Galaxy Digital Capital Management GP LLC,7,0,2026-08-14
0001859392,Galaxy Digital Inc.,2,0,2026-08-14
0001527781,"Gallagher Fiduciary Advisors, LLC",4,0,2026-08-14
0001708030,Gallatin Point Capital LLC,4,0,2026-08-14
0002044217,"Garden Investment Management, L.P.",4,0,2026-08-14
0001312908,"Gates Capital Management, Inc.",4,0,2026-08-14
0001724140,Gemsstock Ltd.,4,1,2026-08-14
0001700362,General Equity Holdings LP,4,0,2026-08-14
0002097587,"Genesis Financial Group, LLC",3,0,2026-08-14
0001426876,"GeoSphere Capital Management, LLC",4,0,2026-08-14
0001730469,Georgetown University,4,0,2026-08-14
0001825214,Ghisallo Capital Management LLC,4,0,2026-08-14
0001698055,Gillson Capital LP,4,0,2026-08-14
0001867040,Gimbel Daniel Scott,4,0,2026-08-14
0001641864,Giverny Capital Inc.,4,2,2026-08-14
0001353394,Gladstone Capital Management LLP,4,0,2026-08-14
0002029317,"Glen Eagle Advisors, LLC",4,0,2026-08-14
0001512237,"Global Endowment Management, LP",4,0,2026-08-14
0001821219,Global Frontier Investments LLC,4,1,2026-08-14
0001843670,Global Media & Entertainment Investments Ltd,4,0,2026-08-14
0001631775,"Godshalk Welsh Capital Management, Inc.",4,0,2026-08-14
0002078724,Golden Unicorn,4,0,2026-08-14
0001872787,Goldstream Capital Management Ltd,4,0,2026-08-14
0002018973,"Goodlander Investment Management, LLC",4,0,2026-08-14
0002039349,GordonMD Global Investments LP,3,0,2026-08-14
0001510387,"Gotham Asset Management, LLC",4,0,2026-08-14
0001644187,Governors Lane LP,4,0,2026-08-14
0001715783,"Grace & Mercy Foundation, Inc.",4,0,2026-08-14
0001923769,"Grafton Street Partners Management Company, LLC",3,0,2026-08-14
0001315421,"Graham Capital Management, L.P.",4,0,2026-08-14
0000104889,Graham Holdings Co,4,0,2026-08-14
0001912699,Graham Holdings Co Master Retirement Trust,4,0,2026-08-14
0001548836,Gramercy Funds Management LLC,4,0,2026-08-14
0001026710,"Granahan Investment Management, LLC",4,0,2026-08-14
0001857581,"Granby Capital Management, LLC",4,0,2026-08-14
0001986124,Grand Alliance Asset Management Ltd,4,0,2026-08-14
0001911472,"Granite Bay Wealth Management, LLC",4,0,2026-08-14
0001741129,"Greenhaven Road Investment Management, L.P.",4,1,2026-08-14
0001626220,Greenhouse Funds LLLP,4,0,2026-08-14
0001697323,"Greenline Partners, LLC",4,0,2026-08-14
0001845565,"Greenstone Partners & Co., LLC",4,0,2026-08-14
0001768041,Greenvale Capital LLP,4,0,2026-08-14
0001910274,Greycroft LP,4,0,2026-08-14
0001995382,Gumshoe Capital Management LLC,3,0,2026-08-14
0001364412,"H PARTNERS MANAGEMENT, LLC",4,0,2026-08-14
0001759760,"H&H International Investment, LLC",4,0,2026-08-14
0001813784,H/2 CREDIT MANAGER LP,4,0,2026-08-14
0001122490,HALL CAPITAL MANAGEMENT CO INC,4,0,2026-08-14
0000750577,HANCOCK WHITNEY CORP,4,0,2026-08-14
0001201001,HARBOURVEST PARTNERS LLC,4,0,2026-08-14
0000928196,HARDING LOEVNER LP,4,0,2026-08-14
0000813917,HARRIS ASSOCIATES L P,4,0,2026-08-14
0001082621,HARVARD MANAGEMENT CO INC,4,0,2026-08-14
0001140315,HARVEST MANAGEMENT LLC,4,0,2026-08-14
0001609074,HAWK RIDGE CAPITAL MANAGEMENT LP,4,0,2026-08-14
0001011443,HBK INVESTMENTS L P,4,8,2026-08-14
0001372130,"HEADINVEST, LLC",4,0,2026-08-14
0001081698,"HEIGHTS CAPITAL MANAGEMENT, INC",5,1,2026-08-14
0001080117,HEITMAN REAL ESTATE SECURITIES LLC,4,0,2026-08-14
0001525362,"HG Vora Capital Management, LLC",4,0,2026-08-14
0001711200,HGC Investment Management Inc.,4,0,2026-08-14
0001762304,"HHLR ADVISORS, LTD.",4,0,2026-08-14
0000919185,HIGHBRIDGE CAPITAL MANAGEMENT LLC,4,0,2026-08-14
0001786241,"HILLTOP WEALTH ADVISORS, LLC",4,0,2026-08-14
0001568939,HITE Hedge Asset Management LLC,4,0,2026-08-14
0001469026,"HMI Capital Management, L.P.",4,1,2026-08-14
0001164833,HOTCHKIS & WILEY CAPITAL MANAGEMENT LLC,4,0,2026-08-14
0000810386,HOWARD HUGHES MEDICAL INSTITUTE,4,0,2026-08-14
0001731296,HPC Germany GmbH & Co. KG,4,0,2026-08-14
0001475597,HRT FINANCIAL LP,4,0,2026-08-14
0000873630,HSBC HOLDINGS PLC,4,1,2026-08-14
0000944733,HUTNER CAPITAL MANAGEMENT INC,4,0,2026-08-14
0001512944,Hall Kathryn A.,4,0,2026-08-14
0002141005,Hamilton Capital Partners Inc.,15,0,2026-08-14
0002017993,Hancock Prospecting Pty Ltd,4,0,2026-08-14
0001910592,"Harraden Circle Investments, LLC",4,0,2026-08-14
0001652327,"Harspring Capital Management, LLC",4,0,2026-08-14
0001967261,"Harvest Investment Advisors, LLC",4,0,2026-08-14
0001591097,"Harvest Investment Services, LLC",4,0,2026-08-14
0001406484,"Harvey Partners, LLC",4,0,2026-08-14
0002022286,Haveli Investment Management LLC,3,0,2026-08-14
0002055804,"Haven Capital Group, Inc.",4,1,2026-08-14
0001705265,Hazelview Securities Inc.,4,0,2026-08-14
0002036346,Headwater Capital Co Ltd,4,3,2026-08-14
0002050231,"Heights Point Management, LP",3,0,2026-08-14
0001826937,Hein Park Capital Management LP,4,0,2026-08-14
0001840129,Hel Ved Capital Management Ltd,4,0,2026-08-14
0001574717,Hengistbury Investment Partners LLP,4,0,2026-08-14
0001591122,Heritage Wealth Advisors,4,0,2026-08-14
0001750312,Hidden Lake Asset Management LP,4,0,2026-08-14
0001335325,HighVista Strategies LLC,4,0,2026-08-14
0001676292,Hill Path Capital LP,4,0,2026-08-14
0001314620,"Hillman Capital Management, Inc.",4,0,2026-08-14
0001709323,Himalaya Capital Management LLC,4,1,2026-08-14
0001360710,Hirtle Callaghan & Co LLC,4,0,2026-08-14
0001724246,"HoldCo Asset Management, LP",4,0,2026-08-14
0001455251,Hollow Brook Wealth Management LLC,4,0,2026-08-14
0001700574,"Holocene Advisors, LP",4,0,2026-08-14
0001599852,"Holt Capital Advisors, L.L.C. dba Holt Capital Partners, L.P.",4,0,2026-08-14
0001578177,Hood River Capital Management LLC,4,0,2026-08-14
0001943395,"Hook Mill Capital Partners, LP",4,0,2026-08-14
0002091827,Hopwood Nicholas Hunter,3,0,2026-08-14
0001353316,"Hound Partners, LLC",4,0,2026-08-14
0001393825,Hudson Bay Capital Management LP,4,1,2026-08-14
0001652522,Hudson Executive Capital LP,4,0,2026-08-14
0001697597,Hudson Way Capital Management LLC,4,0,2026-08-14
0001845373,Humankind Investments LLC,4,0,2026-08-14
0001697398,"Hunting Hill Global Capital, LLC",4,0,2026-08-14
0001794499,Hyperion Capital Advisors LP,4,0,2026-08-14
0001892772,"Hyundai Investments Co., Ltd.",4,0,2026-08-14
0000921669,ICAHN CARL C,4,0,2026-08-14
0001048268,"IES Holdings, Inc.",3,0,2026-08-14
0001728319,"IFG Advisory, LLC",4,0,2026-08-14
0001697490,"IHT Wealth Management, LLC",4,0,2026-08-14
0001783139,III Capital Management,4,0,2026-08-14
0001058811,IMMERSION CORP,4,0,2026-08-14
0002058093,"INFINITUM ASSET MANAGEMENT, LLC",4,0,2026-08-14
0001041885,INGALLS & SNYDER LLC,4,0,2026-08-14
0001964958,"INSIGNEO ADVISORY SERVICES, LLC",4,0,2026-08-14
0000050863,INTEL CORP,4,0,2026-08-14
0002108411,"INTERCAPITAL, LLC",3,0,2026-08-14
0001596197,INTREPID FAMILY OFFICE LLC,4,0,2026-08-14
0000889232,INVESTOR AB,4,0,2026-08-14
0001803307,ION Crossover Partners Ltd,3,0,2026-08-14
0002105906,ION Fund Management Ltd,3,0,2026-08-14
0001127761,IRONWOOD INVESTMENT MANAGEMENT LLC,4,0,2026-08-14
0001839851,"IVY LANE CAPITAL MANAGEMENT, LLC",4,0,2026-08-14
0001778253,"Ikarian Capital, LLC",4,0,2026-08-14
0001985486,Ilex Capital Partners,4,0,2026-08-14
0001786767,Impactive Capital LP,4,0,2026-08-14
0001972653,Imprint Wealth LLC,4,0,2026-08-14
0002049997,Incision Capital Management LP,3,0,2026-08-14
0001567195,Incline Global Management LLC,4,0,2026-08-14
0002001765,"Independence Wealth Advisors, LLC",3,0,2026-08-14
0002095322,Index Technologies Group LLC,3,0,2026-08-14
0001503683,Index Venture Associates III Ltd,3,0,2026-08-14
0001755035,Index Venture Associates VI Ltd,4,0,2026-08-14
0001785453,Index Venture Growth Associates III Ltd,4,0,2026-08-14
0001865141,Index Venture Growth Associates IV Ltd,4,0,2026-08-14
0001873834,Index Venture Growth Associates V Ltd,3,0,2026-08-14
0001865139,Index Venture Life Associates VI Ltd,4,0,2026-08-14
0001846122,Indigo Partners LLC,4,0,2026-08-14
0001970530,Inflection Point Holdings II LLC,3,0,2026-08-14
0002026217,Inherent Management Corp.,4,2,2026-08-14
0001708237,"Innovator Capital Management, LLC",4,0,2026-08-14
0001305473,"Insight Holdings Group, LLC",4,0,2026-08-14
0001640275,"Institutional Venture Management XV, LLC",4,0,2026-08-14
0001773206,"Integral Health Asset Management, LLC",4,0,2026-08-14
0002046834,Integrated Quantitative Investments LLC,4,0,2026-08-14
0001664713,Intermede Investment Partners Ltd,4,0,2026-08-14
0001590228,"Interval Partners, LP",4,0,2026-08-14
0001769456,Invenomic Capital Management LP,4,0,2026-08-14
0000914208,Invesco Ltd.,4,2,2026-08-14
0001811568,Investment Management Corp of Ontario,4,0,2026-08-14
0002073833,Investors Portfolio Services LLC,3,0,2026-08-14
0001867587,"Invst, LLC",5,0,2026-08-14
0001386462,Ionic Capital Management LLC,4,0,2026-08-14
0001929389,Irenic Capital Management LP,4,0,2026-08-14
0001131181,Iron Gate Global Advisors LLC,4,0,2026-08-14
0001824600,Ironclad Investments LLC,4,0,2026-08-14
0002046144,Irth Capital Management LP,4,0,2026-08-14
0002111609,Ishara Investments LP,3,0,2026-08-14
0002081714,"Islander Capital Partners, L.P.",3,0,2026-08-14
0001132597,Itau Unibanco Holding S.A.,4,1,2026-08-14
0002065347,Ivory Union Consulting Ltd,3,0,2026-08-14
0002059107,"J HAGAN CAPITAL, INC.",5,0,2026-08-14
0001412741,J. Goldman & Co LP,4,0,2026-08-14
0002011335,J. Stern & Co. LLP,4,1,2026-08-14
0002099154,"J.M. Arbour, LLC",3,0,2026-08-14
0001351063,"JACOBS ASSET MANAGEMENT, LLC",4,0,2026-08-14
0000884414,"JACOBS LEVY EQUITY MANAGEMENT, INC",4,0,2026-08-14
0001998597,"JANA Partners Management, LP",4,1,2026-08-14
0001595888,"JANE STREET GROUP, LLC",4,0,2026-08-14
0001834438,JAT Capital Mgmt LP,4,0,2026-08-14
0001770120,JNE Partners LLP,4,0,2026-08-14
0001106500,JOHO CAPITAL LLC,4,0,2026-08-14
0000815917,JONES FINANCIAL COMPANIES LLLP,4,0,2026-08-14
0001911348,"JOSH ARNOLD INVESTMENT CONSULTANT, LLC",4,1,2026-08-14
0002010710,"JPL Wealth Management, LLC",4,1,2026-08-14
0001562668,JS Capital Management LLC,4,0,2026-08-14
0001689013,JT Stratford LLC,4,0,2026-08-14
0002024579,Jain Global LLC,4,0,2026-08-14
0001453381,"Jasper Ridge Partners, L.P.",4,1,2026-08-14
0001525234,Jericho Capital Asset Management L.P.,4,0,2026-08-14
0001764756,Johns Hopkins University,4,0,2026-08-14
0002011609,"Juniper Capital Advisors, L.P.",10,0,2026-08-14
0001794034,"Juniper Investment Company, LLC",4,0,2026-08-14
0001595880,Junto Capital Management LP,4,0,2026-08-14
0002146052,Jupiter Topco LLC,1,0,2026-08-14
0001720980,KADENSA CAPITAL Ltd,4,0,2026-08-14
0002056671,"KANE INVESTMENT MANAGEMENT, INC.",4,0,2026-08-14
0001109228,KCM INVESTMENT ADVISORS LLC,4,0,2026-08-14
0000920441,KELLY LAWRENCE W & ASSOCIATES INC/CA,4,0,2026-08-14
0000884589,KENNEDY CAPITAL MANAGEMENT LLC,4,0,2026-08-14
0001113000,KENSICO CAPITAL MANAGEMENT CORP,4,0,2026-08-14
0001387369,"KETTLE HILL CAPITAL MANAGEMENT, LLC",4,0,2026-08-14
0000806250,"KEYSTONE GROUP, L.P.",4,0,2026-08-14
0001926253,KEYSTONE INVESTORS PTE LTD,3,0,2026-08-14
0001474069,KEYWISE CAPITAL MANAGEMENT,4,0,2026-08-14
0001569242,KHALL LLC,3,0,2026-08-14
0002055575,KHIS Custodian LP,3,0,2026-08-14
0001909180,"KIDS CAPITAL MANAGEMENT, L.P.",4,0,2026-08-14
0001218199,"KING STREET CAPITAL MANAGEMENT, L.P.",4,0,2026-08-14
0001000097,"KINGDON CAPITAL MANAGEMENT, L.L.C.",4,0,2026-08-14
0002001943,KKM Financial LLC,4,0,2026-08-14
0002036769,KP Management LLC,4,0,2026-08-14
0002103364,KR Capital LP,2,0,2026-08-14
0001317267,"Kamunting Street Capital Management, L.P.",4,0,2026-08-14
0001798686,Kapitalo Investimentos Ltda,4,0,2026-08-14
0001792430,Karani Asset Management LLC,4,0,2026-08-14
0002058849,Karl Kapital LLC,3,0,2026-08-14
0001048703,"Karpus Management, Inc.",4,1,2026-08-14
0001386935,"Keel Point, LLC",4,0,2026-08-14
0001647363,"Keenan Capital, LLC",4,0,2026-08-14
0002055512,Keewaydin Investments LLC,3,0,2026-08-14
0001555283,Kemnay Advisory Services Inc.,4,0,2026-08-14
0001845536,"Kensington Investment Counsel, LLC",4,0,2026-08-14
0001537783,Kentucky Retirement Systems,4,0,2026-08-14
0001584686,Kentucky Retirement Systems Insurance Trust Fund,4,0,2026-08-14
0002040353,"Kera Capital Partners, Inc.",4,0,2026-08-14
0001569688,"Kerrisdale Advisers, LLC",4,0,2026-08-14
0001830175,"Keyframe Capital Partners, L.P.",4,0,2026-08-14
0001877963,Khrom Capital Management LLC,4,0,2026-08-14
0001706220,"Kimmeridge Energy Management Company, LLC",4,1,2026-08-14
0001911448,"Kinetic Partners Management, LP",4,0,2026-08-14
0001818557,"Kinloch Capital, LLC",4,0,2026-08-14
0002032385,Kintayl Capital LP,4,0,2026-08-14
0001687444,Kite Lake Capital Management,4,1,2026-08-14
0001512397,"Knighthead Capital Management, LLC",4,0,2026-08-14
0001325083,"Knoll Capital Management, LLC",4,0,2026-08-14
0002109564,Knox Lane LP,3,0,2026-08-14
0001399770,Kohlberg Kravis Roberts & Co. L.P.,4,0,2026-08-14
0001659815,Kora Management LP,4,0,2026-08-14
0001971339,Kore Advisors LP,4,0,2026-08-14
0001536592,Krane Funds Advisors LLC,4,0,2026-08-14
0001609251,"Krensavage Asset Management, LLC",4,0,2026-08-14
0002123957,Kryger Capital LLC,2,0,2026-08-14
0002064545,Kultura Capital Management LP,3,0,2026-08-14
0001907884,"Kynam Capital Management, LP",4,0,2026-08-14
0001424381,"LAKEWOOD CAPITAL MANAGEMENT, LP",4,0,2026-08-14
0002023551,"LANDMARK INVESTMENT PARTNERS, L.P.",4,0,2026-08-14
0001608485,LANSDOWNE PARTNERS,4,1,2026-08-14
0001207017,LAZARD ASSET MANAGEMENT LLC,4,0,2026-08-14
0001694127,"LFL Advisers, LLC",4,0,2026-08-14
0001569049,"LIGHT STREET CAPITAL MANAGEMENT, LLC",4,0,2026-08-14
0001279396,LINDEN ADVISORS LP,4,0,2026-08-14
0001578621,LMR Partners LLP,4,0,2026-08-14
0000060086,LOEWS CORP,4,0,2026-08-14
0001121330,LOGAN CAPITAL MANAGEMENT INC,4,0,2026-08-14
0001259887,LONDON CO OF VIRGINIA,4,0,2026-08-14
0001061165,LONE PINE CAPITAL LLC,4,0,2026-08-14
0001317410,LONESTAR CAPITAL MANAGEMENT LLC,4,0,2026-08-14
0001869470,LONG WALK MANAGEMENT LP,4,0,2026-08-14
0001086477,"LONGVIEW ASSET MANAGEMENT, LLC",4,0,2026-08-14
0000312348,LOOMIS SAYLES & CO L P,4,0,2026-08-14
0000728100,"LORD, ABBETT & CO. LLC",4,0,2026-08-14
0001798923,"LRT Capital Management, LLC",4,0,2026-08-14
0001728850,"LSP Investment Advisors, LLC",4,0,2026-08-14
0001279151,LUMINUS MANAGEMENT LLC,4,0,2026-08-14
0001632108,"Lagoda Investment Management, L.P.",4,0,2026-08-14
0000723204,"Laird Norton Wetherby Trust Company, LLC",4,0,2026-08-14
0001536520,"Land & Buildings Investment Management, LLC",4,0,2026-08-14
0001731061,Larson Financial Group LLC,4,0,2026-08-14
0002111628,Laura & John Arnold Foundation,3,0,2026-08-14
0002082507,Laurore Ltd,3,0,2026-08-14
0001641447,Lavaca Capital LLC,4,0,2026-08-14
0001802797,"Lead Edge Capital Management, LLC",4,0,2026-08-14
0002111463,"Legacy Wealth Advisors, LLC",3,0,2026-08-14
0000764068,Legal & General Group Plc,4,0,2026-08-14
0002111719,Legend Capital Advisors LLC,3,0,2026-08-14
0001560207,"Legion Partners Asset Management, LLC",4,0,2026-08-14
0001175523,"Leonard Green & Partners, L.P.",4,0,2026-08-14
0001905374,Liberty 77 Capital L.P.,4,0,2026-08-14
0001533497,Liberty Mutual Group Asset Management Inc.,4,0,2026-08-14
0001882132,"Lifeworks Advisors, LLC",4,0,2026-08-14
0002057556,Lighthouse Financial LLC,4,0,2026-08-14
0001600344,"Lighthouse Investment Partners, LLC",4,0,2026-08-14
0001702122,"Lightspeed Management Company, L.L.C.",4,0,2026-08-14
0002075597,Limestone Investment Advisors LP,4,0,2026-08-14
0002093311,Lineage Point Capital LP,3,1,2026-08-14
0001985479,Linonia Partnership LP,4,0,2026-08-14
0001643354,"Lion Point Capital, LP",4,0,2026-08-14
0001575662,Lionstone Capital Management LLC,4,0,2026-08-14
0001539639,"Little Harbor Advisors, LLC",4,0,2026-08-14
0001847935,"Lloyd Harbor Capital Management, LLC",4,0,2026-08-14
0001598245,"Lodge Hill Capital, LLC",4,1,2026-08-14
0001535521,"Logan Stone Capital, LLC",4,0,2026-08-14
0001792126,Logos Global Management LP,4,0,2026-08-14
0001535660,Lombard Odier Asset Management,4,0,2026-08-14
0001491719,Lombard Odier Asset Management,4,0,2026-08-14
0001602716,"Long Focus Capital Management, LLC",4,0,2026-08-14
0001620081,"Long Road Investment Counsel, LLC",4,0,2026-08-14
0002054122,Longaeva Partners L.P.,4,0,2026-08-14
0002095243,"Lotus Technology Management, LP",3,0,2026-08-14
0001597089,"Loudon Investment Management, LLC",4,0,2026-08-14
0001992915,LuminArx Capital Management LP,3,0,2026-08-14
0001316580,"Luxor Capital Group, LP",4,0,2026-08-14
0002009895,"Lykos Global Management, LP",3,0,2026-08-14
0001734341,Lynrock Lake LP,4,1,2026-08-14
0002056045,M37 Management LP,3,0,2026-08-14
0002111003,"MAC Alpha Capital Management, LP",3,0,2026-08-14
0001418333,MACQUARIE GROUP LTD,4,0,2026-08-14
0001803662,MAGNOLIA CAPITAL ADVISORS LLC,4,0,2026-08-14
0001040197,MAI Capital Management,4,0,2026-08-14
0001070134,MAIRS & POWER INC,4,0,2026-08-14
0001385702,MAK CAPITAL ONE LLC,4,0,2026-08-14
0001040762,MALTESE CAPITAL MANAGEMENT LLC,4,0,2026-08-14
0001856155,MANE GLOBAL CAPITAL MANAGEMENT LP,4,0,2026-08-14
0001535392,"MANGROVE PARTNERS IM, LLC",4,0,2026-08-14
0000062039,MANNING & NAPIER ADVISORS LLC,4,0,2026-08-14
0000928047,"MANUFACTURERS LIFE INSURANCE COMPANY, THE",4,0,2026-08-14
0001279913,MARATHON ASSET MANAGEMENT LP,4,0,2026-08-14
0000860176,MARK ASSET MANAGEMENT LP,4,0,2026-08-14
0002042617,"MARQUETTE ASSOCIATES, INC.",4,0,2026-08-14
0002079098,"MARS JEWETT FINANCIAL GROUP, INC.",3,0,2026-08-14
0002022427,"MARSHALL INVESTMENT MANAGEMENT, LLC",4,0,2026-08-14
0000914976,MARSHFIELD ASSOCIATES,4,0,2026-08-14
0001218735,MASON CAPITAL MANAGEMENT LLC,4,0,2026-08-14
0001104186,MASTERS CAPITAL MANAGEMENT LLC,4,0,2026-08-14
0001906866,MATRIX PRIVATE CAPITAL GROUP LLC,4,0,2026-08-14
0000934639,MAVERICK CAPITAL LTD,4,0,2026-08-14
0001892378,MBB PUBLIC MARKETS I LLC,4,0,2026-08-14
0002112006,MCGUIRE CAPITAL ADVISORS INC,3,0,2026-08-14
0001162695,MCMORGAN & CO LLC,4,0,2026-08-14
0000701516,"MEANS INVESTMENT CO., INC.",4,0,2026-08-14
0001905106,"METEORA CAPITAL, LLC",4,0,2026-08-14
0001099219,METLIFE INC,4,0,2026-08-14
0000728618,METROPOLITAN LIFE INSURANCE CO/NY,4,0,2026-08-14
0001277742,MHR FUND MANAGEMENT LLC,4,0,2026-08-14
0002098560,MILLBANK DARTMOOR PORTSMOUTH LLC,3,0,2026-08-14
0001273087,MILLENNIUM MANAGEMENT LLC,4,0,2026-08-14
0001135778,"MILLER VALUE PARTNERS, LLC",4,0,2026-08-14
0001705339,MIRAE ASSET GLOBAL ETFS HOLDINGS Ltd.,4,0,2026-08-14
0001335730,MIZUHO FINANCIAL GROUP INC,1,0,2026-08-14
0001304857,MMCAP International Inc. SPC,4,0,2026-08-14
0001120927,MONETA GROUP INVESTMENT ADVISORS LLC,4,0,2026-08-14
0001848831,"MONIMUS CAPITAL MANAGEMENT, LP",4,0,2026-08-14
0001776588,"MONOGRAPH WEALTH ADVISORS, LLC",4,0,2026-08-14
0001387303,MOON CAPITAL MANAGEMENT LP,4,1,2026-08-14
0001448574,"MOORE CAPITAL MANAGEMENT, LP",4,0,2026-08-14
0001016150,MORGENS WATERFALL VINTIADIS & CO INC,4,0,2026-08-14
0002011821,MORTON COMMUNITY BANK,4,0,2026-08-14
0002116489,MOZAYYX MANAGEMENT LLC,3,0,2026-08-14
0001687078,MPM BioImpact LLC,4,0,2026-08-14
0001040410,"MSA Advisors, LLC",4,0,2026-08-14
0001105497,"MSD CAPITAL, L.P.",4,0,2026-08-14
0001514334,"MSD Partners, L.P.",4,0,2026-08-14
0000867626,MUFG SECURITIES AMERICAS INC.,4,0,2026-08-14
0001947083,"MVM Partners, LLC",4,0,2026-08-14
0001910173,MY.Alpha Management HK Advisors Ltd,4,1,2026-08-14
0001801265,"Madison Avenue Partners, LP",4,0,2026-08-14
0001352851,Magnetar Financial LLC,4,0,2026-08-14
0001556278,"Magnitude Capital, LLC",4,0,2026-08-14
0001698607,"Main Management ETF Advisors, LLC",4,0,2026-08-14
0001862787,Main Management Fund Advisors LLC,4,0,2026-08-14
0001583092,Main Management LLC,4,0,2026-08-14
0002149656,"Maloon Powers Pitre Higgins & Dennehy, LLC",1,0,2026-08-14
0001637460,Man Group plc,4,0,2026-08-14
0001467902,"Manatuck Hill Partners, LLC",4,0,2026-08-14
0001965104,Manchester Global Management,4,0,2026-08-14
0002102426,Maniro Ltd,3,0,2026-08-14
0001695459,Mantle Ridge LP,4,0,2026-08-14
0001658363,Maple Rock Capital Partners Inc.,4,0,2026-08-14
0001861026,Marathon Asset Management Ltd,4,0,2026-08-14
0001353311,"Marathon Partners Equity Management, LLC",4,0,2026-08-14
0001346570,Marble Bar Asset Management LLP,3,0,2026-08-14
0001997464,Marex Group plc,14,0,2026-08-14
0002037238,"Massar Capital Management, LP",4,1,2026-08-14
0001817145,"Masterton Capital Management, LP",4,0,2026-08-14
0001351431,Matthew 25 Management Corp,4,0,2026-08-14
0001633046,Maven Securities LTD,4,0,2026-08-14
0001708759,"Maytus Capital Management, LLC",4,0,2026-08-14
0001801107,Meadow Creek Wealth Advisors LLC,4,0,2026-08-14
0002131139,"Medallion Wealth Advisors, LLC",7,0,2026-08-14
0001843543,"Medina Value Partners, LLC",4,0,2026-08-14
0001712901,Melqart Asset Management,4,0,2026-08-14
0001736852,"Merewether Investment Management, LP",4,0,2026-08-14
0001768095,"Meridian Wealth Advisors, LLC",4,0,2026-08-14
0002026798,Meridiem Capital Partners LP,4,0,2026-08-14
0001613048,Meritech Capital Associates V L.L.C.,4,0,2026-08-14
0002123943,"Merited Wealth, LLC",3,0,2026-08-14
0001302842,Merk Investments LLC,4,0,2026-08-14
0001911372,"Meros Investment Management, LP",4,0,2026-08-14
0001529735,"MetLife Investment Management, LLC",4,0,2026-08-14
0001864835,Metavasi Capital LP,4,0,2026-08-14
0001599858,Michael & Susan Dell Foundation,4,0,2026-08-14
0002095497,"Michael Brady & Co., LLC",3,0,2026-08-14
0002053733,"Michels Family Financial, LLC",4,0,2026-08-14
0001965304,"Michelson Medical Research Foundation, Inc.",4,0,2026-08-14
0001967018,Milestone Investment Advisors LLC,4,0,2026-08-14
0001837496,"Militia Capital Partners, LP",2,7,2026-08-14
0001512275,Mill Road Capital Management LLC,4,0,2026-08-14
0001590729,Millstreet Capital Management LLC,4,0,2026-08-14
0002052205,Mink Brook Asset Management LLC,4,0,2026-08-14
0001802900,Mirova US LLC,4,0,2026-08-14
0001801583,"Mission Creek Capital Partners, Inc.",4,0,2026-08-14
0002043220,"Mission Hills Financial Advisory, LLC",4,0,2026-08-14
0002001900,"Modern Wealth Management, LLC",4,1,2026-08-14
0001281084,Monarch Alternative Capital LP,4,1,2026-08-14
0001536361,Moneda S.A. Administradora General de Fondos,4,0,2026-08-14
0001623781,"Morgan Creek Capital Management, LLC",3,0,2026-08-14
0001753218,"MorganRosel Wealth Management, LLC",4,0,2026-08-14
0001626494,"Mork Capital Management, LLC",4,0,2026-08-14
0001308555,Mountain Lake Investment Management LLC,4,0,2026-08-14
0001730532,"Mountaineer Partners Management, LLC",4,1,2026-08-14
0001704268,Mubadala Investment Co PJSC,4,1,2026-08-14
0001655183,"Mudrick Capital Management, L.P.",4,0,2026-08-14
0001838556,Murchinson Ltd.,4,0,2026-08-14
0002047271,Murphy & Mullick Capital Management Corp,4,0,2026-08-14
0001694080,"Mutual Advisors, LLC",4,0,2026-08-14
0002146357,"N10 WEALTH, LLC",1,0,2026-08-14
0001277890,NANO CAP NEW MILLENNIUM GROWTH FUND L P,3,0,2026-08-14
0001966440,NATIONAL MUTUAL FUNDS MANAGEMENT LTD,3,1,2026-08-14
0001018331,"NATIXIS ADVISORS, LLC",4,0,2026-08-14
0001665012,NAYA CAPITAL MANAGEMENT UK LTD,4,0,2026-08-14
0002148930,NBH Bank,1,0,2026-08-14
0001907054,"NCM Capital Management, LLC",4,0,2026-08-14
0001512848,"NEA Management Company, LLC",4,0,2026-08-14
0001167212,NEEDHAM INVESTMENT MANAGEMENT LLC,4,0,2026-08-14
0001424799,NEPC LLC,4,1,2026-08-14
0001004244,NEW ENGLAND ASSET MANAGEMENT INC,4,0,2026-08-14
0001500605,NEW VERNON INVESTMENT MANAGEMENT LLC,4,0,2026-08-14
0001469877,"NEXPOINT ASSET MANAGEMENT, L.P.",4,0,2026-08-14
0001134007,NEXT CENTURY GROWTH INVESTORS LLC,4,0,2026-08-14
0002038158,NEXTBio Capital Management LP,3,0,2026-08-14
0000869589,NISSAY ASSET MANAGEMENT CORP /JAPAN,4,0,2026-08-14
0000921739,NOMURA ASSET MANAGEMENT INTERNATIONAL INC.,3,0,2026-08-14
0001163653,NOMURA HOLDINGS INC,4,0,2026-08-14
0001045810,NVIDIA CORP,4,0,2026-08-14
0001103887,NWI MANAGEMENT LP,4,5,2026-08-14
0001816616,"NZS Capital, LLC",4,0,2026-08-14
0001730464,"Nan Shan Life Insurance Co., Ltd.",4,0,2026-08-14
0001785342,National Philanthropic Trust,11,0,2026-08-14
0002044610,Navi International - Administradora e Gestora de Recursos Financeiros Ltda.,3,0,2026-08-14
0001849055,"Navis Wealth Advisors, LLC",4,0,2026-08-14
0001915842,"Nearwater Capital Markets, Ltd",4,0,2026-08-14
0001846677,Nellore Capital Management LLC,4,0,2026-08-14
0001982273,Nemes Rush Group LLC,4,0,2026-08-14
0001727783,Neo Ivy Capital Management,4,0,2026-08-14
0001407718,"New Mountain Capital, L.L.C.",4,0,2026-08-14
0001512538,New Vernon Capital Holdings II LLC,4,0,2026-08-14
0001879757,"Newbridge Financial Services Group, Inc.",4,0,2026-08-14
0001389875,Newbrook Capital Advisors LP,4,0,2026-08-14
0001908450,Newlands Management Operations LLC,4,0,2026-08-14
0001569241,"Newtyn Management, LLC",4,0,2026-08-14
0001595430,"Nextech Invest, Ltd.",4,0,2026-08-14
0001389574,"Nicholas Investment Partners, LP",4,0,2026-08-14
0001410833,"Night Owl Capital Management, LLC",4,0,2026-08-14
0002058786,Night Squared LP,4,0,2026-08-14
0002016708,"Niles Investment Management, LLC",3,0,2026-08-14
0001635236,Nine Ten Capital Management LLC,4,0,2026-08-14
0001633799,"Nishkama Capital, LLC",4,0,2026-08-14
0001630243,"Nitorum Capital, L.P.",4,0,2026-08-14
0001765774,No Street GP LP,4,0,2026-08-14
0001496637,"Norinchukin Bank, The",4,0,2026-08-14
0001747888,"North Peak Capital Management, LLC",4,0,2026-08-14
0001867831,North Reef Capital Management LP,4,0,2026-08-14
0001346543,"Northern Right Capital Management, L.P.",4,0,2026-08-14
0001471265,"Northwest Bancshares, Inc.",4,0,2026-08-14
0001846038,Northwoods Investments LLC,4,0,2026-08-14
0002065606,"Notable Capital Management, L.L.C.",4,0,2026-08-14
0002056243,"Note Advisors, LLC",4,0,2026-08-14
0001388325,Novo Holdings A/S,4,0,2026-08-14
0001668527,Numerai GP LLC,4,0,2026-08-14
0001661655,"Nut Tree Capital Management, LP",4,0,2026-08-14
0002081629,O'Connor Alternative Investments LLC,2,1,2026-08-14
0001911468,"O'ROURKE & COMPANY, Inc",4,0,2026-08-14
0000836372,OAK ASSOCIATES LTD /OH/,4,0,2026-08-14
0001164688,OAK HILL ADVISORS LP,4,0,2026-08-14
0000949509,OAKTREE CAPITAL MANAGEMENT LP,4,2,2026-08-14
0000937886,OBERWEIS ASSET MANAGEMENT INC/,4,0,2026-08-14
0001132716,"OCONNOR, A Distinct Business Unit of UBS ASSET MANAGEMENT AMERICAS",2,17,2026-08-14
0001686970,ODDO BHF ASSET MANAGEMENT SAS,4,2,2026-08-14
0001619083,"OGBORNE CAPITAL MANAGEMENT, LLC",4,0,2026-08-14
0001455915,OLD MISSION CAPITAL LLC,4,0,2026-08-14
0001738126,OLP CAPITAL MANAGEMENT Ltd,4,1,2026-08-14
0001055951,ORBIMED ADVISORS LLC,4,0,2026-08-14
0001677044,"OSAIC HOLDINGS, INC.",4,1,2026-08-14
0001318318,OSIRIS HOLDINGS INC.,1,0,2026-08-14
0001007524,OSTERWEIS CAPITAL MANAGEMENT INC,4,0,2026-08-14
0001438284,OXFORD ASSET MANAGEMENT LLP,4,15,2026-08-14
0002150170,"Oakmont Investment Advisors, Inc.",3,0,2026-08-14
0001822973,"Oaktree Fund Advisors, LLC",4,1,2026-08-14
0001317904,Oasis Management Co Ltd.,4,0,2026-08-14
0002011555,Obion Capital Management LP,3,0,2026-08-14
0002067281,Obsido Oy,4,0,2026-08-14
0002085909,Occam Crest Management LP,4,0,2026-08-14
0001839435,Octagon Capital Advisors LP,4,0,2026-08-14
0001891904,Octahedron Capital Management L.P.,4,0,2026-08-14
0002092853,"Odyssean, LLC",3,0,2026-08-14
0002146304,"Odyssey Group, LLC",1,0,2026-08-14
0002149839,Old Mission Investment Co LLC,1,0,2026-08-14
0001841359,Olympus Peak Asset Management LP,4,0,2026-08-14
0001637359,"Omega Fund Management, LLC",4,0,2026-08-14
0001753875,One Fin Capital Management LP,4,0,2026-08-14
0001728278,One Madison Group LLC,4,0,2026-08-14
0002061426,"One Rock Capital Partners, LLC",3,0,2026-08-14
0001534300,"One William Street Capital Management, L.P.",4,0,2026-08-14
0000905790,Onex Canada Asset Management Inc.,4,0,2026-08-14
0001961491,OnyxPoint Global Management LP,4,0,2026-08-14
0001595855,Opaleye Management Inc.,4,1,2026-08-14
0001844640,Ophir Asset Management Pty Ltd,4,0,2026-08-14
0001738654,"Opti Capital Management, LP",4,0,2026-08-14
0001732539,"Optimus Prime Fund Management Co., Ltd.",4,0,2026-08-14
0001663865,Orbis Allan Gray Ltd,4,0,2026-08-14
0001905367,Orcam Financial Group,4,0,2026-08-14
0001360533,"Orion Porfolio Solutions, LLC",4,0,2026-08-14
0002032200,Orion Resource Partners LP,4,0,2026-08-14
0002149913,"Outlook Capital Management, LLC",1,0,2026-08-14
0001313756,"Owl Creek Asset Management, L.P.",4,0,2026-08-14
0002007953,Owlhouse Capital LP,3,0,2026-08-14
0001713269,Oxbow Capital Management,4,0,2026-08-14
0001406313,"P2 Capital Partners, LLC",4,0,2026-08-14
0001009006,"PALISADE CAPITAL MANAGEMENT, LP",4,0,2026-08-14
0001051359,PAR CAPITAL MANAGEMENT INC,4,0,2026-08-14
0001596510,PARK PRESIDIO CAPITAL LLC,4,0,2026-08-14
0001035674,PAULSON & CO. INC.,4,0,2026-08-14
0001910391,"PB INVESTMENT PARTNERS, L.P.",4,0,2026-08-14
0001564702,"PDT Partners, LLC",4,0,2026-08-14
0001050743,PEAPACK GLADSTONE FINANCIAL CORP,4,0,2026-08-14
0001050464,PECONIC PARTNERS LLC,4,0,2026-08-14
0001779355,"PENNINGTON PARTNERS & CO., LLC",4,0,2026-08-14
0001224962,PERCEPTIVE ADVISORS LLC,4,1,2026-08-14
0001769704,PERRY CREEK CAPITAL LP,4,0,2026-08-14
0002026053,"PERSHING SQUARE HOLDCO, L.P.",4,0,2026-08-14
0002080427,PERSPECTIVE WEALTH ADVISORS LLC,3,0,2026-08-14
0001442756,"PFM Health Sciences, LP",4,0,2026-08-14
0001979670,PICKERING ENERGY PARTNERS LP,4,1,2026-08-14
0002088548,PINEBRIDGE INVESTMENTS LLC,3,1,2026-08-14
0001228754,"PLATINUM EQUITY, LLC",4,0,2026-08-14
0002089123,PLATINUM PARAMOUNT INVESTMENT LTD.,3,0,2026-08-14
0001643351,PLUSTICK MANAGEMENT LLC,4,0,2026-08-14
0001899896,PMC FIG Opportunities LLC,4,0,2026-08-14
0001980695,"PMV Capital Advisers, LLC",4,0,2026-08-14
0001387508,"PRELUDE CAPITAL MANAGEMENT, LLC",4,0,2026-08-14
0000080255,PRICE T ROWE ASSOCIATES INC /MD/,4,0,2026-08-14
0000763212,PRIMECAP MANAGEMENT CO/CA/,4,0,2026-08-14
0001068851,PROSPERITY BANCSHARES INC,3,0,2026-08-14
0000355429,PROTECTIVE LIFE CORP,4,0,2026-08-14
0000931588,PROVIDA PENSION FUND ADMINISTRATOR,4,3,2026-08-14
0000898419,PRUDENTIAL PLC,4,0,2026-08-14
0001767640,PUBLIC INVESTMENT FUND,4,1,2026-08-14
0001238990,"PUNCH & ASSOCIATES INVESTMENT MANAGEMENT, INC.",4,0,2026-08-14
0001800135,"PYA Waltman Capital, LLC",4,0,2026-08-14
0001568788,Palestra Capital Management LLC,4,0,2026-08-14
0001881490,Palliser Capital,4,0,2026-08-14
0001977128,"Palo Duro Investment Partners, LP",4,0,2026-08-14
0001532943,"Palogic Value Management, L.P.",4,0,2026-08-14
0001103882,Paloma Partners Management Co,4,0,2026-08-14
0001554913,"Pamplona Capital Management, LLC",4,0,2026-08-14
0001950490,"Panoramic Capital, LLC",4,0,2026-08-14
0002083095,Panoramic Hills Capital Ltd,3,0,2026-08-14
0002067181,Pantera Capital Partners LP,4,3,2026-08-14
0001919332,ParaFi Capital LP,4,0,2026-08-14
0001855655,Paradigm Biocapital Advisors LP,4,0,2026-08-14
0001910312,"Paradigm Capital Management, LLC/NV",4,0,2026-08-14
0001911136,Paradigm Operations LP,4,0,2026-08-14
0001521001,"Parallax Volatility Advisers, L.P.",4,0,2026-08-14
0001965810,Park Place Capital Corp,4,0,2026-08-14
0001386928,Park West Asset Management LLC,4,0,2026-08-14
0001672070,"Parker Investment Management, LLC",4,0,2026-08-14
0001777015,Parkman Healthcare Partners LLC,4,0,2026-08-14
0001597823,Parkwood LLC,4,0,2026-08-14
0001162777,Partners Value Investments L.P.,4,0,2026-08-14
0002061470,Parvus Asset Management Jersey Ltd,4,0,2026-08-14
0001905809,Passaic Partners LLC,4,0,2026-08-14
0001632512,"Peak Asset Management, LLC",4,0,2026-08-14
0001886840,Peak XV Partners Operations LLC,4,0,2026-08-14
0001759176,"Pennant Investors, LP",4,0,2026-08-14
0002011563,"Pennant Select, LLC",4,0,2026-08-14
0001425851,Pentwater Capital Management LP,4,0,2026-08-14
0001689933,"Per Stirling Capital Management, LLC.",4,0,2026-08-14
0001968437,Perbak Capital Partners LLP,4,0,2026-08-14
0001801523,"Perennial Investment Advisors, LLC",4,0,2026-08-14
0002023071,"Perissos Private Wealth Management, LLC",4,0,2026-08-14
0001599637,Permanens Capital L.P.,4,0,2026-08-14
0001472850,"Permian Investment Partners, LP",4,0,2026-08-14
0001337150,Permira Holdings LTD,4,0,2026-08-14
0001473429,"Petrus Trust Company, LTA",4,0,2026-08-14
0001351407,"Philadelphia Financial Management of San Francisco, LLC",4,0,2026-08-14
0002131511,"Philadelphia Investment Partners, LLC",2,0,2026-08-14
0001869199,Philosophy Capital Management LLC,4,0,2026-08-14
0001963918,Pilgrim Global Advisors LLC,4,0,2026-08-14
0002111915,Pillsbury Lake Capital LLC,3,0,2026-08-14
0001845915,Pine Ridge Advisers LLC,4,0,2026-08-14
0002111095,PineBridge Investments Asia Ltd,3,0,2026-08-14
0002011176,Pingora Partners LLC,4,0,2026-08-14
0001679064,"Pinnacle Family Advisors, LLC",4,0,2026-08-14
0002082866,"Pinnacle Financial Partners, Inc.",3,1,2026-08-14
0001803274,"Platinum Equity Advisors, LLC/DE",4,34,2026-08-14
0001826394,"Plotkin Financial Advisors, LLC",4,0,2026-08-14
0001631943,"Point Break Capital Management, LLC",3,0,2026-08-14
0001603466,"Point72 Asset Management, L.P.",4,0,2026-08-14
0001954961,"Point72 Private Investments, LLC",3,0,2026-08-14
0001509842,PointState Capital LP,4,0,2026-08-14
0001640335,Pointe Capital Management LLC,4,0,2026-08-14
0001326389,Polar Asset Management Partners Inc.,4,1,2026-08-14
0001837309,Polar Capital Holdings Plc,4,0,2026-08-14
0001885245,Politan Capital Management LP,4,0,2026-08-14
0001973324,Polymer Capital Management,4,0,2026-08-14
0001729212,Port Capital LLC,4,0,2026-08-14
0001350290,"Portolan Capital Management, LLC",4,0,2026-08-14
0001911838,"Post Oak Energy Holdings, LLC",4,0,2026-08-14
0001418746,"Potomac Capital Management, Inc.",3,0,2026-08-14
0001536630,Potrero Capital Research LLC,4,0,2026-08-14
0001320769,"Praesidium Investment Management Company, LLC",4,0,2026-08-14
0001949877,Praetorian PR LLC,4,0,2026-08-14
0001710951,"Prana Capital Management, LP",4,0,2026-08-14
0001326150,"Prentice Capital Management, LP",4,0,2026-08-14
0001538653,Prescott General Partners LLC,4,0,2026-08-14
0001772715,Prestige Wealth Management Group LLC,4,6,2026-08-14
0002009520,Prevatt Capital Ltd,4,0,2026-08-14
0001588456,"Private Capital Management, LLC",4,0,2026-08-14
0001536006,"Progeny 3, Inc.",4,0,2026-08-14
0001617201,"Prosight Management, LP",4,0,2026-08-14
0001632368,"Prospect Capital Advisors, LLC",4,1,2026-08-14
0001649186,Prostatis Group LLC,4,0,2026-08-14
0001492133,Providence Equity Partners L.L.C.,4,0,2026-08-14
0001631664,Punch Card Management L.P.,4,0,2026-08-14
0002087977,Pureheart Capital Pte Ltd.,7,0,2026-08-14
0001469589,"Q Global Advisors, LLC",4,0,2026-08-14
0001732543,Q3 Asset Management,5,0,2026-08-14
0001650717,QUADRANT CAPITAL GROUP LLC,4,1,2026-08-14
0001290162,QVT Financial LP,4,0,2026-08-14
0001633648,"Quaker Capital Investments, LLC",4,0,2026-08-14
0002009590,Quantessence Capital LLC,4,0,2026-08-14
0001445911,"Quantitative Investment Management, LLC",4,0,2026-08-14
0002003672,Quantum Portfolio Management LLC,4,1,2026-08-14
0001965207,Quarry LP,4,0,2026-08-14
0002111158,Quattro Advisors LLC,3,0,2026-08-14
0001729829,Qube Research & Technologies Ltd,4,0,2026-08-14
0001633275,Quinn Opportunity Partners LLC,4,0,2026-08-14
0001346824,"RA CAPITAL MANAGEMENT, L.P.",4,0,2026-08-14
0000720005,RAYMOND JAMES FINANCIAL INC,4,0,2026-08-14
0001134621,"RBF Capital, LLC",4,2,2026-08-14
0001912187,RDST Capital LLC,4,1,2026-08-14
0001900923,READYSTATE ASSET MANAGEMENT LP,4,0,2026-08-14
0001316622,"REDWOOD CAPITAL MANAGEMENT, LLC",4,0,2026-08-14
0000749044,RESOURCES MANAGEMENT CORP /CT/ /ADV,4,1,2026-08-14
0001672681,RETIREMENT CAPITAL STRATEGIES,4,0,2026-08-14
0001956564,RFP Financial Group LLC,4,0,2026-08-14
0002065331,"RH Tailwind Management, LLC",3,0,2026-08-14
0001672355,RIPOSTE CAPITAL LLC,4,0,2026-08-14
0001447578,"RIVERNORTH CAPITAL MANAGEMENT, LLC",4,0,2026-08-14
0001247497,RIVERSTONE HOLDINGS LLC,4,0,2026-08-14
0001905218,"RK Capital Management, LLC/FL",4,0,2026-08-14
0002011633,"ROI Financial Advisors, LLC",4,0,2026-08-14
0002056532,ROSS\JOHNSON & Associates LLC,4,0,2026-08-14
0001000275,ROYAL BANK OF CANADA,4,2,2026-08-14
0000906304,ROYCE & ASSOCIATES LP,4,0,2026-08-14
0001832568,RPD Fund Management LLC,4,0,2026-08-14
0001714450,RPTC Inc.,4,0,2026-08-14
0001493215,"RTW INVESTMENTS, LP",4,0,2026-08-14
0001736465,"RUSH ISLAND MANAGEMENT, LP",4,0,2026-08-14
0001766596,RV Capital AG,4,0,2026-08-14
0001507683,"RWWM, Inc.",4,0,2026-08-14
0001911132,Radcliff Management LLC,4,0,2026-08-14
0001218275,"Radcliffe Capital Management, L.P.",4,0,2026-08-14
0001389426,"Rafferty Asset Management, LLC",4,0,2026-08-14
0001658020,Railway Pension Investments Ltd,4,0,2026-08-14
0001631543,Raine Capital LLC,4,2,2026-08-14
0001887502,Raine Group LLC,4,0,2026-08-14
0002055383,"Range Rock Capital, LLC",3,0,2026-08-14
0001517796,"Rangeley Capital, LLC",4,0,2026-08-14
0001729522,"Rector, Church-Wardens & Vestrymen of Trinity Church in the city of New-York",4,0,2026-08-14
0001803146,Recurrent Investment Advisors LLC,4,0,2026-08-14
0001425738,"Redmile Group, LLC",4,0,2026-08-14
0001567890,"Redmond Asset Management, LLC",4,0,2026-08-14
0001689508,"Redpoint Management, LLC",4,0,2026-08-14
0001691170,"Redwood Grove Capital, LLC",4,0,2026-08-14
0001559789,Regal Investment Advisors LLC,4,0,2026-08-14
0001577774,Regal Partners Ltd,4,0,2026-08-14
0001599016,"Rench Wealth Management, Inc.",4,0,2026-08-14
0002074836,Renwick Deborah Lee,3,0,2026-08-14
0001800217,Resolute Advisors LLC,4,0,2026-08-14
0001834913,Resolute Capital Asset Partners LLC,4,0,2026-08-14
0001612389,Resolution Capital Ltd,4,0,2026-08-14
0001912339,Resurgent Financial Advisors LLC,4,0,2026-08-14
0001801811,"Revelation Capital Management, LLC",3,0,2026-08-14
0001828776,"Rhino Investment Partners, Inc",4,0,2026-08-14
0001836733,"Ribbit Management Company, LLC",4,0,2026-08-14
0001423994,Ridgeback Capital Investments L.P.,4,0,2026-08-14
0001771122,Rings Capital Management LLC,4,0,2026-08-14
0001556593,Rithm Capital Corp.,6,3,2026-08-14
0002107417,"River Bend Holdings, LLC",3,0,2026-08-14
0001882572,Riverwater Partners LLC,4,0,2026-08-14
0001595725,Rock Springs Capital Management LP,4,0,2026-08-14
0001821984,"Rockbridge Investment Management, LCC",4,0,2026-08-14
0002097566,"Roehl & Yi Investment Advisors, LLC",7,0,2026-08-14
0001666335,Rokos Capital Management LLP,4,0,2026-08-14
0001622627,"Rosalind Advisors, Inc.",4,0,2026-08-14
0001569833,"Rothschild Capital Partners, LLC",4,0,2026-08-14
0001512171,"Route One Investment Company, L.P.",4,0,2026-08-14
0001904323,"Royal Capital Wealth Management, LLC",4,0,2026-08-14
0001720792,"Ruane, Cunniff & Goldfarb L.P.",4,0,2026-08-14
0002032489,Rubicon Founders LLC,4,6,2026-08-14
0001687509,Rubric Capital Management LP,4,0,2026-08-14
0001835407,Rudius Management LP,4,0,2026-08-14
0002110677,"Ruggiero Investments, Inc.",3,0,2026-08-14
0002040263,"Rule One Partners, LLC",4,0,2026-08-14
0001322924,"S Squared Technology, LLC",4,1,2026-08-14
0001535610,"SABBY MANAGEMENT, LLC",4,0,2026-08-14
0001996109,SALT Holding Corp.,4,0,2026-08-14
0001421097,"SAMLYN CAPITAL, LLC",4,0,2026-08-14
0001000742,SANDLER CAPITAL MANAGEMENT,4,0,2026-08-14
0001697665,"SAPPHIRE VENTURES, L.L.C.",4,0,2026-08-14
0001316617,SATURNA CAPITAL CORP,4,0,2026-08-14
0001731509,SB INVESTMENT ADVISERS,4,1,2026-08-14
0001607841,SC US,4,0,2026-08-14
0001965542,"SCALAR GAUGE MANAGEMENT, LLC",4,0,2026-08-14
0001537530,"SCGE MANAGEMENT, L.P.",4,1,2026-08-14
0001086416,SCOGGIN MANAGEMENT LP,4,0,2026-08-14
0001279150,SCOPIA CAPITAL MANAGEMENT LP,4,0,2026-08-14
0001317583,"SCOPUS ASSET MANAGEMENT, L.P.",4,0,2026-08-14
0001274413,SECTORAL ASSET MANAGEMENT INC,4,0,2026-08-14
0000350894,SEI INVESTMENTS CO,4,0,2026-08-14
0001867731,SELDON CAPITAL LP,4,0,2026-08-14
0001115373,SEMPER AUGUSTUS INVESTMENTS GROUP LLC,4,0,2026-08-14
0001909126,"SEVEN GRAND MANAGERS, LLC",4,0,2026-08-14
0001383838,SHAH CAPITAL MANAGEMENT,4,0,2026-08-14
0001622346,SHANDA ASSET MANAGEMENT HOLDINGS Ltd,4,0,2026-08-14
0001002784,SHELTON CAPITAL MANAGEMENT,4,0,2026-08-14
0001218583,"SHEPHERD KAPLAN KROCHUK, LLC",4,0,2026-08-14
0000940418,SIEMENS AG,4,1,2026-08-14
0001209767,SIEMENS PENSION TRUST E V,4,0,2026-08-14
0001094429,"SIG BROKERAGE, LP",4,0,2026-08-14
0001868643,"SIG North Trading, ULC",4,0,2026-08-14
0002069337,SIGNAL TREE FINANCIAL PARTNERS LLC,4,0,2026-08-14
0001996244,"SIH Partners, LLLP",4,0,2026-08-14
0001232395,SILVERCREST ASSET MANAGEMENT GROUP LLC,4,0,2026-08-14
0002112504,SIP Global Opportunity Manager LLC,3,0,2026-08-14
0001434997,"SIR Capital Management, L.P.",4,0,2026-08-14
0001104883,SIRIOS CAPITAL MANAGEMENT L P,4,0,2026-08-14
0002075338,SMA Capital LLC,3,0,2026-08-14
0000926688,SMITH THOMAS W,3,0,2026-08-14
0002075393,"SNOWWATER INVESTMENT PARTNERS, LLC",3,0,2026-08-14
0001697569,SOF Ltd,4,0,2026-08-14
0001065521,SOFTBANK GROUP CORP.,4,0,2026-08-14
0001680964,SOMA EQUITY PARTNERS LP,4,0,2026-08-14
0001856405,SONA ASSET MANAGEMENT,4,0,2026-08-14
0001894532,SORA INVESTORS LLC,4,0,2026-08-14
0001748240,SOROS CAPITAL MANAGEMENT LLC,4,0,2026-08-14
0001029160,SOROS FUND MANAGEMENT LLC,4,0,2026-08-14
0000807985,SOUTHEASTERN ASSET MANAGEMENT INC/TN/,4,0,2026-08-14
0001089755,"SOUTHERNSUN ASSET MANAGEMENT, LLC",4,0,2026-08-14
0001496201,SPHERA FUNDS MANAGEMENT LTD.,4,0,2026-08-14
0001543170,SPRUCE HOUSE INVESTMENT MANAGEMENT LLC,4,0,2026-08-14
0001577806,SQUADRA INVESTMENTS - GESTAO DE RECURSOS LTDA.,4,0,2026-08-14
0001803194,SQUARE PEG CAPITAL PTY LTD,4,0,2026-08-14
0001496228,SRB CORP,4,0,2026-08-14
0001503174,"SRS Investment Management, LLC",4,0,2026-08-14
0002054680,"ST. NICHOLAS PRIVATE ASSET MANAGEMENT, INC",4,0,2026-08-14
0001105087,STADIUM CAPITAL MANAGEMENT LLC,4,0,2026-08-14
0002056334,STANCE CAPITAL LLC,4,0,2026-08-14
0001725910,"STANSBERRY ASSET MANAGEMENT, LLC",4,0,2026-08-14
0000854157,STATE OF WISCONSIN INVESTMENT BOARD,4,0,2026-08-14
0001214822,STEADFAST CAPITAL MANAGEMENT LP,4,0,2026-08-14
0001133521,STEELHEAD PARTNERS LLC,4,0,2026-08-14
0001952142,STEMPOINT CAPITAL LP,4,1,2026-08-14
0001266227,STONEHILL CAPITAL MANAGEMENT LLC,4,0,2026-08-14
0001444864,STRAIGHTLINE GROUP LLC,4,0,2026-08-14
0001166716,STRATEGY ASSET MANAGERS LLC,4,0,2026-08-14
0001638555,"SUMMIT PARTNERS PUBLIC ASSET MANAGEMENT, LLC",4,0,2026-08-14
0001931118,SUPERSTRING CAPITAL MANAGEMENT LP,4,0,2026-08-14
0001444949,"SUSQUEHANNA ADVISORS GROUP, INC.",4,0,2026-08-14
0001446179,"SUSQUEHANNA FUNDAMENTAL INVESTMENTS, LLC",4,0,2026-08-14
0001446194,"SUSQUEHANNA INTERNATIONAL GROUP, LLP",4,0,2026-08-14
0001569064,"SUVRETTA CAPITAL MANAGEMENT, LLC",4,0,2026-08-14
0001838428,SVF Sponsor III,4,0,2026-08-14
0002094004,"SVRN Asset Management, LLC",3,0,2026-08-14
0001824821,SW Investment Management LLC,4,0,2026-08-14
0001632833,"SYCAMORE PARTNERS MANAGEMENT, L.P.",4,1,2026-08-14
0002003074,SYLEBRA CAPITAL LLC,4,0,2026-08-14
0001389234,SYMMETRY PEAK MANAGEMENT LLC,4,0,2026-08-14
0001999353,SYON CAPITAL LLC,4,0,2026-08-14
0001085936,SYSTEMATIC FINANCIAL MANAGEMENT LP,4,0,2026-08-14
0001510281,"Saba Capital Management, L.P.",4,0,2026-08-14
0001582090,Sachem Head Capital Management LP,4,0,2026-08-14
0002036114,"Safe Harbor Fiduciary, LLC",3,0,2026-08-14
0001771179,Sagefield Capital LP,4,0,2026-08-14
0001608904,SailingStone Capital Partners LLC,4,0,2026-08-14
0002110507,"Samara Investment Management, LLC",2,0,2026-08-14
0001986590,"Samjo Management, LLC",4,1,2026-08-14
0001744967,"Samsara BioCapital, LLC",4,0,2026-08-14
0001928668,Samsung C&T Corp,4,0,2026-08-14
0002113492,"Sanchez Gaunt Capital Management, LLC",2,0,2026-08-14
0001665077,Sand Grove Capital Management LLP,4,0,2026-08-14
0001894188,"Saraza Management, LP",4,0,2026-08-14
0000873303,"Sarepta Therapeutics, Inc.",3,0,2026-08-14
0001577524,Sarissa Capital Management LP,4,0,2026-08-14
0001692751,Sassicaia Capital Advisers LLC,4,0,2026-08-14
0001964437,Saturn V Capital Management LP,4,0,2026-08-14
0002100727,Saudi Electronic Games Holding Co,3,0,2026-08-14
0001167376,"Scepter Holdings, Inc.",4,0,2026-08-14
0001665241,Schonfeld Strategic Advisors LLC,4,0,2026-08-14
0001857024,"Schusterman Interests, LLC",4,0,2026-08-14
0001934951,Schwallier Wealth Management LLC,4,0,2026-08-14
0002029433,"Science & Technology Partners, L.P.",4,0,2026-08-14
0002011556,Scientech Research LLC,4,0,2026-08-14
0001054587,Sculptor Capital LP,4,3,2026-08-14
0002011655,"Sea Cliff Partners Management, LP",4,0,2026-08-14
0002135303,"Seal Cove Capital, LLC",3,0,2026-08-14
0001697030,"Searchlight Capital Partners, L.P.",4,0,2026-08-14
0001592643,"Select Equity Group, L.P.",4,0,2026-08-14
0001565432,Selkirk Management LLC,4,0,2026-08-14
0001659380,"Sender Co & Partners, Inc.",4,0,2026-08-14
0002039659,"Seneschal Advisors, LLC",4,0,2026-08-14
0002114194,"Sentinel Dome Partners, LLC",3,0,2026-08-14
0002004474,Sentry LLC,4,0,2026-08-14
0001328785,"Senvest Management, LLC",4,0,2026-08-14
0002009724,Sequent Planning LLC,4,0,2026-08-14
0001595849,"Sessa Capital IM, L.P.",4,0,2026-08-14
0001632929,Seven Bridges Advisors LLC,1,0,2026-08-14
0001763454,"Severin Investments, LLC",7,0,2026-08-14
0001766806,Shaolin Capital Management LLC,4,0,2026-08-14
0001766908,ShawSpring Partners LLC,4,0,2026-08-14
0001723643,Shay Capital LLC,4,0,2026-08-14
0001591744,"Shellback Capital, LP",4,0,2026-08-14
0001856637,Siemens Fonds Invest GmbH,4,0,2026-08-14
0001694886,"Siena Capital Partners GP, LLC",4,0,2026-08-14
0001787274,Sierra Capital LLC,4,0,2026-08-14
0001418226,"Silver Lake Group, L.L.C.",4,0,2026-08-14
0001674784,Silver Rock Financial LP,4,0,2026-08-14
0001866164,"Silversmith Partners I GP, LLC",3,0,2026-08-14
0001633362,"Simcoe Capital Management, LLC",4,0,2026-08-14
0001482416,"Sio Capital Management, LLC",4,0,2026-08-14
0002045724,Situational Awareness LP,4,0,2026-08-14
0001812095,"Sixth Street Partners Management Company, L.P.",4,1,2026-08-14
0001860998,Skaana Management L.P.,4,0,2026-08-14
0002043964,Skerryvore Asset Management Ltd,4,0,2026-08-14
0001639668,"SkyBridge Capital II, LLC",4,0,2026-08-14
0001675884,Skye Global Management LP,4,0,2026-08-14
0001559706,Slate Path Capital LP,4,0,2026-08-14
0001726948,Soapstone Management L.P.,4,0,2026-08-14
0001781882,Socorro Asset Management LP,4,0,2026-08-14
0001631134,"Sofinnova Investments, Inc.",4,0,2026-08-14
0001803391,"SoftVest Advisors, LLC",4,0,2026-08-14
0001604867,"Solas Capital Management, LLC",4,0,2026-08-14
0001790604,Solel Partners LP,4,0,2026-08-14
0001407737,Solus Alternative Asset Management LP,4,0,2026-08-14
0002026215,"Sone Capital Management, LLC",4,0,2026-08-14
0001946733,Sonnipe Ltd,4,0,2026-08-14
0001965757,Sonoma Private Wealth LLC,4,0,2026-08-14
0002027142,Sophron Capital Management L.P.,4,0,2026-08-14
0001517857,Soroban Capital Partners LP,4,0,2026-08-14
0001822531,Sourcerock Group LLC,4,0,2026-08-14
0001390003,"Southeast Asset Advisors, LLC",4,0,2026-08-14
0001319998,Southpoint Capital Advisors LP,4,0,2026-08-14
0001908165,"Sovereign Investment Advisors, LLC",4,0,2026-08-14
0001911637,"Sovereign's Capital Management, LLC",4,0,2026-08-14
0001755622,"Soviero Asset Management, LP",4,0,2026-08-14
0002119894,Spear Advisors LLC,3,0,2026-08-14
0001554961,"Spectrum Strategic Capital Management, LLC",4,0,2026-08-14
0002030525,Sphera Management Technology Funds Ltd,4,0,2026-08-14
0002040285,"Spice Expeditions, LP",1,0,2026-08-14
0001731579,"Spruce Point Capital Management, LLC",3,0,2026-08-14
0001654344,Spyglass Capital Management LLC,4,1,2026-08-14
0002050709,Squadron Capital Management LLC,3,0,2026-08-14
0002077145,"Square Wave Capital, LLC",4,0,2026-08-14
0001642575,Squarepoint Ops LLC,4,0,2026-08-14
0001321220,"Stadion Money Management, LLC",4,0,2026-08-14
0001409888,Standard General L.P.,4,0,2026-08-14
0001539436,Standard Investments LLC,4,1,2026-08-14
0001518934,"Stanley Capital Management, LLC",4,0,2026-08-14
0001517137,Starboard Value LP,4,0,2026-08-14
0001388788,"Starwood Capital Group Management, L.L.C.",4,0,2026-08-14
0001587973,"State of Tennessee, Department of Treasury",4,0,2026-08-14
0001635663,"Steamboat Capital Partners, LLC",4,0,2026-08-14
0002140776,Steelhead Wealth Management LLC,2,0,2026-08-14
0002110878,"Steffes Financial, Ltd.",3,0,2026-08-14
0001840750,Stenham Asset Management Ltd,4,0,2026-08-14
0001388279,"Stieven Capital Advisors, L.P.",4,0,2026-08-14
0001965218,Stillwater LLC,4,0,2026-08-14
0001505183,Stockbridge Partners LLC,4,0,2026-08-14
0002043279,Stoic Point Capital Management LLC,3,0,2026-08-14
0001589943,"Stone House Capital Management, LLC",4,0,2026-08-14
0002008738,Stonebrook Private Inc.,4,0,2026-08-14
0001729755,"Strategic Family Wealth Counselors, L.L.C.",4,0,2026-08-14
0001802277,"Strategic Financial Planning, Inc.",4,0,2026-08-14
0001580212,"Strategic Global Advisors, LLC",4,0,2026-08-14
0001760540,Strategic Investment Advisors / MI,4,1,2026-08-14
0001976435,"Strategies Wealth Advisors, LLC",4,0,2026-08-14
0001904897,"Styrax Capital, LP",4,0,2026-08-14
0001595533,"Summit Street Capital Management, LLC",4,0,2026-08-14
0002052310,"SummitTX Capital, L.P.",4,0,2026-08-14
0002134540,Summitas Investment Management LLC,3,0,2026-08-14
0001818759,"Sunflower Bank, N.A.",4,1,2026-08-14
0002111996,"Sunstone Asset Management, L.P.",3,0,2026-08-14
0001960830,SurgoCap Partners LP,4,0,2026-08-14
0001879628,"Susquehanna Capital Management, LLC",4,0,2026-08-14
0001996449,"Susquehanna Portfolio Strategies, LLC",4,0,2026-08-14
0001811513,Symetra Investment Management Co,4,0,2026-08-14
0001691919,Symmetry Investments LP,4,0,2026-08-14
0002053786,"Synergy Investment Management, LLC",4,0,2026-08-14
0001897612,"T. Rowe Price Investment Management, Inc.",4,1,2026-08-14
0001594591,TAM Capital Management Inc.,4,1,2026-08-14
0001232621,TANG CAPITAL MANAGEMENT LLC,4,0,2026-08-14
0002077092,TB Capital Gestao de Recursos Ltda.,4,0,2026-08-14
0001839948,"TCG Crossover Management, LLC",4,0,2026-08-14
0001647251,TCI Fund Management Ltd,4,0,2026-08-14
0000796848,TEACHER RETIREMENT SYSTEM OF TEXAS,4,0,2026-08-14
0001346554,"TENOR CAPITAL MANAGEMENT Co., L.P.",4,0,2026-08-14
0001176347,TEXAS TREASURY SAFEKEEPING TRUST CO,4,2,2026-08-14
0002056069,"TFJ Management, LLC",4,0,2026-08-14
0001767809,"THOMIST CAPITAL MANAGEMENT, LP",4,0,2026-08-14
0000314984,THRIVENT FINANCIAL FOR LUTHERANS,4,0,2026-08-14
0001358253,"TIG Advisors, LLC",4,0,2026-08-14
0001167483,TIGER GLOBAL MANAGEMENT LLC,4,0,2026-08-14
0001768824,TLS Advisors LLC,4,0,2026-08-14
0001743937,TOMS Capital Investment Management LP,4,0,2026-08-14
0000947263,TORONTO DOMINION BANK,4,0,2026-08-14
0002011256,TORQUE ASSET MANAGEMENT LLC,4,0,2026-08-14
0001280965,"TORTOISE CAPITAL ADVISORS, L.L.C.",4,0,2026-08-14
0002019534,TOWN LANE MANAGEMENT LP,3,0,2026-08-14
0001761755,TOWNSQUARE CAPITAL LLC,4,0,2026-08-14
0001903793,"TPG GP A, LLC",4,0,2026-08-14
0001353312,TREMBLANT CAPITAL GROUP,4,0,2026-08-14
0000357301,TRUSTCO BANK CORP N Y,4,0,2026-08-14
0000923093,TUDOR INVESTMENT CORP ET AL,4,2,2026-08-14
0001769646,TWINBEECH CAPITAL LP,4,0,2026-08-14
0001478735,"TWO SIGMA ADVISERS, LP",4,0,2026-08-14
0001179392,"TWO SIGMA INVESTMENTS, LP",4,0,2026-08-14
0001450144,"TWO SIGMA SECURITIES, LLC",4,0,2026-08-14
0001219314,TYNDALL CAPITAL PARTNERS L P,4,0,2026-08-14
0001834780,"Tabor Asset Management, LP",4,0,2026-08-14
0001390113,Taconic Capital Advisors LP,4,19,2026-08-14
0002026352,Talaria Asset Management Pty Ltd,4,0,2026-08-14
0001962685,Talisman Wealth Advisors LLC,4,0,2026-08-14
0002049157,"Tandem Financial, LLC",4,0,2026-08-14
0001802967,Tao Capital Management LP,4,0,2026-08-14
0001574886,"Teewinot Capital Advisers, L.L.C.",4,0,2026-08-14
0001531879,Teilinger Capital Ltd.,4,0,2026-08-14
0001849517,Tenere Capital LLC,4,1,2026-08-14
0001598843,Tensile Capital Management LP,4,0,2026-08-14
0001624095,"Tenzing Global Management, LLC",4,0,2026-08-14
0002055352,"Teucrium Investment Advisors, LLC",3,0,2026-08-14
0001655789,Teza Capital Management LLC,4,0,2026-08-14
0001562087,Thiel Macro LLC,4,0,2026-08-14
0001635999,Think Investments LP,4,0,2026-08-14
0001040273,Third Point LLC,4,0,2026-08-14
0002150492,Thompson David Blair,4,0,2026-08-14
0001688511,ThornTree Capital Partners LP,4,0,2026-08-14
0001765681,"Thrive Capital Management, LLC",4,1,2026-08-14
0001664492,Tiger Pacific Capital LP,4,0,2026-08-14
0001455452,"Tiptree Advisors, LLC",4,0,2026-08-14
0001792549,"Topline Capital Management, LLC",4,0,2026-08-14
0001759364,"Totem Point Management, LLC",4,0,2026-08-14
0001932342,"Tradewinds, LLC.",4,0,2026-08-14
0002077247,"Trails Edge Capital Partners, LP",3,0,2026-08-14
0001761054,Treasurer of the State of North Carolina,4,0,2026-08-14
0001633445,Trexquant Investment LP,4,0,2026-08-14
0001826434,Tri Locum Partners LP,4,0,2026-08-14
0002079812,"Tripletail Wealth Management, LLC",4,0,2026-08-14
0002062730,Triveni Capital Investments LP,3,0,2026-08-14
0001910321,Troluce Capital Advisors LLC,4,0,2026-08-14
0002011315,True Blue,4,0,2026-08-14
0001420995,Trustees of Columbia University in the City of New York,4,0,2026-08-14
0001807902,Trybe Capital Management LP,4,0,2026-08-14
0002077058,Turas Capital Management LP,3,0,2026-08-14
0002149918,"Turner Financial Group, Inc.",1,0,2026-08-14
0001484148,Turtle Creek Asset Management Inc.,4,1,2026-08-14
0002055318,Twin Lions Management LLC,4,0,2026-08-14
0001351351,"Twin Securities, Inc.",4,0,2026-08-14
0001606430,"Two Creeks Capital Management, LP",4,0,2026-08-14
0001911286,"UNC Management Company, Inc.",4,0,2026-08-14
0001730565,UNIO CAPITAL LLC,4,0,2026-08-14
0000314957,UNIVERSITY OF CHICAGO,4,0,2026-08-14
0001808696,UNTITLED INVESTMENTS LP,4,0,2026-08-14
0001510912,Ulysses Management LLC,4,0,2026-08-14
0001989400,UniSuper Management Pty Ltd,4,0,2026-08-14
0001541197,Unicom Capital LLC,4,0,2026-08-14
0001862428,"Union Heritage Capital, LLC",4,0,2026-08-14
0001666231,"Union Square Park Capital Management, LLC",4,1,2026-08-14
0001520710,"Uniplan Investment Counsel, Inc.",4,2,2026-08-14
0002012090,Unisphere Establishment,4,0,2026-08-14
0000100517,"United Airlines Holdings, Inc.",3,0,2026-08-14
0001349353,United American Securities Inc.,4,0,2026-08-14
0001697228,University of Wisconsin Foundation,4,0,2026-08-14
0001693838,"Ursa Fund Management, LLC",4,0,2026-08-14
0001548392,Utah Retirement Systems,4,0,2026-08-14
0001142062,"VAN DEN BERG MANAGEMENT I, INC",4,0,2026-08-14
0000869178,VAN ECK ASSOCIATES CORP,4,0,2026-08-14
0001367401,VAN LANSCHOT KEMPEN INVESTMENT MANAGEMENT N.V.,4,0,2026-08-14
0001910854,"VANCE WEALTH, LLC",4,1,2026-08-14
0002078837,VARCOV Co.,3,0,2026-08-14
0001103804,VIKING GLOBAL INVESTORS LP,4,0,2026-08-14
0001569532,"VISTA EQUITY PARTNERS MANAGEMENT, LLC",4,0,2026-08-14
0001501927,"VK Services, LLC",4,0,2026-08-14
0001556921,"VOLORIDGE INVESTMENT MANAGEMENT, LLC",4,0,2026-08-14
0001802614,"VORPAL, LLC",4,0,2026-08-14
0001894203,VPR Management LLC,4,0,2026-08-14
0001615982,"VR Adviser, LLC",4,0,2026-08-14
0001348145,VR Advisory Services Ltd,4,1,2026-08-14
0001452689,"Valiant Capital Management, L.P.",4,0,2026-08-14
0002010327,"Valley Financial Group, Inc.",4,0,2026-08-14
0001697868,"Valley Forge Capital Management, LP",4,0,2026-08-14
0002108599,Valor Advisors LLC,3,0,2026-08-14
0001846237,Valor Management LLC,4,0,2026-08-14
0002072223,"Valtrion Capital Management, LLC",4,1,2026-08-14
0001418814,"ValueAct Holdings, L.P.",4,0,2026-08-14
0002048892,Vantage Point Financial LLC,4,0,2026-08-14
0001559130,"Varde Management, L.P.",4,0,2026-08-14
0001716476,Vazirani Asset Management LLC,4,0,2026-08-14
0001848809,Velan Capital Investment Management LP,4,0,2026-08-14
0001941369,Veltria Advisors Corp.,4,0,2026-08-14
0002013462,"Vennlight Capital Management, LP",4,0,2026-08-14
0000740260,"Ventas, Inc.",4,0,2026-08-14
0001772351,Veradace Capital Management LLC,3,0,2026-08-14
0002082932,Verbena Value LP,3,0,2026-08-14
0001812822,"Verdad Advisers, LP",3,0,2026-08-14
0001454027,Verition Fund Management LLC,4,1,2026-08-14
0001820363,"Vernal Point Advisors, LLC",4,0,2026-08-14
0001942341,"Vertex Planning Partners, LLC",4,0,2026-08-14
0001810554,Vesa Equity Investment S.a r.l.,4,0,2026-08-14
0001974915,"Vestal Point Capital, LP",4,0,2026-08-14
0001736982,"Vestmark Advisory Solutions, Inc.",4,0,2026-08-14
0002081474,"Vestwell Advisors, LLC",5,0,2026-08-14
0001995984,"Viaable, LLC",1,0,2026-08-14
0001898296,"Vickerman Investment Advisors, Inc.",4,0,2026-08-14
0001913545,Vienna Asset Management LLC,4,0,2026-08-14
0002110678,"Vines Capital Management, LLC",3,1,2026-08-14
0001944332,Vinland Capital Management Gestora de Recursos LTDA.,6,0,2026-08-14
0001968109,Vinva Investment Management Ltd,4,0,2026-08-14
0001979969,"Vision One Management Partners, LP",4,0,2026-08-14
0001994625,Visualize Group LP,4,0,2026-08-14
0001546531,Vitol Holding B.V.,4,0,2026-08-14
0001682021,Vivaldi Capital Management LP,4,0,2026-08-14
0001674712,"Vivo Capital, LLC",4,1,2026-08-14
0001479847,Voleon Capital Management LP,4,0,2026-08-14
0001833567,Volterra Technologies LP,4,0,2026-08-14
0001730145,"Voss Capital, LP",4,1,2026-08-14
0001849753,Voyager Global Management LP,4,0,2026-08-14
0001162870,WARBURG PINCUS LLC,4,0,2026-08-14
0001222765,WATER ISLAND CAPITAL LLC,4,0,2026-08-14
0001855713,WCG Wealth Advisors LLC,4,0,2026-08-14
0000859804,WEDGEWOOD PARTNERS INC,4,0,2026-08-14
0000902219,WELLINGTON MANAGEMENT GROUP LLP,4,0,2026-08-14
0000072971,WELLS FARGO & COMPANY/MN,4,1,2026-08-14
0001546172,"WESTERLY CAPITAL MANAGEMENT, LLC",4,0,2026-08-14
0001165002,WESTWOOD HOLDINGS GROUP INC,4,1,2026-08-14
0001048462,WEXFORD CAPITAL LP,4,0,2026-08-14
0001821407,"WFA of San Diego, LLC",4,0,2026-08-14
0001257391,WHITEBOX ADVISORS LLC,4,0,2026-08-14
0002149024,WILLIAM JOHN SEMPOLINSKI,1,0,2026-08-14
0001667019,"WIMMER ASSOCIATES 1, LLC",4,0,2026-08-14
0001599383,WINDACRE PARTNERSHIP LLC,4,0,2026-08-14
0001840025,"WIT, LLC",4,0,2026-08-14
0001745981,WORLDQUANT MILLENNIUM ADVISORS LLC,4,0,2026-08-14
0000877338,WS MANAGEMENT LLLP,4,0,2026-08-14
0001251567,WYNNEFIELD CAPITAL INC,4,0,2026-08-14
0001459754,Wallace Capital Management Inc.,4,0,2026-08-14
0001951918,Wallace Foundation,3,0,2026-08-14
0002110046,"Walsky Investment Management, Inc.",3,0,2026-08-14
0001954551,"Warther Private Wealth, LLC",4,0,2026-08-14
0001751492,"Wasserstein Debt Opportunities Management, L.P.",4,0,2026-08-14
0001960657,"Waterford Advisors, LLC",4,0,2026-08-14
0001315926,"Watershed Asset Management, L.L.C.",3,0,2026-08-14
0001568787,"Waverly Advisors, LLC",4,0,2026-08-14
0001715228,"Wealth Advisors of Tampa Bay, LLC",4,0,2026-08-14
0001968434,"Wealth Preservation Advisors, LLC",4,0,2026-08-14
0002040515,"Wealth Watch Advisors, INC",4,0,2026-08-14
0001294588,"Weaver C. Barksdale & Associates, Inc.",4,0,2026-08-14
0001825309,Webs Creek Capital Management LP,4,0,2026-08-14
0002070852,"Wedbush Fund Advisers, LLC",3,0,2026-08-14
0001357550,Weiss Asset Management LP,4,6,2026-08-14
0002134013,Wellington Grp LLC,3,1,2026-08-14
0001512805,"Westchester Capital Management, LLC",4,0,2026-08-14
0001767902,"Western Wealth Management, LLC",4,1,2026-08-14
0001387322,Whale Rock Capital Management LLC,4,0,2026-08-14
0001607278,"Whetstone Capital Advisors, LLC",4,0,2026-08-14
0001904677,"White Knight Strategic Wealth Advisors, LLC",4,0,2026-08-14
0002042091,Whitebark Investors LP,4,0,2026-08-14
0001884931,"Whitefort Capital Management, LP",4,1,2026-08-14
0001957726,Whitford Management LLC,4,0,2026-08-14
0001904388,"Wick Capital Partners, LLC",4,1,2026-08-14
0001906640,"Widmann Financial Services, Inc.",4,0,2026-08-14
0002059579,Wills Financial Group LLC,4,0,2026-08-14
0001657703,Wind River Trust Co,4,0,2026-08-14
0001739953,"Windsor Advisory Group, LLC",4,0,2026-08-14
0001835700,"Wolfswood Holdings, LLC",4,0,2026-08-14
0002107079,Womack Financial LLC,7,2,2026-08-14
0001784547,Woodline Partners LP,4,1,2026-08-14
0001697848,"Woodson Capital Management, LP",4,0,2026-08-14
0002136600,"Woodward Financial Advisors, Inc.",1,0,2026-08-14
0001652594,World Investment Advisors,4,1,2026-08-14
0001756558,XN LP,4,0,2026-08-14
0001828301,XTX Topco Ltd,4,0,2026-08-14
0002047463,"XXI WEALTH, LLC",3,0,2026-08-14
0001755028,Yaupon Capital Management LP,4,0,2026-08-14
0001447228,"Yiheng Capital Management, L.P.",4,0,2026-08-14
0001503466,"Yorktown Energy Partners IX, L.P.",4,0,2026-08-14
0001577919,"Yorktown Energy Partners X, L.P.",4,0,2026-08-14
0001667954,"Yorktown Energy Partners XI, L.P.",4,0,2026-08-14
0001668029,Yu Fan,4,0,2026-08-14
0002013334,Zeno Equity Partners LLP,4,1,2026-08-14
0001565854,"Zimmer Partners, LP",4,0,2026-08-14
0001423296,"Zuckerman Investment Group, LLC",4,0,2026-08-14
0001127799,Zurich Insurance Group Ltd/FI,4,0,2026-08-14
0001540358,"a16z Capital Management, L.L.C.",4,0,2026-08-14
0001776382,venBio Partners LLC,4,0,2026-08-14
0001602119,"1060 Capital, LLC",4,0,2026-08-13
0002072160,"11.2 Capital Management, LLC",3,0,2026-08-13
0002011147,"1248 Management, LLC",4,0,2026-08-13
0001633703,"12th Street Asset Management Company, LLC",4,0,2026-08-13
0000944388,1832 Asset Management L.P.,4,0,2026-08-13
0001720350,"7G CAPITAL MANAGEMENT, LLC",4,1,2026-08-13
0001358706,"ABRAMS CAPITAL MANAGEMENT, L.P.",4,0,2026-08-13
0001729347,ABS Direct Equity Fund LLC,4,0,2026-08-13
0000916542,ACADIAN ASSET MANAGEMENT LLC,4,0,2026-08-13
0001510940,ACK Asset Management LLC,4,0,2026-08-13
0000902584,ADVISORY RESEARCH INC,4,0,2026-08-13
0001522877,AIA Group Ltd,4,1,2026-08-13
0002103725,AIHC Capital Management Ltd,3,0,2026-08-13
0001275218,ALGERT GLOBAL LLC,4,14,2026-08-13
0002067277,"ALLIUM FINANCIAL ADVISORS, LLC",4,1,2026-08-13
0000899051,ALLSTATE CORP,4,0,2026-08-13
0000005272,"AMERICAN INTERNATIONAL GROUP, INC.",4,0,2026-08-13
0001132651,AMES NATIONAL CORP,4,0,2026-08-13
0001164508,"ARROWSTREET CAPITAL, LIMITED PARTNERSHIP",4,0,2026-08-13
0001434165,ATLAS CAPITAL ADVISORS INC.,3,1,2026-08-13
0001033475,AVENIR CORP,4,0,2026-08-13
0001140022,AVIVA PLC,4,0,2026-08-13
0001802654,Aberdeen Wealth Management LLC,4,0,2026-08-13
0001814011,Abu Dhabi Investment Council Co P.J.S.C,2,0,2026-08-13
0001536029,"Advance Capital Management, Inc.",4,0,2026-08-13
0001773195,"Affinity Asset Advisors, LLC",4,0,2026-08-13
0001766721,Aisling Capital Management LP,4,0,2026-08-13
0001727645,Alamea Verwaltungs GmbH,4,0,2026-08-13
0001842509,"Alcosta Capital Management, Inc.",4,0,2026-08-13
0001353110,Aldebaran Financial Inc.,4,0,2026-08-13
0001908612,Allie Family Office LLC,4,0,2026-08-13
0001890906,"Allspring Global Investments Holdings, LLC",4,0,2026-08-13
0000040729,Ally Financial Inc.,4,0,2026-08-13
0001706013,Ally Invest Advisors Inc.,4,0,2026-08-13
0002095967,"Alpha Advisors, LLC/VA",7,0,2026-08-13
0001972138,"Alpha Financial Advisors, LLC",4,0,2026-08-13
0001558858,"Alpha Wave Global, LP",4,0,2026-08-13
0001478982,"Altai Capital Management, L.P.",4,0,2026-08-13
0001740837,"AltraVue Capital, LLC",4,0,2026-08-13
0001940646,Altrius Capital Management Inc,4,0,2026-08-13
0001827442,Alua Capital Management LP,4,0,2026-08-13
0001600085,"American Money Management, LLC",4,0,2026-08-13
0001055980,"Ameritas Investment Partners, Inc.",4,0,2026-08-13
0001480751,"Amova Asset Management Americas, Inc.",4,0,2026-08-13
0002053917,"Ankerstar Wealth, LLC",3,0,2026-08-13
0001811739,"Annandale Capital, LLC",4,0,2026-08-13
0001491072,Anson Funds Management LP,4,1,2026-08-13
0002126503,Anther Capital Ltd,2,0,2026-08-13
0001849776,"Applied Fundamental Research, LLC",4,0,2026-08-13
0001483472,ArchPoint Investors,4,0,2026-08-13
0001600151,"Arete Wealth Advisors, LLC",4,3,2026-08-13
0001809154,"Argos Wealth Advisors, LLC",3,0,2026-08-13
0002034793,"Ariadne Wealth Management, LP",4,0,2026-08-13
0001595521,Aristides Capital LLC,4,1,2026-08-13
0002110109,Ark Wealth Advisors LLC,3,0,2026-08-13
0001483859,ArrowMark Colorado Holdings LLC,4,0,2026-08-13
0002032331,Arrowpoint Investment Partners,4,0,2026-08-13
0002099257,Arta Finance Wealth Management LLC,3,0,2026-08-13
0001053906,Artal Group S.A.,4,0,2026-08-13
0001466153,Artisan Partners Limited Partnership,4,0,2026-08-13
0001625959,Arvest Bank Trust Division,4,0,2026-08-13
0001961738,Arvin Capital Management LP,4,0,2026-08-13
0002111529,"Aspect Management, LLC",3,0,2026-08-13
0002110759,Asset One Wealth Management LLC,3,0,2026-08-13
0001681662,Athos Capital Ltd,4,0,2026-08-13
0001599731,Atika Capital Management LLC,4,0,2026-08-13
0001879898,Atlas FRM LLC,4,0,2026-08-13
0001917529,"Atlas Venture Life Science Advisors, LLC",4,0,2026-08-13
0001314273,Avalon Global Asset Management LLC,4,0,2026-08-13
0002033534,Aviso Financial Inc.,4,0,2026-08-13
0001975990,"AyurMaya Capital Management Company, LP",4,0,2026-08-13
0000872259,BAHL & GAYNOR INC,4,0,2026-08-13
0001029311,BANC FUNDS CO LLC,4,0,2026-08-13
0001616416,BARDIN HILL MANAGEMENT PARTNERS LP,4,0,2026-08-13
0001040210,BARR E S & CO,4,0,2026-08-13
0001061768,BAUPOST GROUP LLC/MA,4,0,2026-08-13
0001961635,BEACON INVESTMENT ADVISORS LLC,4,0,2026-08-13
0000872162,BLACKHILL CAPITAL INC,4,0,2026-08-13
0001670104,BLS CAPITAL FONDSMAEGLERSELSKAB A/S,4,0,2026-08-13
0000872786,BNP PARIBAS,4,0,2026-08-13
0001166588,BNP PARIBAS FINANCIAL MARKETS,4,0,2026-08-13
0001520354,BNP Paribas Asset Management Holding S.A.,4,0,2026-08-13
0001077583,BOWEN HANES & CO INC,4,0,2026-08-13
0001279030,BRANT POINT INVESTMENT MANAGEMENT LLC,4,0,2026-08-13
0001965546,BRIGHT VALLEY CAPITAL Ltd,4,0,2026-08-13
0000276101,BRISTOL JOHN W & CO INC /NY/,4,0,2026-08-13
0001228242,BRITISH COLUMBIA INVESTMENT MANAGEMENT Corp,4,0,2026-08-13
0001889918,"BROGAN FINANCIAL, INC.",4,0,2026-08-13
0001998389,"Ballast Asset Management, LP",4,0,2026-08-13
0002109821,Ballast Financial Advisors LLC,3,0,2026-08-13
0001555486,"Baltimore-Washington Financial Advisors, Inc.",4,0,2026-08-13
0001801145,Bank of Marin,4,0,2026-08-13
0001599670,Barbara Oil Co.,4,0,2026-08-13
0002053281,Baring Fintech Fund III Managers Ltd,4,0,2026-08-13
0002053290,Baring Fintech Manager Holding Ltd,4,0,2026-08-13
0001575301,"Beacon Capital Management, Inc.",5,1,2026-08-13
0001790548,"Beck Bode, LLC",4,0,2026-08-13
0001605070,"Bienville Capital Management, LLC",4,0,2026-08-13
0001455176,"Biondo Investment Advisors, LLC",4,0,2026-08-13
0001704212,"Black Swift Group, LLC",4,0,2026-08-13
0001781002,Bleichroeder LP,4,0,2026-08-13
0001801547,Blue Whale Capital LLP,4,0,2026-08-13
0002080094,Boreal Capital Management LLC,4,0,2026-08-13
0001800641,Bornite Capital Management LP,4,0,2026-08-13
0002106649,Brehaut David Pascal,3,0,2026-08-13
0001712686,"Broadleaf Partners, LLC",4,0,2026-08-13
0001697024,"Broadview Financial Management, LLC",4,0,2026-08-13
0001879492,"Brueske Advisory Services, LLC",3,0,2026-08-13
0001785504,"Builders Vision, LLC",4,0,2026-08-13
0002079815,Burk Holdings LLC,4,0,2026-08-13
0001427202,Busey Bank,4,0,2026-08-13
0002105684,"CAMBIENT FAMILY OFFICE, LLC",3,0,2026-08-13
0001046192,CANADA LIFE ASSURANCE Co,4,0,2026-08-13
0001323645,CAPITAL FUND MANAGEMENT S.A.,4,0,2026-08-13
0002094379,CAPITOLIS LIQUID GLOBAL MARKETS LLC,4,0,2026-08-13
0001512024,CAPTRUST FINANCIAL ADVISORS,4,0,2026-08-13
0001165797,CAUSEWAY CAPITAL MANAGEMENT LLC,4,0,2026-08-13
0001159363,CAZ INVESTMENTS LP,4,0,2026-08-13
0001795934,"CBIZ Investment Advisory Services, LLC",4,0,2026-08-13
0001719387,CDAM,4,0,2026-08-13
0002149835,"CENTRICA WEALTH MANAGEMENT, LLC",1,0,2026-08-13
0001666624,"CHARTER RESEARCH & INVESTMENT GROUP, INC.",4,0,2026-08-13
0000093410,CHEVRON CORP,3,0,2026-08-13
0001163648,CI INVESTMENTS INC.,4,0,2026-08-13
0001711924,CIBC Bancorp USA Inc.,3,1,2026-08-13
0001421224,CIBC WORLD MARKET INC.,4,0,2026-08-13
0001364725,"CIM, LLC",4,0,2026-08-13
0001819581,"CLOVERFIELDS CAPITAL GROUP, LP",4,0,2026-08-13
0001841857,"CM Management, LLC",4,0,2026-08-13
0001770940,CMC Financial Group,4,0,2026-08-13
0001632813,CMT Capital Markets Trading GmbH,4,1,2026-08-13
0000008565,COMMONWEALTH BANK OF AUSTRALIA,3,0,2026-08-13
0000749763,COMPASS CAPITAL CORP /MA/ /ADV,4,0,2026-08-13
0002052436,CONQUIS FINANCIAL LLC,4,0,2026-08-13
0001260786,CONSOLIDATED PRESS INTERNATIONAL HOLDINGS LTD,4,0,2026-08-13
0001845849,"CONSULTIVA WEALTH MANAGEMENT, CORP.",4,0,2026-08-13
0000024046,CONTINENTAL GENERAL INSURANCE CO,4,0,2026-08-13
0000883634,"CONTINENTAL INVESTORS SERVICES, INC.",4,0,2026-08-13
0000820743,CRAMER ROSENTHAL MCGLYNN LLC,4,0,2026-08-13
0001569550,"CTC Alternative Strategies, Ltd.",4,0,2026-08-13
0001445893,CTC LLC,4,0,2026-08-13
0002058475,CYPRESS POINT INVESTMENT MANAGEMENT LP,3,0,2026-08-13
0001537014,Candriam S.C.A.,4,1,2026-08-13
0002131047,Capital Advisor Network LLC,2,1,2026-08-13
0001719165,Capital Markets Trading UK LLP,4,1,2026-08-13
0001798736,"Capital Square, LLC",4,0,2026-08-13
0002112205,"Capstone Wealth Management, Inc.",3,0,2026-08-13
0001569758,Carmignac Gestion,4,0,2026-08-13
0002115533,"Carter Financial, LLC",3,0,2026-08-13
0002109835,Castlefield Investment Partners LLP,3,1,2026-08-13
0001692507,"Centiva Capital, LP",4,0,2026-08-13
0002005547,"Cetera Trust Company, N.A",4,0,2026-08-13
0001634255,Charles-Lim Capital Ltd,4,0,2026-08-13
0002022905,Charter Oak Advisors LP,4,0,2026-08-13
0001730383,Chesapeake Wealth Management,4,0,2026-08-13
0001926037,Chico Wealth RIA,4,0,2026-08-13
0001911520,"Cladis Investment Advisory, LLC",4,0,2026-08-13
0001376192,Clal Insurance Enterprises Holdings Ltd,4,0,2026-08-13
0002081211,"Clarion Wealth Managment Partners, LLC",4,0,2026-08-13
0001348883,"Clearbridge Investments, LLC",4,0,2026-08-13
0002060492,"Cloud Capital Management, LLC",4,0,2026-08-13
0002057074,"Columbia River Financial Group, LLC",4,0,2026-08-13
0001384982,"Columbus Hill Capital Management, L.P.",4,0,2026-08-13
0001632187,"Community Bank, N.A.",4,0,2026-08-13
0002085569,"Congruence Capital, LLC",3,0,2026-08-13
0001773994,"Conifer Management, L.L.C.",4,0,2026-08-13
0001543568,"Connective Capital Management, LLC",4,0,2026-08-13
0001596800,"Connor, Clark & Lunn Investment Management Ltd.",4,0,2026-08-13
0002100569,Copperwood Asset Management LP,3,0,2026-08-13
0001537323,"Corre Partners Management, LLC",4,0,2026-08-13
0002113747,"Cosmic Management, LLC",3,0,2026-08-13
0001876826,Covalis,4,0,2026-08-13
0001698819,Covalis Capital LLP,4,1,2026-08-13
0001569036,Covington Investment Advisors Inc.,4,0,2026-08-13
0001536557,"Crabel Capital Management, LLC",4,0,2026-08-13
0001540235,Creative Planning,4,0,2026-08-13
0001739728,"CreativeOne Wealth, LLC",4,0,2026-08-13
0002111824,Creek Drive Management Group LLC,3,2,2026-08-13
0001505639,"Crestview Partners II GP, L.P.",4,0,2026-08-13
0001703027,"Crestview Partners III GP, L.P.",4,0,2026-08-13
0001818687,"Crestview Partners IV GP, L.P.",4,0,2026-08-13
0001770024,"Crossingbridge Advisors, LLC",4,0,2026-08-13
0001362535,"Cullen Capital Management, LLC",5,0,2026-08-13
0002060114,Curry Webb Wealth Management LLC,3,0,2026-08-13
0001731717,"D.B. Root & Company, LLC",4,0,2026-08-13
0001839498,"DCM Advisors, LLC",4,0,2026-08-13
0001134288,DE BURLO GROUP INC,4,0,2026-08-13
0000859139,"DELPHI FINANCIAL GROUP, INC.",4,0,2026-08-13
0001090012,DEVON ENERGY CORP/DE,2,0,2026-08-13
0002080627,DKRT Investments Corp.,4,0,2026-08-13
0001578299,"DLD Asset Management, LP",4,1,2026-08-13
0001752759,DNCA FINANCE,4,0,2026-08-13
0000200217,DODGE & COX,4,0,2026-08-13
0000765443,DUFF & PHELPS INVESTMENT MANAGEMENT CO,4,2,2026-08-13
0001549575,"Dalal Street, LLC",4,0,2026-08-13
0001427514,"Dana Investment Advisors, Inc.",4,0,2026-08-13
0001745885,Dash Acquisitions Inc.,4,0,2026-08-13
0002044285,"Dauntless Investment Group, LLC",4,0,2026-08-13
0002003147,"Davern Capital Partners, LP",3,0,2026-08-13
0001992724,Delta Global Management LP,4,1,2026-08-13
0001757043,"Delta Investment Management, LLC",4,0,2026-08-13
0001592614,Dempze Nancy E,4,0,2026-08-13
0001993485,Dixon Mitchell Investment Counsel Inc.,4,0,2026-08-13
0001308527,"Douglass Winthrop Advisors, LLC",4,0,2026-08-13
0002118380,"Downshift Financial, LLC",3,0,2026-08-13
0001508512,Drexel Morgan & Co.,4,0,2026-08-13
0001535387,Dynamic Technology Lab Private Ltd,4,0,2026-08-13
0001727599,"Dynasty Wealth Management, LLC",4,0,2026-08-13
0002127793,E20 Capital Ltd,3,0,2026-08-13
0001102578,EARNEST PARTNERS LLC,4,0,2026-08-13
0002034064,ECOFI INVESTISSEMENTS SA,4,0,2026-08-13
0001013538,EDGAR LOMAX CO/VA,4,0,2026-08-13
0000860561,EDGEWOOD MANAGEMENT LLC,4,0,2026-08-13
0002011328,"EIGHT 31 FINANCIAL, LLC",4,0,2026-08-13
0001353254,EJF Capital LLC,4,0,2026-08-13
0001982776,ELEVATUS WELATH MANAGEMENT,4,0,2026-08-13
0000928400,ELKHORN PARTNERS LIMITED PARTNERSHIP,4,0,2026-08-13
0002050159,ELWOOD CAPITAL PARTNERS LP,4,0,2026-08-13
0001834239,EQT Fund Management S.a r.l.,4,0,2026-08-13
0001785545,"ESL Trust Services, LLC",4,0,2026-08-13
0001843019,EVR Research LP,4,0,2026-08-13
0001666682,"Edenbrook Capital, LLC",4,0,2026-08-13
0001661535,Elefante Mark B,4,0,2026-08-13
0001810873,"Elequin Capital, LP",4,0,2026-08-13
0002124354,Elevation Advisory Partners LLC,2,0,2026-08-13
0002059349,"Elite Financial, Inc.",4,0,2026-08-13
0001622757,"Elite Wealth Management, Inc.",4,0,2026-08-13
0001600583,"Elizabeth Park Capital Advisors, Ltd.",4,0,2026-08-13
0001739877,Elo Mutual Pension Insurance Co,4,0,2026-08-13
0001752758,"Elwood & Goetz Wealth Advisory Group, LLC",4,0,2026-08-13
0002055657,"Endure Capital Management, LLC",2,0,2026-08-13
0001976151,"Entropy Technologies, LP",4,0,2026-08-13
0001719303,"Entruity Wealth, LLC",4,0,2026-08-13
0001992519,"EntryPoint Capital, LLC",4,1,2026-08-13
0001305841,"Epoch Investment Partners, Inc.",4,0,2026-08-13
0001344717,Estabrook Capital Management,4,0,2026-08-13
0002118977,"Estate Planners Group, LLC",3,0,2026-08-13
0001844345,"Evolutionary Tree Capital Management, LLC",4,0,2026-08-13
0001116247,"FAIRFIELD, BUSH & CO.",4,0,2026-08-13
0001827734,FERNBRIDGE CAPITAL MANAGEMENT LP,4,0,2026-08-13
0001962755,"FIDELIS CAPITAL PARTNERS, LLC",4,0,2026-08-13
0000764532,FIDUCIARY MANAGEMENT INC /WI/,4,0,2026-08-13
0000035442,FIDUCIARY TRUST CO,4,0,2026-08-13
0001872766,FIFTHDELTA Ltd,4,0,2026-08-13
0000318989,FIL Ltd,4,0,2026-08-13
0000315066,FMR LLC,4,0,2026-08-13
0001269094,FOLKETRYGDFONDET,4,0,2026-08-13
0001742435,"FORA Capital, LLC",4,0,2026-08-13
0002021217,"FPC INVESTMENT ADVISORY, INC.",4,0,2026-08-13
0000038777,FRANKLIN RESOURCES INC,4,0,2026-08-13
0001717825,Fairfield University,4,0,2026-08-13
0002010051,Fidelis Wealth Advisors LLC,3,1,2026-08-13
0002133911,"FinArc Investments, Inc.",2,0,2026-08-13
0001608126,Finepoint Capital LP,4,0,2026-08-13
0001490429,"First Long Island Investors, LLC",4,0,2026-08-13
0001604488,First Trust Capital Management L.P.,4,0,2026-08-13
0001390043,First Washington CORP,4,1,2026-08-13
0002041807,Five Pine Wealth Management,4,0,2026-08-13
0002040262,"Fivespan Partners, LP",3,0,2026-08-13
0002052798,"Flavin Financial Services, Inc.",4,4,2026-08-13
0002011427,"Fogel Capital Management, Inc.",4,0,2026-08-13
0001696802,"Forefront Analytics, LLC",4,0,2026-08-13
0001697478,"Fortis Advisors, LLC",4,0,2026-08-13
0001802167,Fortis Capital Management LLC,4,0,2026-08-13
0001789908,Fosse Capital Partners LLP,4,0,2026-08-13
0002111359,"Frec Markets, Inc.",3,0,2026-08-13
0001796107,Freemont Capital Pte Ltd,4,0,2026-08-13
0001729254,Front Row Advisors LLC,4,0,2026-08-13
0000860643,GARDNER RUSSO & QUINN LLC,4,0,2026-08-13
0001940869,GDS Wealth Management,4,0,2026-08-13
0001427263,"GFS Advisors, LLC",4,2,2026-08-13
0001995773,GSG Advisors LLC,4,0,2026-08-13
0001131399,GSK plc,3,0,2026-08-13
0001576350,GTCR LLC,4,0,2026-08-13
0002015727,"Gallo Partners, LP",4,0,2026-08-13
0001731132,"Game Creek Capital, LP",4,0,2026-08-13
0001570284,"Gator Capital Management, LLC",4,0,2026-08-13
0001963404,Gavilan Investment Partners LLC,4,0,2026-08-13
0002054384,Generation Capital Management LLC,4,0,2026-08-13
0001427372,"Gibson Capital, LLC",4,0,2026-08-13
0001584691,Global Alpha Capital Management Ltd.,4,0,2026-08-13
0001741619,Global IMC LLC,4,0,2026-08-13
0001869164,Gordian Capital Singapore Pte Ltd,4,0,2026-08-13
0002053877,Graetz Wealth LLC,3,0,2026-08-13
0001842881,Granger Management LLC,4,0,2026-08-13
0001352662,"Grantham, Mayo, Van Otterloo & Co. LLC",4,0,2026-08-13
0001966094,Gross & Hartman Investments LLC,3,0,2026-08-13
0001598697,Gulf International Bank,4,0,2026-08-13
0002068251,"Gullane Capital, LLC",7,0,2026-08-13
0002110996,H Squared Management LP,3,0,2026-08-13
0001071061,"HANTZ FINANCIAL SERVICES, INC.",4,0,2026-08-13
0001100710,HARBOR ADVISORY CORP /MA/,4,0,2026-08-13
0001822015,HCEP Management Ltd,4,0,2026-08-13
0001535845,HEALTHCARE OF ONTARIO PENSION PLAN TRUST FUND,4,0,2026-08-13
0002027836,"HFG Wealth Management, LLC",4,1,2026-08-13
0001817652,HIMENSION CAPITAL,4,0,2026-08-13
0001161722,HOLLENCREST CAPITAL MANAGEMENT,4,0,2026-08-13
0000944804,HOMESTEAD ADVISERS CORP,4,0,2026-08-13
0001470766,HSG Holding Ltd,4,0,2026-08-13
0000049196,HUNTINGTON BANCSHARES INC /MD/,2,0,2026-08-13
0000049205,HUNTINGTON NATIONAL BANK,4,0,2026-08-13
0002126147,"Hamrick Investment Counsel, llc",3,0,2026-08-13
0001923739,Harvest Portfolios Group Inc.,4,0,2026-08-13
0002026128,Havemeyer Place LP,3,0,2026-08-13
0001570271,Headlands Technologies LLC,4,0,2026-08-13
0001995612,Helix Partners Management LP,4,0,2026-08-13
0002064329,"Henderson Brothers Financial Partners, LLC",3,0,2026-08-13
0001815344,"Hestia Capital Management, LLC",4,0,2026-08-13
0001823823,Hiddenite Capital Partners LP,4,0,2026-08-13
0002149882,Highland Investment Advisors LLC,1,0,2026-08-13
0001265131,Hilltop Holdings Inc.,4,0,2026-08-13
0002012280,"Hobbs Group Advisors, LLC",4,0,2026-08-13
0001428569,Holowesko Partners Ltd.,4,0,2026-08-13
0001762718,Horiko Capital Management LLC,4,0,2026-08-13
0001560717,"Horizon Investments, LLC",4,0,2026-08-13
0001633625,IAT REINSURANCE CO LTD.,4,0,2026-08-13
0001058470,ICON ADVISERS INC/CO,4,1,2026-08-13
0001569709,"ICONIQ Capital, LLC",4,0,2026-08-13
0002109472,"IF Advisors, LLC",3,0,2026-08-13
0001621802,"INFRASTRUCTURE CAPITAL ADVISORS, LLC",4,0,2026-08-13
0001039765,ING GROEP NV,4,0,2026-08-13
0001738560,"ISLAY CAPITAL MANAGEMENT, LLC",4,0,2026-08-13
0001661580,Ilmarinen Mutual Pension Insurance Co,4,0,2026-08-13
0001483866,Independent Franchise Partners LLP,4,0,2026-08-13
0001665097,"Index Fund Advisors, Inc.",4,0,2026-08-13
0001510989,Informed Momentum Co LLC,4,0,2026-08-13
0001767868,"Inscription Capital, LLC",4,0,2026-08-13
0001810558,"Inspire Advisors, LLC",4,0,2026-08-13
0001909307,"Investments & Financial Planning, LLC",4,0,2026-08-13
0002044901,"Investor's Fiduciary Advisor Network, LLC",4,0,2026-08-13
0001850996,"IronBridge Private Wealth, LLC",5,0,2026-08-13
0002090663,J Digital 6 LLC,4,0,2026-08-13
0001483864,"JBF Capital, Inc.",4,1,2026-08-13
0001461945,"JCP Investment Management, LLC",4,0,2026-08-13
0001841173,"JERICHO FINANCIAL, LLP",4,0,2026-08-13
0001842361,"JONES ROAD CAPITAL MANAGEMENT, L.P.",4,0,2026-08-13
0001631084,"JRM Investment Counsel, LLC",4,0,2026-08-13
0002102314,Jones Hill Capital LP,2,0,2026-08-13
0001831577,"Jump Financial, LLC",4,6,2026-08-13
0001021223,KAYNE ANDERSON RUDNICK INVESTMENT MANAGEMENT LLC,4,0,2026-08-13
0001776910,"KDK Private Wealth Management, LLC",4,1,2026-08-13
0001888968,"KIM, LLC",4,0,2026-08-13
0001798860,KIZE CAPITAL LP,4,0,2026-08-13
0001332811,"KNIGHTSBRIDGE ASSET MANAGEMENT, LLC",4,1,2026-08-13
0001858198,"KVP Capital Advisors, LP",3,0,2026-08-13
0001681614,Kanen Wealth Management LLC,4,0,2026-08-13
0001512020,Kepos Capital LP,4,0,2026-08-13
0001795594,Kirkoswald Asset Management LLC,4,0,2026-08-13
0001999346,"Knollwood Investment Advisory, LLC",4,0,2026-08-13
0002027344,"Koch, Inc.",4,0,2026-08-13
0002027462,Kurv Investment Management LLC,3,0,2026-08-13
0002009023,L1 Capital International Pty Ltd,4,0,2026-08-13
0001817646,L1 Capital Pty Ltd,4,1,2026-08-13
0001878742,L1 Global Manager Pty Ltd,3,0,2026-08-13
0001686988,"L2 Asset Management, LLC",4,0,2026-08-13
0002080628,LCC Family Corp.,4,0,2026-08-13
0002071183,"LEGACY CAPITAL WEALTH MANAGEMENT, LLC",3,0,2026-08-13
0000946629,"LEIGH BALDWIN & CO., LLC",4,1,2026-08-13
0000920760,LENNAR CORP /NEW/,3,0,2026-08-13
0001297496,"LETKO, BROSSEAU & ASSOCIATES INC",4,0,2026-08-13
0001807328,"LIBERTY ONE INVESTMENT MANAGEMENT, LLC",4,0,2026-08-13
0001177206,LOS ANGELES CAPITAL MANAGEMENT LLC,4,0,2026-08-13
0001901384,Lane Generational LLC,4,0,2026-08-13
0002111148,Langdon Equity Partners,3,0,2026-08-13
0002059323,Lansforsakringar Fondforvaltning AB,4,0,2026-08-13
0001710207,"Lattice Capital Management, LLC",4,0,2026-08-13
0001390202,Laurion Capital Management LP,4,1,2026-08-13
0001689144,"Legacy Bridge, LLC",4,0,2026-08-13
0002045082,"Legacy Wealth Managment, LLC/ID",4,0,2026-08-13
0001854423,Lepercq De Neuflize Asset Management LLC,4,2,2026-08-13
0002072459,Life Cycle Investment Partners Ltd,3,0,2026-08-13
0001891185,Lind Value II ApS,4,0,2026-08-13
0002137268,"Lionhunter Capital Management, LLC",1,0,2026-08-13
0001499066,"Long Pond Capital, LP",4,0,2026-08-13
0001426092,Longview Partners,4,0,2026-08-13
0001910456,Lynx1 Capital Management LP,4,1,2026-08-13
0001807489,M28 Capital Management LP,4,0,2026-08-13
0001511291,"M3F, Inc.",4,0,2026-08-13
0000919859,MACKENZIE FINANCIAL CORP,4,0,2026-08-13
0001512173,"MAPLELANE CAPITAL, LLC",4,0,2026-08-13
0001607355,"MARK SHEPTOFF FINANCIAL PLANNING, LLC",4,0,2026-08-13
0001318757,"MARSHALL WACE, LLP",4,0,2026-08-13
0001055966,MARSICO CAPITAL MANAGEMENT LLC,4,0,2026-08-13
0000936944,MARTINGALE ASSET MANAGEMENT L P,4,0,2026-08-13
0001351917,MENORA MIVTACHIM HOLDINGS LTD.,4,0,2026-08-13
0001767843,MIROVA,4,0,2026-08-13
0001142206,MITSUI SUMITOMO INSURANCE CO LTD,3,0,2026-08-13
0000895421,MORGAN STANLEY,4,2,2026-08-13
0002011050,"MOSAIC FINANCIAL GROUP, LLC",4,0,2026-08-13
0002056693,"MPWM ADVISORY SOLUTIONS, LLC",4,0,2026-08-13
0001589689,MYDA Advisors LLC,4,0,2026-08-13
0001964563,"Madrone Advisors, LLC",4,0,2026-08-13
0001536105,Magellan Asset Management Ltd,4,0,2026-08-13
0001633312,Man Investment Partners,3,0,2026-08-13
0001393389,Manchester Capital Management LLC,4,0,2026-08-13
0001313893,"Maple Capital Management, Inc.",4,0,2026-08-13
0001961415,Maren Capital LLC,4,0,2026-08-13
0001373442,"Mariner, LLC",4,0,2026-08-13
0002149795,Markowski Investments,1,0,2026-08-13
0001852314,Marnell Management LLC,3,0,2026-08-13
0001635007,"Mason Investment Advisory Services, Inc.",4,0,2026-08-13
0001410830,"Matrix Capital Management Company, LP",4,0,2026-08-13
0001838222,Maxi Investments CY Ltd,4,0,2026-08-13
0001912128,"McDonough Capital Management, Inc",4,0,2026-08-13
0002112239,"McLaughlin Asset Management, Inc.",3,1,2026-08-13
0002109205,"McMillan Office, Inc.",3,0,2026-08-13
0001491685,Meiji Yasuda Asset Management Co Ltd.,4,0,2026-08-13
0001144492,Meiji Yasuda Life Insurance Co,4,0,2026-08-13
0001427119,Meritage Group LP,4,0,2026-08-13
0002083276,"Midwestern Financial, LLC /IA",4,0,2026-08-13
0001407382,"Miller Investment Management, LP",4,0,2026-08-13
0001475933,Minot DeBlois Advisors LLC,4,0,2026-08-13
0001587301,Miramar Fiduciary Corp,4,0,2026-08-13
0002113810,"Mission Financial Group, LLC",3,0,2026-08-13
0001908186,Missouri Trust & Investment Co,4,0,2026-08-13
0001512734,"Mizuho Bank, Ltd.",4,0,2026-08-13
0001742647,Moerus Capital Management LLC,4,0,2026-08-13
0001627608,Monashee Investment Management LLC,4,0,2026-08-13
0002026079,Morgan Stanley Institutional Investment Advisors LLC,4,0,2026-08-13
0001705711,"Morse Asset Management, Inc",4,0,2026-08-13
0001896379,Mount Capital Ltd,4,0,2026-08-13
0001907809,Mudita Advisors LLP,4,0,2026-08-13
0002017172,"Multicoin Capital Management, LLC",4,0,2026-08-13
0001274981,NATIXIS,4,0,2026-08-13
0001998018,NBZ Investment Advisors LLC,4,0,2026-08-13
0002023709,NCP Inc.,4,0,2026-08-13
0001044936,NEUMEIER POMA INVESTMENT COUNSEL LLC,4,0,2026-08-13
0001512858,"NFC Investments, LLC",4,0,2026-08-13
0001757282,NKCFO LLC,4,0,2026-08-13
0001055964,NOMURA ASSET MANAGEMENT CO LTD,4,1,2026-08-13
0001092290,NORRIS PERNE & FRENCH LLP/MI,4,2,2026-08-13
0000073124,NORTHERN TRUST CORP,4,0,2026-08-13
0001657111,NS Partners Ltd,4,0,2026-08-13
0001946136,Naman Capital Ltda,4,1,2026-08-13
0001782539,Nan Fung Group Holdings Ltd,4,0,2026-08-13
0001608046,National Pension Service,4,0,2026-08-13
0001053187,"Natixis Investment Managers, LLC",3,0,2026-08-13
0001110646,"NetEase, Inc.",4,0,2026-08-13
0001465109,Neuberger Berman Group LLC,4,0,2026-08-13
0001764807,"New Age Alpha Advisors, LLC",4,0,2026-08-13
0001845012,NewGen Asset Management Ltd,4,0,2026-08-13
0001722329,"Newport Trust Company, LLC",4,0,2026-08-13
0001767750,Noked Israel Ltd,4,0,2026-08-13
0002055446,North Ground Capital,4,0,2026-08-13
0002033536,Northwest & Ethical Investments L.P.,4,1,2026-08-13
0001697767,"Northwest Quadrant Wealth Management, LLC",4,0,2026-08-13
0001847328,Nykredit A/S,1,0,2026-08-13
0001423442,"O'SHAUGHNESSY ASSET MANAGEMENT, LLC",4,0,2026-08-13
0001218663,OBERNDORF WILLIAM E,4,0,2026-08-13
0001819697,OCCUDO QUANTITATIVE STRATEGIES LP,4,0,2026-08-13
0001053321,OMERS ADMINISTRATION Corp,4,0,2026-08-13
0001767471,OSSIAM,4,0,2026-08-13
0001767945,OSTRUM ASSET MANAGEMENT,4,0,2026-08-13
0001661762,Oak Grove Capital LLC,4,0,2026-08-13
0001657335,"Oakcliff Capital Partners, LP",4,0,2026-08-13
0001438258,Oceanic Investment Management LTD,3,0,2026-08-13
0001840760,"Olde Wealth Management, LLC",4,0,2026-08-13
0001606588,"One Capital Management, LLC",4,0,2026-08-13
0001909750,Operose Advisors LLC,4,0,2026-08-13
0001661140,"Oribel Capital Management, LP",4,0,2026-08-13
0002135775,"Orographic Financial Advisors, LLC",2,0,2026-08-13
0002052484,"Orvieto Partners, L.P.",4,0,2026-08-13
0001784418,Osbon Capital Management LLC,3,0,2026-08-13
0001780700,Osmosis Investment Management UK Ltd,3,0,2026-08-13
0001845806,"Owls Nest Partners IA, LLC",4,0,2026-08-13
0002007082,"Oxford Wealth Group, LLC",3,0,2026-08-13
0001040198,P SCHOENFELD ASSET MANAGEMENT LP,4,0,2026-08-13
0001819919,"PACES FERRY WEALTH ADVISORS, LLC",4,0,2026-08-13
0001279926,PACIFIC FINANCIAL GROUP INC,4,0,2026-08-13
0001629271,"PALLADIEM, LLC",3,0,2026-08-13
0001967332,"PANORAMIC INVESTMENT ADVISORS, LLC",4,1,2026-08-13
0001037792,PARADIGM CAPITAL MANAGEMENT INC/NY,4,0,2026-08-13
0001546592,PARK CIRCLE Co,4,0,2026-08-13
0001694870,"PARTNERS CAPITAL INVESTMENT GROUP, LLP",4,0,2026-08-13
0001389958,PEAK6 LLC,4,4,2026-08-13
0000078003,PFIZER INC,4,0,2026-08-13
0001845793,PGIM Custom Harvest LLC,4,0,2026-08-13
0001685660,PHOENIX ASSET MANAGEMENT PARTNERS Ltd,5,0,2026-08-13
0001539041,PICTON MAHONEY ASSET MANAGEMENT,4,0,2026-08-13
0002080606,PJT Investments Corp.,4,0,2026-08-13
0001256071,PLATINUM INVESTMENT MANAGEMENT LTD,4,0,2026-08-13
0001081668,PORTLAND INVESTMENT COUNSEL INC.,4,0,2026-08-13
0002052308,POTENTIA WEALTH,4,0,2026-08-13
0000826000,POTOMAC FUND MANAGEMENT INC /ADV,4,3,2026-08-13
0001555512,PRAGMA GESTAO DE PATRIMONIO LTD,4,0,2026-08-13
0001766005,"PRUDENT INVESTORS NETWORK, INC.",4,0,2026-08-13
0001396318,PUBLIC SECTOR PENSION INVESTMENT BOARD,4,1,2026-08-13
0001590144,"PURA VIDA INVESTMENTS, LLC",4,0,2026-08-13
0002116904,"PURSUIT WEALTH STRATEGIES, LLC",3,0,2026-08-13
0001616667,"Pacer Advisors, Inc.",4,2,2026-08-13
0001922318,Pale Fire Capital SE,4,0,2026-08-13
0002043694,Palidye Holdings,4,0,2026-08-13
0002035224,Panview Capital Ltd,4,0,2026-08-13
0001776090,"Parsifal Capital Management, LP",4,0,2026-08-13
0002011612,"Pathstone Holdings, LLC",4,0,2026-08-13
0001854794,"Patient Capital Management, LLC",4,0,2026-08-13
0002061817,"Patriot Financial Partners GP II, L.P.",4,1,2026-08-13
0001654111,Pelham Capital Ltd.,4,0,2026-08-13
0001063497,"Pembroke Management, LTD",4,1,2026-08-13
0002134719,Pennsylvania State University,3,0,2026-08-13
0001593324,Penserra Capital Management LLC,4,0,2026-08-13
0001894571,Pertento Partners LLP,4,0,2026-08-13
0001600202,Petiole USA ltd,4,1,2026-08-13
0001656150,"Piedmont Capital Management, LLC",4,0,2026-08-13
0002108281,"Piedmont Capital Management, LLC/NC",3,0,2026-08-13
0001630691,"Pine Brook Road Advisors, L.P.",4,0,2026-08-13
0002016051,"Pine Harbor Wealth Management, LLC",4,0,2026-08-13
0001844645,Pivotal bioVenture Partners Investment Advisor LLC,4,0,2026-08-13
0002068236,"Plum Street Advisors, LLC",4,0,2026-08-13
0001970465,Polymer Capital Management,4,0,2026-08-13
0001504941,Portland Global Advisors LLC,4,0,2026-08-13
0000801166,Power Corp of Canada,4,0,2026-08-13
0002056550,Premier Private Wealth Management LLC,3,0,2026-08-13
0001686305,Primavera Capital Management Ltd,4,0,2026-08-13
0002051999,Prime Buchholz LLC,4,0,2026-08-13
0001969764,"Propel Bio Management, LLC",4,0,2026-08-13
0001910398,"Prosperity Consulting Group, LLC",4,0,2026-08-13
0002115120,Purpose Unlimited Inc.,3,0,2026-08-13
0001036248,QUEST INVESTMENT MANAGEMENT LLC,4,0,2026-08-13
0001912226,QVIDTVM Management LLC,4,0,2026-08-13
0001768099,Qtron Investments LLC,4,0,2026-08-13
0001759654,Quantinno Capital Management LP,4,0,2026-08-13
0001162827,RBO & CO LLC,4,0,2026-08-13
0002057936,RD Finance Ltd,4,0,2026-08-13
0000944234,RENAISSANCE GROUP LLC,4,0,2026-08-13
0001037389,RENAISSANCE TECHNOLOGIES LLC,4,0,2026-08-13
0001844731,RMG Wealth Management LLC,4,0,2026-08-13
0000918893,ROSENBLUM SILVERMAN SUTTON S F INC /CA,4,0,2026-08-13
0000863748,ROYAL LONDON ASSET MANAGEMENT LTD,4,0,2026-08-13
0001885066,RPO LLC,4,0,2026-08-13
0001322613,"RR Advisors, LLC",4,0,2026-08-13
0001992110,"Ramirez Asset Management, Inc.",4,0,2026-08-13
0001319691,"Ranger Investment Management, L.P.",4,0,2026-08-13
0001863894,Regency Capital Management Inc.\DE,4,0,2026-08-13
0001599882,Rhenman & Partners Asset Management AB,4,0,2026-08-13
0002031590,Ripple Effect Asset Management LP,4,0,2026-08-13
0001965613,Rivermont Capital Management LP,4,0,2026-08-13
0001962933,"Riverview Capital Advisers, LLC",4,0,2026-08-13
0001352122,"Robertson Opportunity Capital, LLC",4,0,2026-08-13
0001739439,Rockefeller Capital Management L.P.,4,1,2026-08-13
0001600944,"SAM Advisors, LLC",4,0,2026-08-13
0001020066,"SANDS CAPITAL MANAGEMENT, LLC",4,0,2026-08-13
0000904793,SANTA MONICA PARTNERS LP,4,0,2026-08-13
0001807288,SATOVSKY ASSET MANAGEMENT LLC,4,0,2026-08-13
0002094371,SAVA PENZISKO DRUSHTVO A.D. SKOPJE,4,0,2026-08-13
0001537455,SCHF,4,0,2026-08-13
0001086619,SCHRODER INVESTMENT MANAGEMENT GROUP,4,0,2026-08-13
0001080197,SCHULHOFF & CO INC,4,0,2026-08-13
0002080629,SEG Family Corp.,4,0,2026-08-13
0001987932,SEVEN MILE ADVISORY,4,0,2026-08-13
0001713286,"SFAM, LLC",3,0,2026-08-13
0001512026,"SFMG, LLC",4,0,2026-08-13
0002055834,"SHCP, LLC",4,0,2026-08-13
0001279329,SHEN NEIL NANPENG,4,0,2026-08-13
0001816307,"SILVERARC CAPITAL MANAGEMENT, LLC",4,0,2026-08-13
0001278960,SILVERBACK ASSET MANAGEMENT LLC,4,1,2026-08-13
0001180391,SMH CAPITAL ADVISORS INC,4,2,2026-08-13
0001050477,SNYDER CAPITAL MANAGEMENT L P,4,0,2026-08-13
0001163668,"SOUTH PLAINS FINANCIAL, INC.",4,0,2026-08-13
0001843253,SPG ADVISORS LLC,4,0,2026-08-13
0001934396,"STG SECURITIES, LLC",1,0,2026-08-13
0001904067,STRATEGIC VALUE BANK PARTNERS LLC,4,0,2026-08-13
0001022837,"SUMITOMO MITSUI FINANCIAL GROUP, INC.",4,0,2026-08-13
0002108283,SUMMITPOINT CAPITAL MANAGEMENT,2,0,2026-08-13
0001952722,SWAN Capital LLC,4,0,2026-08-13
0002065728,SWF LLC,4,0,2026-08-13
0002018754,SaddleRock Capital Management LLC,3,0,2026-08-13
0001846711,"Safeguard Investment Advisory Group, LLC",4,0,2026-08-13
0001747744,Sagil Capital LLP,4,0,2026-08-13
0001777271,"Sanctuary Advisors, LLC",6,1,2026-08-13
0001556245,Sandhill Capital Partners LLC,4,0,2026-08-13
0001846444,"Sands Capital Alternatives, LLC",4,0,2026-08-13
0002098745,Saranac Partners Ltd,15,0,2026-08-13
0001426327,"Scheer, Rowlett & Associates Investment Management Ltd.",4,0,2026-08-13
0001975764,Sellaronda Global Management LP,4,0,2026-08-13
0002039918,"Seros Financial, LLC",4,1,2026-08-13
0002021188,"Seven Six Capital Management, LLC",4,0,2026-08-13
0001301050,Shannon River Fund Management LLC,4,0,2026-08-13
0001818890,Sharp Capital Gestora de Recursos Ltda.,4,0,2026-08-13
0002056427,"Sherwood Financial Partners, LLC",4,0,2026-08-13
0002021242,Sienna Gestion,4,0,2026-08-13
0002111172,"Silver Grove Financial Group, Inc.",4,0,2026-08-13
0002005245,"Siren, L.L.C.",4,0,2026-08-13
0001842707,"SkyKnight Capital, L.P.",4,0,2026-08-13
0001963764,"Slotnik Capital, LLC",4,0,2026-08-13
0001690295,"Sloy Dahl & Holst, LLC",4,0,2026-08-13
0001903055,Snowden Capital Advisors LLC,4,0,2026-08-13
0001730769,"Solstein Capital, LLC",4,0,2026-08-13
0002033735,Sound Capital Solutions LLC,1,0,2026-08-13
0001803253,Soundwatch Capital LLC,4,0,2026-08-13
0001949033,Spahn Wealth & Retirement LLC,6,0,2026-08-13
0001791621,"Spider Management Company, LLC",4,0,2026-08-13
0002050194,Spruce Street Capital LP,3,0,2026-08-13
0001705399,"Stamos Capital Partners, L.P.",4,0,2026-08-13
0001809494,Standard Family Office LLC,4,0,2026-08-13
0001502287,StepStone Group LP,4,0,2026-08-13
0001723397,"Steward Partners Investment Advisory, LLC",4,0,2026-08-13
0002137933,"Stillwater Private Wealth, LLC",2,0,2026-08-13
0002142299,"Stonebridge Financial Group, LLC/CA",1,0,2026-08-13
0001776023,Stony Point Capital LLC,4,0,2026-08-13
0001991340,Strategic Advocates LLC,4,0,2026-08-13
0001592413,Strategy Capital LLC,4,0,2026-08-13
0001954109,"Strive Asset Management, LLC",4,1,2026-08-13
0001663900,Sunriver Management LLC,4,0,2026-08-13
0001806755,"Systematic Alpha Investments, LLC",4,0,2026-08-13
0001930483,"TCG Capital Management, LP",4,0,2026-08-13
0001911491,"TCM Advisors, LLC",4,0,2026-08-13
0001515070,TFG Asset Management GP Ltd,4,0,2026-08-13
0001145020,THORNBURG INVESTMENT MANAGEMENT INC,4,0,2026-08-13
0001034541,TIMUCUAN ASSET MANAGEMENT INC/FL,4,0,2026-08-13
0001845930,TITAN GLOBAL CAPITAL MANAGEMENT USA LLC,4,1,2026-08-13
0002081869,TLT Family Holdco ULC,4,0,2026-08-13
0002150231,TOP Private Wealth LLC.,1,0,2026-08-13
0001513300,TRB Advisors LP,4,2,2026-08-13
0002006218,"TWIN PEAKS WEALTH ADVISORS, LLC",4,0,2026-08-13
0001652062,Tairen Capital Ltd,4,0,2026-08-13
0001842557,Tandem Wealth Advisors LLC,4,0,2026-08-13
0002115182,"Taylor Securities Services, Inc.",3,0,2026-08-13
0001832237,Te Ahumairangi Investment Management Ltd,4,0,2026-08-13
0001910154,"Teca Partners, LP",4,0,2026-08-13
0001558971,"Tekne Capital Management, LLC",4,0,2026-08-13
0001511881,Theleme Partners LLP,4,0,2026-08-13
0002044495,"Three Seasons Wealth, LLC",4,0,2026-08-13
0001600064,Tidal Investments LLC,4,0,2026-08-13
0001606477,Tikvah Management LLC,4,0,2026-08-13
0002150168,"Timbuktu Capital Management, LLC",1,0,2026-08-13
0001851296,Timelo Investment Management Inc.,4,0,2026-08-13
0002103356,Titan Investment Solutions Ltd,3,0,2026-08-13
0001772937,"Tolleson Wealth Management, Inc.",4,0,2026-08-13
0002056627,"Topsail Wealth Management, LLC",4,0,2026-08-13
0001749611,"Toronado Partners, LLC",4,0,2026-08-13
0002007748,"Traction Financial Partners, LLC",4,0,2026-08-13
0001911013,"Trail Ridge Investment Advisors, LLC",4,0,2026-08-13
0001934415,Trajan Wealth LLC,4,0,2026-08-13
0001896476,Trans-Canada Capital Inc.,4,0,2026-08-13
0001768195,"Trek Financial, LLC",4,0,2026-08-13
0002014039,Triata Capital Ltd,4,0,2026-08-13
0002011325,Triavera Capital LLC,4,0,2026-08-13
0002000730,Tribune Investment Group LP,4,0,2026-08-13
0001454502,Triple Frond Partners LLC,4,0,2026-08-13
0002111167,"TritonPoint Partners, LLC",3,0,2026-08-13
0002110807,"Troutman Wealth Management, LLC",3,0,2026-08-13
0001908108,TrueWealth Financial Partners,4,0,2026-08-13
0001599404,Trustees of Dartmouth College,4,0,2026-08-13
0001574850,Tsai Capital Corp,4,0,2026-08-13
0001915395,Tyro Capital Management LLC,4,2,2026-08-13
0000861177,"UBS AM, a distinct business unit of UBS ASSET MANAGEMENT AMERICAS LLC",4,0,2026-08-13
0001610520,UBS Group AG,4,0,2026-08-13
0001735775,UCLA Foundation,4,0,2026-08-13
0000933429,"UMB Bank, n.a.",4,0,2026-08-13
0002000314,United Community Bank,4,0,2026-08-13
0000947529,VANGUARD ADVISERS INC,2,0,2026-08-13
0001680208,"VANGUARD ASSET MANAGEMENT, Ltd",2,1,2026-08-13
0002100119,VANGUARD CAPITAL MANAGEMENT LLC,2,2,2026-08-13
0000933478,VANGUARD FIDUCIARY TRUST CO,2,1,2026-08-13
0000217448,VANGUARD MARKETING CORPORATION,2,0,2026-08-13
0002100121,VANGUARD PORTFOLIO MANAGEMENT LLC,2,1,2026-08-13
0002056914,VEGA INVESTMENT SOLUTIONS,3,0,2026-08-13
0002044874,"Valued Retirements, Inc.",4,0,2026-08-13
0001600145,"Van Hulzen Asset Management, LLC",4,0,2026-08-13
0001811242,"Vanguard Global Advisers, LLC",2,1,2026-08-13
0001550100,"Vanguard Investments Australia, Ltd.",2,1,2026-08-13
0001984256,Vanguard National Trust Co,2,0,2026-08-13
0001698484,Varma Mutual Pension Insurance Co,4,1,2026-08-13
0001838211,Venator Management LLC,4,0,2026-08-13
0002111807,"Veratis Advisors, Inc.",2,0,2026-08-13
0001597298,"Verity Asset Management, Inc.",4,0,2026-08-13
0001533964,Virtu Financial LLC,4,0,2026-08-13
0002079921,"Virtus Fixed Income Advisers, LLC",4,0,2026-08-13
0001764403,Vision Capital Corp,4,0,2026-08-13
0001802984,Visionary Wealth Advisors,4,0,2026-08-13
0001061186,"WCM INVESTMENT MANAGEMENT, LLC",4,0,2026-08-13
0002051763,WD Thunder CV Ultimate GP LLC,3,0,2026-08-13
0001099905,WEBER CAPITAL MANAGEMENT LLC /ADV,3,0,2026-08-13
0001389709,"WHALEROCK POINT PARTNERS, LLC",4,0,2026-08-13
0000052234,WINMILL & CO. INC,4,0,2026-08-13
0002095682,WJ Financial Advisors LLC,4,0,2026-08-13
0002018963,Wallace Hart LLC,4,0,2026-08-13
0001807092,"Watchtower Advisors, LP",4,0,2026-08-13
0001898131,"Wayfinding Financial, LLC",4,0,2026-08-13
0002028828,Wealth High Governance Capital Ltda,4,1,2026-08-13
0001533551,Wellesley Asset Management,4,1,2026-08-13
0002109379,"West Virginia University Foundation, Inc",7,1,2026-08-13
0001838470,"WestCap Management, LLC",3,0,2026-08-13
0001894447,Whalen Wealth Management Inc.,4,0,2026-08-13
0002011965,"Williamson Legacy Group, LLC",4,0,2026-08-13
0001853239,"Willis Johnson & Associates, Inc.",4,0,2026-08-13
0002052481,Wilmar Advisors LLC,4,0,2026-08-13
0000900973,"Winslow Capital Management, LLC",4,0,2026-08-13
0002010657,"Winthrop Capital Management, LLC",4,0,2026-08-13
0001777734,"Wishbone Management, LP",4,0,2026-08-13
0001785988,"Wolf Hill Capital Management, LP",4,1,2026-08-13
0002059344,"Wood Tarver Financial Group, LLC",4,0,2026-08-13
0001397960,Woodbridge CO LTD,4,0,2026-08-13
0001584801,"YCG, LLC",4,0,2026-08-13
0001584639,"Yakira Capital Management, Inc.",4,0,2026-08-13
0001086483,ZACKS INVESTMENT MANAGEMENT,4,0,2026-08-13
0001533950,Zweig-DiMenna Associates LLC,4,0,2026-08-13
0002041065,"von Borstel & Associates, Inc.",4,0,2026-08-13
0001885092,"1888 Investments, LLC",4,0,2026-08-12
0001031972,ACADEMY CAPITAL MANAGEMENT,4,0,2026-08-12
0002013937,"ADAPT WEALTH ADVISORS, LLC",4,0,2026-08-12
0001103139,ADVENTIST HEALTH SYSTEM SUNBELT HEALTHCARE CORP,4,0,2026-08-12
0001140753,AEGIS FINANCIAL CORP,4,0,2026-08-12
0002099846,AGAVE CAPITAL MANAGEMENT Ltd,3,0,2026-08-12
0001933952,AI-Squared Management Ltd,4,0,2026-08-12
0001376879,AKO CAPITAL LLP,4,0,2026-08-12
0000748054,AMERICAN CENTURY COMPANIES INC,4,0,2026-08-12
0001042046,AMERICAN FINANCIAL GROUP INC,4,0,2026-08-12
0000943719,AMERICAN FINANCIAL GROUP INC 401(K) RETIREMENT & SAVINGS PLAN,4,0,2026-08-12
0002067126,ANB BANK,4,0,2026-08-12
0001434819,APG Asset Management N.V.,4,0,2026-08-12
0001323255,APG Asset Management US Inc.,4,0,2026-08-12
0000700529,"ATALANTA SOSNOFF CAPITAL, LLC",4,0,2026-08-12
0001109147,AXIOM INVESTORS LLC /DE,4,0,2026-08-12
0001767987,Accel Growth Fund V Associates L.L.C.,4,0,2026-08-12
0001832690,Accel Leaders 3 Associates L.P.,3,0,2026-08-12
0001923783,Accel Leaders 4 Associates L.P.,4,0,2026-08-12
0001535603,Accel XI Associates L.L.C.,3,0,2026-08-12
0002035216,Accelerate Investment Advisors LLC,4,0,2026-08-12
0002014179,"Accent Capital Management, LLC",4,1,2026-08-12
0002056686,Advaya LLP,3,0,2026-08-12
0001573876,"Advisory Services Network, LLC",4,0,2026-08-12
0002005403,Aikya Investment Management Ltd,4,0,2026-08-12
0001765885,"Allred Capital Management, LLC",4,0,2026-08-12
0001536114,Alta Advisers Ltd,4,0,2026-08-12
0001641604,Alta Fundamental Advisers LLC,4,0,2026-08-12
0001746382,Altium Capital Management LLC,4,0,2026-08-12
0001324290,Altshuler Shaham Ltd,4,0,2026-08-12
0001369913,"American Investment Services, Inc.",4,0,2026-08-12
0001613158,"Angel Oak Capital Advisors, LLC",4,0,2026-08-12
0001664193,"Aptus Capital Advisors, LLC",4,0,2026-08-12
0002104187,Aquamarine Financial,4,0,2026-08-12
0002149091,Arbor Wealth Management LLC\AZ,1,0,2026-08-12
0002030055,"Argentarii, LLC",4,0,2026-08-12
0001801573,Aufman Associates Inc,4,0,2026-08-12
0001694164,AustralianSuper Pty Ltd,4,1,2026-08-12
0001650258,Avanda Investment Management Pte. Ltd.,4,0,2026-08-12
0001653443,Avant Capital LLC,4,0,2026-08-12
0001942364,Azimuth Capital Investment Management LLC,4,0,2026-08-12
0001803415,BALLAST ADVISORS LLC,4,1,2026-08-12
0000842180,"BANCO BILBAO VIZCAYA ARGENTARIA, S.A.",4,0,2026-08-12
0001965704,BANK OF KOREA,3,0,2026-08-12
0000927971,BANK OF MONTREAL /CAN/,4,0,2026-08-12
0000009631,BANK OF NOVA SCOTIA,4,0,2026-08-12
0001105907,BARD ASSOCIATES INC,4,0,2026-08-12
0000887762,"BARINGTON COMPANIES MANAGEMENT, LLC",4,0,2026-08-12
0001536890,BAROMETER CAPITAL MANAGEMENT INC.,4,0,2026-08-12
0000313028,BARROW HANLEY MEWHINNEY & STRAUSS LLC,4,0,2026-08-12
0001054074,BESSEMER GROUP INC,4,0,2026-08-12
0002053305,BIT Capital GmbH,4,0,2026-08-12
0002111175,"BNB Wealth Management, LLC",3,0,2026-08-12
0001039807,BOSTON FAMILY OFFICE LLC,4,0,2026-08-12
0001665751,BRILLIANCE ASSET MANAGEMENT LTD,4,0,2026-08-12
0000014661,BROWN BROTHERS HARRIMAN & CO,4,0,2026-08-12
0001911876,BSN Capital Partners Ltd,4,2,2026-08-12
0002057153,Baer Investment Advisory LLC,4,1,2026-08-12
0001648711,"Baird Financial Group, Inc.",4,0,2026-08-12
0001399386,Bandera Partners LLC,4,0,2026-08-12
0001426588,"Barnett & Company, Inc.",4,0,2026-08-12
0001582272,"Battery Global Advisors, LLC",4,0,2026-08-12
0001910971,Benchmark Investment Advisors LLC,3,0,2026-08-12
0002008410,"Berry Wealth Group, LP",4,0,2026-08-12
0001361974,"Beutel, Goodman & Co Ltd.",4,0,2026-08-12
0001731123,"Biltmore Family Office, LLC",4,0,2026-08-12
0001528593,Black Creek Investment Management Inc.,4,0,2026-08-12
0001315828,Board of Trustees of The Leland Stanford Junior University,4,0,2026-08-12
0001556218,Bollard Group LLC,4,0,2026-08-12
0001885946,"Boxwood Ventures, Inc.",4,0,2026-08-12
0001327055,"Bragg Financial Advisors, Inc",4,0,2026-08-12
0001748766,"Brand Asset Management Group, Inc.",4,0,2026-08-12
0002043671,"Bretton Capital Management, LLC",4,0,2026-08-12
0001728354,Briar Hall Management LLC,4,0,2026-08-12
0001747799,"Brio Consultants, LLC",4,0,2026-08-12
0002114882,Broadhurst Jeffrey B,3,0,2026-08-12
0001513779,Bullseye Asset Management LLC,4,0,2026-08-12
0000903944,CAMDEN ASSET MANAGEMENT L P /CA,4,0,2026-08-12
0001114928,CAPITAL COUNSEL LLC/NY,4,0,2026-08-12
0001065350,CAPITAL INTERNATIONAL LTD /CA/,4,0,2026-08-12
0001039067,CARNEGIE MELLON UNIVERSITY,4,0,2026-08-12
0000931097,CCM INVESTMENT ADVISERS LLC,4,0,2026-08-12
0001706351,"CFO4Life Group, LLC",4,0,2026-08-12
0001276755,CHELSEA COUNSEL CO,4,1,2026-08-12
0001224608,"CNO Financial Group, Inc.",4,0,2026-08-12
0001009076,COMMERCE BANK,4,0,2026-08-12
0002148724,COMPASS FINANCIAL MANAGEMENT LLC,1,0,2026-08-12
0001082491,CONDOR CAPITAL MANAGEMENT,4,0,2026-08-12
0000929607,CONTINENTAL GRAIN CO,4,0,2026-08-12
0001388469,"CVentures, Inc.",4,0,2026-08-12
0001845250,Cadence Wealth Management LLC,4,0,2026-08-12
0001830008,"Capital CS Group, LLC",4,0,2026-08-12
0001939970,Capital Group Investment Management Pte. Ltd.,4,0,2026-08-12
0001857666,"Capital Group Private Client Services, Inc.",4,0,2026-08-12
0001562230,Capital International Investors,4,0,2026-08-12
0001065349,Capital International Sarl,4,0,2026-08-12
0000895213,"Capital International, Inc./CA/",4,0,2026-08-12
0001422848,Capital Research Global Investors,4,0,2026-08-12
0001422849,Capital World Investors,4,0,2026-08-12
0001056973,"Carlson Capital, L.P.",4,0,2026-08-12
0001665642,"Cedar Wealth Management, LLC",4,0,2026-08-12
0001666741,Cetera Investment Advisers,4,0,2026-08-12
0001315478,"Champlain Investment Partners, LLC",4,0,2026-08-12
0002012041,"Chaney Capital Management, Inc.",4,0,2026-08-12
0001389403,Chou Associates Management Inc.,4,0,2026-08-12
0001578242,"Circle Wealth Management, LLC",4,0,2026-08-12
0001511857,"Clear Harbor Asset Management, LLC",4,1,2026-08-12
0001881567,Clear Street Group Inc.,4,0,2026-08-12
0001659851,Cliffwater LLC,4,0,2026-08-12
0001939136,Coleford Investment Management Ltd.,4,0,2026-08-12
0002115210,"Compass Financial Group, Inc.",3,0,2026-08-12
0001621100,"Compass Ion Advisors, LLC",4,0,2026-08-12
0001758811,"Compass Rose Asset Management, LP",4,0,2026-08-12
0001535202,"Comprehensive Wealth Management, LLC",4,0,2026-08-12
0001844567,"Compton Financial Group, LLC",4,0,2026-08-12
0002022154,Concord Investment Counsel Inc.,4,0,2026-08-12
0001995383,Constant Guidance Financial LLC,4,0,2026-08-12
0002111344,Copos Capital S.a r.l.,2,0,2026-08-12
0002058426,Corient IA LLC,4,0,2026-08-12
0002110329,Cornerstone Financial Management LLC,3,0,2026-08-12
0001945037,"Coston, McIsaac & Partners",4,0,2026-08-12
0001966116,"Cravens & Co Advisors, LLC",4,0,2026-08-12
0002129719,"Crystal Cove Asset Management, LLC",2,0,2026-08-12
0001843867,"Curran Financial Partners, LLC",4,0,2026-08-12
0001512716,"DG Capital Management, LLC",4,0,2026-08-12
0001365167,"DIVIDEND ASSETS CAPITAL, LLC",4,0,2026-08-12
0001697728,"Dai-ichi Life Insurance Company, Ltd",4,0,2026-08-12
0001977663,Dai-ichi Life International Holdings LLC,2,0,2026-08-12
0001945894,"Davis Asset Management, L.P.",4,0,2026-08-12
0002011184,De Lisle Partners LLP,4,0,2026-08-12
0001920624,Decas Capital LLC,4,0,2026-08-12
0001962221,Doma Perpetual Capital Management LLC,4,0,2026-08-12
0001847921,"Draper Asset Management, LLC",4,0,2026-08-12
0002032148,Dream Peak Capital Ltd,3,0,2026-08-12
0001744349,"ELEVATION POINT WEALTH PARTNERS, LLC",4,6,2026-08-12
0001540569,"EP Wealth Advisors, LLC",3,0,2026-08-12
0001080382,EUBEL BRADY & SUTTMAN ASSET MANAGEMENT INC,4,0,2026-08-12
0002111131,"EVOLVE PRIVATE WEALTH, LLC",3,0,2026-08-12
0001844107,"Elk River Wealth Management, LLC",4,0,2026-08-12
0002127823,"Emerald Investment Advisers, LLC",2,0,2026-08-12
0001600177,Employees Provident Fund Board,74,1,2026-08-12
0001978885,"Empower Advisory Group, LLC",4,0,2026-08-12
0001444597,Empower Annuity Insurance Co,4,0,2026-08-12
0001290910,EnCap Investments L.P.,2,0,2026-08-12
0001056288,"FEDERATED HERMES, INC.",4,0,2026-08-12
0000712537,FIRST COMMONWEALTH FINANCIAL CORP /PA/,4,1,2026-08-12
0002054451,"FORTRESS FINANCIAL GROUP, LLC",4,1,2026-08-12
0000887748,"FSB PREMIER WEALTH MANAGEMENT, INC.",4,0,2026-08-12
0001082327,"FULLER & THALER ASSET MANAGEMENT, INC.",4,1,2026-08-12
0001695078,"Faithward Advisors, LLC",4,0,2026-08-12
0001750980,"Farringdon Capital, Ltd.",4,0,2026-08-12
0002143070,"Financial Management, Inc.",3,0,2026-08-12
0001351950,Findlay Park Partners LLP,4,0,2026-08-12
0001701717,First Beijing Investment Ltd,4,0,2026-08-12
0002081196,First International Bank of Israel Ltd.,4,0,2026-08-12
0002093108,FirstWave Capital Management LLC,3,0,2026-08-12
0001542153,Focus Partners Wealth,4,0,2026-08-12
0001910636,Forum Private Client Group LLC,4,0,2026-08-12
0001447884,Fosun International Ltd,4,0,2026-08-12
0001956790,"FourThought Financial Partners, LLC",4,0,2026-08-12
0002107705,Fourier Capital Management Ltd,3,0,2026-08-12
0001322853,"Foyston, Gordon & Payne Inc",4,1,2026-08-12
0001911970,Future Fund LLC,4,0,2026-08-12
0000932724,"GABELLI & Co INVESTMENT ADVISERS, INC.",4,0,2026-08-12
0001081407,GABELLI FUNDS LLC,4,0,2026-08-12
0000807249,"GAMCO INVESTORS, INC. ET AL",4,0,2026-08-12
0000941560,GARDNER LEWIS ASSET MANAGEMENT L P,4,0,2026-08-12
0002031554,GCQ FUNDS MANAGEMENT PTY Ltd,4,0,2026-08-12
0001214717,"GEODE CAPITAL MANAGEMENT, LLC",4,0,2026-08-12
0001265376,GEORGE KAISER FAMILY FOUNDATION,4,0,2026-08-12
0000921531,GLOBEFLEX CAPITAL L P,4,0,2026-08-12
0001697233,GQG Partners LLC,4,0,2026-08-12
0001910386,"GUERRA PAN ADVISORS, LLC",4,0,2026-08-12
0001283072,GUGGENHEIM CAPITAL LLC,4,0,2026-08-12
0001082917,"GW&K Investment Management, LLC",4,0,2026-08-12
0001713833,"Gigafund Management Company, LLC",3,0,2026-08-12
0001604350,Glendon Capital Management LP,4,0,2026-08-12
0001864123,"Goodman Advisory Group, LLC",4,0,2026-08-12
0001619390,Graticule Asia Macro Advisors LLC,4,0,2026-08-12
0001710785,Green Court Capital Management Ltd,4,0,2026-08-12
0001532262,"Greenbrier Partners Capital Management, LLC",4,0,2026-08-12
0002097528,"Greenfield Seitz Capital Management, LLC",11,0,2026-08-12
0001896430,Greenland Capital Management LP,4,0,2026-08-12
0001439805,Greenwich Wealth Management LLC,4,0,2026-08-12
0001308668,"GuideStone Capital Management, LLC",4,0,2026-08-12
0001767564,"H&F Corporate Investors IX, Ltd.",4,0,2026-08-12
0001767563,"H&F Corporate Investors VIII, Ltd.",4,0,2026-08-12
0001901930,"H&F Corporate Investors X, Ltd.",4,0,2026-08-12
0000914973,HANOVER ADVISORS INC,4,0,2026-08-12
0001387921,HARBER ASSET MANAGEMENT LLC,4,0,2026-08-12
0000810121,"HARBOUR INVESTMENTS, INC.",4,0,2026-08-12
0001961320,"HIGHLAND PEAK CAPITAL, LLC",4,0,2026-08-12
0001184820,HOLDERNESS INVESTMENTS CO,4,0,2026-08-12
0001006364,Hardman Johnston Global Advisors LLC,4,0,2026-08-12
0001597857,"Hartree Partners, LP",4,0,2026-08-12
0001347683,"Haverford Financial Services, Inc.",4,0,2026-08-12
0000842941,Haverford Trust Co,4,0,2026-08-12
0001866040,Heartland Bank & Trust Co,4,0,2026-08-12
0001541496,Hendershot Investments Inc.,4,0,2026-08-12
0002131483,Henshaw Capital LLC,42,0,2026-08-12
0001802451,HighMark Wealth Management LLC,4,0,2026-08-12
0001423673,"Hikari Tsushin, Inc.",4,0,2026-08-12
0001979028,"Hill Investment Group Partners, LLC",4,0,2026-08-12
0001368465,Hillsdale Investment Management Inc.,4,0,2026-08-12
0001511697,Huber Capital Management LLC,4,0,2026-08-12
0001847700,Hudson Portfolio Management LLC,4,0,2026-08-12
0002106035,HughesLittle Investment Management Ltd.,51,58,2026-08-12
0001350879,"INDUS CAPITAL PARTNERS, LLC",4,0,2026-08-12
0001092838,INTREPID CAPITAL MANAGEMENT INC,4,0,2026-08-12
0001602237,IPG Investment Advisors LLC,4,0,2026-08-12
0001541910,Illinois Municipal Retirement Fund,4,0,2026-08-12
0001696899,Independent Advisor Alliance,4,0,2026-08-12
0001749333,Infusive Asset Management Inc.,4,0,2026-08-12
0001670139,"Inspire Investing, LLC",4,1,2026-08-12
0001737109,Integrated Wealth Concepts LLC,4,0,2026-08-12
0001677253,"Intellectus Partners, LLC",4,0,2026-08-12
0002055137,Intellus Advisors LLC,4,0,2026-08-12
0001641296,Intrepid Financial Planning Group LLC,4,0,2026-08-12
0001671754,Intrinsic Edge Capital Management LLC,4,0,2026-08-12
0001615135,"Ironsides Asset Advisors, LLC",4,0,2026-08-12
0001890435,"Iyo Bank, Ltd.",4,0,2026-08-12
0001394517,"J. H. Whitney Equity Partners VI, LLC",3,0,2026-08-12
0000019617,JPMORGAN CHASE & CO,4,2,2026-08-12
0002026745,KCM Capital Inc,3,0,2026-08-12
0002019084,"KIRTLAND HILLS CAPITAL MANAGEMENT, LLC",4,0,2026-08-12
0001717443,KLP KAPITALFORVALTNING AS,4,0,2026-08-12
0001970731,Kailix Advisors LLC,4,0,2026-08-12
0001731372,Kendall Capital Management,4,0,2026-08-12
0001979884,"Kensington Asset Management, LLC",4,1,2026-08-12
0001582633,Kiltearn Partners LLP,4,0,2026-08-12
0001892770,Knott David M Jr,4,0,2026-08-12
0001713390,Kontiki Capital Management,4,0,2026-08-12
0001441689,Korea Investment CORP,4,0,2026-08-12
0001665198,"Kovitz Investment Group Partners, LLC",4,0,2026-08-12
0002136913,Krane Financial Solutions LLC,2,0,2026-08-12
0001392364,L & S Advisors Inc,4,0,2026-08-12
0001536186,"LANDSCAPE CAPITAL MANAGEMENT, L.L.C.",4,0,2026-08-12
0001085601,LASALLE INVESTMENT MANAGEMENT SECURITIES LLC,4,0,2026-08-12
0002009224,"LHM, INC.",4,0,2026-08-12
0002011314,LM Advisors LLC,4,0,2026-08-12
0001965772,"LMG Wealth Partners, LLC",4,0,2026-08-12
0000897599,LOCKHEED MARTIN INVESTMENT MANAGEMENT CO,4,0,2026-08-12
0001013287,LYNX CAPITAL GROUP LTD /ADV,11,0,2026-08-12
0001542302,LYRICAL ASSET MANAGEMENT LP,4,0,2026-08-12
0001766228,"Legacy Capital Wealth Partners, LLC",4,0,2026-08-12
0001767559,London & Capital Asset Management Ltd,4,0,2026-08-12
0001845501,Long Corridor Asset Management Ltd,4,0,2026-08-12
0001664999,Longitude,3,0,2026-08-12
0001976157,M1 Capital Management LLC,4,0,2026-08-12
0002134981,"MAGARIAN CAPITAL MANAGEMENT, LLC",1,0,2026-08-12
0001618376,"MAGNOLIA GROUP, LLC",4,0,2026-08-12
0002016972,"MAINSAIL ASSET MANAGEMENT, LLC",4,0,2026-08-12
0001127612,MAINSTAY CAPITAL MANAGEMENT LLC /ADV,4,0,2026-08-12
0001114702,MARIETTA INVESTMENT PARTNERS LLC,4,0,2026-08-12
0001008868,MARTIN & CO INC /TN/,4,0,2026-08-12
0001167711,"MASON STREET ADVISORS, LLC",4,0,2026-08-12
0002110838,MATTERS CAPITAL LLC,3,0,2026-08-12
0001602905,MCF Advisors LLC,4,0,2026-08-12
0001015877,MCINTYRE FREEDMAN & FLYNN INVESTMENT ADVISERS INC,4,0,2026-08-12
0001732811,"MFN Partners Management, LP",4,1,2026-08-12
0001952532,"MGO Private Wealth, LLC",4,0,2026-08-12
0002010351,MKA Charitable Fund,4,0,2026-08-12
0001133014,MONETARY MANAGEMENT GROUP INC,4,0,2026-08-12
0001656187,MUFG SECURITIES,4,0,2026-08-12
0001597694,MUFG Securities EMEA plc,4,1,2026-08-12
0001371726,"MYCIO WEALTH PARTNERS, LLC",4,0,2026-08-12
0001844424,"Madison Wealth Partners, Inc",4,0,2026-08-12
0001729854,MainStreet Investment Advisors LLC,4,0,2026-08-12
0001572748,Marathon Trading Investment Management LLC,4,0,2026-08-12
0001668256,Matisse Capital,4,0,2026-08-12
0001633227,"McGowan Group Asset Management, Inc.",4,0,2026-08-12
0001833140,McLean Asset Management Corp,4,0,2026-08-12
0001576704,"Measured Risk Portfolios, Inc.",4,0,2026-08-12
0001781942,"Meridian Wealth Partners, LLC",4,0,2026-08-12
0002130487,Militia Capital Management LLC,2,2,2026-08-12
0002111377,"Miller Capital Partners, Inc.",3,0,2026-08-12
0001541536,Minerva Advisors LLC,4,0,2026-08-12
0002033031,Mirabaud Asset Management,2,0,2026-08-12
0001680493,Mirabaud Asset Management Ltd,4,0,2026-08-12
0001569395,"Mirae Asset Global Investments Co., Ltd.",4,1,2026-08-12
0002093346,Missouri Education Pension Trust,3,0,2026-08-12
0001831133,Montanaro Asset Management Ltd,4,0,2026-08-12
0002149844,Montgomery Financial Services LLC,1,0,2026-08-12
0000071633,NEW YORK LIFE INSURANCE CO,4,0,2026-08-12
0002040084,"NFP Retirement, Inc.",4,1,2026-08-12
0001374170,NORGES BANK,4,2,2026-08-12
0001629649,"NORTHWESTERN MUTUAL INVESTMENT MANAGEMENT COMPANY, LLC",4,0,2026-08-12
0001141802,NORTHWESTERN MUTUAL WEALTH MANAGEMENT CO,4,1,2026-08-12
0001606720,NYL Investors LLC,4,0,2026-08-12
0002011874,Napean Trading & Investment Co,4,0,2026-08-12
0002068447,"New Dimensions Wealth Management, LLC",4,0,2026-08-12
0001767724,New World Advisors LLC,4,1,2026-08-12
0001633516,"NewEdge Advisors, LLC",4,1,2026-08-12
0002019017,Nitor Capital Management LLC,3,0,2026-08-12
0001846352,"Nixon Capital, LLC",4,0,2026-08-12
0001888610,"Norwood Investment Partners, LP",4,0,2026-08-12
0002021442,Nutshell Asset Management Ltd,4,0,2026-08-12
0001730962,"ODonnell Financial Services, LLC",4,0,2026-08-12
0001817681,"OEP CAPITAL ADVISORS, L.P.",4,0,2026-08-12
0001097833,OPUS INVESTMENT MANAGEMENT INC,4,0,2026-08-12
0001013234,ORLEANS CAPITAL MANAGEMENT CORP/LA,4,0,2026-08-12
0002149849,"OceanIQ Capital, LLC",1,0,2026-08-12
0001591377,"Oppenheimer & Close, LLC",4,0,2026-08-12
0001859606,Optiver Holding B.V.,4,1,2026-08-12
0001858319,"Orchard Capital Management, LLC",4,0,2026-08-12
0001907212,"PACK Private Wealth, LLC",4,0,2026-08-12
0001426318,PCJ Investment Counsel Ltd.,4,0,2026-08-12
0001091923,PENINSULA ASSET MANAGEMENT INC,4,0,2026-08-12
0001128213,"PETTYJOHN, WOOD & WHITE, INC",4,0,2026-08-12
0001730073,"PFA Pension, Forsikringsaktieselskab",3,0,2026-08-12
0001472190,PGGM Investments,4,0,2026-08-12
0001856103,PINNBROOK CAPITAL MANAGEMENT LP,4,0,2026-08-12
0000712011,PLANNING ALTERNATIVES LTD /ADV,4,0,2026-08-12
0001137774,PRUDENTIAL FINANCIAL INC,4,0,2026-08-12
0002064920,Pacific Capital Partners Ltd,4,0,2026-08-12
0001591546,"Pacific Ridge Capital Partners, LLC",4,0,2026-08-12
0001486713,"Pacifica Capital Investments, LLC",4,0,2026-08-12
0001846310,Palumbo Wealth Management LLC,4,0,2026-08-12
0002058702,"Pandi, LLC",4,0,2026-08-12
0001556198,Parafestas Anastasios,4,0,2026-08-12
0001535110,Parametrica Management Ltd,4,0,2026-08-12
0001819257,Patient Square Capital LP,4,0,2026-08-12
0002097384,"Peak Planning Group, LLC",22,0,2026-08-12
0002054108,"Permanent Capital Management, LP",4,0,2026-08-12
0001802695,Perseverance Asset Management International,4,0,2026-08-12
0001411784,"Pinnacle Holdings, LLC",4,0,2026-08-12
0001975730,"Pinnacle West Asset Management, Inc.",4,0,2026-08-12
0001909664,"Pitti Group Wealth Management, LLC",4,0,2026-08-12
0002107740,"Ponta Wealth Partners, LLC",3,0,2026-08-12
0002022783,"Prairie Wealth Advisors, Inc.",4,0,2026-08-12
0001908619,"Promethos Capital, LLC",4,0,2026-08-12
0001512991,Quantbot Technologies LP,4,0,2026-08-12
0002046179,"RD Lewis Holdings, Inc.",4,0,2026-08-12
0001734398,"RED CEDAR INVESTMENT MANAGEMENT, LLC",4,0,2026-08-12
0001911488,"REGATTA CAPITAL GROUP, LLC",4,0,2026-08-12
0001115418,RHUMBLINE ADVISERS,4,0,2026-08-12
0001599795,"ROBINSON CAPITAL MANAGEMENT, LLC",4,0,2026-08-12
0001294591,"Rakuten Group, Inc.",4,0,2026-08-12
0002009539,"Rakuten Securities, Inc.",4,0,2026-08-12
0001582112,"Rather & Kittrell, Inc.",4,0,2026-08-12
0002137529,Regatta Research & Money Management,1,0,2026-08-12
0001973981,"Resolute Wealth Strategies, LLC",4,0,2026-08-12
0001696438,Round Hill Asset Management,4,0,2026-08-12
0001846991,"Round Rock Advisors, LLC",4,1,2026-08-12
0001874163,S&G Foundation,2,0,2026-08-12
0001010911,S&T BANK/PA,4,0,2026-08-12
0002010095,"SARD WEALTH MANAGEMENT GROUP, LLC",4,0,2026-08-12
0001905867,"SAXON INTERESTS, INC.",4,0,2026-08-12
0001475373,SECTOR GAMMA AS,4,0,2026-08-12
0002021047,SEEDS INVESTOR LLC,4,0,2026-08-12
0001006378,"SEGALL BRYANT & HAMILL, LLC",4,1,2026-08-12
0001607512,"SEGRA CAPITAL MANAGEMENT, LLC",4,0,2026-08-12
0002096483,"SHERMAN PORFOLIOS, LLC",6,0,2026-08-12
0000908195,SHUFRO ROSE & CO LLC,4,0,2026-08-12
0001488542,"SIMPLEX TRADING, LLC",4,0,2026-08-12
0000769317,SIT INVESTMENT ASSOCIATES INC,4,1,2026-08-12
0001867958,"SK Wealth Management, LLC",4,0,2026-08-12
0000200724,"SMITH, MOORE & CO.",4,0,2026-08-12
0000820124,SOUND SHORE MANAGEMENT INC /CT/,4,0,2026-08-12
0001910264,"SR ONE CAPITAL MANAGEMENT, LP",4,0,2026-08-12
0000315032,STATE FARM MUTUAL AUTOMOBILE INSURANCE CO,4,0,2026-08-12
0000720672,STIFEL FINANCIAL CORP,4,0,2026-08-12
0001685676,STOREBRAND ASSET MANAGEMENT AS,26,0,2026-08-12
0000937760,SUMITOMO LIFE INSURANCE CO,4,0,2026-08-12
0001097362,SUN LIFE FINANCIAL INC,4,0,2026-08-12
0001988408,SYKON CAPITAL LLC,4,0,2026-08-12
0002043469,Santa Clara Valley Transportation Authority,4,0,2026-08-12
0001992879,"Second Line Capital, LLC",4,0,2026-08-12
0002149814,SeedSafe Financial LLC,3,0,2026-08-12
0001738809,"Semanteon Capital Management, LP",4,0,2026-08-12
0001443689,Senator Investment Group LP,4,0,2026-08-12
0001673954,"SevenBridge Financial Group, LLC",5,0,2026-08-12
0001705712,Silver Heights Capital Management Inc,4,0,2026-08-12
0002010393,Smartleaf Asset Management LLC,4,0,2026-08-12
0001567912,Somerset Group LLC,4,0,2026-08-12
0002109734,"Stembrook Asset Management, LLC",3,0,2026-08-12
0002091341,Step Capital Management Pte. Ltd.,3,0,2026-08-12
0002107267,Stephens Greth Foundation,3,0,2026-08-12
0001904832,Stiles Financial Services Inc,4,0,2026-08-12
0000913760,StoneX Group Inc.,4,0,2026-08-12
0001600035,Stonebridge Capital Advisors LLC,4,0,2026-08-12
0001877054,Stonegate Management LLC,4,0,2026-08-12
0002110835,"Storgate, LLC",3,0,2026-08-12
0001720777,"Strategic Wealth Partners, Ltd.",4,0,2026-08-12
0001765536,"Summit Financial, LLC",4,0,2026-08-12
0002067342,Sun Financial Inc,3,0,2026-08-12
0002110891,"Sunrise Financial Services, LLC",3,0,2026-08-12
0000714142,TEACHERS RETIREMENT SYSTEM OF THE STATE OF KENTUCKY,4,0,2026-08-12
0001714267,THAMES CAPITAL MANAGEMENT LLC,4,0,2026-08-12
0001099281,THIRD AVENUE MANAGEMENT LLC,4,0,2026-08-12
0002057073,"THOR TRADING ADVISORS, LLC",4,0,2026-08-12
0001802080,"TOBIAS FINANCIAL ADVISORS, INC.",4,0,2026-08-12
0001278249,TOWER BRIDGE ADVISORS,4,0,2026-08-12
0002130988,"TRB Wealth Management, LLC",2,0,2026-08-12
0001345471,"TRIAN FUND MANAGEMENT, L.P.",4,0,2026-08-12
0000861176,TRUSTMARK BANK TRUST DEPARTMENT,4,0,2026-08-12
0002021982,"TWIN CITY PRIVATE WEALTH, LLC",4,0,2026-08-12
0001755911,Taikang Asset Management,4,0,2026-08-12
0002041062,Talos Eurisko Asset Management LP,4,0,2026-08-12
0001755784,"TenCore Partners, LP",4,0,2026-08-12
0002086025,"Teton Advisors, LLC",4,0,2026-08-12
0001332342,Texas Yale Capital Corp.,4,0,2026-08-12
0002109452,Titan Wealth,3,0,2026-08-12
0001852808,"Tower Wealth Partners, Inc.",4,0,2026-08-12
0001535096,Tree Line Advisors,4,0,2026-08-12
0001336800,"Trigran Investments, Inc.",4,0,2026-08-12
0001750405,Truvestments Capital LLC,4,0,2026-08-12
0001554179,Turiya Advisors Asia Ltd,4,0,2026-08-12
0001535588,"Twin Tree Management, LP",4,0,2026-08-12
0001823138,Two Seas Capital LP,4,0,2026-08-12
0001882673,US Asset Management LLC,4,0,2026-08-12
0000036104,US BANCORP \DE\,4,0,2026-08-12
0001994249,University of Illinois Foundation,4,0,2026-08-12
0001624050,"University of Maryland Foundation, Inc.",4,0,2026-08-12
0001896071,University of Pittsburgh - Of the Commonwealth System of Higher Education,4,0,2026-08-12
0001740140,VISTA INVESTMENT MANAGEMENT,4,0,2026-08-12
0001068837,VOYA INVESTMENT MANAGEMENT LLC,4,0,2026-08-12
0001740451,"VanWeelden Wealth Management, LLC",4,0,2026-08-12
0001560009,"Versant Venture Management, LLC",4,0,2026-08-12
0001910342,"Vesey Street Capital Partners, L.L.C.",4,0,2026-08-12
0001744347,"Vident Advisory, LLC",4,0,2026-08-12
0001803169,Viola Growth Management Fund 2 Ltd.,1,0,2026-08-12
0001424367,"Voya Financial Advisors, Inc.",4,0,2026-08-12
0000752365,WALTER & KEENAN WEALTH MANAGEMENT LLC /IN/ /ADV,4,0,2026-08-12
0001278793,WEIK CAPITAL MANAGEMENT,4,0,2026-08-12
0000883965,"WEITZ INVESTMENT MANAGEMENT, INC.",4,0,2026-08-12
0001042063,WELCH CAPITAL PARTNERS LLC/NY,4,0,2026-08-12
0001177719,WESTFIELD CAPITAL MANAGEMENT CO LP,4,0,2026-08-12
0000719245,WESTPAC BANKING CORP,4,1,2026-08-12
0000776867,WHITE MOUNTAINS INSURANCE GROUP LTD,4,0,2026-08-12
0001644956,"WILLIAM BLAIR INVESTMENT MANAGEMENT, LLC",4,0,2026-08-12
0002000043,WIT Partners Advisory Pte. Ltd.,4,0,2026-08-12
0001697790,"WITTENBERG INVESTMENT MANAGEMENT, INC.",4,0,2026-08-12
0001803088,Walnut Level Capital LLC,4,0,2026-08-12
0002057078,Warm Springs Advisors Inc.,4,0,2026-08-12
0001570717,"Waterfall Asset Management, LLC",4,0,2026-08-12
0001344114,Waverton Investment Management Ltd,3,0,2026-08-12
0002111728,Wealth High Governance Asset Management Ltda.,3,2,2026-08-12
0001729303,"WealthShield Partners, LLC",4,0,2026-08-12
0001729300,"X-Square Capital, LLC",4,0,2026-08-12
0001368163,Zurcher Kantonalbank,4,0,2026-08-12
0001919867,iSAM Funds,4,0,2026-08-12
0001584087,1492 Capital Management LLC,4,0,2026-08-11
0001802324,"360 Financial, Inc.",4,1,2026-08-11
0001097278,ADVENT CAPITAL MANAGEMENT /DE/,4,0,2026-08-11
0001714498,"AIP, LLC",4,0,2026-08-11
0001700286,ALGEBRIS,4,1,2026-08-11
0001692252,"ARTHUR M. COHEN & ASSOCIATES, LLC",4,0,2026-08-11
0001564835,"ASAHI LIFE ASSET MANAGEMENT CO., LTD.",4,0,2026-08-11
0001497637,Accuvest Global Advisors,4,0,2026-08-11
0001425930,AdvisorShares Investments LLC,4,0,2026-08-11
0001345576,"Advisors Capital Management, LLC",4,0,2026-08-11
0001598841,"Advisors Preferred, LLC",4,0,2026-08-11
0001576762,"Advisory Alpha, LLC",4,0,2026-08-11
0001728201,Aequim Alternative Investments LP,4,0,2026-08-11
0001897835,"Alan B Lancz & Associates, Inc.",4,0,2026-08-11
0001426771,"Alaska Permanent Capital Management, LLC",4,0,2026-08-11
0001731601,Alaska Wealth Advisors,4,0,2026-08-11
0001873435,Alfreton Capital LLP,4,0,2026-08-11
0001731358,"All Terrain Financial Advisors, LLC",4,0,2026-08-11
0001555170,Allworth Financial LP,4,0,2026-08-11
0002062492,AlpenGlobal Capital LLC,2,0,2026-08-11
0001966219,"Alpha Financial Partners, LLC",4,0,2026-08-11
0002059327,"Alpha Wealth Funds, LLC",4,0,2026-08-11
0001731671,"Altman Advisors, Inc.",4,1,2026-08-11
0001330387,Amundi,4,0,2026-08-11
0002083500,"Anchor Bay Capital, Inc.",1,0,2026-08-11
0002056695,"Apex Wealth Management, LLC",4,0,2026-08-11
0002059339,"Arcadia Wealth Management, Inc.",4,0,2026-08-11
0002126837,"Arch Global Advisors, LLC",2,0,2026-08-11
0002087115,"Arrington Capital Management, LLC",3,0,2026-08-11
0001389082,"Arrow Capital Management, LLC",3,0,2026-08-11
0002109474,Arsenal Capital Advisors LLC,3,0,2026-08-11
0002048608,Aspetuck Financial Management LLC,4,0,2026-08-11
0002054825,Astra Wealth Partners LLC,4,1,2026-08-11
0001893143,"Atlantic Private Wealth, LLC",4,0,2026-08-11
0000883948,Atlantic Union Bankshares Corp,4,0,2026-08-11
0002107394,August Group Capital Ltd,3,0,2026-08-11
0001843527,B&I Capital AG,4,0,2026-08-11
0001847838,B. Metzler seel. Sohn & Co. AG,4,0,2026-08-11
0001335382,BANK OF NOVA SCOTIA TRUST CO,4,0,2026-08-11
0001352467,"BBR PARTNERS, LLC",4,0,2026-08-11
0002147314,BEACON HILL WEALTH MANAGEMENT LTD.,1,0,2026-08-11
0002052916,"BEARING POINT CAPITAL, LLC",4,0,2026-08-11
0002063211,"BINGHAM PRIVATE WEALTH, LLC",3,0,2026-08-11
0001425041,"BISLETT MANAGEMENT, LLC",4,0,2026-08-11
0000902367,BLAIR WILLIAM & CO/IL,4,0,2026-08-11
0001259261,BOSTON RESEARCH & MANAGEMENT INC,4,0,2026-08-11
0002022456,"BRIGHT FINANCIAL ADVISORS, INC.",4,0,2026-08-11
0001360798,BRIGHTON JONES LLC,4,1,2026-08-11
0001966297,"BURR FINANCIAL SERVICES, LLC",4,0,2026-08-11
0002043468,"Beckerman Institutional, LLC",4,0,2026-08-11
0001569863,"Bernicke Wealth Management, Ltd.",3,0,2026-08-11
0001928561,Bitwise Funds Trust,1,0,2026-08-11
0001903059,"BlackDiamond Wealth Management, LLC",4,0,2026-08-11
0002032856,"Blue Capital, Inc.",4,0,2026-08-11
0001858703,Blue Owl Capital Holdings LP,4,1,2026-08-11
0001977465,"BlueStem Wealth Partners, LLC",4,0,2026-08-11
0001567013,"Bolthouse Investments, LLC",4,1,2026-08-11
0001691982,"Bowie Capital Management, LLC",4,0,2026-08-11
0002055007,"Bradyco, Inc.",4,0,2026-08-11
0001723787,"Bratton Capital Management, L.P.",4,0,2026-08-11
0001713521,"Bridge City Capital, LLC",4,0,2026-08-11
0001314376,Broderick Brian C,4,0,2026-08-11
0002036388,Brooklands Fund Management Ltd,4,0,2026-08-11
0002111611,"Buckley Capital Advisors, LLC",3,0,2026-08-11
0002136877,Burnham & Co LLC,1,0,2026-08-11
0001091860,C M BIDWELL & ASSOCIATES LTD,4,0,2026-08-11
0001340459,C V STARR & CO INC,4,0,2026-08-11
0001600327,CAHILL FINANCIAL ADVISORS INC,4,0,2026-08-11
0001914083,CENTRAL BANK OF BRAZIL,4,0,2026-08-11
0002045104,CIBC Capital Markets,2,0,2026-08-11
0001635523,"CLEAR INVESTMENT RESEARCH, LLC",4,0,2026-08-11
0002106852,COGENT STRATEGIC WEALTH LLC,3,0,2026-08-11
0002011014,"CONSCIOUS WEALTH INVESTMENTS, LLC",4,0,2026-08-11
0002044324,"CORNERSTONE ADVISORS ASSET MANAGEMENT, LLC",4,0,2026-08-11
0001119376,COURAGE CAPITAL MANAGEMENT LLC,4,0,2026-08-11
0002050974,CVFG LLC,4,0,2026-08-11
0002013390,CacheTech Inc.,5,0,2026-08-11
0002135817,Cadia Private Client LLC,3,0,2026-08-11
0001904373,Caldwell Investment Management Ltd.,4,0,2026-08-11
0001938970,"Callan Family Office, LLC",4,0,2026-08-11
0001426319,Cannell & Spears LLC,4,1,2026-08-11
0002100130,"Cannon Capital Management, Inc.",3,0,2026-08-11
0002043725,"Cannon Wealth Management Services, LLC",4,0,2026-08-11
0001768237,Cape Ann Asset Management Ltd,4,0,2026-08-11
0001596076,Capital Innovations LLC,3,0,2026-08-11
0002145383,Carolina Wealth Management Inc,1,0,2026-08-11
0001909304,Carson Advisory Inc.,4,0,2026-08-11
0002018936,"Cascade Wealth Advisors, Inc",4,0,2026-08-11
0002064807,"Cauble & Harre Wealth Management, Inc.",3,0,2026-08-11
0002132639,Causey Wealth LLC,7,1,2026-08-11
0001872738,CenterBook Partners LP,4,0,2026-08-11
0001738726,Ceredex Value Advisors LLC,4,1,2026-08-11
0001592178,"Chicago Wealth Management, Inc.",4,0,2026-08-11
0001399794,Choate Investment Advisors,4,0,2026-08-11
0001352187,"Clark Capital Management Group, Inc.",4,0,2026-08-11
0001562855,"Clarkston Capital Partners, LLC",4,0,2026-08-11
0001915687,"Clay Northam Wealth Management, LLC",4,0,2026-08-11
0001718570,Close Asset Management Ltd,4,0,2026-08-11
0001567993,Colonial Trust Advisors,4,0,2026-08-11
0001954093,Colonial Trust Co / SC,4,0,2026-08-11
0001720292,Compass Advisory Group LLC,4,0,2026-08-11
0001904906,"Consilium Wealth Advisory, LLC",4,0,2026-08-11
0002054801,Contrarius Group Holdings Ltd,4,0,2026-08-11
0002045258,"Copley Financial Group, Inc.",4,0,2026-08-11
0001770532,"Core Wealth Advisors, Inc.",4,0,2026-08-11
0002056783,"Cornerstone Financial Group, LLC /NE/",4,0,2026-08-11
0002022076,"Councilmark Asset Management, LLC",4,0,2026-08-11
0001571075,"Cunning Capital Partners, LP",4,0,2026-08-11
0001021117,D L CARLSON INVESTMENT GROUP INC,4,0,2026-08-11
0001624576,"DAG Ventures, LLC",3,0,2026-08-11
0001036325,DAVIS SELECTED ADVISERS,4,1,2026-08-11
0000354204,DIMENSIONAL FUND ADVISORS LP,4,0,2026-08-11
0000814375,"DONALD SMITH & CO., INC.",4,0,2026-08-11
0001910389,DRAVO BAY LLC,4,0,2026-08-11
0001584258,"DUMAC, INC.",3,0,2026-08-11
0001388838,"Dalton Investments, Inc.",4,0,2026-08-11
0002113408,Dedeker Financial LLC,3,0,2026-08-11
0002056242,"Disciplined Investors, L.L.C.",4,0,2026-08-11
0001750451,Discovery Value Fund,4,0,2026-08-11
0001456670,DnB Asset Management AS,4,0,2026-08-11
0001842296,"E Fund Management Co., Ltd.",2,0,2026-08-11
0001088388,EAGLE HARBOR ASSET MANAGEMENT INC /ADV,19,0,2026-08-11
0001690717,"ELCO Management Co., LLC",4,0,2026-08-11
0001457320,"EXCHANGE TRADED CONCEPTS, LLC",4,1,2026-08-11
0001607203,Eagle Point Credit Management LLC,3,0,2026-08-11
0002078760,Eddie Patel Inc,3,0,2026-08-11
0001535061,"Edgestream Partners, L.P.",4,0,2026-08-11
0001965267,"Eley Financial Management, Inc",4,1,2026-08-11
0002053013,"Emeth Value Capital, LLC",4,0,2026-08-11
0001469336,"Empery Asset Management, LP",3,0,2026-08-11
0002135356,"Encore Global Management, LP",2,0,2026-08-11
0002011025,Endurance Services Ltd,4,0,2026-08-11
0001909572,Enhancing Capital LLC,4,0,2026-08-11
0002101006,Evergreen Wealth Partners LLC,3,0,2026-08-11
0002082744,"Exit Wealth Advisors, LLC.",4,0,2026-08-11
0002026980,Expressive Wealth LLC,3,0,2026-08-11
0001166402,FCA CORP /TX,4,0,2026-08-11
0000036029,FIRST FINANCIAL BANKSHARES INC,4,0,2026-08-11
0001125816,FIRST TRUST ADVISORS LP,4,0,2026-08-11
0002011882,"FOSTER DYKEMA CABOT & PARTNERS, LLC",4,0,2026-08-11
0002033232,"Fairfield Financial Advisors, LTD",4,0,2026-08-11
0002059365,Fairtree Asset Management,4,0,2026-08-11
0001632966,Farmers National Bank,4,0,2026-08-11
0001967227,"Financial Alternatives, Inc",4,0,2026-08-11
0001997602,"Financial Security Advisor, Inc.",4,0,2026-08-11
0001774343,"Financial Strategies Group, Inc.",4,0,2026-08-11
0000765207,"First Bancorp, Inc /ME/",4,0,2026-08-11
0001406026,"First Trust Bank, Ltd.",4,0,2026-08-11
0002064001,"Fischer Financial Services, Inc.",4,0,2026-08-11
0001973323,"Foresight Global Investors, Inc.",4,1,2026-08-11
0001795487,FountainVest China Capital Partners GP3 Ltd.,5,0,2026-08-11
0002032561,FreeGulliver LLC,4,0,2026-08-11
0001609120,Freemont Management S.A.,4,0,2026-08-11
0002116327,Fund Advisors of America Inc/FL,3,0,2026-08-11
0001910858,"G2 CAPITAL MANAGEMENT, LLC / OH",4,0,2026-08-11
0002011891,GLOBALT Investments LLC / GA,4,0,2026-08-11
0001939443,"GRAND WEALTH MANAGEMENT, LLC",4,0,2026-08-11
0001404784,"GRANVILLE CAPITAL, INC.",3,0,2026-08-11
0002107464,"Gambit Capital Management, LLC",3,0,2026-08-11
0001965351,Garden State Investment Advisory Services LLC,4,0,2026-08-11
0002109857,Garton & Associates Financial Advisors LLC,3,0,2026-08-11
0001580018,"Gem Investment Advisors, LLC",3,0,2026-08-11
0002070529,"Generations Wealth, LLC",3,0,2026-08-11
0001900576,Geometric Wealth Advisors,4,0,2026-08-11
0001542161,"Glaxis Capital Management, LLC",4,0,2026-08-11
0002097943,"Godfrey Financial Associates, Inc.",3,0,2026-08-11
0002040021,"Goldstone Financial Group, LLC",4,0,2026-08-11
0001439207,"Green Alpha Advisors, LLC",4,0,2026-08-11
0001922200,"Greenspring Advisors, LLC",4,0,2026-08-11
0002041220,"Greykasell Wealth Strategies, Inc.",4,0,2026-08-11
0002114795,"Gunpowder Capital Management, LLC dba Oliver Wealth Management",3,0,2026-08-11
0000937394,HEARTLAND ADVISORS INC,4,0,2026-08-11
0002063476,"HF Capital, LLC",3,0,2026-08-11
0001909798,HILL ISLAND FINANCIAL LLC,4,0,2026-08-11
0001056823,HORIZON KINETICS ASSET MANAGEMENT LLC,4,0,2026-08-11
0002010015,Hara Capital LLC,4,0,2026-08-11
0001796409,Heard Capital LLC,4,1,2026-08-11
0001839497,Helikon Investments Ltd,4,0,2026-08-11
0002056653,Helium Advisors LLC,4,0,2026-08-11
0001494234,Hemenway Trust Co LLC,4,0,2026-08-11
0001842149,Heron Bay Capital Management,4,0,2026-08-11
0002034214,"Hershey Financial Advisers, LLC",4,0,2026-08-11
0001903786,Highview Capital Management LLC/DE/,4,0,2026-08-11
0001675688,Honeycomb Asset Management LP,4,1,2026-08-11
0001910660,"Horizon Family Wealth, Inc.",4,0,2026-08-11
0001779789,"IEQ CAPITAL, LLC",4,0,2026-08-11
0001765617,"IFS Advisors, LLC",4,0,2026-08-11
0001821561,INCEPTIONR LLC,4,0,2026-08-11
0001334952,"INSIGHT 2811, INC.",4,0,2026-08-11
0001484043,ITHAKA GROUP LLC,4,0,2026-08-11
0001531964,Ibex Investors LLC,4,0,2026-08-11
0001749768,Impax Asset Management Group plc,4,0,2026-08-11
0001756485,"Independent Family Office, LLC",4,0,2026-08-11
0001660177,Integrated Advisors Network LLC,4,0,2026-08-11
0002113155,Integrated Wealth Management,3,0,2026-08-11
0001953154,Investidor Profissional Gestao de Recursos Ltda.,4,0,2026-08-11
0002131759,"Investment Management Trust, LLC",2,0,2026-08-11
0001476993,"Investure, LLC",4,0,2026-08-11
0001811161,J. Mark Nickell & Co.,3,1,2026-08-11
0001138532,JB CAPITAL PARTNERS LP,4,0,2026-08-11
0000919530,JOHN G ULLMAN & ASSOCIATES INC,4,0,2026-08-11
0001963536,"Jessup Wealth Management, Inc",4,0,2026-08-11
0001910790,John & Kathleen Schreiber Foundation,4,0,2026-08-11
0001707975,Jordan Park Group LLC,4,0,2026-08-11
0001774207,Jupiter Wealth Management LLC,4,0,2026-08-11
0001702912,KALEIDOSCOPE CAPITAL LP,4,0,2026-08-11
0000949615,KAYNE ANDERSON CAPITAL ADVISORS LP,4,0,2026-08-11
0002137659,KB Prvo drustvo za upravuvanje so zadolzitelni i dobrovolni penziski fondovi AD Skopje,1,0,2026-08-11
0001197921,KELLOGG W K FOUNDATION TRUST,4,0,2026-08-11
0002050555,"KEYVANTAGE WEALTH, LLC",4,0,2026-08-11
0002103443,"Keating Financial Advisory Services, Inc.",3,0,2026-08-11
0001803675,Keebeck Wealth Management,4,0,2026-08-11
0002055199,Kennondale Capital Management LLC,4,0,2026-08-11
0001699292,Khan Imran,2,0,2026-08-11
0002058915,Kilter Group LLC,4,0,2026-08-11
0001759354,KilterHowling LLC,4,0,2026-08-11
0002057208,"Kingstone Capital Partners Texas, LLC",4,1,2026-08-11
0001599814,"Kopernik Global Investors, LLC",4,0,2026-08-11
0001566089,LDR Capital Management LLC,4,0,2026-08-11
0002057190,LM Asset,4,0,2026-08-11
0001966193,"LaSalle St. Investment Advisors, LLC",4,0,2026-08-11
0001308377,"Lafayette Investments, Inc.",4,0,2026-08-11
0001800608,Laidlaw Wealth Management LLC,4,0,2026-08-11
0002106818,"Lalia Capital, LLC",3,0,2026-08-11
0001317961,"Latash Investments, LLC",4,0,2026-08-11
0002045484,"LifePlan Investment Advisors, Inc.",4,0,2026-08-11
0001569638,"M Holdings Securities, Inc.",4,0,2026-08-11
0001890698,MARIPAU WEALTH MANAGEMENT LLC,4,1,2026-08-11
0000351051,MASSACHUSETTS INSTITUTE OF TECHNOLOGY,4,0,2026-08-11
0001777234,MEDICI CAPITAL LLC,4,0,2026-08-11
0001177043,MENDON CAPITAL ADVISORS CORP,4,0,2026-08-11
0002104888,MFF Capital Investments Ltd,3,0,2026-08-11
0001632105,MITCHELL MCLEOD PUGH & WILLIAMS INC,4,0,2026-08-11
0000715113,MJP ASSOCIATES INC /ADV,4,0,2026-08-11
0001765690,"MONECO Advisors, LLC",4,0,2026-08-11
0002056306,MSH Capital Advisors LLC,4,0,2026-08-11
0002034361,"MUSTICO FINANCIAL GROUP, INC.",4,0,2026-08-11
0000922127,MUTUAL OF AMERICA CAPITAL MANAGEMENT LLC,4,0,2026-08-11
0001821406,"Macro Advisors, Inc.",2,0,2026-08-11
0001904770,"Manhattan West Asset Management, LLC",4,0,2026-08-11
0001389223,"Mathes Company, Inc.",4,0,2026-08-11
0001801926,"Mayfair Advisory Group, LLC",4,0,2026-08-11
0001708139,Milestone Resources Group Ltd,4,0,2026-08-11
0002041943,"Millstone Evans Group, LLC",4,0,2026-08-11
0002055574,"Momentous Wealth Management, Inc.",4,0,2026-08-11
0002104890,Montaka Global Pty Ltd,3,0,2026-08-11
0001912460,"Mystic Asset Management, Inc.",4,0,2026-08-11
0001106051,NASPERS LTD,4,0,2026-08-11
0002001019,NEOS Investment Management LLC,4,0,2026-08-11
0001862664,"NFJ INVESTMENT GROUP, LLC",4,0,2026-08-11
0001174850,NICOLET BANKSHARES INC,4,0,2026-08-11
0001842702,Navera Investment Management Ltd.,4,0,2026-08-11
0001282683,"Nierenberg Investment Management Company, Inc.",4,0,2026-08-11
0001715635,Ninepoint Partners LP,4,0,2026-08-11
0001632097,"NorthRock Partners, LLC",4,1,2026-08-11
0001592616,Notis-McConarty Edward,4,1,2026-08-11
0002011548,"Novak & Powell Financial Services, Inc.",4,0,2026-08-11
0001871926,"Nuveen, LLC",4,0,2026-08-11
0001291318,OVERSEA-CHINESE BANKING Corp Ltd,4,1,2026-08-11
0001245862,"OXFORD FINANCIAL GROUP, LTD. LLC",4,0,2026-08-11
0001845109,"Oder Investment Management, LLC",4,0,2026-08-11
0002055812,"OneAscent Family Office, LLC",4,0,2026-08-11
0001780985,OneAscent Financial Services LLC,4,1,2026-08-11
0001974438,OneAscent Investment Solutions LLC,4,0,2026-08-11
0001844707,OneAscent Wealth Management LLC,4,0,2026-08-11
0002046333,Oriental Harbor Investment Master Fund,4,0,2026-08-11
0002033920,Orion Investment Co,4,0,2026-08-11
0001841768,"PATRON PARTNERS, LLC",4,0,2026-08-11
0002109846,"PCM Encore, LLC",3,0,2026-08-11
0001695320,PERISCOPE CAPITAL INC.,4,0,2026-08-11
0001167026,PRINCETON CAPITAL MANAGEMENT LLC,4,0,2026-08-11
0001129919,PROFUND ADVISORS LLC,4,0,2026-08-11
0000315297,PUBLIC EMPLOYEES RETIREMENT ASSOCIATION OF COLORADO,4,0,2026-08-11
0001053914,PUZO MICHAEL J,4,0,2026-08-11
0001895911,Paralel Advisors LLC,4,0,2026-08-11
0001760578,"Pasadena Private Wealth, LLC",4,0,2026-08-11
0002094426,Payne Capital LLC,4,0,2026-08-11
0002113507,PeakShares LLC,3,0,2026-08-11
0001313978,"Permit Capital, LLC",4,0,2026-08-11
0001713558,"Peterson Wealth Advisors, LLC",4,0,2026-08-11
0001898824,"PharVision Advisers, LLC",4,1,2026-08-11
0001679543,Phoenix Financial Ltd.,4,2,2026-08-11
0002110622,"Platform Wealth Management, LLC",2,0,2026-08-11
0002010278,"Portfolio Design Labs, LLC",4,0,2026-08-11
0002066674,"Presper Financial Architects, LLC",4,0,2026-08-11
0001633624,"Price Capital Management, Inc.",4,0,2026-08-11
0001883006,"Private Wealth Asset Management, LLC",4,0,2026-08-11
0001357955,ProShare Advisors LLC,4,0,2026-08-11
0001842526,Proem Advisors LLC,4,0,2026-08-11
0001730814,"Providence Capital Advisors, LLC",4,0,2026-08-11
0001076964,"Provident Investment Management, Inc.",4,0,2026-08-11
0001513125,"Quantum Capital Management, LLC / NJ",4,0,2026-08-11
0002059754,"RASP WEALTH SOLUTIONS, LLC",1,0,2026-08-11
0000315054,REGENTS OF THE UNIVERSITY OF CALIFORNIA,4,4,2026-08-11
0000939334,RIT CAPITAL PARTNERS PLC,4,0,2026-08-11
0001698218,RITHOLTZ WEALTH MANAGEMENT,4,1,2026-08-11
0001604723,RKL Wealth Management LLC,4,0,2026-08-11
0001017115,ROBERTS GLORE & CO INC /IL/,4,0,2026-08-11
0002031671,RPS ADVISORY SOLUTIONS LLC,4,0,2026-08-11
0002056274,Redwood Park Advisors LLC,4,0,2026-08-11
0002069207,"Reliant Investment Partners, LLC",4,0,2026-08-11
0001656167,Renasant Bank,4,0,2026-08-11
0001914606,Retirement Solution LLC,4,3,2026-08-11
0001816374,"Revolution Growth Management Company, Inc.",4,0,2026-08-11
0002054966,"Rialto Wealth Management, LLC",4,0,2026-08-11
0001540462,"Richmond Brothers, Inc.",4,0,2026-08-11
0002111429,"Ridge Creek Global, Inc",3,0,2026-08-11
0002051343,"Ring Mountain Capital, LLC",4,0,2026-08-11
0001595747,Roberts Foundation,4,0,2026-08-11
0002067588,"Robinhood Asset Management, LLC",3,0,2026-08-11
0001811345,Rothschild Wealth LLC,4,1,2026-08-11
0001994333,SACHEM HILL LLC,4,0,2026-08-11
0001606134,"SCHOLTZ & COMPANY, LLC",4,0,2026-08-11
0001335644,SCOTIA CAPITAL INC.,4,0,2026-08-11
0002043186,"SGL Investment Advisors, Inc.",4,0,2026-08-11
0001998574,"SHARIAPORTFOLIO, INC.",4,0,2026-08-11
0001807060,SHP Wealth Management,3,0,2026-08-11
0001813225,"SJBENEN ADVISORY, LLC",3,0,2026-08-11
0000932024,SKBA CAPITAL MANAGEMENT LLC,4,0,2026-08-11
0001557485,"SNS Financial Group, LLC",4,0,2026-08-11
0001215208,SOMERVILLE KURT F,4,0,2026-08-11
0001106565,STALEY CAPITAL ADVISERS INC,4,0,2026-08-11
0001134813,STEVENS CAPITAL MANAGEMENT LP,4,0,2026-08-11
0001979556,"SWEENEY & MICHEL, LLC",4,0,2026-08-11
0001519921,SWISS RE LTD,3,0,2026-08-11
0002065810,"Safe Harbor Family Capital, LLC",3,0,2026-08-11
0001009209,"Sand Hill Global Advisors, LLC",4,0,2026-08-11
0001766157,"Sargent Investment Group, LLC",4,0,2026-08-11
0001504918,Schreiber John,4,0,2026-08-11
0002011329,Schreiber Kathleen,4,0,2026-08-11
0001600636,Select Asset Management & Trust,4,0,2026-08-11
0001455290,Shelter Ins Retirement Plan,4,0,2026-08-11
0001455288,Shelter Mutual Insurance Co,4,0,2026-08-11
0001696494,Sicart Associates LLC,4,0,2026-08-11
0001738728,Silvant Capital Management LLC,4,1,2026-08-11
0001427008,"Smead Capital Management, Inc.",4,0,2026-08-11
0001802630,"Soleus Capital Management, L.P.",4,0,2026-08-11
0001784777,"Sound View Wealth Advisors Group, LLC",4,0,2026-08-11
0001538846,South Dakota Investment Council,4,0,2026-08-11
0001504492,"St. James Investment Company, LLC",4,0,2026-08-11
0001640521,Starr Indemnity & Liability Co,4,0,2026-08-11
0001844278,"Sterling Financial Planning, Inc.",4,0,2026-08-11
0001389400,"Stockman Wealth Management, Inc.",4,1,2026-08-11
0001802278,"Stokes Family Office, LLC",4,0,2026-08-11
0001707206,"Stratos Investment Management, LLC",4,0,2026-08-11
0001707202,"Stratos Wealth Advisors, LLC",4,0,2026-08-11
0001612865,"Stratos Wealth Partners, LTD.",4,0,2026-08-11
0001921196,"Strengthening Families & Communities, LLC",4,0,2026-08-11
0001698478,"Summit Trail Advisors, LLC",4,0,2026-08-11
0001591505,"Swan Global Investments, LLC",4,0,2026-08-11
0001582202,Swiss National Bank,4,0,2026-08-11
0001811522,Sycale Advisors,4,0,2026-08-11
0001903044,"TAGStone Capital, Inc.",4,0,2026-08-11
0000873759,TANDEM CAPITAL MANAGEMENT CORP /ADV,4,0,2026-08-11
0001483870,"TCTC Holdings, LLC",4,0,2026-08-11
0001008322,THOMPSON SIEGEL & WALMSLEY LLC,4,0,2026-08-11
0001091370,"THOROUGHBRED FINANCIAL SERVICES, LLC",4,0,2026-08-11
0001224014,TOWLE & CO,4,0,2026-08-11
0002056690,"TRIGLAV INVESTMENTS, D.O.O.",4,0,2026-08-11
0000884541,"TRILLIUM ASSET MANAGEMENT, LLC",4,0,2026-08-11
0002008171,"TRITONPOINT WEALTH, LLC",4,0,2026-08-11
0001849497,"TRU INDEPENDENCE ASSET MANAGEMENT 2, LLC",4,0,2026-08-11
0001777371,"Tarsadia Capital, LLC",4,0,2026-08-11
0002042493,Taylor Hoffman Capital Management LLC,4,0,2026-08-11
0001879713,Tejara Capital Ltd,4,0,2026-08-11
0001470723,"Telligent Fund, LP",4,0,2026-08-11
0002052586,"TigerOak Management, L.L.C.",4,0,2026-08-11
0001533421,Tower Research Capital LLC,4,0,2026-08-11
0001843010,"Tradition Wealth Management, LLC",4,0,2026-08-11
0001587381,USS Investment Management Ltd,4,0,2026-08-11
0002022843,V2 Financial group LLC,4,0,2026-08-11
0001887845,V3 Holding Ltd,4,0,2026-08-11
0001695658,VALUE HOLDINGS MANAGEMENT CO. LLC,4,0,2026-08-11
0001063571,VAUGHAN DAVID INVESTMENTS LLC/IL,4,0,2026-08-11
0001965401,"VIAWEALTH, LLC",4,0,2026-08-11
0001587281,"VIRTUS ADVISERS, LLC",4,3,2026-08-11
0002077991,"Valpey Financial Services, LLC",4,1,2026-08-11
0001767306,"Vanguard Personalized Indexing Management, LLC",4,0,2026-08-11
0001802891,Verde Capital Management,4,0,2026-08-11
0002050130,"VestGen Advisors, LLC",4,0,2026-08-11
0001536925,Vestcor Inc,4,0,2026-08-11
0000019481,"Virtus Investment Advisers, LLC",4,0,2026-08-11
0001812090,"Vise Technologies, Inc.",4,0,2026-08-11
0001844873,"WAYCROSS PARTNERS, LLC",4,0,2026-08-11
0001397424,"WBI INVESTMENTS, LLC",4,0,2026-08-11
0001793904,"WEALTH ALLIANCE, LLC",4,0,2026-08-11
0001667140,"WESCAP Management Group, Inc.",4,0,2026-08-11
0000932929,"WESTBOURNE INVESTMENTS, INC.",4,0,2026-08-11
0000811454,WESTPORT ASSET MANAGEMENT INC,4,0,2026-08-11
0001632574,WFM ASIA,4,0,2026-08-11
0002013902,WHI TRUST Co LLC,3,0,2026-08-11
0001763146,Wahed Invest LLC,4,0,2026-08-11
0001600435,Wakefield Asset Management LLLP,4,0,2026-08-11
0001539919,Waratah Capital Advisors Ltd.,4,0,2026-08-11
0001597506,Warberg Asset Management LLC,4,0,2026-08-11
0001595077,"Waterfront Capital Partners, LLC",4,0,2026-08-11
0001425949,WealthTrust Axiom LLC,4,0,2026-08-11
0001646247,"Wealthspire Advisors, LLC",4,0,2026-08-11
0002139999,"X ADVISORS, LLC",1,0,2026-08-11
0001933132,XY Capital Ltd,4,0,2026-08-11
0000905567,YACKTMAN ASSET MANAGEMENT LP,4,0,2026-08-11
0001767686,"Yarbrough Capital, LLC",4,0,2026-08-11
0001805754,swisspartners Advisors Ltd,4,0,2026-08-11
0001803140,1776 Wealth LLC,4,0,2026-08-10
0001802534,"ABSHER WEALTH MANAGEMENT, LLC",4,0,2026-08-10
0002115523,"ADVISORTRUST PARTNERS, LLC",3,0,2026-08-10
0001885432,AFBI LP,4,0,2026-08-10
0001003518,AGF MANAGEMENT LTD,4,0,2026-08-10
0001127508,ALLIANZ SE,4,0,2026-08-10
0001801585,AMJ Financial Wealth Management,4,0,2026-08-10
0001600698,"ARMOR ADVISORS, L.L.C.",4,0,2026-08-10
0001904431,"AVAII WEALTH MANAGEMENT, LLC",4,0,2026-08-10
0001801467,AXS Investments LLC,4,2,2026-08-10
0001604903,Abacus FCF Advisors LLC,4,0,2026-08-10
0002067071,"Ackerman Asset Management, LLC",4,0,2026-08-10
0001766907,Act Two Investors LLC,4,0,2026-08-10
0001803084,Adams Wealth Management,5,0,2026-08-10
0001843745,Addison Advisors LLC,4,0,2026-08-10
0002111697,"Advisory Advocates, LLC",3,0,2026-08-10
0001568991,Alpha Family Trust,4,0,2026-08-10
0001986156,"Altiora Financial Group, LLC",4,0,2026-08-10
0001632494,"Amplify Investments, LLC",4,0,2026-08-10
0001998414,"Annis Gardner Whiting Capital Advisors, LLC",4,0,2026-08-10
0001809930,"Anthracite Investment Company, Inc.",4,0,2026-08-10
0001586767,Arax Advisory Partners,4,0,2026-08-10
0001800798,Arkadios Wealth Advisors,4,0,2026-08-10
0002055492,"AssuredPartners Investment Advisors, LLC",4,0,2026-08-10
0001423065,Ativo Capital Management LLC,4,0,2026-08-10
0001316397,Aurora Investment Counsel,4,0,2026-08-10
0002030036,"Axecap Investments, LLC",4,0,2026-08-10
0002009783,BALANCED WEALTH GROUP LLC,4,0,2026-08-10
0002110721,BCV Asset Management Inc.,3,0,2026-08-10
0001778131,BI Asset Management Fondsmaeglerselskab A/S,4,0,2026-08-10
0002052594,BLI - Banque de Luxembourg Investments,4,0,2026-08-10
0001317348,"BOK Financial Private Wealth, Inc.",4,0,2026-08-10
0000009634,"BOKF, NA",4,0,2026-08-10
0001794972,"BOSUN ASSET MANAGEMENT, LLC",4,0,2026-08-10
0001078841,BRUNI J V & CO /CO,4,0,2026-08-10
0001929008,Balboa Wealth Partners,4,0,2026-08-10
0002106928,Ballast Rock Private Wealth LLC,3,0,2026-08-10
0001544599,"Bank Julius Baer & Co. Ltd, Zurich",4,1,2026-08-10
0002088236,Basepoint Wealth LLC,19,0,2026-08-10
0001977794,Bastion Asset Management Inc.,4,0,2026-08-10
0001725362,"Bell & Brown Wealth Advisors, LLC",4,1,2026-08-10
0002109863,Benson Wealth Management INC,3,0,2026-08-10
0001762539,Bonfire Financial,4,0,2026-08-10
0002108192,Boundless Plain Holdings Ltd,3,0,2026-08-10
0001861678,"Bradley & Co. Private Wealth Management, LLC",4,0,2026-08-10
0002056939,Brickwood Asset Management LLP,4,0,2026-08-10
0002034566,Brightwater Advisory LLC,4,0,2026-08-10
0002135047,Bull Harbor Capital LLC,2,0,2026-08-10
0001824263,"Bull Oak Capital, LLC",4,0,2026-08-10
0000822648,"CALTON & ASSOCIATES, INC.",4,0,2026-08-10
0000825293,CAPITAL MANAGEMENT ASSOCIATES /NY/,4,0,2026-08-10
0002055702,"CBM Financial, LLC",3,0,2026-08-10
0000018748,CENTRAL SECURITIES CORP,4,0,2026-08-10
0001730467,CLIFFORD CAPITAL PARTNERS LLC,4,0,2026-08-10
0001764581,CM WEALTH ADVISORS LLC,4,0,2026-08-10
0001908944,"CONSILIO WEALTH ADVISORS, LLC",4,0,2026-08-10
0001963612,Cassaday & Co Wealth Management LLC,4,0,2026-08-10
0001896150,Catalyst Funds Management Pty Ltd,4,0,2026-08-10
0002055584,Catalyst Investment Management LLC,3,0,2026-08-10
0001994744,Centennial Bank/AR/,4,1,2026-08-10
0001583672,Central Asset Investments & Management Holdings,4,0,2026-08-10
0002059742,Chancellor Financial Group WB LP,4,0,2026-08-10
0002055071,"Christian Investment Advisors, Inc.",4,0,2026-08-10
0001745907,CloudAlpha Capital Management Limited/Hong Kong,4,0,2026-08-10
0001517638,Clutterbuck Capital Management LLC,3,0,2026-08-10
0001965653,Compass Wealth Management LLC,5,0,2026-08-10
0002044855,"Comprehensive Financial Planning, Inc./PA",4,0,2026-08-10
0001674627,"Cosner Financial Group, LLC",4,0,2026-08-10
0001789082,Crake Asset Management LLP,4,0,2026-08-10
0001713520,"Crescent Grove Advisors, LLC",4,0,2026-08-10
0001468395,"Crestwood Capital Management, L.P.",4,0,2026-08-10
0001715593,Csenge Advisory Group,4,0,2026-08-10
0000800177,DANSKE BANK A/S,10,1,2026-08-10
0001802493,"DCF Advisers, LLC",4,0,2026-08-10
0000860857,DELTA ASSET MANAGEMENT LLC/TN,4,0,2026-08-10
0001142941,DENALI ADVISORS LLC,4,0,2026-08-10
0000936936,DOHENY ASSET MANAGEMENT /CA,4,0,2026-08-10
0001053292,DROMS STRAUSS ADVISORS INC /MO/ /ADV,4,0,2026-08-10
0001666582,"DURANTE & WATERS, LLC",4,0,2026-08-10
0002115141,DUTCH ASSET Corp,3,0,2026-08-10
0002129058,"Dala Group, LLC",3,0,2026-08-10
0002096095,"Danica Pension, Livsforsikringsaktieselskab",10,1,2026-08-10
0002070361,"DeLarme Wealth Management, Inc.",3,0,2026-08-10
0001965275,Destiny Capital Corp/CO,4,0,2026-08-10
0001993404,Disciplina Capital Management LLC,4,0,2026-08-10
0002021232,"Diversify Advisory Services, LLC",4,0,2026-08-10
0001935795,"Drake & Associates, LLC",4,0,2026-08-10
0002110817,"E6 Portfolios, LLC",3,0,2026-08-10
0001649647,EDMOND DE ROTHSCHILD HOLDING S.A.,4,0,2026-08-10
0001377635,EMORY UNIVERSITY,4,0,2026-08-10
0001793432,"EVOKE WEALTH, LLC",4,0,2026-08-10
0001842545,Eagle Health Investments LP,4,0,2026-08-10
0001607636,"EagleClaw Capital Managment, LLC",4,0,2026-08-10
0001727993,"Eldridge Investment Advisors, Inc.",4,0,2026-08-10
0001565641,Electrum Group LLC,3,0,2026-08-10
0001644128,"Ellevest, Inc.",4,0,2026-08-10
0001926596,"Empirical Asset Management, LLC",4,0,2026-08-10
0002136442,Essential Partners LLC,5,0,2026-08-10
0001315785,"Essex Financial Services, Inc.",4,0,2026-08-10
0002056391,Everest Financial Group LLC,3,0,2026-08-10
0000753967,FIG FINANCIAL ADVISORY SERVICES INC /ADV,7,0,2026-08-10
0000036066,"FIRST AMERICAN TRUST, FSB",4,0,2026-08-10
0002050972,"FLORIDA FINANCIAL ADVISORS, LLC",4,0,2026-08-10
0001575677,FLOSSBACH VON STORCH SE,4,0,2026-08-10
0001645890,"Fiduciary Group, LLC",4,0,2026-08-10
0002052933,"Financial Harvest, LLC",4,0,2026-08-10
0001472787,First American Financial Corp,4,0,2026-08-10
0001727336,"First Command Advisory Services, Inc.",4,0,2026-08-10
0001714672,"Fore Capital, LLC",4,0,2026-08-10
0001352864,"Forvis Mazars Wealth Advisors, LLC",4,0,2026-08-10
0001727514,"Francis Financial, Inc.",4,0,2026-08-10
0002002745,"Frazier Financial Advisors, LLC",4,0,2026-08-10
0001566653,"Freedom Investment Management, Inc.",4,0,2026-08-10
0001740839,GABLES CAPITAL MANAGEMENT INC.,4,0,2026-08-10
0001375534,GENERATION INVESTMENT MANAGEMENT LLP,4,0,2026-08-10
0001056907,GENRE PARTNERS L P,4,0,2026-08-10
0000314949,GLENMEDE TRUST CO NA,3,0,2026-08-10
0001078013,"GREAT LAKES ADVISORS, LLC",4,0,2026-08-10
0001769897,"GREAT VALLEY ADVISOR GROUP, INC.",4,0,2026-08-10
0002023375,Gen-Wealth Partners Inc,4,0,2026-08-10
0002057421,General Pension Society PZU Joint Stock Co,4,2,2026-08-10
0001712671,"Geneva Partners, LLC",4,0,2026-08-10
0001844142,Goepper Burkhardt LLC,4,0,2026-08-10
0001542300,"GoodHaven Capital Management, LLC",4,0,2026-08-10
0000908551,HERSHEY TRUST CO,4,0,2026-08-10
0002072569,"HORAN Wealth, LLC",4,0,2026-08-10
0002043986,"HOWARD BAILEY SECURITIES, LLC",4,3,2026-08-10
0000769963,HOWE & RUSLING INC,4,0,2026-08-10
0001078246,HUTCHINSON CAPITAL MANAGEMENT/CA,4,0,2026-08-10
0002051846,"Haven Global Partners, LLC",4,0,2026-08-10
0001966400,"Heritage Wealth Management, Inc./Texas",4,0,2026-08-10
0001309148,Hills Bank & Trust Co,4,0,2026-08-10
0001802879,"Houlihan Financial Resource Group, Ltd.",4,0,2026-08-10
0001756985,"Hoya Capital Real Estate, LLC",4,0,2026-08-10
0001632844,"Hurley Capital, LLC",4,0,2026-08-10
0001455495,"IMA Advisory Services, Inc.",4,0,2026-08-10
0001086318,INTECH INVESTMENT MANAGEMENT LLC,4,0,2026-08-10
0002056576,INVESTMENT COUNSEL CO OF NEVADA,4,0,2026-08-10
0002089761,Immaculate Wealth Management LLC,2,0,2026-08-10
0001730478,"Ironvine Capital Partners, LLC",4,0,2026-08-10
0002113267,JMN Financial LLC,3,0,2026-08-10
0001215838,JUPITER ASSET MANAGEMENT LTD,4,0,2026-08-10
0001831003,Jackson Creek Investment Advisors LLC,4,0,2026-08-10
0001477024,"Johnson Financial Group, Inc.",4,0,2026-08-10
0000310051,KING LUTHER CAPITAL MANAGEMENT CORP,4,0,2026-08-10
0002099997,"KTF INVESTMENTS, LLC",3,0,2026-08-10
0001580415,"Kazazian Asset Management, LLC",4,0,2026-08-10
0002041209,Kedalion Capital Management LLP,4,0,2026-08-10
0001672067,"Kelman-Lazarov, Inc.",4,0,2026-08-10
0002022609,"Kelsey Financial, LLC",3,0,2026-08-10
0002131132,Kentucky Farm Bureau Mutual Insurance Co,42,0,2026-08-10
0001768089,Knuff & Co LLC,4,0,2026-08-10
0001861163,"Koss-Olinger Consulting, LLC",4,0,2026-08-10
0001772031,"LAKE STREET PRIVATE WEALTH, LLC",4,0,2026-08-10
0002141692,"LANGLEY WEALTH MANAGEMENT, LLC",1,1,2026-08-10
0001124841,LATHROP INVESTMENT MANAGEMENT CO,4,0,2026-08-10
0001536924,"LBMC INVESTMENT ADVISORS, LLC",4,0,2026-08-10
0001074902,LCNB CORP,4,0,2026-08-10
0002131510,LEGACY FINANCIAL INDEPENDENT ADVISORS LLC,2,0,2026-08-10
0001696715,"LEVEL FOUR ADVISORY SERVICES, LLC",4,0,2026-08-10
0001911284,LGT Fund Management Co Ltd.,4,0,2026-08-10
0001911278,LGT Group Foundation,4,0,2026-08-10
0002057655,LIBERTY SQUARE WEALTH PARTNERS LLC,4,0,2026-08-10
0000059558,LINCOLN NATIONAL CORP,4,0,2026-08-10
0001349434,"LOCUST WOOD CAPITAL ADVISERS, LLC",4,2,2026-08-10
0001728778,"Landmark Wealth Management, LLC",4,0,2026-08-10
0002041485,Lightrock Netherlands B.V.,4,0,2026-08-10
0001424467,"Lisanti Capital Growth, LLC",4,0,2026-08-10
0001822262,Live Oak Investment Partners,4,1,2026-08-10
0001359262,MAKENA CAPITAL MANAGEMENT LLC,4,0,2026-08-10
0001419999,MAR VISTA INVESTMENT PARTNERS LLC,4,0,2026-08-10
0001133939,MEDIATEL PARTNERS,4,0,2026-08-10
0001889830,MIC Capital Management UK LLP,4,0,2026-08-10
0000919497,MIDDLETON & CO INC/MA,4,0,2026-08-10
0001765876,MMBG INVESTMENT ADVISORS CO.,4,0,2026-08-10
0000869179,MONETTA FINANCIAL SERVICES INC,4,0,2026-08-10
0001964831,"MRP Capital Investments, LLC",4,1,2026-08-10
0001986457,"MYECFO, LLC",4,0,2026-08-10
0001744373,Machina Capital S.A.S.,4,0,2026-08-10
0001299351,"Madison Asset Management, LLC",4,0,2026-08-10
0001907544,Magma Venture Partners General Partner Ltd.,4,0,2026-08-10
0002109834,"Marin Bay Wealth Advisors, LLC",3,1,2026-08-10
0001843169,"McCarthy Asset Management, Inc.",3,0,2026-08-10
0001720235,"Measured Wealth Private Client Group, LLC",4,0,2026-08-10
0001911541,"Menlo Ventures Management, L.P.",2,0,2026-08-10
0001594916,"Metis Global Partners, LLC",4,0,2026-08-10
0001864916,"Mezzasalma Advisors, LLC",4,0,2026-08-10
0002042068,"MidAtlantic Capital Management, Inc.",4,0,2026-08-10
0001415912,Migdal Insurance & Financial Holdings Ltd.,4,1,2026-08-10
0002008306,Monolith Management Ltd,4,0,2026-08-10
0001607239,"Moors & Cabot, Inc.",4,0,2026-08-10
0001185072,Mount Lucas Management LP,4,0,2026-08-10
0001588873,Municipal Employees' Retirement System of Michigan,4,0,2026-08-10
0001768744,Munro Partners,31,1,2026-08-10
0000926171,NATIONAL BANK OF CANADA /FI/,4,0,2026-08-10
0001044797,NEW SOUTH CAPITAL MANAGEMENT INC,4,0,2026-08-10
0001133639,NEW YORK LIFE INVESTMENT MANAGEMENT LLC,4,0,2026-08-10
0000937615,"NISA INVESTMENT ADVISORS, LLC",4,0,2026-08-10
0001902806,"NORTHCAPE WEALTH MANAGEMENT, LLC",4,0,2026-08-10
0001803054,"NWK Group, Inc.",4,0,2026-08-10
0000844150,NatWest Group plc,4,0,2026-08-10
0001861796,"NewEdge Wealth, LLC",4,0,2026-08-10
0001861159,"O'Neil Global Advisors, Inc.",4,0,2026-08-10
0001846505,OUTFITTERS FINANCIAL LLC,4,0,2026-08-10
0002010766,OV Management LLC,4,0,2026-08-10
0002011850,Optimist Retirement Group LLC,4,0,2026-08-10
0000947517,PACIFIC SUN FINANCIAL CORP,4,0,2026-08-10
0002010453,"PATRICK M SWEENEY & ASSOCIATES, INC",4,0,2026-08-10
0001110806,PHILADELPHIA TRUST CO,4,0,2026-08-10
0000315014,PITCAIRN CO,4,0,2026-08-10
0000821103,PLANNING DIRECTIONS INC,4,0,2026-08-10
0002054677,PRAKASH INVESTMENT ADVISORS LLC,4,0,2026-08-10
0001568839,PRING TURNER CAPITAL GROUP INC,4,0,2026-08-10
0001852338,Pacific Wealth Management,4,0,2026-08-10
0001767735,Palmer Knight Co,4,0,2026-08-10
0002107398,"Parsonex Advisory Services, Inc.",5,0,2026-08-10
0002054264,Partners in Financial Planning,4,0,2026-08-10
0001958250,"Passive Capital Management, LLC.",4,0,2026-08-10
0001953787,"Patrick Mauro Investment Advisor, INC.",4,0,2026-08-10
0002056697,"Peak Retirement Planning, Inc.",6,0,2026-08-10
0001080132,Peloton Wealth Strategists,4,0,2026-08-10
0001535227,"Peregrine Asset Advisers, Inc.",4,0,2026-08-10
0002011811,"Pinegrove Venture Partners, LLC",4,0,2026-08-10
0002089089,Pitcairn Wealth Advisors LLC,3,0,2026-08-10
0002135239,"PlanVest Financial, Inc",2,0,2026-08-10
0001753271,"Portfolio Strategies, Inc.",4,0,2026-08-10
0002054942,Portland Financial Advisors Inc,4,0,2026-08-10
0001844197,"Precision Wealth Strategies, LLC",4,0,2026-08-10
0002056037,Prepared Retirement Institute LLC,4,1,2026-08-10
0001399360,Presima Securities ULC,4,0,2026-08-10
0001448793,Prime Capital Management Co Ltd,4,0,2026-08-10
0002043129,Proactive Wealth Strategies LLC,4,0,2026-08-10
0001659978,"Quartz Partners, LLC",4,0,2026-08-10
0001281761,REGIONS FINANCIAL CORP,4,1,2026-08-10
0001388028,"REIK & CO., LLC",4,0,2026-08-10
0002127635,RETIREMITTEN FINANCIAL LLC,2,0,2026-08-10
0002012303,RICHARDSON FINANCIAL SERVICES INC.,4,0,2026-08-10
0002008031,RLH Capital LLC,2,0,2026-08-10
0001105838,ROBOTTI ROBERT,4,1,2026-08-10
0001401459,RS CRUM INC.,5,0,2026-08-10
0001964203,"Richard W. Paul & Associates, LLC",4,0,2026-08-10
0001619779,RiverGlades Family Offices LLC,3,0,2026-08-10
0001694283,"Robinson Value Management, Ltd.",4,0,2026-08-10
0002056320,Rockbridge Capital Management LLC,4,0,2026-08-10
0001769700,"Roubaix Capital, LLC",4,0,2026-08-10
0001929328,"SENTINEL WEALTH MANAGEMENT, INC.",4,1,2026-08-10
0000089014,SENTRY INVESTMENT MANAGEMENT LLC,4,0,2026-08-10
0001934957,SERENITY CAPITAL MANAGEMENT PTE. LTD.,4,0,2026-08-10
0001275228,SHENKMAN CAPITAL MANAGEMENT INC,4,0,2026-08-10
0001925582,"SOFI WEALTH, LLC",4,0,2026-08-10
0000938487,SSI INVESTMENT MANAGEMENT LLC,4,0,2026-08-10
0000938076,STATE BOARD OF ADMINISTRATION OF FLORIDA RETIREMENT SYSTEM,4,0,2026-08-10
0001965176,STEVENS CAPITAL PARTNERS,4,0,2026-08-10
0001332638,STONE POINT CAPITAL LLC,4,0,2026-08-10
0002114344,"STRATEGIC ADVISORY PARTNERS, LLC",3,0,2026-08-10
0001604873,SUMMER ROAD LLC,4,0,2026-08-10
0001914558,"SageView Advisory Group, LLC",4,0,2026-08-10
0001508097,"Sanders Capital, LLC",4,0,2026-08-10
0001482880,"Savant Capital, LLC",4,3,2026-08-10
0001840014,Schiavi & Co LLC,4,0,2026-08-10
0001914987,Schrum Private Wealth Management LLC,4,0,2026-08-10
0001964775,Semus Wealth Partners LLC,4,0,2026-08-10
0001696628,Shepherd Financial Partners LLC,4,0,2026-08-10
0001599623,"Shoker Investment Counsel, Inc.",4,0,2026-08-10
0001534653,Skandinaviska Enskilda Banken AB,4,0,2026-08-10
0002111036,"Smith Partners Wealth Management, LLC",3,0,2026-08-10
0001800620,"Sound Financial Strategies Group, LLC",4,0,2026-08-10
0001554871,Spark Investment Management LLC,4,0,2026-08-10
0002056079,"Spurstone Advisory Services, LLC",4,0,2026-08-10
0001519676,Stelac Advisory Services LLC,4,0,2026-08-10
0001843578,Strategic Equity Management,4,0,2026-08-10
0002021703,"Strathmore Capital Advisors, Inc.",4,0,2026-08-10
0001290668,"Sustainable Growth Advisers, LP",4,0,2026-08-10
0000315038,TEACHERS INSURANCE & ANNUITY ASSOCIATION OF AMERICA,4,0,2026-08-10
0001698750,"TFO Wealth Partners, LLC",4,0,2026-08-10
0001997405,"TIAA TRUST, NATIONAL ASSOCIATION",4,0,2026-08-10
0002124867,TIAA Wealth Investment Management LLC,2,0,2026-08-10
0000882928,"TIAA-CREF INDIVIDUAL & INSTITUTIONAL SERVICES, LLC",2,0,2026-08-10
0000883961,TOCQUEVILLE ASSET MANAGEMENT L.P.,4,0,2026-08-10
0000932000,TOEWS CORP /ADV,4,0,2026-08-10
0001706669,"TPG Financial Advisors, LLC",4,0,2026-08-10
0002094435,"TRED AVON FAMILY WEALTH, LLC",4,0,2026-08-10
0000351083,TRUSTEES OF THE UNIVERSITY OF PENNSYLVANIA,3,0,2026-08-10
0001688325,"TRV GP IV, LLC",4,0,2026-08-10
0001990717,"TRV GP V, LLC",4,0,2026-08-10
0001990716,"TRV GP VI, LLC",4,0,2026-08-10
0001910156,TSG Consumer Partners LP,4,0,2026-08-10
0001290448,TVL Management Corp,3,0,2026-08-10
0001846287,Tacita Capital Inc,4,0,2026-08-10
0001965616,"Tanglewood Legacy Advisors, LLC",4,0,2026-08-10
0001420816,"Telemark Asset Management, LLC",4,0,2026-08-10
0001826790,Tennessee Valley Asset Management Partners,4,0,2026-08-10
0001509510,"Thomas J. Herzfeld Advisors, Inc.",4,0,2026-08-10
0002009591,"Tidemark, LLC",4,0,2026-08-10
0001381954,"Tieton Capital Management, LLC",4,0,2026-08-10
0001510848,Timber Creek Capital Management LLC,4,0,2026-08-10
0001650290,Tredje AP-fonden,4,0,2026-08-10
0002143895,TriCert Investment Counsel Inc.,1,0,2026-08-10
0002012717,"Triad Wealth Partners, LLC",4,0,2026-08-10
0001555623,Trivest Advisors Ltd,4,0,2026-08-10
0002045307,Tudor Financial Inc.,4,2,2026-08-10
0001652174,Turim 21 Investimentos Ltda.,4,0,2026-08-10
0002005353,"UPTICK PARTNERS, LLC",4,0,2026-08-10
0001697725,"Ullmann Wealth Partners Group, LLC",4,0,2026-08-10
0001697791,United Bank,4,0,2026-08-10
0001673588,VCU Investment Management Co,3,0,2026-08-10
0002033299,VESTIA PERSONAL WEALTH ADVISORS,4,0,2026-08-10
0001902567,Varenne Capital Partners,4,0,2026-08-10
0002052405,Veridan Wealth LLC,4,0,2026-08-10
0001417889,"Vision Capital Management, Inc.",4,0,2026-08-10
0002055907,Vista Cima Wealth Management LLC,4,0,2026-08-10
0001692590,Vitruvian Partners LLP,4,0,2026-08-10
0001556785,"Vulcan Value Partners, LLC",4,1,2026-08-10
0000920440,WAFRA INC.,4,0,2026-08-10
0001484540,"WESPAC Advisors, LLC",4,0,2026-08-10
0001279891,WOLVERINE ASSET MANAGEMENT LLC,4,0,2026-08-10
0001165805,WOODLEY FARRA MANION PORTFOLIO MANAGEMENT INC,4,0,2026-08-10
0001950118,WPWealth LLP,4,0,2026-08-10
0002109867,"Wagner Wealth Management, Corp",3,0,2026-08-10
0001908462,"WealthCare Investment Partners, LLC",4,0,2026-08-10
0002017870,"WealthCollab, LLC",4,0,2026-08-10
0001506073,"Wellington Shields & Co., LLC",4,0,2026-08-10
0001506071,"Wellington Shields Capital Management, LLC",4,0,2026-08-10
0001568303,"West Family Investments, Inc.",4,1,2026-08-10
0002080423,Westerkirk Capital Inc.,4,0,2026-08-10
0001517666,Western Standard LLC,4,0,2026-08-10
0001806366,"Westshore Wealth, LLC",4,0,2026-08-10
0001513126,"Wharton Business Group, LLC",4,0,2026-08-10
0001667102,"Whitegate Investment Counselors, Inc.",4,0,2026-08-10
0001831132,Windmill Hill Asset Management Ltd,4,0,2026-08-10
0001696778,"Worth Venture Partners, LLC",4,0,2026-08-10
0001637541,"XPONANCE, INC.",4,0,2026-08-10
0001910318,Xiamen Xinweidachuang Investment Partnership,4,0,2026-08-10
0002053138,"one8zero8, LLC",4,0,2026-08-10
0001785445,tru Independence LLC,4,0,2026-08-10
0001636974,53 HOUSE LLP,4,0,2026-08-07
0000004977,AFLAC INC,4,0,2026-08-07
0001835943,AIGH Capital Management LLC,4,0,2026-08-07
0001226886,"ALPINE WOODS CAPITAL INVESTORS, LLC",4,0,2026-08-07
0001934965,"AMARA FINANCIAL, LLC.",4,0,2026-08-07
0000004962,AMERICAN EXPRESS CO,4,0,2026-08-07
0000911927,AMERICAN FINANCIAL & TAX STRATEGIES INC,4,0,2026-08-07
0001388829,AMG National Trust Bank,4,0,2026-08-07
0001080166,AR ASSET MANAGEMENT INC,4,0,2026-08-07
0001804717,"Adaptive Financial Consulting, LLC",4,0,2026-08-07
0001628818,Aegis Wealth Management LLC,4,0,2026-08-07
0001846995,"Alamar Capital Management, LLC",4,0,2026-08-07
0001908423,"Alapocas Investment Partners, Inc.",4,0,2026-08-07
0001806628,"Algorithmic Investment Models, LLC",4,0,2026-08-07
0001731260,"Aljian Capital Management, LLC",4,0,2026-08-07
0001512910,AlpInvest Partners B.V.,4,0,2026-08-07
0001883897,AlphaQuest LLC,4,0,2026-08-07
0001652044,Alphabet Inc.,4,0,2026-08-07
0001974910,Alpine Bank Wealth Management,4,0,2026-08-07
0002095589,"American Wealth Advisors, LLC",4,0,2026-08-07
0001805591,Andar Capital Management HK Ltd,4,1,2026-08-07
0002104895,"Argo Wealth Advisory, LLC",3,0,2026-08-07
0002079995,"Argyle Capital Partners, LLC",4,0,2026-08-07
0001558481,Arizona State Retirement System,4,0,2026-08-07
0002031708,Ashoka WhiteOak Capital Pte Ltd,4,0,2026-08-07
0001972517,"Aspen Wealth Strategies, LLC",4,0,2026-08-07
0001811491,"Auxano Advisors, LLC",4,0,2026-08-07
0002042928,Axos Invest Inc.,4,0,2026-08-07
0001450935,B & T Capital Management DBA Alpha Capital Management,4,0,2026-08-07
0000009015,BARINGS LLC,4,0,2026-08-07
0002104828,"BETO FINANCIAL GROUP, LLC",3,0,2026-08-07
0002110651,"BFI Wealth Solutions, LLC",3,0,2026-08-07
0002092331,"BLALOCK WILLIAMS, LLC",7,0,2026-08-07
0001616824,"BML Capital Management, LLC",4,0,2026-08-07
0001121477,BOYD WATTERSON ASSET MANAGEMENT LLC/OH,4,0,2026-08-07
0000313807,BP PLC,4,0,2026-08-07
0001007295,BRIDGES INVESTMENT MANAGEMENT INC,4,0,2026-08-07
0001101250,BURKE & HERBERT BANK & TRUST CO,4,0,2026-08-07
0001536080,Banco BTG Pactual S.A.,4,0,2026-08-07
0001784093,"Beacon Harbor Wealth Advisors, Inc.",4,0,2026-08-07
0001714678,Beaton Management Co. Inc.,4,0,2026-08-07
0001481957,Belfer Management LLC,4,0,2026-08-07
0001890149,"Bell Investment Advisors, Inc",4,0,2026-08-07
0001965710,"Beverly Hills Private Wealth, LLC",4,1,2026-08-07
0002022614,"Black Cypress Capital Management, LLC",4,0,2026-08-07
0002012383,"BlackRock, Inc.",4,0,2026-08-07
0001484047,BloombergSen Inc.,4,0,2026-08-07
0002041021,Board of the Pension Protection Fund,4,0,2026-08-07
0001874080,"Boulder Wealth Advisors, LLC",4,0,2026-08-07
0002074628,Buckland Partners Management Co LLC,3,0,2026-08-07
0001730126,"Buckley Wealth Management, LLC",4,0,2026-08-07
0001113234,CANERECTOR INC,4,1,2026-08-07
0001061555,CAPITAL FINANCIAL GROUP INC\CO\ /ADV,3,0,2026-08-07
0001771169,"CCG WEALTH MANAGEMENT, LLC",4,0,2026-08-07
0001725296,CENTERSQUARE INVESTMENT MANAGEMENT LLC,4,0,2026-08-07
0001801097,CFM WEALTH PARTNERS LLC,4,0,2026-08-07
0000759944,CITIZENS FINANCIAL GROUP INC/RI,4,0,2026-08-07
0000852933,COMMERZBANK AKTIENGESELLSCHAFT /FI,4,0,2026-08-07
0001002152,"COMPASS CAPITAL MANAGEMENT, INC",4,0,2026-08-07
0002044929,"CONWAY CAPITAL MANAGEMENT, INC.",4,0,2026-08-07
0001595683,CROSBY Co OF NEW HAMPSHIRE LLC,4,0,2026-08-07
0001927769,"CROSSPOINT FINANCIAL, LLC",4,0,2026-08-07
0001733248,"CROWN ADVISORS MANAGEMENT, INC.",4,0,2026-08-07
0002049201,"CURIO WEALTH, LLC",4,0,2026-08-07
0001802084,"CVA Family Office, LLC",4,0,2026-08-07
0001030618,CYPRESS ASSET MANAGEMENT INC/TX,4,0,2026-08-07
0001081198,CYPRESS FUNDS LLC,4,2,2026-08-07
0002031123,"Cannon Financial Strategists, Inc.",4,0,2026-08-07
0001602198,"Capital Impact Advisors, LLC",4,0,2026-08-07
0001625502,"Capital Today Evergreen Fund, L.P.",4,0,2026-08-07
0002135126,CapitalatWork S.A.,11,1,2026-08-07
0001527166,Carlyle Group Inc.,4,0,2026-08-07
0001665018,"Chandler Asset Management, Inc.",4,0,2026-08-07
0001776551,Charles Schwab Trust Bank,4,0,2026-08-07
0001653012,Ciovacco Capital Management LLC,4,0,2026-08-07
0001775446,"Cornerstone Advisors, LLC",4,0,2026-08-07
0001328062,"Cornerstone Investment Partners, LLC",4,0,2026-08-07
0001486083,"Corundum Group, Inc.",4,0,2026-08-07
0001909846,Covestor Ltd,4,0,2026-08-07
0001593038,Coyle Financial Counsel LLC,4,0,2026-08-07
0002013091,Creekmur Asset Management LLC,3,0,2026-08-07
0001873372,Crestmont Private Wealth LLC,4,0,2026-08-07
0001909800,"DENVER WEALTH MANAGEMENT, INC.",4,0,2026-08-07
0000948046,DEUTSCHE BANK AG\,4,0,2026-08-07
0001964541,"DOVER ADVISORS, LLC",4,0,2026-08-07
0001287618,DUMONT & BLAKE INVESTMENT ADVISORS LLC,4,0,2026-08-07
0001631353,Dakota Wealth Management,4,0,2026-08-07
0002041427,Dale Q Rice Investment Management Ltd,4,0,2026-08-07
0001963865,"Davis Investment Partners, LLC",4,0,2026-08-07
0001844369,"Destiny Wealth Partners, LLC",4,0,2026-08-07
0001812492,"Disciplined Investments, LLC",4,1,2026-08-07
0001702435,Donoghue Forlines LLC,4,0,2026-08-07
0001948904,"Dunhill Financial, LLC",4,0,2026-08-07
0001908066,"ECLIPSE OPERATIONS, LLC",3,0,2026-08-07
0001764059,"ELEMENT POINTE ADVISORS, LLC",4,0,2026-08-07
0001589115,"EMERGENCE GP PARTNERS, LLC",4,0,2026-08-07
0001218749,ENDEAVOUR CAPITAL ADVISORS INC,4,0,2026-08-07
0001685771,EQUITY INVESTMENT CORP,4,0,2026-08-07
0001975710,EVEXIA WEALTH LLC,4,0,2026-08-07
0001313792,"Edgemoor Investment Advisors, Inc.",4,0,2026-08-07
0001986812,Employees' Retirement Fund of the City of Fort Worth,4,1,2026-08-07
0001388814,"Energy Income Partners, LLC",4,0,2026-08-07
0001973209,"Ergawealth Advisors, Inc.",4,0,2026-08-07
0001559832,"Estate Counselors, LLC",4,0,2026-08-07
0001954242,"Ethos Financial Group, LLC",4,0,2026-08-07
0002146944,Evelyn Partners Group Ltd,1,0,2026-08-07
0002056683,Everest Management Corp.,4,0,2026-08-07
0001729866,FIDUCIENT ADVISORS LLC,4,0,2026-08-07
0001909570,FIGURE 8 INVESTMENT STRATEGIES LLC,4,0,2026-08-07
0001943822,FIRETRAIL INVESTMENTS PTY LTD,4,0,2026-08-07
0000036644,FIRST NATIONAL BANK OF OMAHA,6,0,2026-08-07
0002105062,"FOCUSED ALPHA, LLC",3,0,2026-08-07
0001603328,FORSTA AP-FONDEN,4,0,2026-08-07
0001718251,"FORTRESS PRIVATE LEDGER, LLC",4,0,2026-08-07
0001163902,FOSTER & MOTLEY INC,4,0,2026-08-07
0002079200,FTX Recovery Trust,3,0,2026-08-07
0002032350,"Fairscale Capital, LLC",4,0,2026-08-07
0001660531,FengHe Fund Management Pte. Ltd.,4,0,2026-08-07
0001331875,"Fidelity National Financial, Inc.",4,0,2026-08-07
0001505817,Fiera Capital Corp,4,0,2026-08-07
0001586052,"Focused Wealth Management, Inc",4,0,2026-08-07
0002055357,Forge Financial Services LLC,4,0,2026-08-07
0001841633,"ForthRight Wealth Management, LLC",4,0,2026-08-07
0002048142,Four Tree Island Advisory LLC,4,0,2026-08-07
0001356249,"Fund Evaluation Group, LLC",4,0,2026-08-07
0001696209,Fusion Family Wealth LLC,4,0,2026-08-07
0002149002,"GAINLINE FINANCIAL PARTNERS, LLC",1,0,2026-08-07
0002057060,GF FUND MANAGEMENT CO. LTD.,4,0,2026-08-07
0002014454,GOLDEN ROAD ADVISORS LLC,4,0,2026-08-07
0001799367,"GPM Growth Investors, Inc.",4,0,2026-08-07
0001907528,"GRAHAM CAPITAL WEALTH MANAGEMENT, LLC",4,0,2026-08-07
0001308016,"GRANDFIELD & DODD, LLC",4,0,2026-08-07
0001391974,GSI Capital Advisors LLC,4,0,2026-08-07
0001802952,"Game Plan Financial Advisors, LLC",4,0,2026-08-07
0001714093,Garner Asset Management Corp,4,0,2026-08-07
0001637241,"Genesis Wealth Advisors, LLC",4,0,2026-08-07
0001666736,Gerber Kawasaki Wealth & Investment Management,4,0,2026-08-07
0001760076,"Global Strategic Investment Solutions, LLC",4,0,2026-08-07
0001908965,"Gould Capital, LLC",4,0,2026-08-07
0002051568,"Graney & King, LLC",4,0,2026-08-07
0001542266,"Granite Investment Partners, LLC",4,0,2026-08-07
0002055216,Grantvest Financial Group LLC,4,0,2026-08-07
0002056589,"Graver Capital Management, LLC",4,0,2026-08-07
0001848138,Greenwoods Asset Management Hong Kong Ltd.,4,0,2026-08-07
0001660424,Greylock XIV GP LLC,3,0,2026-08-07
0002083963,"Guardian Capital, LLC",3,0,2026-08-07
0001128074,HANSEATIC MANAGEMENT SERVICES INC,2,0,2026-08-07
0001039128,"HARBOR CAPITAL ADVISORS, INC.",4,0,2026-08-07
0001803295,"HC Advisors, LLC",4,0,2026-08-07
0001911087,"HFG Advisors, Inc.",4,0,2026-08-07
0001877822,"HFR Wealth Management, LLC",4,0,2026-08-07
0002110061,Harborfront Financial Group LLC,2,0,2026-08-07
0002085855,"Harbour Wealth Management Group, Inc.",3,0,2026-08-07
0001831542,Hexagon Capital Partners LLC,4,0,2026-08-07
0001606152,Hikari Power Ltd,4,0,2026-08-07
0001649611,IDG China Capital Fund GP III Associates Ltd.,3,0,2026-08-07
0001649614,IDG China Capital Fund III Associates L.P.,4,0,2026-08-07
0001609021,IDG China Venture Capital Fund IV Associates L.P.,4,0,2026-08-07
0001709671,IDG China Venture Capital Fund V Associates L.P.,4,0,2026-08-07
0001846013,IDG-Accel China Capital GP II Associates Ltd.,3,0,2026-08-07
0001535769,IDG-Accel China Capital II Associates L.P.,3,0,2026-08-07
0002032103,"IMG Wealth Management, Inc.",4,0,2026-08-07
0001568069,Idaho Trust Co,4,0,2026-08-07
0001802244,"Indie Asset Partners, LLC",4,0,2026-08-07
0001759751,"Inlet Private Wealth, LLC",4,0,2026-08-07
0002052044,"Inman Jager Wealth Management, LLC",4,0,2026-08-07
0002022637,International Private Wealth Advisors LLC,4,0,2026-08-07
0001926349,Investmark Advisory Group LLC,4,0,2026-08-07
0001106129,JENSEN INVESTMENT MANAGEMENT INC,4,0,2026-08-07
0001085227,JLB & ASSOCIATES INC,4,0,2026-08-07
0001549738,"JW Asset Management, LLC",4,0,2026-08-07
0001597484,"John Boyer, Inc.",4,0,2026-08-07
0001775391,"Joseph P. Lucia & Associates, LLC",4,0,2026-08-07
0001418359,K.J. Harrison & Partners Inc,4,0,2026-08-07
0001461790,"K2 PRINCIPAL FUND, L.P.",4,0,2026-08-07
0001771687,"KG&L Capital Management,LLC",4,0,2026-08-07
0001723223,"KILEY JUERGENS WEALTH MANAGEMENT, LLC",4,0,2026-08-07
0002126518,KRM WEALTH MANAGEMENT L.L.C.,3,0,2026-08-07
0001966087,Kapstone Financial Advisors LLC,4,0,2026-08-07
0002095972,Kassira Wealth Management LLC,4,0,2026-08-07
0002111703,"Keenan, LLC",3,1,2026-08-07
0001962236,Kingdom Financial Group LLC.,4,0,2026-08-07
0001674836,"LEE JOHNSON CAPITAL MANAGEMENT, LLC",4,0,2026-08-07
0001748814,LITTLE HOUSE CAPITAL LLC,4,0,2026-08-07
0001403438,LPL Financial LLC,4,0,2026-08-07
0001967844,"LUTS & GREENLEIGH GROUP, INC",4,0,2026-08-07
0002046605,LYNWOOD PRICE CAPITAL MANAGEMENT LP,4,0,2026-08-07
0001914668,"Latigo Investments, LLC",4,0,2026-08-07
0002060443,"LeConte Wealth Management, LLC",4,0,2026-08-07
0001621157,Lexington Partners L.P.,4,0,2026-08-07
0001650150,"Lido Advisors, LLC",4,0,2026-08-07
0001802474,"Lloyd Advisory Services, LLC.",4,0,2026-08-07
0002011177,"Long Island Wealth Management, Inc.",4,0,2026-08-07
0001807270,Luminist Capital LLC,4,0,2026-08-07
0001842370,"M. Kulyk & Associates, LLC",4,0,2026-08-07
0000922940,"M.D. Sass, LLC",4,0,2026-08-07
0000860645,MARVIN & PALMER ASSOCIATES INC,4,0,2026-08-07
0000225602,MASSACHUSETTS MUTUAL LIFE INSURANCE CO,4,0,2026-08-07
0002056521,MASTER'S WEALTH MANAGEMENT INC.,4,0,2026-08-07
0001922875,"MAYPORT, LLC",4,0,2026-08-07
0000809443,MEEDER ASSET MANAGEMENT INC,4,0,2026-08-07
0000067088,MITSUBISHI UFJ FINANCIAL GROUP INC,4,0,2026-08-07
0001534949,"MKP Capital Management, L.L.C.",4,0,2026-08-07
0000701059,"MML INVESTORS SERVICES, LLC",4,0,2026-08-07
0001759395,MQS Management LLC,4,0,2026-08-07
0000852743,"MUFG Bank, Ltd.",4,0,2026-08-07
0002014898,MUIRFIELD WEALTH ADVISORS LLC,4,0,2026-08-07
0002149104,"MW ADVISORY, LLC",1,0,2026-08-07
0001827845,MY Wealth Management Inc.,4,0,2026-08-07
0002111816,"Macco Financial Group, Inc.",3,0,2026-08-07
0001763350,"Main Street Financial Solutions, LLC",4,0,2026-08-07
0001387130,"Marble Harbor Investment Counsel, LLC",4,0,2026-08-07
0002110081,"Marble Wealth, LLC",3,0,2026-08-07
0001678378,"Mass General Brigham, Inc",3,0,2026-08-07
0001538449,Mawer Investment Management Ltd.,4,0,2026-08-07
0002056340,"May Hill Capital, LLC",4,1,2026-08-07
0002119283,"Meadowbrook Advisors Group, LLC",3,0,2026-08-07
0001792167,"Meeder Advisory Services, Inc.",4,0,2026-08-07
0001803156,Menard Financial Group LLC,4,0,2026-08-07
0000310158,"Merck & Co., Inc.",4,0,2026-08-07
0002077076,MidFirst Bank,3,0,2026-08-07
0001924615,"Millington Financial Advisors, LLC",4,0,2026-08-07
0001466546,"Mitsubishi UFJ Asset Management Co., Ltd.",4,0,2026-08-07
0002021464,Mittelman Wealth Management,4,0,2026-08-07
0001803593,Monaco Asset Management SAM,4,0,2026-08-07
0001755651,"Monte Financial Group, LLC",4,0,2026-08-07
0001808523,Mosaic Advisors LLC,4,0,2026-08-07
0001569356,NINE MASTS CAPITAL Ltd,4,0,2026-08-07
0001388409,NOVARE CAPITAL MANAGEMENT LLC,4,0,2026-08-07
0001473182,"NUANCE INVESTMENTS, LLC",4,0,2026-08-07
0001545692,"NVP Associates, LLC",4,0,2026-08-07
0002098824,"NWM ADVISORS, LLC",3,0,2026-08-07
0002011081,Nationale-Nederlanden Powszechne Towarzystwo Emerytalne S.A.,4,0,2026-08-07
0001855567,"Naviter Wealth, LLC",4,0,2026-08-07
0002093071,Niatross Investments Ltd,3,0,2026-08-07
0001962713,"Nordwand Advisors, LLC",4,0,2026-08-07
0000924171,OAKMONT Corp,4,1,2026-08-07
0001550660,"OAKTOP CAPITAL MANAGEMENT II, L.P.",4,0,2026-08-07
0001569667,"OARSMAN CAPITAL, INC.",4,0,2026-08-07
0000714364,OGOREK ANTHONY JOSEPH /NY/ /ADV,4,1,2026-08-07
0000937567,ONTARIO TEACHERS PENSION PLAN BOARD,4,9,2026-08-07
0002116315,Oak Barrel Wealth Advisory LLC,2,0,2026-08-07
0002011113,"Objectivity Squared, LLC",4,0,2026-08-07
0001770994,"Occidental Asset Management, LLC",4,0,2026-08-07
0001690370,OneDigital Investment Advisors LLC,4,0,2026-08-07
0002107791,Orange County Employees Retirement System,3,0,2026-08-07
0001564770,"Oxbow Advisors, LLC",4,0,2026-08-07
0001910845,"PARAGON FINANCIAL PARTNERS, INC.",4,0,2026-08-07
0002145782,"PENSION & WEALTH MANAGEMENT ADVISORS, INC.",15,0,2026-08-07
0001677501,"PERSONAL CFO SOLUTIONS, LLC",4,0,2026-08-07
0002056763,"PINNEY & SCOFIELD, INC.",4,0,2026-08-07
0002043741,"PLANWISER FINANCIAL, LLC",4,1,2026-08-07
0000713676,"PNC FINANCIAL SERVICES GROUP, INC.",4,0,2026-08-07
0001166152,"PRESCOTT GROUP CAPITAL MANAGEMENT, L.L.C.",4,0,2026-08-07
0001036215,PROFESSIONAL FINANCIAL SOLUTIONS LLC                    /ADV,3,0,2026-08-07
0001911091,PURSUE WEALTH PARTNERS LLC,4,0,2026-08-07
0001027796,PZENA INVESTMENT MANAGEMENT LLC,4,0,2026-08-07
0002141570,"Paladin Partners, LLC",3,0,2026-08-07
0002107248,"Palatine Hill Wealth Management, LLC",3,0,2026-08-07
0001388443,"Palisades Hudson Asset Management, L.P.",4,0,2026-08-07
0001862282,Pallas Capital Advisors LLC,4,0,2026-08-07
0002052992,"Panoramic Capital Partners, LLC",4,0,2026-08-07
0002024251,"Parkshore Wealth Management, Inc.",4,0,2026-08-07
0002143027,Pavaki Capital Management LLC,3,1,2026-08-07
0001792565,"Pavion Blue Capital, LLC",4,0,2026-08-07
0001908765,"Perfromance Wealth Partners, LLC",4,0,2026-08-07
0001575239,"Perigon Wealth Management, LLC",4,0,2026-08-07
0002056052,Persistent Asset Partners Ltd,4,1,2026-08-07
0002063635,"Phil A. Younker & Associates, Ltd.",4,0,2026-08-07
0001962628,Phillips Wealth Planners LLC,4,0,2026-08-07
0001726752,"Pinnacle Wealth Planning Services, Inc.",4,0,2026-08-07
0001984475,Plato Investment Management Ltd,4,0,2026-08-07
0001988307,"Point Nemo Capital, LLC",3,0,2026-08-07
0001743413,Principle Wealth Partners LLC,4,0,2026-08-07
0001845773,Privium Fund Management,4,0,2026-08-07
0001795097,Privium Fund Management B.V.,4,0,2026-08-07
0002021762,Prospect Financial Group LLC,4,0,2026-08-07
0001651424,Quadrature Capital Ltd,4,0,2026-08-07
0001912338,"Quent Capital, LLC",4,0,2026-08-07
0002048733,"R.H. Investment Group, LLC",4,0,2026-08-07
0000872589,"REGENERON PHARMACEUTICALS, INC.",4,0,2026-08-07
0000913144,RENAISSANCERE HOLDINGS LTD,4,0,2026-08-07
0002057004,"RETIREMENT PLANNING GROUP, LLC / NY",4,0,2026-08-07
0001766514,"RHS Financial, LLC",4,0,2026-08-07
0001230765,"RICE HALL JAMES & ASSOCIATES, LLC",4,0,2026-08-07
0000051762,RNC CAPITAL MANAGEMENT LLC,4,0,2026-08-07
0001544576,"RWA WEALTH PARTNERS, LLC",4,0,2026-08-07
0002107467,Rayburn West Financial Services LLC,3,0,2026-08-07
0001927724,Redwood Financial Network Corp,4,0,2026-08-07
0001823393,Reliant Wealth Planning,4,0,2026-08-07
0002104501,"Remedium Capital Partners, LLC",3,1,2026-08-07
0001730573,"Requisite Capital Management, LLC",4,0,2026-08-07
0001735445,Rheos Capital Works Inc.,4,0,2026-08-07
0002148496,Rose Capital Advisors LLC,1,0,2026-08-07
0002107886,Royal Palms Capital LLC,3,0,2026-08-07
0001794153,SCHWARZ DYGOS WHEELER INVESTMENT ADVISORS LLC,4,0,2026-08-07
0000937522,SCHWERIN BOYLE CAPITAL MANAGEMENT INC,4,0,2026-08-07
0001730961,"SCP Investment, LP",4,0,2026-08-07
0001313360,"SG Americas Securities, LLC",4,0,2026-08-07
0001510099,SG Capital Management LLC,4,0,2026-08-07
0002051715,"SIERRA OCEAN, LLC",4,0,2026-08-07
0001080576,"SILVER OAK SECURITIES, INCORPORATED",4,0,2026-08-07
0001219573,SINGAPORE TECHNOLOGIES TELEMEDIA PTE LTD,4,0,2026-08-07
0001846138,"SITTNER & NELSON, LLC",4,0,2026-08-07
0001234074,SPRUCEGROVE INVESTMENT MANAGEMENT LTD,4,0,2026-08-07
0001934721,"STAGE HARBOR FINANCIAL, LLC",4,0,2026-08-07
0001965329,STAR Financial Bank,4,0,2026-08-07
0000093751,STATE STREET CORP,4,0,2026-08-07
0001452857,STEEL PARTNERS HOLDINGS L.P.,3,0,2026-08-07
0002149098,"SUCCESSION FINANCIAL, INC.",1,0,2026-08-07
0001766156,"Salomon & Ludwin, LLC",4,0,2026-08-07
0002148716,Schuylkill Financial LLC,1,0,2026-08-07
0002149018,"Shah Wealth Advisors, LLC",1,0,2026-08-07
0001926753,"Sheridan Capital Management, LLC",4,0,2026-08-07
0001449126,Sigma Planning Corp,4,0,2026-08-07
0002096298,Signet Private Wealth LLC,3,0,2026-08-07
0002096569,Sinvest Investments II Ltd.,3,0,2026-08-07
0001397076,Stilwell Value LLC,4,0,2026-08-07
0002107449,Strategic Wealth Advisors LLC,3,0,2026-08-07
0001333709,Summit Creek Advisors LLC,4,0,2026-08-07
0002065794,Summit Financial Consulting LLC,4,0,2026-08-07
0001725042,Syncona Portfolio Ltd,4,0,2026-08-07
0002060663,TABLEAUX LLC,4,2,2026-08-07
0002149209,"TENET WEALTH PARTNERS, LLC",1,0,2026-08-07
0001575151,"TIEMANN INVESTMENT ADVISORS, LLC",4,0,2026-08-07
0002039850,"TOUNJIAN ADVISORY PARTNERS, LLC",4,0,2026-08-07
0002071170,TOWARZYSTWO FUNDUSZY INWESTYCYJNYCH PZU SA,4,0,2026-08-07
0000086312,"TRAVELERS COMPANIES, INC.",4,0,2026-08-07
0001134008,TRUST CO OF VERMONT,3,0,2026-08-07
0001999208,"Tassel Capital Management, Inc.",4,0,2026-08-07
0001698264,"Technology Crossover Management IX, Ltd.",4,0,2026-08-07
0001626282,"Technology Crossover Management VIII, Ltd.",4,0,2026-08-07
0001787727,"Technology Crossover Management X, Ltd.",4,0,2026-08-07
0001977402,"Technology Crossover Management XI, Ltd.",4,0,2026-08-07
0001021944,Temasek Holdings,4,0,2026-08-07
0001961304,"Templeton & Phillips Capital Management, LLC",4,0,2026-08-07
0001802655,Texas Capital Bank Wealth Management Services Inc,4,0,2026-08-07
0002029464,Tide Cove Capital Partners LLC,4,0,2026-08-07
0001313816,"TimesSquare Capital Management, LLC",4,0,2026-08-07
0002110045,"Timmons Wealth Management, LLC",3,0,2026-08-07
0002109159,Timothy G. Youngquist 2020 Irrevocable Trust,3,0,2026-08-07
0001880087,"Topel & Distasi Wealth Management, LLC",4,0,2026-08-07
0001599511,"Tortoise Investment Management, LLC",4,0,2026-08-07
0001847769,Tranquilli Financial Advisor LLC,4,0,2026-08-07
0002040393,"Triune Financial Partners, LLC",4,0,2026-08-07
0002107386,True Light Capital Pte. Ltd.,3,0,2026-08-07
0000732905,"Tweedy, Browne Co LLC",4,0,2026-08-07
0001877090,Twelve Points Wealth Management LLC,4,0,2026-08-07
0001021249,UNITED SERVICES AUTOMOBILE ASSOCIATION,4,0,2026-08-07
0000102212,UNIVEST FINANCIAL Corp,4,0,2026-08-07
0002011649,UP STRATEGIC WEALTH INVESTMENT ADVISORS LLC,4,0,2026-08-07
0001543151,"Uber Technologies, Inc",4,0,2026-08-07
0002048100,Unifi Asset Management LP,3,0,2026-08-07
0001840755,Unison Asset Management LLC,4,1,2026-08-07
0001802874,"University of Massachusetts Foundation, Inc.",4,0,2026-08-07
0000920655,VALLEY FORGE INVESTMENT CONSULTANTS INC ADV,4,0,2026-08-07
0001040188,VICTORY CAPITAL MANAGEMENT INC,4,0,2026-08-07
0001113629,VILLERE ST DENIS J & CO LLC,4,0,2026-08-07
0002109783,Vantus Wealth LLC,2,0,2026-08-07
0002054798,"Variant Private Wealth, LLC",4,0,2026-08-07
0001650301,Versor Investments LP,4,0,2026-08-07
0001940823,W.H. Cornerstone Investments Inc.,4,0,2026-08-07
0002059126,"WGI DM, LLC",4,3,2026-08-07
0001078635,WINDWARD CAPITAL MANAGEMENT CO /CA,4,0,2026-08-07
0001612063,WINTON GROUP Ltd,4,0,2026-08-07
0002109460,WIREGRASS INVESTMENT MANAGEMENT LLC,3,0,2026-08-07
0001904574,"WORLDLY PARTNERS MANAGEMENT, LLC",4,0,2026-08-07
0001780365,WT Asset Management Ltd,4,0,2026-08-07
0000104169,Walmart Inc.,4,1,2026-08-07
0001763921,Wealthfront Advisers LLC,4,0,2026-08-07
0001331997,"Westend Capital Management, LLC",4,0,2026-08-07
0001907320,"Western Pacific Wealth Management, LP",4,0,2026-08-07
0001356513,"Westwood Global Investments, LLC",4,5,2026-08-07
0001861125,Westwood Wealth Management,4,0,2026-08-07
0001727407,"17 CAPITAL PARTNERS, LLC",4,0,2026-08-06
0002077902,180 GPS Investments IC Ltd,4,0,2026-08-06
0000356264,1ST SOURCE BANK,4,0,2026-08-06
0001561082,ABN AMRO Bank N.V.,4,0,2026-08-06
0001994827,ACORN CREEK CAPITAL LLC,4,0,2026-08-06
0001027694,ALPHA CAPITAL ADVISORS INC /ADV,3,0,2026-08-06
0001396835,ALPINE ASSOCIATES MANAGEMENT INC.,4,0,2026-08-06
0001018724,AMAZON COM INC,4,0,2026-08-06
0001553562,AMF Tjanstepension AB,4,1,2026-08-06
0001717977,AMS Capital Ltda,4,1,2026-08-06
0001652442,ANTIPODES PARTNERS Ltd,4,0,2026-08-06
0001843111,APEIRON CAPITAL Ltd,4,0,2026-08-06
0001027570,ARBOR CAPITAL MANAGEMENT INC /ADV,4,0,2026-08-06
0001797135,"ARBOR TRUST WEALTH ADVISORS, LLC",4,0,2026-08-06
0002042516,AUCTUS ADVISORS LLC,3,0,2026-08-06
0001916908,"AXQ CAPITAL, LP",4,0,2026-08-06
0001714341,"Abbot Financial Management, Inc.",4,0,2026-08-06
0001463559,Alberta Investment Management Corp,4,3,2026-08-06
0001633603,All-Stars Investment Ltd,4,0,2026-08-06
0001713662,AlphaCore Capital LLC,4,0,2026-08-06
0001772954,"Ameraudi Asset Management, Inc.",4,1,2026-08-06
0001745945,"Aquire Wealth Advisors, LLC",4,0,2026-08-06
0002054674,"ArborFi Advisors, LLC",4,0,2026-08-06
0001454424,Archon Partners LLC,4,0,2026-08-06
0001625292,Argent Trust Co,4,0,2026-08-06
0002017744,"Arrowroot Family Office, LLC",4,1,2026-08-06
0001861158,"Ashford Advisors, LLC",4,0,2026-08-06
0002110285,"Aspirean Wealth, LLC",3,0,2026-08-06
0001921093,Athena Investment Management,4,0,2026-08-06
0001798150,Avalon Trust Co,4,0,2026-08-06
0002013342,"Avise Financial Cooperative, Inc.",3,0,2026-08-06
0001831985,"Axiom Financial Strategies, LLC",4,0,2026-08-06
0001088875,BAILLIE GIFFORD & CO,4,0,2026-08-06
0000924920,BASS LEE M /TX/,4,0,2026-08-06
0001242829,BASS SID R,4,1,2026-08-06
0001096783,BAXTER BROS INC,4,0,2026-08-06
0001966066,"BEACON FINANCIAL PLANNING, INC",4,0,2026-08-06
0001352860,"BLUE BELL PRIVATE WEALTH MANAGEMENT, LLC",4,0,2026-08-06
0001133999,BUCKHEAD CAPITAL MANAGEMENT LLC,4,0,2026-08-06
0001586678,Balentine LLC,4,0,2026-08-06
0001390777,Bank of New York Mellon Corp,4,0,2026-08-06
0001906798,"Barden Capital Management, Inc.",4,0,2026-08-06
0001705622,Bass Edward P,4,0,2026-08-06
0002136908,"Bellars Harris Wealth Management, LLC",1,0,2026-08-06
0001667694,"Berkeley Capital Partners, LLC",4,0,2026-08-06
0001840341,"Birchcreek Wealth Management, LLC",4,0,2026-08-06
0002110062,"Birchwood Financial Partners, Inc.",3,0,2026-08-06
0002111811,"Blind Man Capital, LLC",3,0,2026-08-06
0002025925,Breakwater Investment Management,4,0,2026-08-06
0001632253,"Brick & Kyle, Associates",4,0,2026-08-06
0002109156,"Briggs Wealth Management, Inc",3,0,2026-08-06
0001910180,"CARL STUART INVESTMENT ADVISOR, INC",4,0,2026-08-06
0001860698,"CEERA INVESTMENTS, LLC",4,0,2026-08-06
0000019475,CHASE INVESTMENT COUNSEL CORP,4,0,2026-08-06
0001279888,CINCINNATI CASUALTY CO,4,0,2026-08-06
0000020286,CINCINNATI FINANCIAL CORP,4,0,2026-08-06
0001279886,CINCINNATI INDEMNITY CO,4,0,2026-08-06
0001279885,CINCINNATI INSURANCE CO,4,0,2026-08-06
0002113615,CLEAR WAVE WEALTH MANAGEMENT LLC,2,0,2026-08-06
0001732074,CNB Bank,4,0,2026-08-06
0000919538,CORBYN INVESTMENT MANAGEMENT INC/MD,4,0,2026-08-06
0001545812,"CORDA Investment Management, LLC.",4,0,2026-08-06
0001844480,"COWA, LLC",4,0,2026-08-06
0001534469,"CSU Producer Resources, Inc.",4,0,2026-08-06
0002056729,"CURA WEALTH ADVISORS, LLC",4,0,2026-08-06
0000064803,CVS HEALTH Corp,4,0,2026-08-06
0001981942,Call To Action Foundation,4,0,2026-08-06
0001755785,"Canton Hathaway, LLC",4,0,2026-08-06
0001582732,"Capital Investment Advisors, LLC",4,1,2026-08-06
0001931232,Carr Financial Group Corp,4,0,2026-08-06
0001752761,Centric Wealth Management,4,0,2026-08-06
0001427147,"Cheviot Value Management, LLC",4,0,2026-08-06
0001426763,Cincinnati Specialty Underwriters Insurance CO,4,0,2026-08-06
0000842775,"Clearstead Advisors, LLC",4,0,2026-08-06
0001708001,"Clearstead Trust, LLC",4,0,2026-08-06
0001690531,"Clearwater Capital Advisors, LLC",4,0,2026-08-06
0001765387,Concentrum Wealth Management,4,0,2026-08-06
0001846532,"Continuum Advisory, LLC",4,0,2026-08-06
0001599084,"Cranbrook Wealth Management, LLC",4,0,2026-08-06
0001578985,Cumberland Partners Ltd,4,0,2026-08-06
0001633896,Cypress Capital Management LLC,4,0,2026-08-06
0001964171,"DEEPWATER ASSET MANAGEMENT, LLC",4,0,2026-08-06
0001217541,DIAMOND HILL CAPITAL MANAGEMENT INC,4,0,2026-08-06
0002060765,"DSG Capital Advisors, LLC",4,0,2026-08-06
0002011221,Darden Wealth Group Inc,4,0,2026-08-06
0001633391,Diana Davis Spencer Foundation,4,0,2026-08-06
0001973728,"Dodds Wealth, LLC",4,0,2026-08-06
0002111587,"Donalies Financial Planning, LLC",3,0,2026-08-06
0001376772,Dorsey Wright & Associates,4,0,2026-08-06
0002113915,EJMK Ventures LLC,3,0,2026-08-06
0000201772,ESSEX INVESTMENT MANAGEMENT CO LLC,4,0,2026-08-06
0001906547,Eagle Bluffs Wealth Management LLC,4,0,2026-08-06
0002010262,Elite Life Management LLC,4,0,2026-08-06
0001904477,"Endowment Wealth Management, Inc.",4,0,2026-08-06
0001796651,"Euro Pacific Asset Management, LLC",4,1,2026-08-06
0002009530,"Evernest Financial Advisors, LLC",4,0,2026-08-06
0001479465,FARLEY CAPITAL L.P.,4,0,2026-08-06
0001098151,FIDELITY D & D BANCORP INC,4,0,2026-08-06
0001858558,"FIFTH LANE CAPITAL, LP",4,0,2026-08-06
0001844831,FINANCIAL MANAGEMENT NETWORK INC,4,0,2026-08-06
0001339908,FIRST NATIONAL BANK & TRUST CO OF NEWTOWN,4,0,2026-08-06
0001903573,"FJ Investments, LLC",4,0,2026-08-06
0001140334,FLPUTNAM INVESTMENT MANAGEMENT CO,4,0,2026-08-06
0001706016,"Family Legacy, Inc.",4,0,2026-08-06
0002010765,Fielder Capital Group LLC,4,0,2026-08-06
0001916066,"FinDec Wealth Services, Inc.",4,0,2026-08-06
0002112099,"Financial Concepts Unlimited, Inc.",2,0,2026-08-06
0001965484,"Financial Freedom, LLC",4,0,2026-08-06
0001868872,"Focus Partners Advisor Solutions, LLC",4,0,2026-08-06
0002054598,Freedom Financial Partners LLC,4,0,2026-08-06
0001910146,"Frontier Asset Management, LLC",4,0,2026-08-06
0001009232,GENEVA CAPITAL MANAGEMENT LLC,4,0,2026-08-06
0000714395,"GERMAN AMERICAN BANCORP, INC.",4,0,2026-08-06
0001091961,GOULD ASSET MANAGEMENT LLC /CA/,4,0,2026-08-06
0001964236,GRITSTONE ASSET MANAGEMENT LLC,4,0,2026-08-06
0001714590,"GS Investments, Inc.",4,0,2026-08-06
0001362033,GSA CAPITAL PARTNERS LLP,4,0,2026-08-06
0001697110,"GenTrust, LLC",4,0,2026-08-06
0001764754,Geneos Wealth Management Inc.,4,0,2026-08-06
0001652348,"Genesee Capital Advisors, LLC",4,0,2026-08-06
0001749744,"Global Retirement Partners, LLC",3,0,2026-08-06
0002006008,Gold Investment Management Ltd.,4,0,2026-08-06
0001815467,Great Mountain Partners LLC,4,0,2026-08-06
0001843566,"Greenhouse Wealth Management, LLC",4,0,2026-08-06
0001179313,Groupe Bruxelles Lambert,4,0,2026-08-06
0001858828,"Guardian Wealth Advisors, LLC",4,0,2026-08-06
0001379995,HBK Sorce Advisory LLC,4,1,2026-08-06
0001727612,HELIOS CAPITAL MANAGEMENT PTE. LTD,4,0,2026-08-06
0001455253,"HS Management Partners, LLC",4,0,2026-08-06
0001963875,"HTG Investment Advisors, Inc.",4,0,2026-08-06
0001760263,"Hamilton Wealth, LLC",7,2,2026-08-06
0001546587,Hartford Funds Management Co LLC,4,0,2026-08-06
0001706028,Heritage Trust Co,4,0,2026-08-06
0002019202,"Hobbs Wealth Management, LLC",4,0,2026-08-06
0001426940,"Horizon Investment Services, LLC",4,0,2026-08-06
0001815123,"Horizon Wealth Management, LLC",4,0,2026-08-06
0001827261,"IAG Wealth Partners, LLC",4,0,2026-08-06
0001697850,ICICI Prudential Asset Management Co Ltd,4,0,2026-08-06
0001452861,"IMC-Chicago, LLC",4,0,2026-08-06
0001627003,"Insight Wealth Partners, LLC",4,0,2026-08-06
0001819955,"Intelligence Driven Advisers, LLC",4,0,2026-08-06
0001910273,"Investment Advisory Group, LLC",4,0,2026-08-06
0001330463,"Ironwood Investment Counsel, LLC",4,0,2026-08-06
0001535293,J.Safra Asset Management Corp,4,2,2026-08-06
0001903880,"JACKSON THORNTON WEALTH MANAGEMENT, LLC",4,0,2026-08-06
0000200406,JOHNSON & JOHNSON,4,2,2026-08-06
0002125215,Jackson Brooke LLC,2,0,2026-08-06
0001949059,"James J. Burns & Company, LLC",4,0,2026-08-06
0002020459,"Joel Adams & Associates, Inc.",4,0,2026-08-06
0001706327,"Johnson Financial Group, LLC",4,0,2026-08-06
0002110653,"Johnson Wealth Management, LLC",4,0,2026-08-06
0001910383,Joseph Group Capital Management,4,0,2026-08-06
0001507971,KELLEHER FINANCIAL ADVISORS,4,0,2026-08-06
0001166620,"KLCM Advisors, Inc.",4,0,2026-08-06
0002064489,Kagan Cocozza Asset Management,4,0,2026-08-06
0001963352,"Kennon-Green & Company, LLC",4,0,2026-08-06
0002113129,Ketron Financial,3,0,2026-08-06
0001865158,Keystone Financial Services,4,0,2026-08-06
0002084205,"Kropog Financial Group, LLC",7,0,2026-08-06
0002078069,"LETSON INVESTMENT MANAGEMENT, INC.",4,0,2026-08-06
0001769302,LIBERTY WEALTH MANAGEMENT LLC,4,0,2026-08-06
0001925385,LIBRA WEALTH LLC,4,0,2026-08-06
0001167487,LONGFELLOW INVESTMENT MANAGEMENT CO LLC,4,0,2026-08-06
0001050470,LSV ASSET MANAGEMENT,4,0,2026-08-06
0001966581,Lakewood Asset Management LLC,4,0,2026-08-06
0002025964,"Landing Point Financial Group, LLC",4,0,2026-08-06
0001426748,Lazard Freres Gestion S.A.S.,4,0,2026-08-06
0001967205,Leading Edge Financial Planning LLC,4,0,2026-08-06
0001735201,"Leeward Financial Partners, LLC",4,0,2026-08-06
0001442641,Legato Capital Management LLC,4,0,2026-08-06
0001489178,"Liberty Street Advisors, Inc.",4,0,2026-08-06
0001602476,"Lumbard & Kellner, LLC",4,0,2026-08-06
0001906719,"Lynch Asset Management, Inc.",4,0,2026-08-06
0001802539,M&G Plc,4,0,2026-08-06
0002109365,"M3 Wealth Management, LLC",3,1,2026-08-06
0001600999,"MANAGED ASSET PORTFOLIOS, LLC",4,0,2026-08-06
0002092389,"MOR Wealth Management, LLC",3,0,2026-08-06
0001782974,Marcho Partners LLP,4,0,2026-08-06
0002056245,Maridea Wealth Management LLC,4,0,2026-08-06
0001462160,Mitsubishi UFJ Trust & Banking Corp,4,0,2026-08-06
0001599719,Mivtachim The Workers Social Insurance Fund Ltd.,4,0,2026-08-06
0001844314,"Montis Financial, LLC",4,0,2026-08-06
0001905198,"Morling Financial Advisors, LLC",4,0,2026-08-06
0001512814,Motley Fool Asset Management LLC,4,0,2026-08-06
0001607978,"Motley Fool Wealth Management, LLC",4,0,2026-08-06
0002019946,"Mowery & Schoenfeld Wealth Management, LLC",4,0,2026-08-06
0001803456,N.E.W. Advisory Services LLC,4,0,2026-08-06
0001734493,NICOLA WEALTH MANAGEMENT LTD.,4,0,2026-08-06
0002110897,"NLB Skladi, upravljanje premozenja, d.o.o.",3,0,2026-08-06
0001040190,"Nippon Life Global Investors Americas, Inc.",4,0,2026-08-06
0002127798,"Northern Lights Advisors, Inc.",3,0,2026-08-06
0002059828,"Northstar Financial Companies, Inc.",4,0,2026-08-06
0001815025,"NovaPoint Capital, LLC",4,0,2026-08-06
0001768635,O'Brien Greene & Co. Inc,4,0,2026-08-06
0001912040,"OAK HARBOR WEALTH PARTNERS, LLC",4,0,2026-08-06
0002026391,OMC Financial Services LTD,4,0,2026-08-06
0002113908,"OakTrust Wealth Advisors, LLC",3,0,2026-08-06
0001549358,"Old West Investment Management, LLC",4,0,2026-08-06
0001725297,"One Wealth Advisors, LLC",4,0,2026-08-06
0001511229,"Orca Investment Management, LLC",4,0,2026-08-06
0000883677,PANAGORA ASSET MANAGEMENT INC,4,0,2026-08-06
0001034549,PARADIGM ASSET MANAGEMENT CO LLC,4,0,2026-08-06
0002010374,"PFC CAPITAL GROUP, INC.",4,0,2026-08-06
0000898417,PPM AMERICA INC/IL,4,0,2026-08-06
0002061027,"PTM WEALTH MANAGEMENT, LLC",4,0,2026-08-06
0002095919,"PW ADVISORS, LLC \ FL",3,0,2026-08-06
0001936845,"Pacific Sage Partners, LLC",4,0,2026-08-06
0001633207,"Patten Group, Inc.",4,0,2026-08-06
0001743863,"Peachtree Investment Partners, LLC",4,0,2026-08-06
0001729049,"Pegasus Asset Management, Inc.",4,3,2026-08-06
0002033683,"Persium Advisors, LLC",4,1,2026-08-06
0001596901,"Pettee Investors, Inc.",4,0,2026-08-06
0001738738,"Pinion Investment Advisors, LLC",4,0,2026-08-06
0002080247,Pinpoint Asset Management,4,0,2026-08-06
0001424717,"Plante Moran Financial Advisors, LLC",4,0,2026-08-06
0001632965,Private Advisory Group LLC,4,0,2026-08-06
0001787027,"Private Wealth Advisors, LLC",4,0,2026-08-06
0002012519,Prospect Financial Services LLC,4,0,2026-08-06
0001837320,"Prospect Hill Management, LLC",4,0,2026-08-06
0001561418,Quantedge Capital Pte Ltd,4,0,2026-08-06
0000733444,ROMAN BUTLER FULLERTON & CO,4,0,2026-08-06
0000085338,ROTHSCHILD INVESTMENT LLC,4,0,2026-08-06
0001631627,RW Investment Management LLC,3,0,2026-08-06
0002015178,Ravenswood Partners LP,4,0,2026-08-06
0001846493,Red Wave Investments LLC,4,0,2026-08-06
0002020935,Regents Gate Capital LLP,4,0,2026-08-06
0000703361,Renesas Electronics America Inc.,3,0,2026-08-06
0001763404,"Riverstone Advisors, LLC",4,0,2026-08-06
0001767602,Roberts Financial LLC,4,0,2026-08-06
0001301540,"Rock Point Advisors, LLC",4,0,2026-08-06
0001692234,"Russell Investments Group, Ltd.",4,0,2026-08-06
0001082461,S&CO INC,4,0,2026-08-06
0001845635,"SAGE PRIVATE WEALTH GROUP, LLC",4,0,2026-08-06
0002107413,"SBI Holdings USA, Inc.",3,0,2026-08-06
0001303159,SCS Capital Management LLC,4,0,2026-08-06
0001177244,SHAPIRO CAPITAL MANAGEMENT LLC,4,0,2026-08-06
0001966026,SILVERLAKE WEALTH MANAGEMENT LLC,4,0,2026-08-06
0002044723,SMART Wealth LLC,4,0,2026-08-06
0002056591,"STONEHAVEN WEALTH & TAX SOLUTIONS, LLC",4,0,2026-08-06
0001108831,STONERIDGE INVESTMENT PARTNERS LLC,4,0,2026-08-06
0001930301,SUTTON PLACE INVESTORS LLC,4,0,2026-08-06
0002056601,"Salus Financial Advisors, LLC",4,0,2026-08-06
0002107860,Sandro Wealth Management LLC,3,0,2026-08-06
0002109203,Simcoe Capital LLC,3,0,2026-08-06
0001913243,"Simplicity Wealth,LLC",4,0,2026-08-06
0001967966,"Socha Financial Group, LLC",4,0,2026-08-06
0002109204,"Sound Portfolio Advisors, LLC",3,0,2026-08-06
0000764038,SouthState Bank Corp,4,0,2026-08-06
0001776821,"Spectrum Wealth Advisory Group, LLC",4,0,2026-08-06
0001821626,State of Wyoming,4,0,2026-08-06
0001954929,Summa Corp.,4,0,2026-08-06
0001509974,"Summit Asset Management, LLC",4,0,2026-08-06
0001947503,"Swisher Financial Concepts, Inc.",4,0,2026-08-06
0001682057,Syverson Strege & Co,4,0,2026-08-06
0001483824,TD Capital Management LLC,4,0,2026-08-06
0001965201,TFB Advisors LLC,4,0,2026-08-06
0002059325,"TFR Capital, LLC.",4,0,2026-08-06
0002113283,THRYVE WEALTH MANAGEMENT LLC,3,0,2026-08-06
0001059187,TWIN CAPITAL MANAGEMENT INC,4,0,2026-08-06
0001940416,Tevis Investment Management,4,0,2026-08-06
0002109462,Three Arch Wealth Management LLC,3,0,2026-08-06
0001966355,Tillman Hartley LLC,4,0,2026-08-06
0002118914,Titiun Yejiel,3,0,2026-08-06
0002110688,"Townsend Financial Planning, LLC",3,0,2026-08-06
0002109534,Trailhead Planners LLC,3,0,2026-08-06
0001766564,"Trivium Point Advisory, LLC",4,0,2026-08-06
0001595862,"Truffle Hound Capital, LLC",4,0,2026-08-06
0002114442,"Tulsa Wealth Advisors, INC",3,0,2026-08-06
0002004818,Tyche Wealth Partners LLC,4,0,2026-08-06
0002088337,United Financial Planning Group LLC,4,0,2026-08-06
0001730896,United Super Pty Ltd in its capacity as Trustee for the Construction & Building Unions Superannuation Fund,4,0,2026-08-06
0002056414,"Uniting Wealth Partners, LLC",4,0,2026-08-06
0002057170,Universal- Beteiligungs- und Servicegesellschaft mbH,4,0,2026-08-06
0002005378,Urban Financial Advisory Corp,4,0,2026-08-06
0001796874,"VERUS CAPITAL PARTNERS, LLC",4,7,2026-08-06
0001709478,VISA FOUNDATION,4,0,2026-08-06
0001943819,Valence8 US LP,4,0,2026-08-06
0001380443,"Valmark Advisers, Inc.",4,0,2026-08-06
0001767297,"VeraBank, N.A.",4,0,2026-08-06
0001907254,WEALTH EFFECTS LLC,4,0,2026-08-06
0001909805,"WEALTHSPAN PARTNERS, LLC",4,0,2026-08-06
0001276853,WILKINS INVESTMENT COUNSEL INC,4,0,2026-08-06
0002042565,WIM INVESTMENT MANAGEMENT Ltd,4,0,2026-08-06
0001286534,WINSLOW ASSET MANAGEMENT INC,4,0,2026-08-06
0002067343,"WPG Advisers, LLC",4,0,2026-08-06
0002040860,"WealthPoint Financial, LLC",3,1,2026-08-06
0001923591,"West Wealth Group, LLC",4,0,2026-08-06
0001764000,Wilkinson Global Asset Management LLC,4,0,2026-08-06
0001585822,"Winch Advisory Services, LLC",4,0,2026-08-06
0001807878,Working Capital Advisors,4,0,2026-08-06
0001738071,Yong Rong,4,0,2026-08-06
0001838613,"Yorkville Advisors Global, LP",5,0,2026-08-06
0001394096,ZEVIN ASSET MANAGEMENT LLC,4,0,2026-08-06
0001808163,Zeit Capital LLC,4,0,2026-08-06
0001999514,denkapparat Operations GmbH,4,0,2026-08-06
0001782624,"hemming& Wealth Management, Inc.",3,0,2026-08-06
0002060412,111 Capital,4,0,2026-08-05
0001911026,"5th Street Advisors, LLC",4,0,2026-08-05
0002028621,"ACCREDITED INVESTOR SERVICES, LLC",4,0,2026-08-05
0002147212,ADKINS SEALE CAPITAL MANAGEMENT LLC,3,0,2026-08-05
0001520601,"AFFINITY INVESTMENT ADVISORS, LLC",4,0,2026-08-05
0001269978,ALESCO ADVISORS LLC,4,0,2026-08-05
0000919489,ALLEN HOLDING INC /NY,4,0,2026-08-05
0001389544,ALLEN OPERATIONS LLC,4,0,2026-08-05
0000885118,AMERICAN ASSETS INC,4,0,2026-08-05
0000857508,AMICA MUTUAL INSURANCE CO,4,0,2026-08-05
0000813933,ANCHOR CAPITAL ADVISORS LLC,4,0,2026-08-05
0002011802,AVISO WEALTH MANAGEMENT,4,0,2026-08-05
0001767580,"Advisor OS, LLC",4,0,2026-08-05
0001838615,"AlTi Global, Inc.",4,0,2026-08-05
0000874816,"Alexander Randolph Advisory, Inc.",4,0,2026-08-05
0001326234,"Allen Investment Management, LLC",4,0,2026-08-05
0001308778,"America First Investment Advisors, LLC",4,0,2026-08-05
0001389256,"American Assets Investment Management, LLC",4,0,2026-08-05
0001797678,"Americana Partners, LLC",4,0,2026-08-05
0001807559,Amitell Capital Pte Ltd,4,0,2026-08-05
0001919158,"Andina Capital Management, LLC",4,0,2026-08-05
0001426851,"Argent Advisors, Inc.",4,0,2026-08-05
0002005134,Arrow Capital Pty Ltd,4,1,2026-08-05
0001906014,Aspire Capital Advisors LLC,4,0,2026-08-05
0001738640,"Aspiring Ventures, LLC",4,0,2026-08-05
0001834874,"Audent Global Asset Management, LLC",4,0,2026-08-05
0000902528,BANK HAPOALIM BM,4,0,2026-08-05
0000949012,BERKSHIRE ASSET MANAGEMENT LLC/PA,4,0,2026-08-05
0001873989,"BG Investment Services, Inc.",4,0,2026-08-05
0001079738,BIRINYI ASSOCIATES INC,4,0,2026-08-05
0001389059,"BLB&B Advisors, LLC",4,0,2026-08-05
0000872080,BRAUN STACEY ASSOCIATES INC,4,0,2026-08-05
0001021296,BROOKTREE CAPITAL MANAGEMENT,4,0,2026-08-05
0002048423,Bayforest Capital Ltd,4,0,2026-08-05
0001965468,"Beacon Bridge Wealth Partners, LLC",4,0,2026-08-05
0001800502,Beacon Financial Advisory LLC,4,0,2026-08-05
0001936953,"Bleakley Financial Group, LLC",4,0,2026-08-05
0002136102,"Blom & Howell Financial Planning, Inc.",3,0,2026-08-05
0002104503,Bluebird Wealth Management LLC,3,0,2026-08-05
0001600319,Bridgewater Advisors Inc.,4,0,2026-08-05
0001471085,Bronte Capital Management Pty Ltd.,4,0,2026-08-05
0001664741,Brown University,4,0,2026-08-05
0000702007,"CALDWELL SUTTER CAPITAL, INC.",4,0,2026-08-05
0001803229,"CAPITAL ADVISORY GROUP ADVISORY SERVICES, LLC",4,0,2026-08-05
0001854428,CFC Planning Co LLC,4,1,2026-08-05
0002056577,"CHAPMAN FINANCIAL GROUP, LLC",4,0,2026-08-05
0001032814,CHECK CAPITAL MANAGEMENT INC/CA,4,2,2026-08-05
0001056466,CLARK ESTATES INC/NY,4,0,2026-08-05
0001216093,COLRAIN CAPITAL LLC,4,0,2026-08-05
0001963355,"Caitong International Asset Management Co., Ltd",4,2,2026-08-05
0002086121,"Cane Capital Partners, LLC",3,0,2026-08-05
0001698068,"Capco Asset Management, LLC",4,0,2026-08-05
0001624758,"Capital Analysts, LLC",4,2,2026-08-05
0002011385,"Catalys Pacific, LLC",4,0,2026-08-05
0001722053,"CenterStar Asset Management, LLC",4,0,2026-08-05
0001733788,"Centerpoint Advisors, LLC",4,0,2026-08-05
0001525865,Clean Yield Group,4,0,2026-08-05
0002078392,"Cogent Private Wealth, Inc.",3,0,2026-08-05
0001896419,Collaborative Wealth Managment Inc.,4,0,2026-08-05
0001964835,"Compass Financial Group, INC/SD",4,0,2026-08-05
0002034001,"Convergence Financial, LLC",4,0,2026-08-05
0001845199,CoreFirst Bank & Trust,4,0,2026-08-05
0001889539,"Corebridge Financial, Inc.",4,0,2026-08-05
0002055366,"Cornerstone Select Advisors, LLC",4,0,2026-08-05
0001763409,"Cynosure Group, LLC",4,1,2026-08-05
0001341748,Cypress Capital Group,4,0,2026-08-05
0001173460,DAIDO LIFE INSURANCE CO,4,0,2026-08-05
0001729673,"DDD Partners, LLC",4,0,2026-08-05
0001790295,DELTA FINANCIAL ADVISORS LLC,4,0,2026-08-05
0001054425,DILLON & ASSOCIATES INC,4,0,2026-08-05
0001487438,"DONALDSON CAPITAL MANAGEMENT, LLC",4,0,2026-08-05
0001938514,"DecisionPoint Financial, LLC",4,0,2026-08-05
0001456228,DekaBank Deutsche Girozentrale,4,0,2026-08-05
0001808389,"Delta Accumulation, LLC",4,1,2026-08-05
0001860487,"Deuterium Capital Management, LLC",4,0,2026-08-05
0001561877,"Divco West Real Estate Services, LLC",4,0,2026-08-05
0001015083,"EMERALD ADVISERS, LLC",4,0,2026-08-05
0001352895,EMERALD MUTUAL FUND ADVISERS TRUST,4,0,2026-08-05
0002049453,"EMPOWER HARVEST MANAGEMENT SERVICES, INC.",4,0,2026-08-05
0001972322,"Eaton Financial Holdings Company, LLC",4,0,2026-08-05
0001765590,"Ellis Investment Partners, LLC",4,0,2026-08-05
0001632553,Eukles Asset Management,4,0,2026-08-05
0002026286,"Explore Capital Management, LLC",4,2,2026-08-05
0001834499,F/m Investments LLC,4,0,2026-08-05
0002020280,"FIDUCIARY FAMILY OFFICE, LLC",4,0,2026-08-05
0000035527,FIFTH THIRD BANCORP,4,0,2026-08-05
0000949623,FINANCIAL COUNSELORS INC,4,0,2026-08-05
0001737090,Farmers & Merchants Trust Co of Long Beach,4,0,2026-08-05
0001377167,"Financial Gravity Companies, Inc.",1,0,2026-08-05
0001996846,Financiere des Professionnels - Fonds d'investissement inc.,4,0,2026-08-05
0001325447,"First Eagle Investment Management, LLC",4,1,2026-08-05
0001606666,Fort Sheridan Advisors LLC,4,0,2026-08-05
0001918707,Fortune 45 LLC,4,0,2026-08-05
0001803158,Fourth Sail Capital LP,4,0,2026-08-05
0001802955,"Fusion Capital, LLC",4,0,2026-08-05
0001125725,GAGNON SECURITIES LLC,4,0,2026-08-05
0002022634,"GENTRY PRIVATE WEALTH, LLC",4,0,2026-08-05
0000911270,GLYNN CAPITAL MANAGEMENT LLC,4,0,2026-08-05
0001265905,GWN SECURITIES INC.,4,0,2026-08-05
0001599466,"Gagnon Advisors, LLC",4,0,2026-08-05
0001740858,Galileo,4,0,2026-08-05
0002034519,"Gallagher Capital Advisors, LLC",4,0,2026-08-05
0001642160,Glassman Wealth Services,4,0,2026-08-05
0002139692,Go Invest LLC,3,0,2026-08-05
0001863154,"Goehring & Rozencwajg Associates, LLC",4,0,2026-08-05
0002109094,Goldenstone Wealth Management LLC,3,0,2026-08-05
0001740642,"Grant Street Asset Management, Inc.",4,0,2026-08-05
0002011602,Gray Foundation,4,0,2026-08-05
0001910867,"Gridiron Partners, LLC",4,0,2026-08-05
0001534450,"Ground Swell Capital, LLC",4,0,2026-08-05
0001103738,"Gruss & Co., LLC",4,0,2026-08-05
0001729094,Gryphon Financial Partners LLC,4,0,2026-08-05
0001851813,"Hackensack Meridian Health, Inc.",4,0,2026-08-05
0001806630,"Harpswell Capital Advisors, LLC",4,0,2026-08-05
0001616034,HighPoint Advisor Group LLC,4,1,2026-08-05
0001462245,"HighTower Advisors, LLC",4,0,2026-08-05
0001957867,Hilltop Partners LLC,4,0,2026-08-05
0001747749,"Hurlow Wealth Management Group, Inc.",4,0,2026-08-05
0001794820,ICW Investment Advisors LLC,4,0,2026-08-05
0002053348,IFC Advisors LLC,4,0,2026-08-05
0001993352,"INSPIRE TRUST CO, N.A.",4,0,2026-08-05
0001034771,INTRUST BANK NA,4,0,2026-08-05
0001963212,"Icon Wealth Advisors, LLC",4,0,2026-08-05
0001524362,"Indaba Capital Management, L.P.",4,0,2026-08-05
0002127147,"Innovative Asset Advisors Group, LLC",2,0,2026-08-05
0001844880,"Insight Advisors, LLC/ PA",4,0,2026-08-05
0001691813,International City Management Association Retirement Corp,4,0,2026-08-05
0001329948,Janney Montgomery Scott LLC,4,0,2026-08-05
0002052989,"Journey Beyond Wealth, LLC",4,0,2026-08-05
0001803460,Juniper Hill Capital Management LP,4,0,2026-08-05
0001411133,KBC Group NV,4,0,2026-08-05
0000859872,KLINGENSTEIN FIELDS & CO LP,4,0,2026-08-05
0002058235,"KMT WEALTH MANAGEMENT, LLC",4,0,2026-08-05
0001962449,"Kestra Investment Management, LLC",4,0,2026-08-05
0001866189,"Keystone Wealth Services, LLC",4,0,2026-08-05
0001568235,King Wealth Management Group,4,0,2026-08-05
0001669162,"Kinsale Capital Group, Inc.",4,0,2026-08-05
0001639754,Kranot Hishtalmut Le Morim Tichoniim Havera Menahelet LTD,4,0,2026-08-05
0001639753,Kranot Hishtalmut Le Morim Ve Gananot Havera Menahelet LTD,4,0,2026-08-05
0001985016,"LANDMARK WEALTH MANAGEMENT, INC.",4,0,2026-08-05
0001177416,LANE BROTHERS & CO INC,3,0,2026-08-05
0002044171,"LFG Wealth Partners, LLC",3,0,2026-08-05
0001641992,LGT CAPITAL PARTNERS LTD.,4,0,2026-08-05
0001936987,LTG Capital LLC,4,0,2026-08-05
0001686444,"LYELL WEALTH MANAGEMENT, LP",4,0,2026-08-05
0001730810,"Legacy Financial Advisors, Inc.",4,0,2026-08-05
0001834011,Legacy Financial Group LLC,4,0,2026-08-05
0001353651,Leith Wheeler Investment Counsel Ltd.,4,0,2026-08-05
0002110810,LiftPoint Family Wealth Advisors LLC,3,0,2026-08-05
0001833819,Linden Rose Investment LLC,3,0,2026-08-05
0001800533,Lionsbridge Wealth Management LLC,4,0,2026-08-05
0001737112,Lutz Financial Services LLC,4,0,2026-08-05
0002074052,MASECO LLP,4,0,2026-08-05
0002036922,MCCARTER PRIVATE WEALTH SERVICES LLC,4,0,2026-08-05
0001535457,"MIO Partners, Inc.",3,0,2026-08-05
0000890203,MIRAE ASSET SECURITIES,4,0,2026-08-05
0000829407,MONTAG A & ASSOCIATES INC,4,0,2026-08-05
0001965241,"MOSAIC FAMILY WEALTH PARTNERS, LLC",4,0,2026-08-05
0002000390,Maestria Partners LLC,4,0,2026-08-05
0002055130,"Magnolia Private Wealth, LLC",4,0,2026-08-05
0002010315,"Marest Capital, LLC",4,0,2026-08-05
0001869683,Maytree Asset Management Ltd,4,0,2026-08-05
0002133532,"McKinney Capital Management, LLC",2,0,2026-08-05
0001821336,Mechanics Financial Corp,4,0,2026-08-05
0001697300,"Meridian Wealth Management, LLC",4,0,2026-08-05
0001730575,"Midwest Professional Planners, LTD.",4,0,2026-08-05
0002077080,Midwest Trust Co,4,0,2026-08-05
0002087652,"Momentum Wealth Planning, LLC",5,0,2026-08-05
0001965334,"Moran Wealth Management, LLC",4,0,2026-08-05
0001950591,"Mullooly Asset Management, Inc.",4,0,2026-08-05
0002011321,"Mustard Seed Financial, LLC",4,0,2026-08-05
0002148757,"NI ACQUISITIONS COMPANY, LLC",1,0,2026-08-05
0000903949,"NICHOLAS COMPANY, INC.",4,0,2026-08-05
0001141781,NICHOLS & PRATT ADVISERS LLP /MA,4,0,2026-08-05
0001218210,NORDEA INVESTMENT MANAGEMENT AB,4,0,2026-08-05
0001284208,NTV ASSET MANAGEMENT LLC,4,0,2026-08-05
0001622904,Nalanda India Equity Fund Ltd,4,0,2026-08-05
0001542927,National Mutual Insurance Federation of Agricultural Cooperatives,4,0,2026-08-05
0001729048,"Nicollet Investment Management, Inc.",4,0,2026-08-05
0002129318,"Norris Financial Group, LLC",27,0,2026-08-05
0002011587,NorthStar Asset Management LLC /NJ/,4,0,2026-08-05
0002052590,"OFC FINANCIAL PLANNING, LLC",4,0,2026-08-05
0002100122,OPAL CAPITAL LLC,3,0,2026-08-05
0002111345,"OpenArc Corporate Advisory, LLC",3,0,2026-08-05
0001550093,Orland Properties Ltd,4,0,2026-08-05
0002026926,"PARR MCKNIGHT WEALTH MANAGEMENT GROUP, LLC",4,0,2026-08-05
0001044905,PATTEN & PATTEN INC/TN,4,0,2026-08-05
0001803673,"PAX Financial Group, LLC",4,0,2026-08-05
0000838618,"PDS Planning, Inc",4,0,2026-08-05
0002052904,"PMG Wealth Management, Inc.",4,0,2026-08-05
0002011194,"PRAIRIEVIEW WEALTH PARTNERS, LLC",4,0,2026-08-05
0002034073,"PROMETHIUM ADVISORS,LLC",4,0,2026-08-05
0001698222,Pacific Center for Financial Services,4,0,2026-08-05
0001620275,Paradice Investment Management LLC,4,0,2026-08-05
0001388437,Paragon Capital Management LLC,4,0,2026-08-05
0001690010,"Parallel Advisors, LLC",4,1,2026-08-05
0001310051,"Pier Capital, LLC",4,0,2026-08-05
0001631864,"Pinnacle Wealth Management Advisory Group, LLC",4,0,2026-08-05
0001731446,"Prime Capital Investment Advisors, LLC",4,0,2026-08-05
0002083149,"Provident Living Financial Services, Inc.",3,0,2026-08-05
0001817174,"Prudent Man Advisors, LLC",4,0,2026-08-05
0001896148,R Squared Ltd,4,0,2026-08-05
0001963863,"REGIMEN WEALTH, LLC",4,0,2026-08-05
0001860719,"RIDGECREST WEALTH PARTNERS, LLC",4,0,2026-08-05
0002045268,"RIK SAYLOR FINANCIAL, INC.",4,0,2026-08-05
0001569884,"RPg Family Wealth Advisory, LLC",4,1,2026-08-05
0001535058,Renaissance Capital LLC,4,0,2026-08-05
0001508195,"Retirement Planning Group, LLC",4,0,2026-08-05
0001569886,"Risk Paradigm Group, LLC",3,0,2026-08-05
0001883719,"Roberts Capital Advisors, LLC",4,0,2026-08-05
0001397290,Rodgers Brothers Inc.,4,0,2026-08-05
0002053064,Rovida Investment Management Ltd,4,0,2026-08-05
0002145868,"SACKS & ASSOCIATES, LLC",3,0,2026-08-05
0001134283,"SEIZERT CAPITAL PARTNERS, LLC",4,0,2026-08-05
0001317784,SFE Investment Counsel,4,0,2026-08-05
0002096913,SHUTTLEWORTH & Co,4,0,2026-08-05
0002060368,"SILVER OAK WEALTH ADVISORS SERVICES, LLC",4,0,2026-08-05
0002022908,"SPIREPOINT PRIVATE CLIENT, LLC",4,0,2026-08-05
0002066265,SSA SWISS ADVISORS AG,4,0,2026-08-05
0001169883,STEINBERG ASSET MANAGEMENT LLC,4,0,2026-08-05
0001367441,STONEBRIDGE ADVISORS LLC,4,0,2026-08-05
0001832274,Sage Mountain Advisors LLC,4,0,2026-08-05
0001665359,"Schneider Downs Wealth Management Advisors, LP",4,0,2026-08-05
0001906793,"Scissortail Wealth Management, LLC",4,0,2026-08-05
0001929977,"Seaside Wealth Management, Inc.",4,0,2026-08-05
0002053695,"Serenus Wealth Advisors, LLC",4,0,2026-08-05
0001911113,Settian Capital LP,4,0,2026-08-05
0001736535,"Sherman Asset Management, Inc.",4,0,2026-08-05
0001019754,Smithfield Trust Co,4,0,2026-08-05
0002012034,Sollinda Capital Management LLC,4,0,2026-08-05
0001811240,Souders Financial Advisors,4,0,2026-08-05
0001399706,South Street Advisors LLC,4,0,2026-08-05
0002075193,Spartan Wealth Advisory Services LLC,2,0,2026-08-05
0001601489,"Stanley-Laman Group, Ltd.",4,0,2026-08-05
0001696497,"Stone House Investment Management, LLC",4,0,2026-08-05
0001946237,"Strata Wealth Advisors, LLC",4,0,2026-08-05
0001905669,"Synergy Financial Group, LTD",4,0,2026-08-05
0002110449,TANDEMGROWTH FINANCIAL ADVISORS LLC,3,0,2026-08-05
0001787125,"TBH Global Asset Management, LLC",4,0,2026-08-05
0001703081,"Tamar Securities, LLC",4,0,2026-08-05
0001845943,"Thrive Capital Management, LLC",4,0,2026-08-05
0001642044,TradeLink Capital LLC,4,0,2026-08-05
0002013703,Transcendent Capital Group LLC,4,0,2026-08-05
0001791126,"Triton Wealth Management, PLLC",4,0,2026-08-05
0001769060,"Tull Financial Group, Inc.",4,0,2026-08-05
0001753219,"United Capital Management of KS, Inc.",4,1,2026-08-05
0002117787,"Up Capital Management, Inc.",3,0,2026-08-05
0001087912,VANTAGEPOINT INVESTMENT ADVISERS LLC,4,0,2026-08-05
0002009388,VCI Wealth Management LLC,4,0,2026-08-05
0001544806,VICUS CAPITAL,4,0,2026-08-05
0001524408,Van Berkom & Associates Inc.,4,1,2026-08-05
0002018412,Vann Equity Management LLC,2,0,2026-08-05
0002044679,"Vested Financial Planning, LLC",4,0,2026-08-05
0002107625,"Vigil Wealth Management, LLC",3,0,2026-08-05
0001729985,"Virtue Capital Management, LLC",4,2,2026-08-05
0000861787,WASHINGTON TRUST BANK,4,0,2026-08-05
0001259671,WBH ADVISORY INC,4,0,2026-08-05
0001137429,WHITE PINE CAPITAL LLC,4,1,2026-08-05
0001914472,WILSON ASSET MANAGEMENT,4,0,2026-08-05
0001266014,WRAPMANAGER INC,4,0,2026-08-05
0000108572,WRIGHT INVESTORS SERVICE INC,4,0,2026-08-05
0000108634,"WULFF, HANSEN & CO.",4,0,2026-08-05
0001925251,Walter Public Investments Inc.,4,0,2026-08-05
0001961292,"WealthSpring Partners, LLC",3,0,2026-08-05
0001318011,"Weil Company, Inc.",4,0,2026-08-05
0002051705,"Weinberger Asset Management, Inc",4,0,2026-08-05
0001727593,White Lighthouse Investment Management Inc.,4,0,2026-08-05
0001788587,"Williams Jones Wealth Management, LLC.",4,0,2026-08-05
0001870364,Y.D. More Investments Ltd,4,0,2026-08-05
0001774437,"Your Advocates Ltd., LLP",4,0,2026-08-05
0001912273,Yunqi Capital Ltd,4,0,2026-08-05
0001791996,1900 WEALTH MANAGEMENT LLC,4,0,2026-08-04
0002112665,46 Peaks LLC,3,0,2026-08-04
0002111530,71 West Capital Partners,3,0,2026-08-04
0000769954,ACCOUNT MANAGEMENT LLC,4,0,2026-08-04
0001845950,"ADE, LLC",4,0,2026-08-04
0001134152,ADELL HARRIMAN & CARPENTER INC,4,0,2026-08-04
0000842766,ADVISORS MANAGEMENT GROUP INC /ADV,4,0,2026-08-04
0001046187,AEW CAPITAL MANAGEMENT L P,4,0,2026-08-04
0001529090,AKUNA SECURITIES LLC,4,0,2026-08-04
0001660773,AMANSA CAPITAL PTE. LTD.,4,0,2026-08-04
0000947484,ARCH CAPITAL GROUP LTD.,4,0,2026-08-04
0002108771,ASO GROUP Ltd,3,0,2026-08-04
0002012511,"ATLANTIC FAMILY WEALTH, LLC",4,0,2026-08-04
0001508755,AXON CAPITAL LP,3,0,2026-08-04
0001581465,Addison Capital Co,4,0,2026-08-04
0001623707,Alliance Wealth Management Group,4,0,2026-08-04
0001694079,"Armor Investment Advisors, LLC",4,0,2026-08-04
0001378410,"Arrow Investment Advisors, LLC",4,0,2026-08-04
0002065974,"Aspen Capital Management, LLC",4,0,2026-08-04
0001830731,Attestor Capital Ltd,3,0,2026-08-04
0001830467,"BCGM Wealth Management, LLC",4,0,2026-08-04
0001801619,"BELLEVUE ASSET MANAGEMENT, LLC",4,0,2026-08-04
0002054946,"BURLING WEALTH PARTNERS, LLC",4,0,2026-08-04
0001730299,"Banco de Sabadell, S.A",4,0,2026-08-04
0002111802,"Bauman Advisory Group, LLC",3,0,2026-08-04
0001957394,"Beaumont Financial Advisors, LLC",4,0,2026-08-04
0002087564,"Bedminster, LLC",3,0,2026-08-04
0001826136,"Berger Financial Group, Inc",4,0,2026-08-04
0001759236,"Black Diamond Financial, LLC",4,0,2026-08-04
0001576102,"Blue Fin Capital, Inc.",5,0,2026-08-04
0002057054,"Blue Sky Capital Consultants Group, Inc.",4,0,2026-08-04
0001794467,Blueprint Investment Partners LLC,4,0,2026-08-04
0002010786,"Boomfish Wealth Group, LLC",4,0,2026-08-04
0001386060,Boston Partners,4,0,2026-08-04
0002056342,"Boulay Financial Advisors, LLC",4,1,2026-08-04
0001916123,"Brooklyn FI, LLC",4,0,2026-08-04
0001966057,"Broyhill Asset Management, LLC",4,1,2026-08-04
0001625244,C WorldWide Group Holding A/S,4,0,2026-08-04
0000936938,CAPE ANN SAVINGS BANK,4,0,2026-08-04
0001095836,CAPITAL CITY TRUST CO/FL,4,0,2026-08-04
0000791490,"CARRET ASSET MANAGEMENT, LLC",4,0,2026-08-04
0001975550,CHANNEL WEALTH LLC,4,0,2026-08-04
0001079397,CHESAPEAKE ASSET MANAGEMENT LLC,14,0,2026-08-04
0001056859,CHILTON CAPITAL MANAGEMENT LLC,4,0,2026-08-04
0001679031,"CHOREO, LLC",4,0,2026-08-04
0002110114,"CORE WEALTH ADVISORS, LLC",3,1,2026-08-04
0001844835,CORRECT CAPITAL WEALTH MANAGEMENT,4,0,2026-08-04
0002059743,"Campbell Deegan Wealth Management, LLC",4,0,2026-08-04
0002021208,"Cascade Financial Partners, LLC",4,0,2026-08-04
0001598186,"Checchi Capital Advisers, LLC",4,0,2026-08-04
0001567247,"Commerce Advisors, LLC",2,0,2026-08-04
0001654847,"Community Bank & Trust, Waco, Texas",4,0,2026-08-04
0001666910,"Compass Financial Group, Inc.",4,0,2026-08-04
0001978879,"Compound Planning, Inc.",4,0,2026-08-04
0001541743,"Copeland Capital Management, LLC",4,0,2026-08-04
0002135133,"Coral Wealth Management, LLC",2,0,2026-08-04
0001633969,Cryder Capital Partners LLP,4,0,2026-08-04
0001482171,DAVIS-REA LTD.,4,0,2026-08-04
0001659196,DJE Kapital AG,4,0,2026-08-04
0002107111,"Daybright Advisory Services, Inc.",3,0,2026-08-04
0002111350,Declaration Partners LP,3,0,2026-08-04
0001927705,"Delap Wealth Advisory, LLC",4,1,2026-08-04
0001634212,"Diversified Portfolios, Inc.",4,0,2026-08-04
0002010442,ENGLISH CAPITAL MANAGEMENT LLC,4,0,2026-08-04
0001025835,ENTERPRISE FINANCIAL SERVICES CORP,4,0,2026-08-04
0001542339,"Essex Woodlands Management, Inc.",4,0,2026-08-04
0002069478,Evansbrook LLC,3,0,2026-08-04
0001762294,"Evergreen Advisors, LLC",3,0,2026-08-04
0001607866,"FAGAN ASSOCIATES, INC.",4,0,2026-08-04
0001566601,"FDx Advisors, Inc.",4,0,2026-08-04
0001533457,"FOX RUN MANAGEMENT, L.L.C.",4,0,2026-08-04
0002016719,"Fairman Group, LLC",4,0,2026-08-04
0002010644,"Farrow Financial, Inc.",4,0,2026-08-04
0001883629,"Financial Council, LLC",4,0,2026-08-04
0000850529,"Fisher Asset Management, LLC",4,0,2026-08-04
0001842560,"Flagship Private Wealth, LLC",4,0,2026-08-04
0001696263,Florin Court Capital LLP,4,0,2026-08-04
0001832190,"Founders Financial Alliance, LLC",4,0,2026-08-04
0002004131,"Fox Financial, Inc",4,0,2026-08-04
0001836021,"GPI CAPITAL, L.P.",4,0,2026-08-04
0002087873,Gaddis Premier Wealth Advisors LLC,3,0,2026-08-04
0001666905,Garda Capital Partners LP,4,0,2026-08-04
0001729443,"Garrett Wealth Advisory Group, LLC",4,0,2026-08-04
0001966037,"Gateway Wealth Partners, LLC",4,0,2026-08-04
0001835206,Gimbal Financial,2,0,2026-08-04
0002066488,Golden Reserve Retirement LLC,4,0,2026-08-04
0001845003,Golden State Equity Partners,4,1,2026-08-04
0002011856,Gordian Advisors LLC,4,0,2026-08-04
0001844893,Grand Central Investment Group,3,0,2026-08-04
0001839545,GraniteShares Advisors LLC,4,1,2026-08-04
0002040638,HALLSTATT ADVISORS L.P.,3,0,2026-08-04
0000937589,HERITAGE INVESTORS MANAGEMENT CORP,4,0,2026-08-04
0002067972,"HFM Investment Advisors, LLC",4,0,2026-08-04
0000706129,HORIZON BANCORP INC /IN/,4,0,2026-08-04
0001633910,"Hedeker Wealth, LLC",4,0,2026-08-04
0001541211,"Hilton Capital Management, LLC",4,0,2026-08-04
0001367653,"Huntleigh Advisors, Inc.",4,0,2026-08-04
0001752579,"INNEALTA CAPITAL, LLC",4,0,2026-08-04
0002090165,INVESTED ADVISORS,4,0,2026-08-04
0001050068,"INVESTMENT PARTNERS, LTD.",4,0,2026-08-04
0001538037,Independent Order of Foresters,4,0,2026-08-04
0002098400,Indivisible Partners,3,0,2026-08-04
0002069274,Investment Research Partners LLC,4,0,2026-08-04
0001809525,IvyRock Asset Management,4,0,2026-08-04
0001911159,"JACKSON HILL ADVISORS, LLC",4,0,2026-08-04
0001831263,"JEPPSON WEALTH MANAGEMENT, LLC",4,0,2026-08-04
0002048486,"Jacksonville Wealth Management, LLC",4,0,2026-08-04
0001599330,"Joel Isaacson & Co., LLC",4,0,2026-08-04
0001840085,"Journey Advisory Group, LLC",4,0,2026-08-04
0002106874,Juno Financial Group LLC,3,0,2026-08-04
0000917579,KESTREL INVESTMENT MANAGEMENT CORP,4,0,2026-08-04
0000878519,LANDESBANK BADEN-WUERTTEMBERG,3,0,2026-08-04
0001170152,"LEUTHOLD GROUP, LLC",4,0,2026-08-04
0002077907,LOM Asset Management Ltd,4,1,2026-08-04
0002056667,LeClair Wealth Partners LLC,4,0,2026-08-04
0002118318,"LightSquare Wealth Management, LLC",2,0,2026-08-04
0000036270,M&T BANK CORP,4,1,2026-08-04
0001025421,MEMBERS CAPITAL ADVISORS INC,2,0,2026-08-04
0000806097,MERIDIAN MANAGEMENT CO,4,0,2026-08-04
0002044232,"MINDSET WEALTH MANAGEMENT, LLC",4,0,2026-08-04
0002111655,MISHPACHA HOLDINGS CORP,3,0,2026-08-04
0001842667,MMA ASSET MANAGEMENT LLC,4,0,2026-08-04
0000716851,MONEY CONCEPTS CAPITAL CORP,4,0,2026-08-04
0001542284,"Madden Advisory Services, Inc.",4,0,2026-08-04
0002034595,"Mattson Financial Services, LLC",4,0,2026-08-04
0001695490,"McAdam, LLC",4,0,2026-08-04
0001715579,Medicxi Ventures Management,4,0,2026-08-04
0000872163,NAVELLIER & ASSOCIATES INC,4,0,2026-08-04
0001262677,NOESIS CAPITAL MANGEMENT CORP,4,0,2026-08-04
0001006938,"NORTHLAND SECURITIES, INC.",3,0,2026-08-04
0001582813,New England Private Wealth Advisors LLC,4,1,2026-08-04
0001598130,"New Paradigm Capital Management, LLC",2,0,2026-08-04
0001678953,"Nicholas Hoffman & Company, LLC.",4,0,2026-08-04
0001976065,"Noble Family Wealth, LLC",4,1,2026-08-04
0002064039,North Dakota State Investment Board,3,0,2026-08-04
0001157519,OKABENA INVESTMENT SERVICES INC,4,0,2026-08-04
0001005607,"OSBORNE PARTNERS CAPITAL MANAGEMENT, LLC",4,0,2026-08-04
0001350706,Overlook Investments LP,3,0,2026-08-04
0001697366,PIER 88 INVESTMENT PARTNERS LLC,4,1,2026-08-04
0001605401,"PKS Advisory Services, LLC",4,0,2026-08-04
0001034524,POLEN CAPITAL MANAGEMENT LLC,4,0,2026-08-04
0001056825,PRAXIS INVESTMENT MANAGEMENT INC,4,0,2026-08-04
0001126328,PRINCIPAL FINANCIAL GROUP INC,4,0,2026-08-04
0000012600,"PRINCIPAL SECURITIES, INC.",4,0,2026-08-04
0001499091,Pacific Life Fund Advisors LLC,4,0,2026-08-04
0001427373,"Palisades Investment Partners, LLC",4,0,2026-08-04
0001640801,Park Avenue Institutional Advisers LLC,4,0,2026-08-04
0001534259,Partners Group Holding AG,4,0,2026-08-04
0001731878,Paulson Wealth Management Inc.,4,0,2026-08-04
0001803255,Petix & Botte Co,4,0,2026-08-04
0001453526,"Private Harbour Investment Management & Counsel, LLC",4,0,2026-08-04
0001353318,Progressive Investment Management Corp,4,0,2026-08-04
0001799797,"Provident Wealth Management, LLC",4,0,2026-08-04
0002023896,RAELIPSKIE PARTNERSHIP,4,0,2026-08-04
0002048581,"REAP Financial Group, LLC",4,0,2026-08-04
0001962166,"RED LIGHTHOUSE INVESTMENT MANAGEMENT, LLC",4,0,2026-08-04
0002066311,"RHL GROUP, LLC",3,0,2026-08-04
0002109852,"RM Financial Services, LLC",3,0,2026-08-04
0001666664,"RPG Investment Advisory, LLC",4,0,2026-08-04
0001541399,"Ramsay, Stattman, Vela & Price, Inc.",4,0,2026-08-04
0002086041,Ravenstone Capital Management Inc.,21,0,2026-08-04
0002057370,RedJay Asset Management Inc.,4,0,2026-08-04
0002116118,Redwood Family Wealth LLC,3,0,2026-08-04
0001642570,River Wealth Advisors LLC,4,1,2026-08-04
0001884018,"Rollins Financial Advisors, LLC",4,0,2026-08-04
0002056510,"Rossby Financial, LCC",4,0,2026-08-04
0002036461,S-Bank Fund Management Ltd,4,0,2026-08-04
0001765515,S.E.E.D. Planning Group LLC,4,0,2026-08-04
0001907898,"SC&H Financial Advisors, Inc.",4,0,2026-08-04
0002127509,SEB Asset Management AB,2,0,2026-08-04
0001962086,SP Asset Management LLC,4,0,2026-08-04
0000900169,SPEECE THORSON CAPITAL GROUP INC,4,0,2026-08-04
0001911735,"SS&H Financial Advisors, Inc.",3,0,2026-08-04
0002089528,STEINBERGANNA WEALTH MANAGEMENT,4,0,2026-08-04
0000764739,SYM FINANCIAL Corp,4,0,2026-08-04
0001697721,"Seafarer Capital Partners, LLC",4,0,2026-08-04
0001639375,"Sendero Wealth Management, LLC",4,0,2026-08-04
0001803898,"Seven Springs Wealth Group, LLC",4,0,2026-08-04
0001804785,Shade Tree Advisors LLC,4,0,2026-08-04
0002010926,"Signal Advisors Wealth, LLC",4,0,2026-08-04
0002066604,"SmartHarvest Portfolios, LLC",3,0,2026-08-04
0001318293,"Spectrum Asset Management, Inc.",4,0,2026-08-04
0001605522,"St. Johns Investment Management Company, LLC",4,0,2026-08-04
0001483066,State of New Jersey Common Pension Fund D,4,0,2026-08-04
0001844008,Steadview Capital Management LLC,4,0,2026-08-04
0001301912,"Strategic Value Partners, LLC",4,0,2026-08-04
0001802365,"Strategic Wealth Investment Group, LLC",4,0,2026-08-04
0002017598,Summerhill Capital Management lnc.,4,0,2026-08-04
0001540951,"Summit Rock Advisors, LP",4,0,2026-08-04
0001802865,"Summit Wealth Group, LLC",4,0,2026-08-04
0001315059,Suncoast Equity Management,4,1,2026-08-04
0001643792,Svenska Handelsbanken AB,4,0,2026-08-04
0001800687,"Symphony Financial, Ltd. Co.",4,0,2026-08-04
0001056053,TD ASSET MANAGEMENT INC,4,0,2026-08-04
0001551017,TD PRIVATE CLIENT WEALTH LLC,4,0,2026-08-04
0001450701,"THOMA BRAVO, L.P.",4,0,2026-08-04
0001071483,TODD ASSET MANAGEMENT LLC,4,0,2026-08-04
0001166573,TOWERVIEW LLC,4,0,2026-08-04
0001094517,TOYOTA MOTOR CORP/,4,8,2026-08-04
0001776082,"TRANSCEND CAPITAL ADVISORS, LLC",4,0,2026-08-04
0002056338,TT Capital Management LLC,4,0,2026-08-04
0002110834,Tannin Capital LLC,3,0,2026-08-04
0001658652,Terra Nova Asset Management LLC,4,0,2026-08-04
0001698632,Texas County & District Retirement System,4,0,2026-08-04
0002083677,Tribridge Partners Financial LLC,4,0,2026-08-04
0001534358,USA FINANCIAL FORMULAS,1,0,2026-08-04
0000924166,"VALLEY WEALTH MANAGERS, INC.",4,0,2026-08-04
0001913608,"Values First Advisors, Inc.",4,1,2026-08-04
0002111825,"Van Diest Capital, LLC",3,0,2026-08-04
0001974403,"Vawter Financial, Ltd.",4,4,2026-08-04
0001541448,Veritas Asset Management LLP,4,0,2026-08-04
0001906223,Viewpoint Capital Management LLC,4,0,2026-08-04
0001913482,Virtus Family Office LLC,4,0,2026-08-04
0001855428,Vodafone Ventures Ltd,3,0,2026-08-04
0001897144,"WIN ADVISORS, INC",4,0,2026-08-04
0002052710,WealthTrak Capital Management LLC,4,0,2026-08-04
0001864880,"Wescott Financial Advisory Group, LLC",4,0,2026-08-04
0001483467,"Westover Capital Advisors, LLC",4,0,2026-08-04
0001835866,Windward Private Wealth Management Inc.,4,0,2026-08-04
0002011399,"nVerses Capital, LLC",4,0,2026-08-04
0001807909,waypoint wealth counsel,4,0,2026-08-04
0001641761,1 NORTH WEALTH SERVICES LLC,4,0,2026-08-03
0001697723,AE Wealth Management LLC,4,0,2026-08-03
0001625008,"AG Asset Advisory, LLC",4,0,2026-08-03
0002024333,"ALEXANDER LABRUNERIE & CO., INC.",4,0,2026-08-03
0002010477,Access Investment Management LLC,4,0,2026-08-03
0001939202,"Acumen Wealth Advisors, LLC",3,0,2026-08-03
0001102062,AmeriServ Wealth Advisors,4,0,2026-08-03
0001565332,Arizona PSPRS Trust,4,2,2026-08-03
0001913231,"Ascent Group, LLC",4,0,2026-08-03
0001945789,Atlas Merchant Capital LLC,4,1,2026-08-03
0001911621,"Autumn Glory Partners, LLC",4,0,2026-08-03
0001992344,Avid Wealth Partners LLC,4,0,2026-08-03
0000846600,"BANYAN CAPITAL MANAGEMENT, INC.",4,0,2026-08-03
0001590214,"BIP Wealth, LLC",4,0,2026-08-03
0001966640,"BUSH INVESTMENT GROUP, LLC",3,0,2026-08-03
0001831984,Beacon Bank & Trust,4,1,2026-08-03
0001764725,"Blue Grotto Capital, LLC",4,0,2026-08-03
0002033384,Blue Water Asset Management,3,0,2026-08-03
0001700481,"Bryn Mawr Trust Advisors, LLC",4,0,2026-08-03
0001021926,CIBC Asset Management Inc,4,0,2026-08-03
0000831001,CITIGROUP INC,4,0,2026-08-03
0000914933,CONNABLE OFFICE INC,4,0,2026-08-03
0001694663,CROBAN,4,0,2026-08-03
0002108708,CURTIS WEALTH MANAGEMENT LLC,3,0,2026-08-03
0002080218,Caldwell Trust Co,27,0,2026-08-03
0001395055,"Callahan Advisors, LLC",4,0,2026-08-03
0001353570,Campbell & CO Investment Adviser LLC,4,0,2026-08-03
0001818535,"Carl P. Sherr & Co., LLC",4,0,2026-08-03
0002035329,Carrera Capital Advisors,4,0,2026-08-03
0001911400,"Carroll Investors, Inc",4,0,2026-08-03
0002077903,Cherokee Insurance Co,4,0,2026-08-03
0001948632,Citizens Business Bank,4,0,2026-08-03
0001963787,Commonwealth Retirement Investments LLC,4,0,2026-08-03
0001962450,"Compound Global Advisors, LLC",4,0,2026-08-03
0000819535,"Cornerstone Capital, Inc.",4,0,2026-08-03
0002109292,"Cornerstone Wealth Partners, LLC",3,0,2026-08-03
0001426853,"Crestwood Advisors Group, LLC",4,0,2026-08-03
0001835669,"Crew Capital Management, Ltd",4,0,2026-08-03
0001510668,Crystal Rock Capital Management,4,0,2026-08-03
0001214639,DSM CAPITAL PARTNERS LLC,4,0,2026-08-03
0002144243,"Daniel Investment Group, Inc.",1,0,2026-08-03
0002101936,Daytona Street Capital LLC,3,0,2026-08-03
0002074563,Dockside LLC,3,0,2026-08-03
0001407543,ENVESTNET ASSET MANAGEMENT INC,4,0,2026-08-03
0001009254,EVERETT HARRIS & CO /CA/,4,0,2026-08-03
0001009003,EXCALIBUR MANAGEMENT CORP,4,0,2026-08-03
0001862864,Eagle Bay Advisors LLC,4,0,2026-08-03
0001802387,"Elevated Capital Advisors, LLC",4,0,2026-08-03
0001641643,"Eliot Finkel Investment Counsel, LLC",4,0,2026-08-03
0002043538,"Elyxium Wealth, LLC",4,0,2026-08-03
0001949824,"Essential Planning, LLC.",4,0,2026-08-03
0002107309,Eurizon SLJ Capital Ltd,3,0,2026-08-03
0002023744,"Everstar Asset Management, LLC",4,0,2026-08-03
0001589122,Exor N.V.,4,0,2026-08-03
0001270764,FIDUCIARY COUNSELLING INC,4,0,2026-08-03
0001731221,"FSA WEALTH PARTNERS, INC.",4,0,2026-08-03
0001119254,FULTON BREAKEFIELD BROENNIMAN LLC,4,0,2026-08-03
0001921009,"Fairway Financial, LLC",4,0,2026-08-03
0001711360,Fidato Wealth LLC,4,0,2026-08-03
0001929071,"Finer Wealth Management, Inc.",4,0,2026-08-03
0002059571,Fire Capital Management LLC,4,0,2026-08-03
0001799964,Firestone Capital Management,4,0,2026-08-03
0001378559,First Dallas Securities Inc.,4,0,2026-08-03
0001313871,First National Bank of Hutchinson,4,0,2026-08-03
0001843581,"Fountainhead AM, LLC",4,0,2026-08-03
0002002798,Freedom Together Foundation,4,0,2026-08-03
0000882095,"GILEAD SCIENCES, INC.",4,0,2026-08-03
0000320335,GLOBE LIFE INC.,4,0,2026-08-03
0002011751,"GR FINANCIAL GROUP, LLC",4,0,2026-08-03
0002133489,Gerald Baker Financial Group LLC,2,1,2026-08-03
0001729672,"Global Trust Asset Management, LLC",4,0,2026-08-03
0002060772,"Good Steward Wealth Advisors,LLC",4,0,2026-08-03
0001965923,"Gutierrez Wealth Advisory, LLC",4,0,2026-08-03
0001757491,"H Capital V GP, L.P.",4,0,2026-08-03
0001802533,"HOHIMER WEALTH MANAGEMENT, LLC",4,0,2026-08-03
0001179475,"HUSSMAN STRATEGIC ADVISORS, INC.",4,0,2026-08-03
0001842665,Halter Ferguson Financial Inc.,4,1,2026-08-03
0002098583,"Hardworking Capital Advisors, LLC",3,0,2026-08-03
0001761871,Hardy Reed LLC,4,0,2026-08-03
0001882903,Heirloom Wealth Management,4,0,2026-08-03
0002055803,"Hippocratic Financial Advisors, LLC",4,0,2026-08-03
0001337263,Hodges Capital Management Inc.,4,0,2026-08-03
0001799006,"Horizon Advisory Services, Inc.",4,0,2026-08-03
0001650135,Hosking Partners LLP,4,0,2026-08-03
0002050138,INKWELL CAPITAL LLC,4,0,2026-08-03
0000052024,INVESTMENT MANAGEMENT ASSOCIATES INC /ADV,4,0,2026-08-03
0002134988,Isabella Capital Management LLP,3,0,2026-08-03
0001567459,"J.H. Whitney Equity Partners VII, LLC",4,0,2026-08-03
0000053417,JENNISON ASSOCIATES LLC,4,0,2026-08-03
0002026127,KEYNOTE FINANCIAL SERVICES LLC,4,0,2026-08-03
0002110887,Karnit Road Accident Victims Compensation Fund,3,0,2026-08-03
0002145813,Kingsway Capital Partners Ltd,1,0,2026-08-03
0000022657,LOWE BROCKENBROUGH & CO INC,4,0,2026-08-03
0002111919,LRZ CAPITAL LLC,3,0,2026-08-03
0001697716,"LWM Advisory Services, LLC",4,0,2026-08-03
0001908275,Laraway Financial Advisors Inc,4,0,2026-08-03
0001725888,Lester Murray Antman dba SimplyRich,4,0,2026-08-03
0002011652,"Lummis Asset Management, LP",4,0,2026-08-03
0001384484,MAD RIVER INVESTORS,4,0,2026-08-03
0001080493,MARCO INVESTMENT MANAGEMENT LLC,4,0,2026-08-03
0000912938,MASSACHUSETTS FINANCIAL SERVICES CO /MA/,4,0,2026-08-03
0000045319,MEYER HANDELMAN CO,4,0,2026-08-03
0001050463,MORGAN DEMPSEY CAPITAL MANAGEMENT LLC,4,0,2026-08-03
0001831416,"MTM Investment Management, LLC",4,0,2026-08-03
0001664324,Mandatum Life Insurance Co Ltd,4,0,2026-08-03
0002095143,Manske Wealth Management,7,0,2026-08-03
0001697847,"Marietta Wealth Management, LLC",4,0,2026-08-03
0001966011,Massachusetts Wealth Management,4,0,2026-08-03
0002110693,McCartney Wealth Management LLC,3,0,2026-08-03
0001911615,"Meixler Investment Management, Ltd.",4,0,2026-08-03
0001972750,MilWealth Group LLC,4,0,2026-08-03
0001901166,"Mill Capital Management, LLC",4,0,2026-08-03
0001542143,"Modera Wealth Management, LLC",4,0,2026-08-03
0001799284,"Modus Advisors, LLC",4,0,2026-08-03
0001713112,"Mokosak Advisory Group, LLC",4,0,2026-08-03
0002110608,"Mueller Wealth, LLC",3,0,2026-08-03
0001815217,"NIA IMPACT ADVISORS, LLC",4,0,2026-08-03
0002110453,"NewCorp Financial Services, Inc.",3,0,2026-08-03
0001752762,Next Capital Management LLC,4,0,2026-08-03
0001631408,"Northstar Group, Inc.",4,0,2026-08-03
0001169683,OAKLAND FINANCIAL CORP,4,0,2026-08-03
0000822581,OPPENHEIMER & CO INC,4,0,2026-08-03
0001269119,OPPENHEIMER ASSET MANAGEMENT INC.,4,0,2026-08-03
0001750585,OPTIMAS CAPITAL Ltd,4,0,2026-08-03
0002115370,"Oakmont Advisory Group, LLC",3,0,2026-08-03
0001844024,"Oakwell Private Wealth Management, LLC",4,0,2026-08-03
0002080991,Old Peak Finance LLC,3,0,2026-08-03
0002108483,"Omnitrust Wealth Management, Inc",3,0,2026-08-03
0001823172,One Day In July LLC,4,0,2026-08-03
0002005743,One Degree Advisors Inc,4,0,2026-08-03
0002041805,Osprey Private Wealth LLC,4,0,2026-08-03
0001767151,"Outlook Wealth Advisors, LLC",4,0,2026-08-03
0001846002,Oxler Private Wealth LLC,4,0,2026-08-03
0001037353,"PATHWAY CAPITAL MANAGEMENT, LP",4,0,2026-08-03
0001905393,"PCG Wealth Advisors, LLC",4,0,2026-08-03
0001597200,PECAUT & CO.,4,0,2026-08-03
0001350660,"PHILLIPS FINANCIAL MANAGEMENT, LLC",4,0,2026-08-03
0000743127,PINNACLE ASSOCIATES LTD,4,0,2026-08-03
0002001039,POWER WEALTH MANAGEMENT LLC,4,0,2026-08-03
0001779040,"PSI Advisors, LLC",4,0,2026-08-03
0001965668,Parker Financial LLC,4,0,2026-08-03
0001650303,Performa Ltd,4,0,2026-08-03
0001842362,Phoenix Wealth Advisors,4,0,2026-08-03
0001940033,"Plan Group Financial, LLC",4,0,2026-08-03
0002109497,Platt Wealth Management LLC,3,0,2026-08-03
0002107127,"Price Financial Group Wealth Management, Inc",3,0,2026-08-03
0001335851,"Private Wealth Partners, LLC",4,0,2026-08-03
0001305707,"ProVise Management Group, LLC",4,0,2026-08-03
0001766159,"Qsemble Capital Management, LP",4,0,2026-08-03
0002004904,"Quotient Wealth Partners, LLC",4,0,2026-08-03
0001800745,"R. W. Roge & Company, Inc.",4,0,2026-08-03
0001730386,"RETIREMENT INCOME SOLUTIONS, INC",4,0,2026-08-03
0002044885,Raiffeisen Bank International AG,4,0,2026-08-03
0001793269,Ranch Capital Advisors Inc.,4,0,2026-08-03
0001842054,"Rede Wealth, LLC",4,0,2026-08-03
0001963839,"Redwood Wealth Management Group, LLC",4,0,2026-08-03
0001703556,Ridgewood Investments LLC,3,0,2026-08-03
0002113017,Rising Stella Capital Pte. Ltd,3,0,2026-08-03
0001593600,Riverview Trust Co,4,0,2026-08-03
0001484067,"Rock Creek Group, LP",4,0,2026-08-03
0001771605,SAGE RHINO CAPITAL LLC,4,0,2026-08-03
0002056425,"SAGESPRING WEALTH PARTNERS, LLC",4,0,2026-08-03
0000944317,SMITH SHELLNUT WILSON LLC /ADV,4,0,2026-08-03
0001158970,SPINNAKER TRUST,4,0,2026-08-03
0001531593,SUMMIT SECURITIES GROUP LLC,4,0,2026-08-03
0001731731,SWS Partners,4,0,2026-08-03
0002027449,Sagace Wealth Management LLC,4,0,2026-08-03
0002003633,"Savvy Advisors, Inc.",4,0,2026-08-03
0001898838,Schaeffer Financial LLC,4,0,2026-08-03
0001906937,"Silver Oak Advisory Group, Inc.",4,0,2026-08-03
0001664771,Sitrin Capital Management LLC,4,0,2026-08-03
0001543991,"Smith & Howard Wealth Management, LLC",4,0,2026-08-03
0001893134,"Smith Group Asset Management, LLC",4,0,2026-08-03
0002054083,SoundView Advisors Inc.,4,0,2026-08-03
0001967706,Sparta 24 Ltd.,4,0,2026-08-03
0001632078,"Spectrum Asset Management, Inc.",4,0,2026-08-03
0001308685,"Stack Financial Management, Inc",4,0,2026-08-03
0001852307,"Sterling Group Wealth Management, LLC",4,0,2026-08-03
0002052737,"Strategent Financial, LLC",4,0,2026-08-03
0002027921,"Strategic Financial Partners, Ltd.",4,0,2026-08-03
0001697953,Summit Global Investments,4,0,2026-08-03
0002033312,"Summit Wealth Partners, LLC",4,0,2026-08-03
0000850401,TCW GROUP INC,4,0,2026-08-03
0001068804,TOTAL INVESTMENT MANAGEMENT INC,4,0,2026-08-03
0001963669,TSA Wealth Managment LLC,4,0,2026-08-03
0001599603,"Tarbox Family Office, Inc.",4,0,2026-08-03
0002038170,"Timonier Family Office, LTD.",3,0,2026-08-03
0002112547,Titan Investment Management LLC,3,0,2026-08-03
0001633288,Towercrest Capital Management,4,0,2026-08-03
0001962615,"Trifecta Capital Advisors, LLC",4,0,2026-08-03
0002070026,Turn8 Private Wealth Inc.,4,0,2026-08-03
0001019231,UNIVERSITY OF TEXAS/TEXAS AM INVESTMENT MANAGEMENT CO,4,0,2026-08-03
0001080173,VAN STRUM & TOWNE INC.,4,0,2026-08-03
0000805870,"VAUGHAN & Co SECURITIES, INC.",4,0,2026-08-03
0001895612,"VELA Investment Management, LLC",4,0,2026-08-03
0001846639,Valliance Asset Management Ltd,4,0,2026-08-03
0001761450,Valtinson Bruner Financial Planning LLC,4,0,2026-08-03
0001482935,"Van Cleef Asset Management,Inc",4,0,2026-08-03
0001588340,Vontobel Holding Ltd.,4,0,2026-08-03
0000943712,WASHINGTON STATE INVESTMENT BOARD,4,0,2026-08-03
0001079736,WASHINGTON TRUST Co,4,0,2026-08-03
0001801674,"WJ Wealth Management, LLC",4,1,2026-08-03
0001932645,"Wallace Advisory Group, LLC",4,0,2026-08-03
0001758720,Walleye Capital LLC,4,1,2026-08-03
0001388391,Walleye Trading LLC,4,0,2026-08-03
0002054795,"Warburton Capital Management, LLC",4,0,2026-08-03
0001310929,Willis Investment Counsel,4,0,2026-08-03
0001590495,Yelin Lapidot Holdings Management Ltd.,4,0,2026-08-03
0001948435,"ZENITH SOLUTIONS, INC.",1,0,2026-08-03
0002088867,ABBINGTON INVESTMENT GROUP,4,0,2026-07-31
0001818044,"AF Advisors, Inc.",4,0,2026-07-31
0001568541,"AOZORA BANK, LTD.",4,0,2026-07-31
0001556915,"ARGA Investment Management, LP",4,0,2026-07-31
0000007195,"ARGUS INVESTORS' COUNSEL, INC.",4,0,2026-07-31
0000717538,ARROW FINANCIAL CORP,4,0,2026-07-31
0000007789,ASSOCIATED BANC-CORP,4,0,2026-07-31
0001806820,"AWM CAPITAL, LLC",4,0,2026-07-31
0001716774,Aberdeen Group plc,4,0,2026-07-31
0001546865,"Ascent Wealth Partners, LLC",4,0,2026-07-31
0002143677,"Aspen Private Advisors, LLC",1,0,2026-07-31
0002054111,"Atlas Legacy Advisors, LLC",4,0,2026-07-31
0001902024,Austin Asset Management Co Inc,4,0,2026-07-31
0002134779,"Avail Investment Partners, LLC",2,0,2026-07-31
0001542383,"Aviance Capital Partners, LLC",4,0,2026-07-31
0001792704,Avion Wealth,4,0,2026-07-31
0001513703,Axiom Investment Management LLC,2,0,2026-07-31
0001752523,"B&D White Capital Company, LLC",4,0,2026-07-31
0001851395,"BARON SILVER STEVENS FINANCIAL ADVISORS, LLC",4,0,2026-07-31
0001908380,"BCR Wealth Strategies, LLC",4,0,2026-07-31
0002044001,"BCS Private Wealth Management, Inc.",4,0,2026-07-31
0000799004,BECKER CAPITAL MANAGEMENT INC,4,0,2026-07-31
0002010854,BOCHK Asset Management Ltd,4,0,2026-07-31
0001895362,"Badgley Phelps Wealth Managers, LLC",4,0,2026-07-31
0002057075,Ball & Co Wealth Management Inc.,4,0,2026-07-31
0001426449,Bank of Italy,4,0,2026-07-31
0002083499,"Bannerstone Capital Management, LLC",3,0,2026-07-31
0001793755,Banque Cantonale Vaudoise,4,0,2026-07-31
0001721242,Belpointe Asset Management LLC,4,0,2026-07-31
0001632341,Belvedere Trading LLC,4,0,2026-07-31
0001708872,"Blankinship & Foster, LLC",4,0,2026-07-31
0001768065,Brendel Financial Advisors LLC,4,0,2026-07-31
0002005409,"Bruce G. Allen Investments, LLC",4,0,2026-07-31
0001016683,CABOT WEALTH MANAGEMENT INC,4,0,2026-07-31
0001716399,"CAHABA WEALTH MANAGEMENT, INC.",4,0,2026-07-31
0000823621,CAMBIAR INVESTORS LLC,4,0,2026-07-31
0001697855,CAMDEN NATIONAL BANK,4,0,2026-07-31
0001936420,CASTLE WEALTH MANAGEMENT LLC,4,0,2026-07-31
0002109928,CDKV HOLDINGS LLC,3,0,2026-07-31
0000044365,CENTRAL TRUST Co,4,0,2026-07-31
0001034546,CITY OF LONDON INVESTMENT MANAGEMENT CO LTD,4,0,2026-07-31
0001316507,Calamos Advisors LLC,4,0,2026-07-31
0001455258,Calamos Wealth Management LLC,4,0,2026-07-31
0001803277,"Capital Wealth Alliance, LLC",4,0,2026-07-31
0001863768,"Capitol Family Office, Inc.",4,0,2026-07-31
0002054278,"Chung Wu Investment Group, LLC",4,0,2026-07-31
0002039212,Code Waechter LLC,4,0,2026-07-31
0002132074,"Collaborative Fund Advisors, LLC",2,0,2026-07-31
0001456133,"Convergence Investment Partners, LLC",4,0,2026-07-31
0002015131,"Cove Private Wealth, LLC",4,0,2026-07-31
0002035951,Creekside Partners,4,0,2026-07-31
0001754072,Curative Ventures V LLC,4,0,2026-07-31
0001956824,"DAYMARK WEALTH PARTNERS, LLC",4,0,2026-07-31
0002107377,"DB&C Advisors, LLC",3,0,2026-07-31
0000767684,DELPHI MANAGEMENT INC /MA/,4,0,2026-07-31
0000760639,DEMMING FINANCIAL SERVICES CORP /ADV,3,0,2026-07-31
0001481045,Daiwa Securities Group Inc.,4,0,2026-07-31
0002020296,"Davies Financial Advisors, Inc.",4,0,2026-07-31
0002037264,"Diversified Enterprises, LLC",4,0,2026-07-31
0002054679,"Drum Hill Capital, LLC",4,0,2026-07-31
0001035912,EADS & HEALD WEALTH MANAGEMENT,4,0,2026-07-31
0000935570,ELLERSON GROUP INC /ADV,4,0,2026-07-31
0001909571,"Elevate Capital Advisors, LLC",4,0,2026-07-31
0001965292,"Evergreen Wealth Management, LLC",4,0,2026-07-31
0001906967,"Evolution Advisers, Inc.",4,0,2026-07-31
0002093400,FORMULATE FINANCIAL LLC,4,0,2026-07-31
0001342396,FOUNDERS FINANCIAL SECURITIES LLC,4,1,2026-07-31
0001964344,"Family Capital Management, Inc.",4,0,2026-07-31
0002109387,Ferguson Johnson Wealth Management Inc,3,0,2026-07-31
0001792851,Fiduciary Planning LLC,4,0,2026-07-31
0001959790,"Fortis Capital Advisors, LLC",4,0,2026-07-31
0002056691,"Fourth Dimension Wealth, LLC",4,0,2026-07-31
0001470876,"Freestone Capital Holdings, LLC",4,0,2026-07-31
0001767107,"GARRISON POINT ADVISORS, LLC",4,0,2026-07-31
0000040417,GENERAL AMERICAN INVESTORS CO INC,4,0,2026-07-31
0001616328,"Garde Capital, Inc.",4,0,2026-07-31
0001497345,General Motors Holdings LLC,4,0,2026-07-31
0001914617,"Glassy Mountain Advisors, Inc.",4,0,2026-07-31
0002044309,Golden Bell Financial Planning LLC,4,0,2026-07-31
0001967456,"Granite Harbor Advisors, Inc.",4,0,2026-07-31
0001767710,"Guidance Point Advisors, LLC",4,0,2026-07-31
0001841815,"HUB Investment Partners, LLC",4,0,2026-07-31
0001649147,"Harfst & Associates, Inc.",4,0,2026-07-31
0001895252,"Helen Stephens Group, LLC",4,0,2026-07-31
0001543536,"Hudock, Inc.",4,0,2026-07-31
0001352260,"INTEGRITY ALLIANCE, LLC.",4,0,2026-07-31
0001419099,"INTERACTIVE FINANCIAL ADVISORS, INC.",4,0,2026-07-31
0001566030,INVESTMENT HOUSE LLC,4,1,2026-07-31
0001620943,IQ EQ FUND MANAGEMENT,4,0,2026-07-31
0001824539,"Impact Investors, Inc",4,0,2026-07-31
0002040070,"Integrated Capital Management, LLC",4,0,2026-07-31
0002057931,"Integrity Advisory Solutions, LLC",4,0,2026-07-31
0001917704,Integrity Financial Corp /WA,4,0,2026-07-31
0001374384,Intesa Sanpaolo S.p.A.,3,1,2026-07-31
0002077884,J. Derek Lewis & Associates Inc.,3,1,2026-07-31
0001890222,J. Safra Sarasin Holding AG,4,0,2026-07-31
0001426755,"J.P. Marvel Investment Advisors, LLC",4,0,2026-07-31
0002110669,"JHP Wealth Management, LLC",3,0,2026-07-31
0001314404,"JMG Financial Group, Ltd.",4,0,2026-07-31
0001875645,JTC Employer Solutions Trustee Ltd,4,0,2026-07-31
0001650300,"Jackson, Grant Investment Advisers, Inc.",4,0,2026-07-31
0001689646,Jacobi Capital Management LLC,4,0,2026-07-31
0001948391,Japan Science & Technology Agency,4,0,2026-07-31
0002054458,"KDT Advisors, LLC",4,1,2026-07-31
0000898358,KORNITZER CAPITAL MANAGEMENT INC /KS,4,0,2026-07-31
0002004495,Keener Financial Planning LLC,4,0,2026-07-31
0002029597,Kerusso Capital Management LLC,4,0,2026-07-31
0001688666,Knights of Columbus Asset Advisors LLC,4,0,2026-07-31
0002011958,Kuhn & Co Investment Counsel,4,0,2026-07-31
0001354821,"LEVIN CAPITAL STRATEGIES, L.P.",4,0,2026-07-31
0001988563,"LJI Wealth Management, LLC",4,0,2026-07-31
0001821168,"LOUNTZIS ASSET MANAGEMENT, LLC",4,0,2026-07-31
0002057465,"Lakeshore Capital Group, Inc.",4,0,2026-07-31
0001913467,"Lakeside Advisors, INC.",4,0,2026-07-31
0001691908,Lansing Management LP,4,0,2026-07-31
0001772483,Legacy Trust,4,0,2026-07-31
0001313294,"Linscomb Wealth, Inc.",4,0,2026-07-31
0001905112,Long Path Partners LP,4,0,2026-07-31
0001096343,MARKEL GROUP INC.,4,0,2026-07-31
0001028074,MATTHEWS INTERNATIONAL CAPITAL MANAGEMENT LLC,4,0,2026-07-31
0002009056,"MB Generational Wealth, LLC",4,0,2026-07-31
0001731444,MGO ONE SEVEN LLC,4,0,2026-07-31
0000903947,MILLER HOWARD INVESTMENTS INC /NY,4,0,2026-07-31
0001538853,MIRABELLA FINANCIAL SERVICES LLP,4,2,2026-07-31
0001306333,MOTCO,4,0,2026-07-31
0001821455,MTC Wealth Management LLC,4,0,2026-07-31
0001903058,MWA Asset Management,4,1,2026-07-31
0001640680,"Madison International Realty Holdings, LLC",4,0,2026-07-31
0002106678,"Madrid Wealth Management, LLC",3,1,2026-07-31
0002049064,"Manuka Financial, LLC",4,0,2026-07-31
0002063074,"Mascagni Wealth Management, Inc.",4,0,2026-07-31
0001677560,Members Trust Co,4,0,2026-07-31
0002107460,Merrithew & Thorsten Inc,3,0,2026-07-31
0001666940,Mn Services Vermogensbeheer B.V.,4,0,2026-07-31
0001800245,"NATURAL INVESTMENTS, LLC",4,0,2026-07-31
0001407024,NNS Holding,4,0,2026-07-31
0001794290,NNS Investments,4,0,2026-07-31
0001105344,NORTH POINT PORTFOLIO MANAGERS CORP/OH,4,0,2026-07-31
0002086579,"Napier Financial, LLC",3,0,2026-07-31
0001698091,"Narus Financial Partners, LLC",4,1,2026-07-31
0002056100,"Navigoe, LLC",4,0,2026-07-31
0001989988,"New Republic Capital, LLC",4,0,2026-07-31
0001891936,North Horizon Holdings Inc.,3,0,2026-07-31
0001828808,OSLO PENSJONSFORSIKRING AS,2,0,2026-07-31
0002104872,"Odyssey Capital Advisors, Inc.",3,0,2026-07-31
0001802635,One Wealth Map LLC,4,0,2026-07-31
0001330325,"Opus Capital Group, LLC",4,0,2026-07-31
0000919219,PAYDEN & RYGEL,4,0,2026-07-31
0002109652,"PINCUS CAPITAL MANAGEMENT, LP",3,0,2026-07-31
0001569147,"PL Capital Advisors, LLC",4,0,2026-07-31
0001906322,"POM Investment Strategies, LLC",4,0,2026-07-31
0001142031,PRIVATE MANAGEMENT GROUP INC,4,4,2026-07-31
0002058285,"Park Square Financial Group, LLC",4,0,2026-07-31
0002135125,"Peck Wealth Management, LLC",4,0,2026-07-31
0001356783,Phocas Financial Corp.,4,1,2026-07-31
0002014593,Power Alpha Investment Ltd,3,0,2026-07-31
0001927474,"Powers Advisory Group, LLC",4,0,2026-07-31
0002056287,"Powers Capital, LLC",4,0,2026-07-31
0002109952,Premier Wealth Management W.L.L.,23,0,2026-07-31
0001676603,"Probity Advisors, Inc.",4,0,2026-07-31
0002072264,"Providence Financial Advisors, LLC",4,0,2026-07-31
0002009674,"Quadcap Wealth Management, LLC",4,0,2026-07-31
0001688931,REDW Wealth LLC,4,0,2026-07-31
0002055400,Ranmore Fund Management Ltd,4,0,2026-07-31
0001733082,Rossmore Private Capital,4,0,2026-07-31
0001800911,S.A. Mason LLC,4,0,2026-07-31
0001044924,SAYBROOK CAPITAL /NC,4,0,2026-07-31
0002065074,"SKY-MOUNTAIN CAPITAL MANAGEMENT, INC.",4,0,2026-07-31
0001893893,STUDIO INVESTMENT MANAGEMENT LLC,4,1,2026-07-31
0001999827,"SYNTAX RESEARCH, INC.",4,0,2026-07-31
0001731359,Seneca House Advisors,4,0,2026-07-31
0002008178,Shared Vision Wealth Group LLC,4,0,2026-07-31
0001406672,Sherborne Investors Management LP,4,0,2026-07-31
0001674486,Simmons Bank,4,0,2026-07-31
0001906613,"Solidarity Wealth, LLC",4,0,2026-07-31
0001802530,Soltis Investment Advisors LLC,4,1,2026-07-31
0002147007,Starlite Capital INC,1,1,2026-07-31
0001829271,"Stirlingshire Investments, Inc.",3,0,2026-07-31
0002019841,Stone Ridge Holdings Group LP,4,0,2026-07-31
0001802494,"Stonebridge Financial Planning Group, LLC",4,0,2026-07-31
0001899158,THEORY FINANCIAL LLC,4,0,2026-07-31
0001527488,TOBAM,4,0,2026-07-31
0001317208,"TSP Capital Management Group, LLC",4,0,2026-07-31
0001694284,"Tandem Investment Advisors, Inc.",4,0,2026-07-31
0002056556,Texas Bank & Trust Co,4,0,2026-07-31
0002010185,"Thayer Partners, LLC / MA",3,0,2026-07-31
0002056795,"Three Magnolias Financial Advisors, LLC",5,0,2026-07-31
0002118051,"Tortuga Wealth Management, Inc",3,0,2026-07-31
0001601407,Troy Asset Management Ltd,4,33,2026-07-31
0001846236,"True Link Financial Advisors, LLC",4,2,2026-07-31
0001427748,"Truepoint, Inc.",4,0,2026-07-31
0001511739,VestGen Investment Management,4,0,2026-07-31
0001929907,"W ADVISORS, LLC",4,0,2026-07-31
0002023633,WEALTHGARDEN F.S. LLC,4,0,2026-07-31
0001125243,WEDGEWOOD INVESTORS INC /PA/,4,0,2026-07-31
0001931041,"Warwick Investment Management, Inc.",4,0,2026-07-31
0002053236,Wernau Asset Management Inc.,4,0,2026-07-31
0001965819,"West Tower Group, LLC",4,0,2026-07-31
0002073768,Westview Management dba Westview Investment Advisors,3,0,2026-07-31
0001964358,"Worth Financial Advisory Group, LLC",4,0,2026-07-31
0001921448,"WorthPointe, LLC",4,0,2026-07-31
0002045703,"ZEGA Investments, LLC",4,0,2026-07-31
0000109380,"ZIONS BANCORPORATION, NATIONAL ASSOCIATION /UT/",4,0,2026-07-31
0001909760,"Zullo Investment Group, Inc.",4,0,2026-07-31
0001138486,1834 INVESTMENT ADVISORS CO,4,0,2026-07-30
0002056566,"AGP FRANKLIN, LLC",4,0,2026-07-30
0000712050,ALTFEST L J & CO INC,4,0,2026-07-30
0002052048,"ARRIEN INVESTMENTS, INC.",4,0,2026-07-30
0001344551,"ASSETMARK, INC",4,0,2026-07-30
0001699506,"Ackerman Capital Advisors, LLC",4,0,2026-07-30
0001730610,"Acorn Wealth Advisors, LLC",4,0,2026-07-30
0001524828,"Acuitas Investments, LLC",4,1,2026-07-30
0002116771,Ahara Advisors LLC,3,1,2026-07-30
0001680613,"Almanack Investment Partners, LLC.",4,0,2026-07-30
0001633857,"AlphaStar Capital Management, LLC",4,0,2026-07-30
0001843826,Alta Wealth Advisors LLC,4,0,2026-07-30
0001853635,"Ampfield Management, L.P.",4,0,2026-07-30
0001475896,"Asset Dedication, LLC",4,0,2026-07-30
0000750641,"BAILARD, INC.",4,0,2026-07-30
0002110649,BAYBAN,3,0,2026-07-30
0001577928,"BCI SECURITIES, INC.",3,0,2026-07-30
0000894300,BENDER ROBERT & ASSOCIATES,4,0,2026-07-30
0002053653,"BENNINGFIELD FINANCIAL ADVISORS, LLC",4,0,2026-07-30
0002063947,"BYRNE FINANCIAL FREEDOM, LLC",4,0,2026-07-30
0002056095,Banque Transatlantique SA,4,2,2026-07-30
0002044734,Baypointe Partners LLC,4,0,2026-07-30
0001356202,"Beech Hill Advisors, Inc.",4,0,2026-07-30
0002055670,"Bestgate Wealth Advisors, LLC",4,0,2026-07-30
0001729516,"Bigelow Investment Advisors, LLC",4,0,2026-07-30
0002111406,"Blue Line Capital, LLC / IL",3,0,2026-07-30
0002015578,BlueChip Wealth Advisors LLC,4,0,2026-07-30
0001844108,"Bluesphere Advisors, LLC",4,0,2026-07-30
0001308331,Boit C F David,4,0,2026-07-30
0002054328,"Bravias Capital Group, LLC",4,0,2026-07-30
0002052564,Brentview Investment Management LLC,4,0,2026-07-30
0001800586,"Briaud Financial Planning, Inc",4,0,2026-07-30
0002145102,"Bridgelight Financial Advisors, Inc.",3,0,2026-07-30
0001547349,Broad Peak Investment Advisers Pte Ltd,4,0,2026-07-30
0001973259,"Buck Wealth Strategies, LLC",4,0,2026-07-30
0001912448,"Bulltick Wealth Management, LLC",4,0,2026-07-30
0001847661,"Buttonwood Financial Group, LLC",4,0,2026-07-30
0002078994,"CAMBRIDGE CAPITAL MANAGEMENT, LLC",4,0,2026-07-30
0002006870,"CAP Partners, LLC",4,0,2026-07-30
0001923052,"CAPSTONE WEALTH MANAGEMENT GROUP, LLC",4,0,2026-07-30
0001927537,CATALYST FINANCIAL PARTNERS LLC,4,0,2026-07-30
0001912835,"COMMONS CAPITAL, LLC",4,0,2026-07-30
0000801051,CONNING INC.,4,0,2026-07-30
0000024386,COOKE & BIELER LP,4,0,2026-07-30
0001845620,"CORNERSTONE PARTNERS CAPITAL MANAGEMENT, LLC",4,0,2026-07-30
0002134744,"CPWA, LLC",2,0,2026-07-30
0001802459,"CWS Financial Advisors, LLC",4,0,2026-07-30
0001419186,"Cambridge Investment Research Advisors, Inc.",4,1,2026-07-30
0001844427,"Cannon Global Investment Management, LLC",4,0,2026-07-30
0001801989,Cardinal Strategic Wealth Guidance,4,0,2026-07-30
0001900481,"Carmel Capital Partners, LLC",4,0,2026-07-30
0001511506,Carnegie Investment Counsel,4,0,2026-07-30
0001919749,"Carter Financial Group, INC.",4,0,2026-07-30
0001844897,"Cassia Capital Partners, LLC",4,0,2026-07-30
0002134767,Cedrus Wealth Group LLC,3,0,2026-07-30
0002057602,Challenger Wealth Management,4,0,2026-07-30
0001877829,"Cherry Creek Investment Advisors, Inc.",4,0,2026-07-30
0001563525,Chicago Partners Investment Group LLC,4,0,2026-07-30
0002103352,"Clarity Retirement & Wealth, LLC",3,0,2026-07-30
0001764386,Claro Advisors LLC,4,0,2026-07-30
0001915494,"Clientfirst Wealth Management, LLC",4,0,2026-07-30
0001902901,Collier Financial,4,0,2026-07-30
0002016393,"Cooksen Wealth, LLC",4,0,2026-07-30
0001802105,"Cornerstone Planning, LLC",3,0,2026-07-30
0001894830,Corus Family Wealth Advisors,4,0,2026-07-30
0002112003,Crusonia Wealth Advisors LLC,3,0,2026-07-30
0001731124,"DIAMANT ASSET MANAGEMENT, INC.",4,0,2026-07-30
0002030780,"DIVERSIFY WEALTH MANAGEMENT, LLC",4,0,2026-07-30
0002055833,"DKM Wealth Management, Inc.",4,0,2026-07-30
0001172779,DOCK STREET ASSET MANAGEMENT INC,4,0,2026-07-30
0002129751,Decker Wealth Management LLC,3,0,2026-07-30
0001610580,"Del-Sette Capital Management, LLC",4,0,2026-07-30
0001130787,EAGLE GLOBAL ADVISORS LLC,4,0,2026-07-30
0002083411,"Elevated Private Wealth, LLC",2,0,2026-07-30
0001548882,"Eos Management, L.P.",4,1,2026-07-30
0002110593,Eurizon Asset Management Hungary Ltd.,3,0,2026-07-30
0001277303,FIRST NATIONAL TRUST CO,4,0,2026-07-30
0001925685,"FSC Wealth Advisors, LLC",4,1,2026-07-30
0001123320,Family Capital Trust Co,4,2,2026-07-30
0002032698,"Fort Vancouver Investment Management, LLC",4,0,2026-07-30
0002116323,"Forty-three Eighteen Advisors, LLC",3,0,2026-07-30
0001966351,"Foundation Wealth Management, LLC",4,0,2026-07-30
0001652027,Funde Sino Life Insurance Co Ltd,1,1,2026-07-30
0001910179,"GHE, LLC",5,1,2026-07-30
0002043729,Galilei Investment Office LLP,4,0,2026-07-30
0002087399,"GatePass Capital, LLC",7,0,2026-07-30
0002046751,Generali Asset Management SPA SGR,4,0,2026-07-30
0001593387,"GeoWealth Management, LLC",4,0,2026-07-30
0001540656,Gladius Capital Management LP,4,0,2026-07-30
0001964394,Glass Jacobson Investment Advisors llc,4,0,2026-07-30
0002017692,Glass Wealth Management Co LLC,4,0,2026-07-30
0001801667,"Great Lakes Retirement, Inc.",4,0,2026-07-30
0001427099,GreatBanc Trust CO,4,0,2026-07-30
0002057200,"Griffith & Werner, Inc.",4,0,2026-07-30
0001171592,HAHN CAPITAL MANAGEMENT LLC,4,0,2026-07-30
0000046392,"HAZLETT, BURT & WATSON, INC.",4,0,2026-07-30
0001442573,"HOURGLASS CAPITAL, LLC",4,1,2026-07-30
0001730580,Harbor Island Capital LLC,4,0,2026-07-30
0001989341,INVENIO WEALTH PARTNERS LLC,4,0,2026-07-30
0002006918,Integrity Wealth Solutions LLC,4,0,2026-07-30
0001692820,"Ironwood Wealth Management, LLC.",4,0,2026-07-30
0002118722,"John A. Wolfe & Associates, Inc.",3,0,2026-07-30
0001978005,KENNEDY INVESTMENT GROUP,4,0,2026-07-30
0002000355,"KICKSTAND VENTURES, LLC.",4,0,2026-07-30
0002010145,"KITCHING PARTNERS, LLC",4,0,2026-07-30
0001842013,Kaizen Financial Strategies,4,0,2026-07-30
0001730660,Keeler Thomas Management LLC,4,0,2026-07-30
0001890748,"Kercheville Advisors, LLC",4,0,2026-07-30
0002042502,"Kiker Wealth Management, LLC",4,0,2026-07-30
0002007877,LB Partners LLC,4,0,2026-07-30
0001861752,LCM Capital Management Inc,4,0,2026-07-30
0002110690,"LCW Services, LLC",3,0,2026-07-30
0001990849,LECAP ASSET MANAGEMENT LTD,4,0,2026-07-30
0001965579,"LEGACY FINANCIAL GROUP, INC.",4,0,2026-07-30
0000932974,LORING WOLCOTT & COOLIDGE FIDUCIARY ADVISORS LLP/MA,4,0,2026-07-30
0001842010,Laurel Wealth Planning LLC,4,0,2026-07-30
0001845766,"Lebenthal Global Advisors, LLC",4,0,2026-07-30
0001923173,"Leeward Investments, LLC - MA",4,0,2026-07-30
0001957370,"Left Brain Wealth Management, LLC",4,0,2026-07-30
0001698810,Local Pensions Partnership Investment Ltd,7,0,2026-07-30
0001608034,"Lunt Capital Management, Inc.",4,0,2026-07-30
0001104366,MCDANIEL TERRY & CO,4,0,2026-07-30
0001775715,MILFORD FUNDS LTD,3,0,2026-07-30
0001080351,MITCHELL CAPITAL MANAGEMENT CO,4,0,2026-07-30
0001940660,"MONTCHANIN ASSET MANAGEMENT, LLC",2,0,2026-07-30
0001067324,MOUNTAIN PACIFIC INVESTMENT ADVISERS LLC,4,0,2026-07-30
0001716180,"MPS Loria Financial Planners, LLC",4,0,2026-07-30
0001633366,"MV CAPITAL MANAGEMENT, INC.",4,1,2026-07-30
0001809416,"Main Line Retirement Advisors, LLC",4,1,2026-07-30
0001795552,Maryland State Retirement & Pension System,4,0,2026-07-30
0001908893,"McBroom & Associates, LLC",4,0,2026-07-30
0001600585,Mendel Money Management,4,0,2026-07-30
0002048079,"Mercuria Capital Strategies, LLC",4,1,2026-07-30
0002063452,"Milestone Asset Management Group, LLC",4,0,2026-07-30
0001317724,Mondrian Investment Partners LTD,4,0,2026-07-30
0002096127,"Mountain Capital Management, LLC",3,0,2026-07-30
0001914515,"NORTHEAST PLANNING ASSOCIATES, INC. / NH /",4,0,2026-07-30
0001541787,"Nadler Financial Group, Inc.",4,0,2026-07-30
0002044208,"Next Level Wealth Planning, LLC",4,0,2026-07-30
0002033334,North of South Capital LLP,4,0,2026-07-30
0001915315,"Nvest Financial, LLC",4,0,2026-07-30
0002020582,"O'Domhnaill Enterprises, Inc.",3,0,2026-07-30
0001102256,OLD POINT TRUST & FINANCIAL SERVICES N A,4,0,2026-07-30
0002032602,"ORG Wealth Partners, LLC",4,2,2026-07-30
0002124777,"Oasis Advisors, LLC",3,0,2026-07-30
0001724517,Ovata Capital Management Ltd,4,1,2026-07-30
0001269786,Overbrook Management Corp,4,0,2026-07-30
0001785144,PETERSON WEALTH MANAGEMENT,5,0,2026-07-30
0001536446,"PINKERTON WEALTH, LLC",4,0,2026-07-30
0001134687,PRENTISS SMITH & CO INC,4,0,2026-07-30
0001865991,PSG Equity L.L.C.,4,0,2026-07-30
0002024152,"Pathway Financial Advisers, LLC",4,0,2026-07-30
0001020317,"Pekin Hardy Strauss, Inc.",4,0,2026-07-30
0001158202,"Penn Capital Management Company, LLC",4,0,2026-07-30
0001993888,Pictet Asset Management Holding SA,4,0,2026-07-30
0002012674,Pilgrim Partners Asia Pte Ltd,4,0,2026-07-30
0001905962,"Pinnacle Financial Group, LLC / IL",4,0,2026-07-30
0001910966,"Planning Center, Inc.",4,0,2026-07-30
0001744955,"Providence Wealth Advisors, LLC",4,0,2026-07-30
0002053150,Purkiss Capital Advisors LLC,4,0,2026-07-30
0002107086,"QUANTIFY CHAOS ADVISORS, LLC",3,0,2026-07-30
0001727454,"Quadrant Private Wealth Management, LLC",4,0,2026-07-30
0000740913,REAVES W H & CO INC,4,0,2026-07-30
0001962532,"RETIREMENT FINANCIAL SOLUTIONS, LLC",4,3,2026-07-30
0001933059,RETIREMENT GUYS FORMULA LLC,4,0,2026-07-30
0001998892,"ROGCO, LP",4,0,2026-07-30
0001817693,"Retirement Planning Co of New England, Inc.",4,0,2026-07-30
0001885319,"Roberts Wealth Advisors, LLC",4,0,2026-07-30
0001476804,Roundview Capital LLC,4,0,2026-07-30
0001426859,Ruffer LLP,4,0,2026-07-30
0001803994,Running Oak Capital LLC,4,0,2026-07-30
0001085550,"SCF Partners, Inc.",4,0,2026-07-30
0002055324,SCRATCH CAPITAL LLC,4,0,2026-07-30
0000762152,STATE OF MICHIGAN RETIREMENT SYSTEM,4,0,2026-07-30
0000820478,STRS OHIO,4,0,2026-07-30
0000830588,SUMMIT PARTNERS L P,4,1,2026-07-30
0001568540,Sather Financial Group Inc,4,0,2026-07-30
0001918181,Saudi Central Bank,4,0,2026-07-30
0001965229,"Sensible Money, LLC",4,0,2026-07-30
0002109813,"Signature Equity Partners, LLC",3,0,2026-07-30
0001766328,"Signet Investment Advisory Group, Inc.",4,0,2026-07-30
0001758440,Silphium Asset Management Ltd,4,0,2026-07-30
0001800379,"SkyOak Wealth, LLC",4,0,2026-07-30
0001852993,South Shore Capital Advisors,3,0,2026-07-30
0002051471,"Sovran Advisors, LLC",4,0,2026-07-30
0001856042,"Spectrum Investment Advisors, Inc.",4,0,2026-07-30
0001661144,St. Louis Trust Co,4,0,2026-07-30
0002011149,"Sterling Wealth Management, Inc.",4,0,2026-07-30
0001438574,"Sterneck Capital Management, LLC",4,0,2026-07-30
0001475365,"Sumitomo Mitsui Trust Group, Inc.",4,0,2026-07-30
0001504169,TOKIO MARINE ASSET MANAGEMENT CO LTD,4,0,2026-07-30
0000098758,TORRAY INVESTMENT PARTNERS LLC,4,0,2026-07-30
0002004980,"Towneley Capital Management, Inc / DE",4,0,2026-07-30
0002025098,Trust Co of Tennessee,4,0,2026-07-30
0001581641,"Tuttle Capital Management, LLC",4,0,2026-07-30
0001286478,UNITED BANK,4,0,2026-07-30
0002042938,"VERUS WEALTH MANAGEMENT, LLC",4,0,2026-07-30
0002033881,Vienna Powszechne Towarzystwo Emerytalne S.A. Vienna Insurance Group,4,0,2026-07-30
0001222993,"WATERS PARKERSON & CO., LLC",4,0,2026-07-30
0000105495,WELCH & FORBES LLC,4,0,2026-07-30
0001727642,"WJ Interests, LLC",4,0,2026-07-30
0001775210,Waterfront Wealth Inc.,4,0,2026-07-30
0001803005,"Wealth Advisors of Iowa, LLC",4,0,2026-07-30
0002034181,"WealthCare Asset Management, LLC",3,0,2026-07-30
0001602224,"Wealthstar Advisors, LLC",4,0,2026-07-30
0001552247,Weaver Capital Management LLC,4,0,2026-07-30
0002034054,"William B. Walkup & Associates, Inc.",4,0,2026-07-30
0001963452,"Windle Wealth, LLC",4,0,2026-07-30
0002147967,"XP Advisory US, Inc.",1,0,2026-07-30
0001776290,Zhang Financial LLC,4,0,2026-07-30
0002073676,"Zinnia Wealth Advisory, LLC",3,0,2026-07-30
0002108201,"truNorth Financial Services, Inc.",3,0,2026-07-30
0001978521,"3Chopt Investment Partners, LLC",4,0,2026-07-29
0002112320,"93 Financial Group, LLC",3,0,2026-07-29
0001508822,"ACR Alpine Capital Research, LLC",4,0,2026-07-29
0001442273,"ACT CAPITAL MANAGEMENT, LLC",3,0,2026-07-29
0001376113,ALPS ADVISORS INC,4,0,2026-07-29
0002113282,"AMG Asset Management Group, Inc.",3,0,2026-07-29
0001706915,"AUA CAPITAL MANAGEMENT, LLC",4,0,2026-07-29
0001121914,AZZAD ASSET MANAGEMENT INC /ADV,4,0,2026-07-29
0002011908,Able Wealth Management LLC,4,0,2026-07-29
0001844444,"Accretive Wealth Partners, LLC",4,0,2026-07-29
0002147643,"Advisory Solutions Group, LLC",1,0,2026-07-29
0001569452,"Advocacy Wealth Management, LLC",4,0,2026-07-29
0002110509,Advocate Investing Services LLC,3,0,2026-07-29
0002110606,"Alchemi Wealth, LLC",3,0,2026-07-29
0001731012,Alphinity Investment Management Pty Ltd,4,0,2026-07-29
0002054980,Alteri Wealth LLC,4,0,2026-07-29
0001365555,"Amtrust Financial Services, Inc.",4,0,2026-07-29
0001634208,Analyst IMS Investment Management Services Ltd.,4,0,2026-07-29
0001906003,"Anson Capital, Inc.",4,0,2026-07-29
0002019663,"Ashton Thomas Private Wealth, LLC",4,0,2026-07-29
0002055568,Aspire Growth Partners LLC,4,0,2026-07-29
0001802119,Avalon Advisory Group,4,0,2026-07-29
0001774744,"Avantra Family Wealth, Inc.",4,0,2026-07-29
0001704404,"Avestar Capital, LLC",4,0,2026-07-29
0002012816,Aware Super Pty Ltd as trustee of Aware Super,4,0,2026-07-29
0001387723,BANK OF STOCKTON,4,0,2026-07-29
0002114314,"BEACON ADVISORS HOLDINGS, LLC",3,0,2026-07-29
0001803426,"BEAM WEALTH ADVISORS, INC.",4,1,2026-07-29
0000911274,"BEESE FULMER INVESTMENT MANAGEMENT, INC.",4,0,2026-07-29
0002007263,"BKM Wealth Management, LLC",4,0,2026-07-29
0001128286,BOURNE LENT ASSET MANAGEMENT INC,4,0,2026-07-29
0000891478,"Banco Santander, S.A.",4,1,2026-07-29
0001921487,"Beacon Capital Management, LLC",4,0,2026-07-29
0001730511,"Bedel Financial Consulting, Inc.",4,0,2026-07-29
0001279936,CANTILLON CAPITAL MANAGEMENT LLC,4,3,2026-07-29
0001074273,CAPITAL MANAGEMENT CORP /VA,4,0,2026-07-29
0001093908,CHESAPEAKE CAPITAL CORP /IL/,4,0,2026-07-29
0000312272,"COMMONWEALTH EQUITY SERVICES, LLC",4,0,2026-07-29
0001482611,"CORRADO ADVISORS, LLC",4,0,2026-07-29
0001224890,CULBERTSON A N & CO INC,4,0,2026-07-29
0001161670,CULLINAN ASSOCIATES INC,4,0,2026-07-29
0002054093,Centerpoint Advisory Group,4,0,2026-07-29
0001302404,"Channing Capital Management, LLC",4,0,2026-07-29
0001538642,"Clayton, Dubilier & Rice, LLC",4,0,2026-07-29
0002010474,Clear Point Advisors Inc.,4,0,2026-07-29
0002056441,Coign Capital Advisors LLC,4,0,2026-07-29
0001615423,Compagnie Lombard Odier SCmA,4,0,2026-07-29
0001689829,"Connecticut Wealth Management, LLC",4,0,2026-07-29
0002103792,Coquina Private Wealth LLC,3,0,2026-07-29
0001715862,Cordatus Wealth Management LLC,4,0,2026-07-29
0001965150,"Core Wealth Management, Inc.",4,0,2026-07-29
0001668189,"Cornerstone Advisory, LLC",4,0,2026-07-29
0001822587,Cornerstone Planning Group LLC,4,0,2026-07-29
0002135644,"Cornerstone Wealth, LLC/TN",2,0,2026-07-29
0001987720,"Corundum Trust Company, INC",4,0,2026-07-29
0001664656,"Curtis Advisory Group, LLC",4,0,2026-07-29
0002054827,"Cushing Capital Partners, LLC",4,0,2026-07-29
0001133119,DAVIDSON TRUST CO,4,0,2026-07-29
0001128251,DUPONT CAPITAL MANAGEMENT CORP,4,0,2026-07-29
0001908169,"Darrow Company, Inc.",4,0,2026-07-29
0001869456,"Dean, Jacobson Financial Services, LLC",4,0,2026-07-29
0001909380,"Disciplined Equity Management, Inc.",4,0,2026-07-29
0001016021,"EDMP, INC.",4,0,2026-07-29
0001847772,EMC Capital Management,3,0,2026-07-29
0002095578,"ES4, LLC",3,0,2026-07-29
0001911470,"ETF Store, Inc.",4,0,2026-07-29
0001540826,EULAV Asset Management,4,0,2026-07-29
0002093518,Elevation Wealth Management LLC,3,0,2026-07-29
0001638022,Elgethun Capital Management,4,0,2026-07-29
0002011201,"Elm3 Financial Group, LLC",4,0,2026-07-29
0001994461,"Equita Financial Network, Inc.",4,0,2026-07-29
0001780570,Ethic Inc.,4,0,2026-07-29
0002109333,"Eurizon Asset Management Slovakia, sprav. spol., a.s.",3,0,2026-07-29
0002107286,Eurizon Capital SGR S.p.A.,3,0,2026-07-29
0001763121,"Evolution Wealth Advisors, LLC",4,0,2026-07-29
0001596957,"FAS Wealth Partners, Inc.",4,0,2026-07-29
0002011904,"FF Advisors,LLC",4,0,2026-07-29
0001006407,FISHMAN JAY A LTD/MI,4,0,2026-07-29
0001540880,FJARDE AP-FONDEN /FOURTH SWEDISH NATIONAL PENSION FUND,4,0,2026-07-29
0001954044,"Fee-Only Financial Planning, L.C.",4,0,2026-07-29
0001666504,"Fiduciary Wealth Partners, LLC",4,0,2026-07-29
0002012031,Financial Network Wealth Advisors LLC,4,0,2026-07-29
0001513189,First Western Trust Bank,4,0,2026-07-29
0001652026,Fund Resources Investment Holding Group Co Ltd,3,1,2026-07-29
0002014164,"GERBER, LLC",4,0,2026-07-29
0001840945,"Galvin, Gaustad & Stein, LLC",4,0,2026-07-29
0001532385,Genus Capital Management Inc.,4,0,2026-07-29
0002009886,Gilliland Jeter Wealth Management LLC,4,0,2026-07-29
0002008506,Glenorchy Capital Ltd,4,0,2026-07-29
0001767855,"Global Wealth Management Investment Advisory, Inc.",4,0,2026-07-29
0001382303,Goodman Financial Corp,4,0,2026-07-29
0001884799,Guardian Partners Inc.,4,0,2026-07-29
0001409661,Guinness Asset Management LTD,4,0,2026-07-29
0001409765,Guinness Atkinson Asset Management Inc,4,1,2026-07-29
0000945625,HARTLINE INVESTMENT CORP/,4,0,2026-07-29
0001911253,"HB Wealth Management, LLC",4,0,2026-07-29
0001989834,"HOGE FINANCIAL SERVICES, LLC",4,0,2026-07-29
0000740272,HUDSON EDGE INVESTMENT PARTNERS INC.,4,0,2026-07-29
0001393944,Hanson & Doremus Investment Management,4,0,2026-07-29
0001695959,"Hapanowicz & Associates Financial Services, Inc",4,0,2026-07-29
0001429390,Harel Insurance Investments & Financial Services Ltd.,4,0,2026-07-29
0002053665,"Haven Private, LLC",4,0,2026-07-29
0002056637,"Headland Capital, LLC",4,0,2026-07-29
0002019316,"Heritage Family Offices, LLP",4,0,2026-07-29
0001876811,"Heritage Investment Group, Inc.",4,0,2026-07-29
0001919142,High Net Worth Advisory Group LLC,4,0,2026-07-29
0001903866,"Highlander Partners, L.P.",4,0,2026-07-29
0001791555,"Hubbell Strickland Wealth Management, LLC",4,0,2026-07-29
0001811472,I.G.Y. Ltd,4,0,2026-07-29
0001033427,IRIDIAN ASSET MANAGEMENT LLC/CT,4,0,2026-07-29
0002052970,"Illumine Investment Management, LLC",4,0,2026-07-29
0001984555,"Impact Partnership Wealth, LLC",4,0,2026-07-29
0001818391,"Independent Solutions Wealth Management, LLC",4,0,2026-07-29
0001630798,Industrial Alliance Investment Management Inc.,4,0,2026-07-29
0001976780,"Invera Wealth Advisors, LLC",5,1,2026-07-29
0002099157,Investment Advisory Services Group LLC,3,0,2026-07-29
0001964922,Ipsen Advisor Group LLC,4,0,2026-07-29
0001080374,"JAG CAPITAL MANAGEMENT, LLC",4,0,2026-07-29
0001879371,JB Capital LLC,4,0,2026-07-29
0001782491,Jacobsen Capital Management,4,0,2026-07-29
0002112570,"Junk Investment Group, LLC",2,0,2026-07-29
0001999898,Kampmann Melissa S.,4,0,2026-07-29
0001794543,"Kathmere Capital Management, LLC",4,0,2026-07-29
0001729299,Keystone Financial Group,4,1,2026-07-29
0001569518,"Kintegral Advisory, LLC",4,0,2026-07-29
0001662449,"Klingman & Associates, LLC",4,0,2026-07-29
0001728321,"Kovack Advisors, Inc.",4,1,2026-07-29
0001919701,"LOWERY THOMAS, LLC",4,0,2026-07-29
0001977092,"Legacy Capital Group California, Inc.",4,0,2026-07-29
0001732768,Lingotto Investment Management LLP,4,1,2026-07-29
0001965552,Longbow Finance SA,4,0,2026-07-29
0002036517,Luminvest Wealth Management LLC,4,0,2026-07-29
0001593688,M. Kraus & Co,4,0,2026-07-29
0001033225,MCDONALD CAPITAL INVESTORS INC/CA,4,0,2026-07-29
0001908158,"MILLER WEALTH ADVISORS, LLC",4,2,2026-07-29
0001387386,"MORRIS FINANCIAL CONCEPTS, INC.",4,0,2026-07-29
0001732949,"MRWM Advisors, LLC",4,0,2026-07-29
0001843358,"Mach-1 Financial Group, LLC",4,0,2026-07-29
0001513211,Main Street Research LLC,4,0,2026-07-29
0001838660,"Marks Wealth, LLC",4,0,2026-07-29
0002006397,Mastercard Foundation Asset Management Corp,4,0,2026-07-29
0001731134,"MayTech Global Investments, LLC",4,0,2026-07-29
0002100778,"Meramec Financial Planners, LLC",3,0,2026-07-29
0002113997,Metatron Capital SICAV plc - Metatron Long Term Equity Fund,1,0,2026-07-29
0002022893,Miller Financial Services LLC,4,0,2026-07-29
0001834600,Mithaq Capital SPC,4,0,2026-07-29
0002055889,"Moment Partners, LLC",4,0,2026-07-29
0000898413,NBT BANK N A /NY,4,0,2026-07-29
0000862469,NEW MEXICO EDUCATIONAL RETIREMENT BOARD,4,0,2026-07-29
0000810265,NEW YORK STATE COMMON RETIREMENT FUND,4,11,2026-07-29
0001990699,NORDEN GROUP LLC,4,0,2026-07-29
0001697274,"NVWM, LLC",4,0,2026-07-29
0002045735,NWF Advisory Services Inc.,12,0,2026-07-29
0002132497,"Navigation Group, LLC",2,0,2026-07-29
0001540867,New England Professional Planning Group Inc.,4,0,2026-07-29
0002035982,"Nicholson Wealth Management Group, LLC",4,0,2026-07-29
0001107314,OREGON PUBLIC EMPLOYEES RETIREMENT FUND,4,0,2026-07-29
0001349654,Obermeyer Wealth Partners,4,0,2026-07-29
0000948669,"PARNASSUS INVESTMENTS, LLC",4,0,2026-07-29
0001909619,"PRIMORIS WEALTH ADVISORS, LLC",4,0,2026-07-29
0002127408,PW Nova Financial Services LLC,3,0,2026-07-29
0001799719,"Paragon Advisors, LLC",4,0,2026-07-29
0001569765,Paragon Capital Management Ltd,4,0,2026-07-29
0002038285,"Portfolio Resources Advisor Group, Inc.",3,0,2026-07-29
0001802195,"Powell Investment Advisors, LLC",4,0,2026-07-29
0002048885,"Prasad Wealth Partners, LLC",4,0,2026-07-29
0002042930,"Prosperity Advisers, LLC",3,0,2026-07-29
0002011668,"Pullen Investment Management, LLC",4,0,2026-07-29
0001929662,"Quantum Private Wealth, LLC",4,0,2026-07-29
0001426774,R.M.SINCERBEAUX CAPITAL MANAGEMENT LLC,4,0,2026-07-29
0001989672,"RAM Investment Partners, LLC",4,0,2026-07-29
0001686343,"RED CRANE WEALTH MANAGEMENT, LLC",4,0,2026-07-29
0001888847,"REICON WEALTH ADVISORS, LLC",3,0,2026-07-29
0002069920,"RESOLUTE CAPITAL, LLC",3,0,2026-07-29
0002081847,REXFORD CAPITAL INC,4,0,2026-07-29
0001845210,"RFG HOLDINGS, INC.",4,0,2026-07-29
0002008554,ROBINSON SMITH WEALTH ADVISORS LLC,4,0,2026-07-29
0001944142,"Resona Asset Management Co.,Ltd.",4,0,2026-07-29
0001736736,"Rice Partnership, LLC",4,0,2026-07-29
0001911900,"Richwood Investment Advisors, LLC",4,0,2026-07-29
0001601348,Riggs Asset Managment Co. Inc.,4,0,2026-07-29
0001469751,"RiverFront Investment Group, LLC",4,0,2026-07-29
0001767307,"Robertson Stephens Wealth Management, LLC",4,0,2026-07-29
0001977181,"Root Financial Partners, LLC",4,0,2026-07-29
0002114679,"Rubicon Advisors, GP",3,0,2026-07-29
0001940678,"Ruedi Wealth Management, Inc.",4,0,2026-07-29
0001105467,SAWGRASS ASSET MANAGEMENT LLC,4,0,2026-07-29
0001008895,SCHMIDT P J INVESTMENT MANAGEMENT INC,4,0,2026-07-29
0002046822,SHARPEPOINT LLC,4,0,2026-07-29
0001339270,SOL Capital Management CO,4,1,2026-07-29
0000757657,STEPHENS INC /AR/,4,0,2026-07-29
0002108989,"STOLZ & ASSOCIATES, PS",3,0,2026-07-29
0001693636,Sagewood Asset Management LP,3,0,2026-07-29
0002052658,"Saiph Capital, LLC",4,0,2026-07-29
0001824694,"Signature Wealth Management Partners, LLC",4,0,2026-07-29
0001764766,SilverOak Wealth Management LLC,4,0,2026-07-29
0001984918,"Slagle Financial, LLC",4,0,2026-07-29
0001728866,Smart Money Group LLC,4,0,2026-07-29
0002049179,Solano Wealth Investment Advisors LLC,4,0,2026-07-29
0002006405,"Solutions 4 Wealth, Ltd",4,0,2026-07-29
0001831944,Southern Farm Bureau Life Insurance,4,0,2026-07-29
0002008308,"Stash Investments, LLC",4,0,2026-07-29
0001908976,"Stegent Equity Advisors, Inc.",4,0,2026-07-29
0001314440,Stephens Investment Management Group LLC,4,0,2026-07-29
0001801413,"Summit Place Financial Advisors, LLC",4,0,2026-07-29
0001637689,Swiss Life Asset Management Ltd,46,0,2026-07-29
0001583751,"TCI Wealth Advisors, Inc.",4,0,2026-07-29
0001017284,"THOMPSON DAVIS & CO., INC.",4,0,2026-07-29
0001271347,"TIFF ADVISORY SERVICES, LLC",4,0,2026-07-29
0002033388,TPG Advisors LLC,4,0,2026-07-29
0001964760,"Team Hewins, LLC",4,0,2026-07-29
0002107751,"Tencap Wealth Coaching, LLC",3,0,2026-07-29
0001911307,Treasure Coast Financial Planning,4,0,2026-07-29
0001748729,Triodos Investment Management BV,4,0,2026-07-29
0001735605,"USAdvisors Wealth Management, LLC",4,0,2026-07-29
0002004873,"United Advisor Group, LLC",4,0,2026-07-29
0000773411,VALLEY NATIONAL ADVISERS INC,4,0,2026-07-29
0002011333,"VICTORY FINANCIAL GROUP, LLC",4,0,2026-07-29
0002094533,VIRTUE ASSET MANAGEMENT LLC,4,0,2026-07-29
0001992355,Value Base Ltd.,4,0,2026-07-29
0001750557,"Vectors Research Management, LLC",4,0,2026-07-29
0001629290,Verde Servicos Internacionais S.A.,4,0,2026-07-29
0001719305,Verdence Capital Advisors LLC,4,0,2026-07-29
0000771118,WOODARD & CO ASSET MANAGEMENT GROUP INC /ADV,4,0,2026-07-29
0001697796,"WP Advisors, LLC",4,0,2026-07-29
0001900099,"Washington Trust Advisors, Inc.",4,0,2026-07-29
0001730942,"Waterloo Capital, L.P.",4,0,2026-07-29
0002012773,"Wealth Forward, LLC",4,0,2026-07-29
0001780055,Weaver Consulting Group,4,0,2026-07-29
0002024115,"Westfuller Advisors, LLC",4,0,2026-07-29
0002041800,"Wingate Wealth Advisors, Inc.",4,0,2026-07-29
0002046147,Wright Wealth LLC,3,0,2026-07-29
0001969566,iA Global Asset Management Inc.,4,0,2026-07-29
0001968777,25 LLC,4,0,2026-07-28
0001840261,4Thought Financial Group Inc.,4,0,2026-07-28
0002033987,A4 Wealth Advisors LLC,4,0,2026-07-28
0001944780,"ACUTE INVESTMENT ADVISORY, LLC",4,0,2026-07-28
0002130022,ALLSTREET CAPITAL ADVISORS LLC,3,0,2026-07-28
0001093589,ALTA CAPITAL MANAGEMENT LLC/,4,0,2026-07-28
0001929170,"ANGELES WEALTH MANAGEMENT, LLC",4,0,2026-07-28
0001931870,"ARGONAUTICA PRIVATE WEALTH MANAGEMENT, INC",4,0,2026-07-28
0000811407,ASSET PLANNING SERVICES INC /LA/ /ADV,4,0,2026-07-28
0001214816,AXIS CAPITAL HOLDINGS LTD,4,0,2026-07-28
0001911056,"AXXCESS WEALTH MANAGEMENT, LLC",4,1,2026-07-28
0001820879,Advisor Resource Council,4,0,2026-07-28
0002132506,"Alessandra Capital Management, LLC",3,0,2026-07-28
0002018007,"American Capital Advisory, LLC",4,0,2026-07-28
0000894119,Anchor Capital Management Group Inc,4,0,2026-07-28
0001966007,"Applied Finance Capital Management, LLC",4,0,2026-07-28
0001321194,"Argyle Capital Management, LLC",4,0,2026-07-28
0001990099,"Armstrong, Fleming & Moore, Inc",4,0,2026-07-28
0001689227,"Ascension Capital Advisors, Inc.",4,0,2026-07-28
0001068855,"Asset Management One Co., Ltd.",4,0,2026-07-28
0001931642,Astoria Portfolio Advisors LLC.,4,0,2026-07-28
0001814234,Atlas Private Wealth Advisors,4,0,2026-07-28
0001767432,"Atlas Venture Advisors, Inc.",4,0,2026-07-28
0001964106,Atlas Wealth LLC,4,1,2026-07-28
0001535865,"Atria Investments, Inc",4,0,2026-07-28
0001730754,Aubrey Capital Management Ltd,4,0,2026-07-28
0001005441,"Avantax Planning Partners, Inc.",4,0,2026-07-28
0002052531,"Axis Wealth Partners, LLC",4,0,2026-07-28
0001908288,"BARNES PETTEY FINANCIAL ADVISORS, LLC",4,0,2026-07-28
0001373017,"BCM ADVISORS, LLC",4,0,2026-07-28
0001710539,"BHK Investment Advisors, LLC",4,0,2026-07-28
0002079080,"BRIAN LOW FINANCIAL GROUP, LLC",4,0,2026-07-28
0001432529,"Baker Avenue Asset Management, LP",4,0,2026-07-28
0001346378,"Baldwin Investment Management, LLC",4,0,2026-07-28
0002047270,BankPlus Trust Department,4,0,2026-07-28
0001767989,"Bay Harbor Wealth Management, LLC",4,0,2026-07-28
0001704107,"BlueSky Wealth Advisors, LLC",4,0,2026-07-28
0001993607,"Borer Denton & Associates, Inc.",4,0,2026-07-28
0002066260,"Bosman Wealth Management, LLC",4,0,2026-07-28
0001843853,Brown Financial Advisory,4,0,2026-07-28
0001790837,"Bull Street Advisors, LLC",4,0,2026-07-28
0002001434,"Burford Brothers, Inc.",4,0,2026-07-28
0002109360,Burkett Asset Management Ltd,3,0,2026-07-28
0000923469,CADINHA & CO LLC,4,0,2026-07-28
0001800752,"CERTUITY, LLC",4,0,2026-07-28
0001901222,"CHANNING GLOBAL ADVISORS, LLC",4,0,2026-07-28
0001839445,"CMG Global Holdings, LLC",4,0,2026-07-28
0001014315,CORTLAND ASSOCIATES INC/MO,4,0,2026-07-28
0000819864,CREATIVE FINANCIAL DESIGNS INC /ADV,4,0,2026-07-28
0001329375,"CUSHING ASSET MANAGEMENT, LP dba NXG INVESTMENT MANAGEMENT",4,0,2026-07-28
0001800358,"Cairn Investment Group, Inc.",4,0,2026-07-28
0001843492,Campion Asset Management,4,0,2026-07-28
0001666733,"Canal Capital Management, LLC",6,0,2026-07-28
0001531809,"CapWealth Advisors, LLC",4,3,2026-07-28
0001900946,"CarsonAllaria Wealth Management, Ltd.",4,0,2026-07-28
0001740053,"Chicago Capital, LLC",4,0,2026-07-28
0002107657,Clark Wealth Partners,7,0,2026-07-28
0001784235,"Clear Creek Financial Management, LLC",4,0,2026-07-28
0001599923,Community Bank of Raymore,4,0,2026-07-28
0001760145,"Costello Asset Management, INC",4,0,2026-07-28
0001646821,"D'Orazio & Associates, Inc.",4,0,2026-07-28
0002053669,DAHRING | CUSMANO LLC,4,0,2026-07-28
0001967640,"DDFG, Inc",4,0,2026-07-28
0001849518,"DEFINED WEALTH MANAGEMENT, LLC",4,0,2026-07-28
0001893403,"DMC Group, LLC",4,0,2026-07-28
0001020585,DUNCKER STREETT & CO INC,4,0,2026-07-28
0001808748,Davidson Capital Management Inc.,4,0,2026-07-28
0002083656,Ducere Wealth Management LLC,3,1,2026-07-28
0001803058,EPG Wealth Management LLC,4,0,2026-07-28
0002086643,Element Squared LLC,5,0,2026-07-28
0001860672,Elemental Capital Partners LLC,4,0,2026-07-28
0001743941,Elm Partners Management LLC,4,0,2026-07-28
0002107252,Emissary Wealth LLC,3,0,2026-07-28
0002097037,"Equity Wealth Partners, LLC",4,0,2026-07-28
0002024532,Erste Asset Management GmbH,4,0,2026-07-28
0001730813,FINANCIAL LIFE ADVISORS,4,0,2026-07-28
0001521951,"FIRST BUSINESS FINANCIAL SERVICES, INC.",4,0,2026-07-28
0002052024,"FLP Wealth Management, LLC",5,3,2026-07-28
0002040224,FMB WEALTH MANAGEMENT,4,0,2026-07-28
0001944877,"FWG Investments, LLC.",4,0,2026-07-28
0001681372,"Fairbanks Capital Management, Inc.",4,0,2026-07-28
0002102043,Financial Planning Navigators CORP,3,0,2026-07-28
0001426398,Focused Investors LLC,4,0,2026-07-28
0002008703,Fonville Wealth Management LLC,4,0,2026-07-28
0002088289,Fundamenta Capital S.A.,3,2,2026-07-28
0001056488,GARRISON BRADFORD & ASSOCIATES INC,4,0,2026-07-28
0000846222,GREENHAVEN ASSOCIATES INC,4,0,2026-07-28
0001161822,GREENWOOD CAPITAL ASSOCIATES LLC,4,0,2026-07-28
0001080369,GW HENSSLER & ASSOCIATES LTD,4,0,2026-07-28
0001675762,"Gilbert & Cook, Inc.",4,0,2026-07-28
0002048387,"Grange Capital, LLC",4,0,2026-07-28
0001845302,"Greystone Financial Group, LLC",4,0,2026-07-28
0002112951,"GuidedMoney, LLC",3,0,2026-07-28
0001317802,"Guild Investment Management, Inc.",4,0,2026-07-28
0001599746,"Hamilton Point Investment Advisors, LLC",4,0,2026-07-28
0001687156,Harbor Advisors LLC,4,0,2026-07-28
0002003557,Harbour Trust & Investment Management Co,4,0,2026-07-28
0002058267,"Hartmann Taylor Wealth Management, LLC",4,0,2026-07-28
0001503269,Heathbridge Capital Management Ltd.,4,0,2026-07-28
0001944755,"Heritage Wealth Management, Inc.",4,0,2026-07-28
0001588225,"Heronetta Management, L.P.",4,0,2026-07-28
0001733173,Howard Capital Management Inc.,4,0,2026-07-28
0001978883,Hudson Canyon Capital Management,4,0,2026-07-28
0001513137,INCA Investments LLC,4,0,2026-07-28
0001731795,"Inlight Wealth Management, LLC",4,0,2026-07-28
0001533954,"Institute for Wealth Management, LLC.",4,0,2026-07-28
0002119881,"Intentional Wealth Strategies, LLC",2,0,2026-07-28
0001546967,Iowa State Bank,4,0,2026-07-28
0002044420,"JIM SAULNIER & ASSOCIATES, LLC",4,0,2026-07-28
0001907294,JMAC ENTERPRISES LLC,4,0,2026-07-28
0001802224,"JSF Financial, LLC",4,0,2026-07-28
0001164478,KANAWHA CAPITAL MANAGEMENT LLC,4,0,2026-07-28
0001649451,"KESTRA PRIVATE WEALTH SERVICES, LLC",4,0,2026-07-28
0001089877,KEYBANK NATIONAL ASSOCIATION/OH,4,0,2026-07-28
0001800556,"KFA Private Wealth Group, LLC",4,0,2026-07-28
0002109915,"Kane Co Wealth Management, Inc.",3,0,2026-07-28
0001830819,"Kestra Advisory Services, LLC",4,0,2026-07-28
0002107249,"Key Capital Management, INC",3,0,2026-07-28
0001986795,"Kure Advisory, LLC",4,0,2026-07-28
0001013701,LAWSON KROEKER INVESTMENT MANAGEMENT INC/NE,4,0,2026-07-28
0001737871,LFA - Lugano Financial Advisors SA,4,0,2026-07-28
0001963040,LODESTAR PRIVATE ASSET MANAGEMENT LLC,4,0,2026-07-28
0001950218,"Lantern Wealth Advisors, LLC",4,0,2026-07-28
0001843715,"Latitude Advisors, LLC",4,0,2026-07-28
0001909828,"Lauterbach Financial Advisors, LLC",4,0,2026-07-28
0002036775,Level Wealth Management LLC,4,0,2026-07-28
0002056752,"Lionshead Wealth Management, LLC",4,0,2026-07-28
0001774727,"Liquid Strategies, LLC",4,0,2026-07-28
0002111409,"Livet Wealth, LLC",3,0,2026-07-28
0001851362,Lorne Steinberg Wealth Management Inc.,4,0,2026-07-28
0001473033,"Lubar & Co., Inc",3,0,2026-07-28
0001730546,"Luken Investment Analytics, LLC",4,0,2026-07-28
0001767474,MA Private Wealth,4,0,2026-07-28
0000061227,MACKAY SHIELDS LLC,4,0,2026-07-28
0001551727,MACROVIEW INVESTMENT MANAGEMENT LLC,4,0,2026-07-28
0001848704,MBA Advisors LLC,4,0,2026-07-28
0001331074,MCDONALD PARTNERS LLC,4,0,2026-07-28
0000354201,MH & ASSOCIATES SECURITIES MANAGEMENT CORP /ADV,3,0,2026-07-28
0000812291,MIZUHO SECURITIES USA LLC,4,1,2026-07-28
0002053727,MOKAN Wealth Management Inc.,4,0,2026-07-28
0002010858,Maia Wealth LLC,4,0,2026-07-28
0001845680,"Marino Management, LLC",3,0,2026-07-28
0001802473,"Marks Group Wealth Management, Inc",4,0,2026-07-28
0001845031,"McGinn Penninger Investment Management, Inc.",4,0,2026-07-28
0001484265,"McKinley Carter Wealth Services, Inc.",4,0,2026-07-28
0002072353,Meiji Yasuda America Inc,3,0,2026-07-28
0001609674,"Mengis Capital Management, Inc.",4,0,2026-07-28
0002113675,"Mercato Management Legacy, LLC",2,0,2026-07-28
0002026480,"Midwest Capital Advisors, LLC",4,0,2026-07-28
0001906805,"Midwest Heritage Bank, FSB",4,0,2026-07-28
0002097025,"Millennium Capital Advisors, LLC",19,0,2026-07-28
0001694895,Mitsubishi UFJ Asset Management,4,0,2026-07-28
0000869304,NORTHSTAR ASSET MANAGEMENT INC,4,0,2026-07-28
0002042508,"NOVUS ADVISORS, LLC",4,0,2026-07-28
0001820593,"Navalign, LLC",4,0,2026-07-28
0002022328,New Insight Wealth Advisors,4,0,2026-07-28
0001546989,NewSquare Capital LLC,4,0,2026-07-28
0001729847,"Nikulski Financial, Inc.",4,0,2026-07-28
0002062383,"North Berkeley Wealth Management, LLC",4,0,2026-07-28
0001342857,North Star Investment Management Corp.,4,0,2026-07-28
0001962457,Northern Financial Advisors Inc,4,0,2026-07-28
0002097005,OP Asset Management Ltd,6,2,2026-07-28
0001616336,"One River Asset Management, LLC",4,0,2026-07-28
0000949853,P.A.W. CAPITAL CORP,4,4,2026-07-28
0000724683,PIPER SANDLER & CO.,4,0,2026-07-28
0001623678,PLIMOTH TRUST CO LLC,4,0,2026-07-28
0002054543,"POINCIANA ADVISORS GROUP, LLC",4,0,2026-07-28
0001277557,PRIVATE TRUST CO NA,4,0,2026-07-28
0001140436,PROVIDENT TRUST CO,4,0,2026-07-28
0001899703,"Paladin Advisory Group, LLC",4,0,2026-07-28
0001922684,"Paragon Private Wealth Management, LLC",4,0,2026-07-28
0002111830,Phillip James Consulting Co.,3,0,2026-07-28
0001703383,"Pinnacle Bancorp, Inc.",4,0,2026-07-28
0002135110,"Pioneer Family Office, LLC",3,0,2026-07-28
0001839695,"Prairiewood Capital, LLC",4,0,2026-07-28
0002085963,"ProCore Advisors, LLC",3,0,2026-07-28
0001991334,"Prosperity Financial Group, Inc.",4,0,2026-07-28
0002054263,"Prudent Man Investment Management, Inc.",4,0,2026-07-28
0002135327,Purewater Capital LLC,2,0,2026-07-28
0001965346,"QUARRY HILL ADVISORS, LLC",4,0,2026-07-28
0002056410,"RAHLFS CAPITAL, LLC",4,0,2026-07-28
0001907530,"REVERENCE CAPITAL PARTNERS, L.P.",4,0,2026-07-28
0001005186,RHODES INVESTMENT ADVISORS INC /ADV,3,0,2026-07-28
0000315157,ROBERT WOOD JOHNSON FOUNDATION,4,0,2026-07-28
0001555433,"RPM Capital Partners, LLC",4,0,2026-07-28
0001963326,"RPOA Advisors, Inc.",4,0,2026-07-28
0001616664,Raab & Moskowitz Asset Management LLC,4,0,2026-07-28
0002086998,Retail Employees Superannuation Pty Ltd as trustee for Retail Employees Superannuation Trust,3,0,2026-07-28
0001593051,Retirement Systems of Alabama,4,0,2026-07-28
0001387304,"Richard C. Young & CO., LTD.",4,0,2026-07-28
0001418427,Robeco Schweiz AG,4,0,2026-07-28
0001963732,"Rooted Wealth Advisors, Inc.",4,0,2026-07-28
0001697539,"Rosenthal | Henry Capital Advisors, Inc.",4,0,2026-07-28
0001784260,Rothschild & Co Wealth Management UK Ltd,4,0,2026-07-28
0001085163,SIGMA INVESTMENT COUNSELORS INC,4,0,2026-07-28
0002135539,"SIMA Wealth Partners, LLC",9,0,2026-07-28
0001692038,"SIMON QUICK ADVISORS, LLC",4,1,2026-07-28
0001512920,SPROTT INC.,4,0,2026-07-28
0001166308,"STEEL GROVE CAPITAL ADVISORS, LLC",4,0,2026-07-28
0002081278,SUMMIT WEALTH GROUP LLC / CO,4,1,2026-07-28
0001482688,Sageworth Trust Co,4,0,2026-07-28
0001871593,Sageworth Trust Co of South Dakota,4,0,2026-07-28
0001121404,Sanofi,4,0,2026-07-28
0001653169,Sciencast Management LP,4,0,2026-07-28
0002060504,Seek First Inc.,4,0,2026-07-28
0001763958,Sellwood Investment Partners LLC,4,0,2026-07-28
0001751412,"Sepio Capital, LP",4,0,2026-07-28
0001554308,Seven Post Investment Office LP,4,0,2026-07-28
0001693672,Share Andrew L.,4,0,2026-07-28
0001806226,"Sowa Financial Group, Inc.",4,0,2026-07-28
0002031291,"Squire Investment Management Company, LLC",4,0,2026-07-28
0001646695,"Steele Capital Management, Inc.",4,0,2026-07-28
0002001544,"Stephenson & Company, Inc.",4,0,2026-07-28
0001329883,Sterling Capital Management LLC,4,0,2026-07-28
0001701132,"Sterling Investment Advisors, Ltd.",4,0,2026-07-28
0001569119,Strategic Advisors LLC,4,0,2026-07-28
0001870686,"Strategic Financial Concepts, LLC",4,0,2026-07-28
0002012673,"Sugar Maple Asset Management, LLC",4,0,2026-07-28
0001254890,TAIYO LIFE INSURANCE CO,4,0,2026-07-28
0001767217,"TLW Wealth Management, LLC",4,0,2026-07-28
0001847582,TMT General Partner Ltd,4,0,2026-07-28
0000092230,TRUIST FINANCIAL CORP,4,0,2026-07-28
0001387761,"TWIN FOCUS CAPITAL PARTNERS, LLC",4,0,2026-07-28
0002055925,"Tepp RIA, LLC",4,0,2026-07-28
0002058383,"Total Wealth Planning & Management, Inc.",3,0,2026-07-28
0001871352,Town Capital LLC,3,0,2026-07-28
0002055838,"Trace Wealth Advisors, LLC",4,0,2026-07-28
0002066232,"TradeWell Securities, LLC.",5,0,2026-07-28
0002111352,URS Advisory LLC,3,0,2026-07-28
0001132699,"VESTOR CAPITAL, LLC",4,0,2026-07-28
0001627417,Verger Capital Management LLC,4,0,2026-07-28
0001912300,Vericrest Private Wealth,3,0,2026-07-28
0001542108,"Verity & Verity, LLC",4,0,2026-07-28
0001872130,Villanova Investment Management Co LLC,4,1,2026-07-28
0002115327,Virginia Estate & Retirement Planning Advisors Inc.,2,0,2026-07-28
0002007281,"Vivid Wealth Management, LLC",4,0,2026-07-28
0001577001,W.G. Shaheen & Associates DBA Whitney & Co,4,0,2026-07-28
0001142495,WEDBUSH SECURITIES INC,4,0,2026-07-28
0000877134,WESBANCO BANK INC,4,0,2026-07-28
0000946310,WESTCO ADVISORY SERVICES INC /ADV,3,0,2026-07-28
0001280604,WEYBOSSET RESEARCH & MANAGEMENT LLC,4,0,2026-07-28
0001137881,WHITTIER TRUST CO,4,0,2026-07-28
0001263548,WHITTIER TRUST CO OF NEVADA INC,4,0,2026-07-28
0001846177,"WOODWARD DIVERSIFIED CAPITAL, LLC",4,0,2026-07-28
0001639943,"WealthPLAN Partners, LLC",4,0,2026-07-28
0001929986,"WealthPlan Investment Management, LLC",4,0,2026-07-28
0001971029,Werba Rubin Papier Wealth Management,4,0,2026-07-28
0001773368,Wesleyan Assurance Society,4,0,2026-07-28
0001910961,William Allan Corp,4,0,2026-07-28
0000900974,"Wilmington Savings Fund Society, FSB",4,1,2026-07-28
0002056711,Wise Wealth Partners,4,0,2026-07-28
0002127787,"Z3 Capital Partners, LLC",3,0,2026-07-28
0001665605,"3EDGE Asset Management, LP",4,0,2026-07-27
0001911035,"626 Financial, LLC",4,0,2026-07-27
0002029917,ADAPT Investment Managers SA,4,0,2026-07-27
0002053824,"ADG Wealth Management Group, LLC",4,0,2026-07-27
0002107832,AGMAN CAPITAL LLC,3,0,2026-07-27
0000771572,"ASHTON THOMAS SECURITIES, LLC",4,0,2026-07-27
0002056598,"ASK CAPITAL MANAGEMENT, LLC",4,0,2026-07-27
0002013499,Accordant Advisory Group Inc,4,0,2026-07-27
0002089183,"Align Financial, LLC",3,0,2026-07-27
0001964068,Allegiance Financial Group Advisory Services LLC,4,0,2026-07-27
0001601384,"Allen Capital Group, LLC",4,0,2026-07-27
0001910174,"Archvest Wealth Advisors, Inc.",4,1,2026-07-27
0001665925,Ariose Capital Management Ltd,4,0,2026-07-27
0001743859,Ariston Services Group,4,0,2026-07-27
0001733755,Arnhold LLC,4,0,2026-07-27
0002109808,"Artesa Financial Group, LLC",3,0,2026-07-27
0002048547,"Asset Planning,Inc",4,0,2026-07-27
0001965798,"Atlas Wealth Partners, LLC",4,0,2026-07-27
0001769288,Atwater Malick LLC,4,0,2026-07-27
0001079398,BAKER BOYER NATIONAL BANK,4,0,2026-07-27
0001287978,"BASSO CAPITAL MANAGEMENT, L.P.",4,0,2026-07-27
0002110066,BLUELINE ADVISORS LLC,3,0,2026-07-27
0000885062,BROWN CAPITAL MANAGEMENT LLC,4,0,2026-07-27
0002052379,BXM Wealth LLC,4,0,2026-07-27
0001852042,"Bancreek Capital Management, LP",4,0,2026-07-27
0002009426,"Bare Financial Services, Inc",4,0,2026-07-27
0001765595,Bernardo Wealth Planning LLC,4,0,2026-07-27
0001799859,"Birch Capital Management, LLC",4,0,2026-07-27
0001587192,"Blume Capital Management, Inc.",4,0,2026-07-27
0001876496,Border to Coast Pensions Partnership Ltd,4,0,2026-07-27
0001599054,Bouchey Financial Group Ltd,4,0,2026-07-27
0001731118,Bpifrance SA,4,0,2026-07-27
0001801982,"Bridgewealth Advisory Group, LLC",4,0,2026-07-27
0001548136,Broussard Financial Group LLC,3,0,2026-07-27
0001849561,"CHILDRESS CAPITAL ADVISORS, LLC",4,0,2026-07-27
0001600403,CKW FINANCIAL GROUP,4,0,2026-07-27
0001666613,"CONSOLIDATED CAPITAL MANAGEMENT, LLC",4,0,2026-07-27
0001277779,CONTINENTAL ADVISORS LLC,4,0,2026-07-27
0002111080,"CSP Financial Group, LLC",2,0,2026-07-27
0000039263,"CULLEN/FROST BANKERS, INC.",4,0,2026-07-27
0001418421,"Capital Investment Counsel, Inc",4,0,2026-07-27
0001610769,"Caprock Group, LLC",4,0,2026-07-27
0002140601,"Capstone Wealth Management Group, Inc.",1,0,2026-07-27
0002121075,"Cassady Wealth & Retirement Planning, LLC",3,0,2026-07-27
0002103454,Catherine Avery Investment Management LLC,7,2,2026-07-27
0001954337,"Cedar Point Capital Partners, LLC",4,0,2026-07-27
0001951376,"Centennial Advisors, LLC",3,0,2026-07-27
0001844878,Center For Asset Management LLC,4,0,2026-07-27
0002054098,Clare Market Investments LLC,3,0,2026-07-27
0001735513,Claret Asset Management Corp,4,0,2026-07-27
0002048774,Clarity Wealth Development LLC,4,0,2026-07-27
0002103520,"Closed-End Fund Advisors, Inc.",3,0,2026-07-27
0002030542,Codex Capital Asset Management L.L.C.,4,0,2026-07-27
0001845081,Cohen Investment Advisors LLC,4,0,2026-07-27
0002056719,"Collar Capital Management, LLC",4,0,2026-07-27
0002046823,Compass Planning Associates Inc,4,0,2026-07-27
0002031885,"Concord Asset Management, LLC/VA",4,0,2026-07-27
0001814214,Concord Wealth Partners,4,0,2026-07-27
0002001015,"Concurrent Investment Advisors, LLC",4,0,2026-07-27
0001774879,"Cornerstone Wealth Group, LLC",4,0,2026-07-27
0001594320,Coronation Fund Managers Ltd.,4,0,2026-07-27
0001278678,DEROY & DEVEREAUX PRIVATE INVESTMENT COUNSEL INC,4,0,2026-07-27
0001537621,"DT Investment Partners, LLC",4,0,2026-07-27
0001965760,"DUDLEY CAPITAL MANAGEMENT, LLC",4,0,2026-07-27
0002104394,"Daviman Financial, LLC",3,0,2026-07-27
0001799677,"Detalus Advisors, LLC",4,0,2026-07-27
0001922880,Dilation Capital Management LP,4,0,2026-07-27
0002105817,Directional Asset Management,3,0,2026-07-27
0001427196,"Diversified Investment Strategies, LLC",4,0,2026-07-27
0002061178,Dynamic Financial Group,4,0,2026-07-27
0002109932,"E&R Wealth Management, LLC",3,0,2026-07-27
0001066816,EVERMAY WEALTH MANAGEMENT LLC,4,0,2026-07-27
0001871112,"Elevation Capital Advisory, LLC",4,0,2026-07-27
0001731497,Ellenbecker Investment Group,4,0,2026-07-27
0001955091,EnRich Financial Partners LLC,4,0,2026-07-27
0001797734,"Erickson Financial Group, LLC",4,0,2026-07-27
0001653199,FFT WEALTH MANAGEMENT LLC,4,0,2026-07-27
0002036117,"FLAGSHIP WEALTH ADVISORS, LLC",4,0,2026-07-27
0001748271,"Facet Wealth, Inc.",4,0,2026-07-27
0002147136,Fairlight Advisors,1,0,2026-07-27
0002041267,Family Office Research LLC,4,0,2026-07-27
0002147005,Fenelon Opportunity Fund Inc.,1,0,2026-07-27
0001911616,Financial Futures Ltd Liability Co.,4,0,2026-07-27
0002040901,Financially Speaking Inc,4,0,2026-07-27
0001072843,"First Fiduciary Investment Counsel, Inc.",4,0,2026-07-27
0001651023,Florida Trust Wealth Management Co,4,0,2026-07-27
0001943441,Foresight Group Ltd Liability Partnership,4,0,2026-07-27
0002106311,"Fortune Financial Group, Inc.",3,0,2026-07-27
0001977560,"Frank, Rimerman Advisors LLC",4,0,2026-07-27
0002108355,"Fullerton Advisors, LLC",3,0,2026-07-27
0002134831,"GLR Partners, LLC",2,0,2026-07-27
0001909904,GREENUP STREET WEALTH MANAGEMENT LLC,4,1,2026-07-27
0002110760,"GUARDSMAN PRIVATE CAPITAL MANAGEMENT, INC.",3,0,2026-07-27
0002025905,Generate Investment Management Ltd,4,0,2026-07-27
0001766530,Gladstone Institutional Advisory LLC,4,0,2026-07-27
0001942932,"Global Assets Advisory, LLC",4,0,2026-07-27
0002096165,Great Hill Capital LLC,4,0,2026-07-27
0001660694,"Grey Ledge Advisors, LLC",4,0,2026-07-27
0001599760,"HAMEL ASSOCIATES, INC.",4,0,2026-07-27
0001036288,HILLMAN CO,4,0,2026-07-27
0001799544,"HOEY INVESTMENTS, INC",4,0,2026-07-27
0001906202,Hedges Asset Management LLC,3,0,2026-07-27
0002107727,"Hegarty Advisors, LLC",3,0,2026-07-27
0002109913,"Hilton Head Capital Partners, LLC",3,0,2026-07-27
0001686242,IBEX WEALTH ADVISORS,4,0,2026-07-27
0001939208,"INVICTUS PRIVATE WEALTH, LLC",4,0,2026-07-27
0002136099,Independent Wealth Advisors LLC,3,0,2026-07-27
0001737917,"Investment Insight Wealth Management, LLC",3,0,2026-07-27
0002107629,"J. Team Financial, Inc.",4,0,2026-07-27
0002051108,Jordan Park Trust Co LLC,4,0,2026-07-27
0001987855,"KINGSWOOD WEALTH ADVISORS, LLC",4,0,2026-07-27
0001633389,"Koshinski Asset Management, Inc.",4,0,2026-07-27
0001659047,Krilogy Financial LLC,4,0,2026-07-27
0002146729,Kroeger Financial Partners,1,0,2026-07-27
0001653202,"LGL PARTNERS, LLC",4,0,2026-07-27
0002118274,"Larry Mathis Financial Planning, LLC",3,1,2026-07-27
0001535950,Leonteq Securities AG,23,0,2026-07-27
0002139779,Lifeyrissjodur verzlunarmanna,6,0,2026-07-27
0002028812,Lynx Investment Advisory,4,0,2026-07-27
0002026150,"M Wealth Management, LLC",4,0,2026-07-27
0001096978,MARINER INVESTMENT GROUP LLC,4,0,2026-07-27
0001527641,"MATHER GROUP, LLC.",4,0,2026-07-27
0002132054,"MTM FINANCIAL GROUP, LLC",18,0,2026-07-27
0001756959,"McGuire Investment Group, LLC",4,0,2026-07-27
0002040317,Merkkuri Wealth Advisors LLC,4,0,2026-07-27
0001317253,"Minneapolis Portfolio Management Group, LLC",4,0,2026-07-27
0001767812,"Miramar Capital, LLC",4,0,2026-07-27
0002008758,"MontVue Capital Management, Inc.",4,0,2026-07-27
0001965665,"Monument Group Wealth Advisors, LLC",4,0,2026-07-27
0002055521,"Morey & Quinn Wealth Partners, LLC",4,0,2026-07-27
0001661245,Moss Adams Wealth Advisors LLC,4,0,2026-07-27
0001618824,"Muzinich & Co., Inc.",4,0,2026-07-27
0001626757,NIXON PEABODY TRUST CO,4,0,2026-07-27
0001132708,NORTHSTAR ASSET MANAGEMENT Co,4,0,2026-07-27
0001093276,"NOTTINGHAM ADVISORS, INC.",4,0,2026-07-27
0002044851,Nabity-Jensen Investment Management Inc,4,0,2026-07-27
0001964652,New England Capital Financial Advisors LLC,4,0,2026-07-27
0001961742,New Hampshire Trust,4,0,2026-07-27
0002010635,Northwest Financial Advisors,4,0,2026-07-27
0001764525,"OCO Capital Partners, L.P.",4,0,2026-07-27
0002009743,"OPINICUS CAPITAL, INC.",4,0,2026-07-27
0001839430,Oak Harvest Investment Services,4,0,2026-07-27
0002012184,Oceanside Advisors LLC,4,0,2026-07-27
0001698777,"OmniStar Financial Group, Inc.",4,0,2026-07-27
0002055099,Opulen Financial Group LLC,4,0,2026-07-27
0002013737,PBCay One RSC Ltd,3,0,2026-07-27
0001977044,PCA Investment Advisory Services Inc.,4,0,2026-07-27
0002054906,"PCG ASSET MANAGEMENT, LLC",4,1,2026-07-27
0000934866,PEOPLES BANK /OH,4,0,2026-07-27
0001034886,PITTENGER & ANDERSON INC,4,0,2026-07-27
0002001520,"PUREfi Wealth, LLC",4,0,2026-07-27
0002054012,"Pacific Asset Management, LLC",4,0,2026-07-27
0001801263,Parcion Private Wealth LLC,4,0,2026-07-27
0002065679,"Parkway Wealth Management Group, LLC",3,0,2026-07-27
0002042772,"Parkwoods Wealth Partners, LLC",4,0,2026-07-27
0002050979,Peapod Lane Capital LLC,4,0,2026-07-27
0001906799,Peterson Wealth Services,4,0,2026-07-27
0002004963,"Petros Family Wealth, LLC",4,0,2026-07-27
0002002630,"Philip James Wealth Mangement, LLC",4,0,2026-07-27
0002139665,Planning Strategies Inc.,1,0,2026-07-27
0001316926,"Polaris Capital Management, LLC",4,0,2026-07-27
0001567755,"Private Advisor Group, LLC",4,0,2026-07-27
0002011342,"Private Wealth Management Group, LLC",4,0,2026-07-27
0002082673,"Prospera Capital Management, LLC",4,3,2026-07-27
0001965307,"Prossimo Advisors, LLC",4,0,2026-07-27
0001713735,Providence First Trust Co,4,0,2026-07-27
0002016961,Provident Co of the Employees of the Hebrew University LTD,4,0,2026-07-27
0002067954,"QTR Family Wealth, LLC",4,0,2026-07-27
0001631073,"RAFFA WEALTH MANAGEMENT, LLC",51,0,2026-07-27
0002055104,"RFG - Bristol Wealth Advisors, LLC",4,0,2026-07-27
0002032709,"RMR Capital Management, LLC",4,0,2026-07-27
0001520478,RWC Asset Management LLP,4,0,2026-07-27
0002011901,Randall & Associates Wealth Management,4,0,2026-07-27
0001803236,"Resonant Capital Advisors, LLC",4,0,2026-07-27
0002107563,"Richard Young Associates, Ltd.",3,0,2026-07-27
0002031991,"Richmond Investment Services, LLC",4,0,2026-07-27
0001682733,"Riverpoint Wealth Management Holdings, LLC",4,0,2026-07-27
0002022866,Rockport Wealth LLC,4,0,2026-07-27
0001801876,"Royal Harbor Partners, LLC",4,0,2026-07-27
0002055276,Rubicon Global Capital Ltd,4,0,2026-07-27
0002140428,"S&A Financial Services, Inc.",2,0,2026-07-27
0000909151,SCHWARTZ INVESTMENT COUNSEL INC,4,0,2026-07-27
0000710127,SEARLE & CO.,4,0,2026-07-27
0001911308,"SFI Advisors, LLC",4,0,2026-07-27
0001766995,"SUMMIT WEALTH & RETIREMENT PLANNING, INC.",4,0,2026-07-27
0001911378,"Saber Capital Managment, LLC",3,0,2026-07-27
0001861378,"SageGuard Financial Group, LLC",3,0,2026-07-27
0001544366,"Samalin Investment Counsel, LLC",4,0,2026-07-27
0001697740,Sanchez Wealth Management Group,4,0,2026-07-27
0001962838,"Schear Investment Advisers, LLC",4,0,2026-07-27
0001963728,"Seed Wealth Management, Inc.",4,0,2026-07-27
0002082922,Seneca Financial Advisors LLC,4,0,2026-07-27
0002040405,Shengqi Capital,4,1,2026-07-27
0001596055,"Silver Lake Advisory, LLC",4,0,2026-07-27
0002023475,Spear Holdings RSC Ltd,4,0,2026-07-27
0002011727,Spinecap SAS,5,0,2026-07-27
0001483262,State of New Jersey Common Pension Fund A,4,0,2026-07-27
0001483260,State of New Jersey Common Pension Fund E,4,0,2026-07-27
0001902506,Straight Path Wealth Management,4,0,2026-07-27
0001483065,Supplemental Annuity Collective Trust of NJ,4,0,2026-07-27
0002052441,"T3 Companies, LLC",3,0,2026-07-27
0001805603,"TABR Capital Management, LLC",4,2,2026-07-27
0001999606,TD Waterhouse Canada Inc.,4,0,2026-07-27
0001843275,"TKG Advisors, LLC",4,0,2026-07-27
0002056333,Tandem Investment Partners LLC,4,0,2026-07-27
0001454308,"Tanglewood Wealth Management, Inc.",4,0,2026-07-27
0002112005,"Tempo Wealth, LLC",3,0,2026-07-27
0002083406,"Third View Private Wealth, LLC",3,0,2026-07-27
0001950962,"Three Bridge Wealth Advisors, LLC",4,0,2026-07-27
0001964820,"Tilson Financial Group, Inc.",4,0,2026-07-27
0002087822,Torrey Growth & Income Advisors,4,0,2026-07-27
0002011736,"Trademark Financial Management, LLC",4,0,2026-07-27
0001977992,"Trivant Custom Portfolio Group, LLC",4,0,2026-07-27
0002005380,"Trueblood Wealth Management, LLC",4,0,2026-07-27
0001721168,Truxt Investmentos Ltda.,3,1,2026-07-27
0001055963,Tufton Capital Management,4,0,2026-07-27
0002007171,"Turtle Creek Wealth Advisors, LLC",4,0,2026-07-27
0000754811,U S GLOBAL INVESTORS INC,4,0,2026-07-27
0001633971,USCF Advisers LLC,4,0,2026-07-27
0002054855,Unified Investment Management,4,0,2026-07-27
0001943239,V-Square Quantitative Management LLC,4,0,2026-07-27
0001401388,"VALINOR MANAGEMENT, L.P.",4,0,2026-07-27
0001851418,"Valley Brook Capital Group, Inc.",4,0,2026-07-27
0001973921,Values Added Financial LLC,4,0,2026-07-27
0001792283,Venture Visionary Partners LLC,4,0,2026-07-27
0002109247,"Vistica Wealth Advisors, LLC",3,0,2026-07-27
0000878228,WENDELL DAVID ASSOCIATES INC,4,0,2026-07-27
0000926833,WISCONSIN CAPITAL MANAGEMENT LLC,4,0,2026-07-27
0001133653,WOODMONT INVESTMENT COUNSEL LLC,4,0,2026-07-27
0001817494,Walkner Condon Financial Advisors LLC,4,0,2026-07-27
0001699803,"Wall Capital Group, Inc.",3,0,2026-07-27
0002073617,Warner Group LLC,4,0,2026-07-27
0001748726,"Watchman Group, Inc.",4,0,2026-07-27
0002042783,Wealth Management Nebraska,4,0,2026-07-27
0001803386,Wealth Quarterback LLC,4,0,2026-07-27
0001867894,"WealthTrust Asset Management, LLC",4,0,2026-07-27
0001650092,"Westbourne Investment Advisors, Inc.",4,0,2026-07-27
0001538383,"Westside Investment Management, Inc.",4,0,2026-07-27
0002107618,"Wheels Up Wealth, Inc.",3,0,2026-07-27
0002052510,"Whipplewood Advisors, LLC",4,0,2026-07-27
0001616628,Wilshire Advisors LLC,4,0,2026-07-27
0001725247,WoodTrust Financial Corp,4,0,2026-07-27
0002023054,Wrenne Financial Planning LLC,4,0,2026-07-27
0001830823,"eCIO, Inc.",4,0,2026-07-27
0001817648,"ABSOLUTE CAPITAL MANAGEMENT, LLC",4,0,2026-07-24
0002012003,"ALLEN WEALTH MANAGEMENT, LLC",4,0,2026-07-24
0001811827,"ARQ WEALTH ADVISORS, LLC",4,0,2026-07-24
0002113621,ARWA LLC,3,0,2026-07-24
0002013339,"Abel Hall, LLC",4,0,2026-07-24
0001913464,AlphaCentric Advisors LLC,3,0,2026-07-24
0001910168,Ameliora Wealth Management Ltd.,4,0,2026-07-24
0001803519,"Aprio Wealth Management, LLC",4,0,2026-07-24
0001590073,"Arbor Investment Advisors, LLC",4,0,2026-07-24
0001729515,Aries Wealth Management,4,0,2026-07-24
0001606507,"Arlington Capital Management, Inc.",4,0,2026-07-24
0001381843,Atle Fund Management AB,4,0,2026-07-24
0002093055,"Aventus Investment Advisors, Inc.",5,0,2026-07-24
0001471474,"Avidian Wealth Enterprises, LLC",4,0,2026-07-24
0001535602,BANQUE PICTET & CIE SA,4,0,2026-07-24
0000887602,"BARRETT & COMPANY, INC.",4,0,2026-07-24
0002010186,BARTLETT & CO. WEALTH MANAGEMENT LLC,4,0,2026-07-24
0001451623,BENJAMIN EDWARDS INC,4,0,2026-07-24
0001840740,BENNETT SELBY INVESTMENTS LP,4,0,2026-07-24
0002043810,BFI Infinity Ltd.,4,5,2026-07-24
0002047089,BLUE JEAN FINANCIAL LLC,3,0,2026-07-24
0002084339,BROADWATER CAPITAL MANAGEMENT LLC,11,8,2026-07-24
0001123274,Bank Pictet & Cie,4,0,2026-07-24
0002066194,"Barnes Wealth Management Group, Inc",4,0,2026-07-24
0002051965,"Berkeley, Inc",4,0,2026-07-24
0001594417,"Beta Wealth Group, Inc.",4,0,2026-07-24
0001839735,Blossom Wealth Management,4,0,2026-07-24
0001715740,"Bogart Wealth, LLC",4,0,2026-07-24
0001534866,Boston Trust Walden Corp,4,0,2026-07-24
0002053783,BostonPremier Wealth LLC,4,0,2026-07-24
0001740842,Braun-Bostich & Associates Inc.,4,0,2026-07-24
0002031775,"BridgePort Financial Solutions, LLC",4,0,2026-07-24
0001803980,"Bright Futures Wealth Management, LLC.",4,0,2026-07-24
0001512978,Brookmont Capital Management,4,0,2026-07-24
0001056947,CAISSE DES DEPOTS ET CONSIGNATIONS,4,0,2026-07-24
0001710477,CANTOR FITZGERALD INVESTMENT ADVISORS L.P.,4,0,2026-07-24
0001574947,COMGEST GLOBAL INVESTORS S.A.S.,4,0,2026-07-24
0001964530,CORA CAPITAL ADVISORS LLC,4,0,2026-07-24
0001805250,"CPC Advisors, LLC",4,0,2026-07-24
0001765594,"CRA Financial Services, LLC",4,0,2026-07-24
0001274419,CREDIT INDUSTRIEL ET COMMERCIAL,4,0,2026-07-24
0002018922,"CRITERIA CAIXA, S.A.U.",4,0,2026-07-24
0002123739,"Capital Asset Managemnet, LLC",3,0,2026-07-24
0001901361,Capricorn Fund Managers Ltd,4,0,2026-07-24
0002043591,Carnegie Lake Advisors LLC,4,0,2026-07-24
0001549275,Catalyst Capital Advisors LLC,4,0,2026-07-24
0002076040,"Charter Capital Management, LLC\DE",4,0,2026-07-24
0001906594,"China Universal Asset Management Co., Ltd.",4,0,2026-07-24
0001767384,"Clarity Wealth Advisors, LLC",4,0,2026-07-24
0001844568,"Clarus Group, Inc.",4,0,2026-07-24
0002056438,Cohalo Advisory LLC,4,0,2026-07-24
0001845859,"Colonial River Investments, LLC",4,0,2026-07-24
0002017259,Columbia Bank,4,0,2026-07-24
0002039088,Compass Financial Services Inc,4,0,2026-07-24
0001163744,"Conestoga Capital Advisors, LLC",4,0,2026-07-24
0001869923,Corsicana & Co.,4,0,2026-07-24
0001957363,Creative Capital Management Investments LLC,4,0,2026-07-24
0001730033,Crewe Advisors LLC,4,0,2026-07-24
0002112179,"CrossGen Wealth, LLC",3,0,2026-07-24
0001080107,D.A. DAVIDSON & CO.,4,0,2026-07-24
0001844716,"DHJJ Financial Advisors, Ltd.",4,0,2026-07-24
0001999144,DORVAL Corp,4,0,2026-07-24
0001549042,"Diligent Investors, LLC",4,0,2026-07-24
0001535839,"Donor Advised Charitable Giving, Inc.",4,0,2026-07-24
0001910462,Drystone LLC,4,0,2026-07-24
0001697865,E-L Financial Corp Ltd,4,0,2026-07-24
0002047572,"EQ WEALTH ADVISORS, LLC",4,0,2026-07-24
0001846994,"Echo Wealth Management, LLC",4,0,2026-07-24
0001908378,EdgeRock Capital LLC,4,0,2026-07-24
0001640951,Empire Life Investments Inc.,4,0,2026-07-24
0001889147,Essex LLC,4,0,2026-07-24
0001710537,"EverSource Wealth Advisors, LLC",4,1,2026-07-24
0000850601,FELL CAPITAL MANAGEMENT /ADV,3,0,2026-07-24
0002047030,"FIDUCIARY ADVISORS, INC.",4,0,2026-07-24
0001125727,FIRST INTERSTATE BANK,4,0,2026-07-24
0001085041,FIRST NATIONAL BANK SIOUX FALLS,4,0,2026-07-24
0001977444,"FISCHER INVESTMENT STRATEGIES, LLC",4,0,2026-07-24
0001857144,"FLYNN ZITO CAPITAL MANAGEMENT, LLC",4,0,2026-07-24
0001033324,FUKOKU MUTUAL LIFE INSURANCE CO,4,0,2026-07-24
0002019393,Fairway Wealth LLC,4,0,2026-07-24
0001697375,Farmers & Merchants Trust Co of Chambersburg PA,4,1,2026-07-24
0002003287,"Financial Perspectives, Inc",4,0,2026-07-24
0001815183,"Fortis Group Advisors, LLC",4,0,2026-07-24
0001467517,"Freedom Day Solutions, LLC",4,0,2026-07-24
0001801892,Future Financial Wealth Managment LLC,4,0,2026-07-24
0002032497,"GEN Financial Management, INC.",4,0,2026-07-24
0002058144,"GILPIN WEALTH MANAGEMENT, LLC",3,0,2026-07-24
0001540944,"GREATMARK INVESTMENT PARTNERS, INC.",4,0,2026-07-24
0001084683,GREENWOOD GEARHART INC,4,0,2026-07-24
0002064813,Genoa Capital Gestora de Recursos Ltda.,3,0,2026-07-24
0001766791,Grandview Asset Management LLC,4,0,2026-07-24
0001928877,"Gray Private Wealth, LLC",4,0,2026-07-24
0002053459,"Grey Rock Energy Management, LLC",4,0,2026-07-24
0002095373,"Guardian Wealth Management, LLC",3,0,2026-07-24
0001849618,"Guided Capital Wealth Management, LLC",4,0,2026-07-24
0001352526,Hartford Financial Management Inc.,4,0,2026-07-24
0001776074,"Hi-Line Capital Management, LLC",4,0,2026-07-24
0001165830,INCOME RESEARCH & MANAGEMENT,4,0,2026-07-24
0001962105,"INTEGRATED WEALTHCARE, LLC",3,0,2026-07-24
0002022801,Income Insurance Ltd,3,0,2026-07-24
0001909322,Insight Inv LLC,4,0,2026-07-24
0002055384,Integras Partners LLC,4,0,2026-07-24
0001911000,Intelligent Financial Strategies,4,0,2026-07-24
0001812792,"Intrua Financial, LLC",4,0,2026-07-24
0001384416,"Investment Partners Asset Management, Inc.",4,0,2026-07-24
0000810384,"JAMES INVESTMENT RESEARCH, INC.",4,0,2026-07-24
0002122180,JOURNEY RETIREMENT PLANNING & INVESTMENT MANAGEMENT LLC,3,0,2026-07-24
0002035883,KEELER & NADLER FINANCIAL PLANNING & WEALTH MANAGEMENT,4,0,2026-07-24
0001989349,KPP Advisory Services LLC,4,0,2026-07-24
0001910852,"KRAEMATON INVESTMENT ADVISORS, INC",4,0,2026-07-24
0001964532,"Kaydan Wealth Management, Inc.",4,0,2026-07-24
0001801720,Key FInancial Inc,4,0,2026-07-24
0002046033,"Keystone Financial Services, LLC",4,0,2026-07-24
0002055235,"L.K. Benson & Company, P.C.",4,0,2026-07-24
0001970075,LBP AM SA,4,0,2026-07-24
0001965191,LGT Financial Advisors LLC,4,0,2026-07-24
0001058231,LINCLUDEN MANAGEMENT LTD,4,0,2026-07-24
0002031637,"LITTLEJOHN FINANCIAL SERVICES, INC.",4,0,2026-07-24
0001801101,LPWM LLC,4,0,2026-07-24
0001926571,Lansing Street Advisors,4,0,2026-07-24
0001937769,"Latko Wealth Management, Ltd.",4,0,2026-07-24
0001777817,"Leelyn Smith, LLC",4,0,2026-07-24
0001720969,"Legacy Advisors, LLC",4,0,2026-07-24
0001631507,Leisure Capital Management,4,0,2026-07-24
0001950158,Lodestone Wealth Management LLC,4,1,2026-07-24
0002014826,"M3 Advisory Group, LLC",4,0,2026-07-24
0001803566,MADDEN SECURITIES Corp,4,0,2026-07-24
0001760401,MAIMON WEALTH MANAGEMENT LTD.,3,0,2026-07-24
0001099762,"MARINO, STRAM & ASSOCIATES LLC",4,0,2026-07-24
0001803227,"MATTERN CAPITAL MANAGEMENT, LLC",4,0,2026-07-24
0001775850,"MBE Wealth Management, LLC",4,0,2026-07-24
0001762068,"MBM WEALTH CONSULTANTS, LLC",4,0,2026-07-24
0001962465,"MELFA WEALTH MANAGEMENT, INC.",4,0,2026-07-24
0001990058,MIDLAND WEALTH ADVISORS LLC,4,0,2026-07-24
0001825516,MIZUHO MARKETS AMERICAS LLC,4,0,2026-07-24
0000799003,MOUNT VERNON ASSOCIATES INC /MD/,4,0,2026-07-24
0001603001,"Malaga Cove Capital, LLC",4,0,2026-07-24
0001904126,"Martin Capital Advisors, LLP",4,0,2026-07-24
0001695664,Mascoma Wealth Management LLC,4,0,2026-07-24
0001956471,Meredith Wealth Planning,4,0,2026-07-24
0001763722,Meridian Financial Partners LLC,4,0,2026-07-24
0001912095,Milestones Administradora de Recursos Ltda.,4,0,2026-07-24
0001726041,Milestones Private Investment Advisors LLC,5,0,2026-07-24
0001803149,Mizuho Markets Cayman LP,4,1,2026-07-24
0001918613,Montz Harcus Wealth Management LLC,4,0,2026-07-24
0002090208,Munich Reinsurance Co Stock Corp in Munich,4,0,2026-07-24
0001781880,NAN FUNG TRINITY,4,0,2026-07-24
0001461287,Narwhal Capital Management,4,0,2026-07-24
0001097218,Nationwide Fund Advisors,4,0,2026-07-24
0001512611,"Nelson Capital Management, LLC",4,0,2026-07-24
0001911391,"Nicholas Wealth, LLC.",4,5,2026-07-24
0001913043,"Nilsine Partners, LLC",4,0,2026-07-24
0002147372,Noble Wealth Partners LLC,1,0,2026-07-24
0002055134,North Forty Two & Co.,4,0,2026-07-24
0002050308,"ONE WEALTH CAPITAL MANAGEMENT, LLC",4,0,2026-07-24
0002070972,OPTIMA CAPITAL LLC,4,0,2026-07-24
0002010248,"ORBA Wealth Advisors, L.L.C.",4,0,2026-07-24
0002109944,"Oath Planning, LLC",3,0,2026-07-24
0001787147,Olympiad Research LP,4,0,2026-07-24
0001934041,Opus Financial Solutions LLC,3,0,2026-07-24
0001018674,PARSONS CAPITAL MANAGEMENT INC/RI,4,0,2026-07-24
0001004140,PENNSYLVANIA CAPITAL MANAGEMENT INC /ADV,4,0,2026-07-24
0000884300,PERKINS CAPITAL MANAGEMENT INC,4,0,2026-07-24
0000934040,PERRYMAN FINANCIAL ADVISORY INC /AD,3,1,2026-07-24
0001971427,PETRA FINANCIAL ADVISORS INC,4,0,2026-07-24
0001535631,PICTET BANK & TRUST Ltd,4,0,2026-07-24
0002053668,POSTROCK PARTNERS LLC,4,0,2026-07-24
0002056976,"Pacific Point Advisors, LLC",4,0,2026-07-24
0002024585,Painted Porch Advisors LLC,4,0,2026-07-24
0000855702,Penn Mutual Asset Management,4,0,2026-07-24
0001394866,"Penobscot Investment Management Company, Inc.",4,0,2026-07-24
0001942361,PhiloSmith Capital Corp,4,0,2026-07-24
0001599576,Pictet North America Advisors SA,4,0,2026-07-24
0002054958,"Pillar Financial Advisors, LLC",4,0,2026-07-24
0001975417,Pine Valley Investments Ltd Liability Co,6,0,2026-07-24
0001830817,Platform Technology Partners,4,0,2026-07-24
0001717027,"Prism Advisors, Inc.",4,0,2026-07-24
0001350780,"Private Capital Advisors, Inc.",4,0,2026-07-24
0002081584,"Provenance Wealth Advisors, LLC",4,0,2026-07-24
0001733472,"Quaker Wealth Management, LLC",4,0,2026-07-24
0002035215,"Quest 10 Wealth Builders, Inc.",5,0,2026-07-24
0001770632,Quilter Plc,4,0,2026-07-24
0001728355,RAINEY & RANDALL WEALTH ADVISORS INC.,4,0,2026-07-24
0001143565,"RATIONAL ADVISORS, INC.",4,0,2026-07-24
0001566691,"RIVULET CAPITAL, LLC",4,0,2026-07-24
0001671817,RJA Asset Management LLC,4,0,2026-07-24
0001803848,RMR Wealth Builders,4,0,2026-07-24
0002105393,Rare Wolf Capital LLC,3,0,2026-07-24
0002013788,"Ridgeline Wealth Planning, LLC",4,0,2026-07-24
0001484256,"RiverPark Advisors, LLC",4,0,2026-07-24
0001642305,"Roble, Belko & Company, Inc",4,0,2026-07-24
0002005098,"Rockline Wealth Management, LLC",4,0,2026-07-24
0001028874,"Roof Eidam Maycock Peralta, LLC",4,0,2026-07-24
0002112907,"S Harris Financial Group, LLC",3,0,2026-07-24
0002057056,"SCHNIEDERS CAPITAL MANAGEMENT, LLC.",4,0,2026-07-24
0002011267,SEAMOUNT FINANCIAL GROUP INC,4,0,2026-07-24
0001922963,SEMITAM BONAM LLC,4,0,2026-07-24
0001456048,"SIGNATUREFD, LLC",4,0,2026-07-24
0001172036,SONATA CAPITAL GROUP INC,4,0,2026-07-24
0002111209,SPWM Advisors LLC,3,0,2026-07-24
0001512779,"SRH ADVISORS, LLC",4,0,2026-07-24
0002056402,"STEPHEN J. GARRY & ASSOCIATES, LLC",4,0,2026-07-24
0002130930,STONE LOFT WEALTH MANAGEMENT LLC,3,0,2026-07-24
0001900195,SURIENCE PRIVATE WEALTH LLC,4,0,2026-07-24
0002014200,SWP FINANCIAL LLC,4,0,2026-07-24
0001762086,"Sage Financial Management Group, Inc.",4,0,2026-07-24
0001730959,"Santori & Peters, Inc.",4,0,2026-07-24
0001710593,"Savoir Faire Capital Management, L.P.",4,0,2026-07-24
0001722436,"Sawyer & Company, Inc",4,1,2026-07-24
0001512367,SeaTown Holdings Pte. Ltd.,4,0,2026-07-24
0001733194,"Sharp Financial Services, LLC",4,0,2026-07-24
0002110060,Shepherd Street Advisors LLC,3,0,2026-07-24
0002132534,"Sidoxia Capital Management, LLC",2,0,2026-07-24
0002012033,Silver Coast Investments LLC,4,0,2026-07-24
0001716983,"SimpliFi, Inc.",4,0,2026-07-24
0001299910,"Skylands Capital, LLC",4,0,2026-07-24
0001839890,Solitude Financial Services,4,0,2026-07-24
0002140714,"Southern Financial Group, LLC",3,0,2026-07-24
0001846175,"Sovereign Financial Group, Inc.",4,0,2026-07-24
0001907433,Stegner Investment Associates Inc.,4,0,2026-07-24
0002109198,"Stonebridge Financial Group, LLC / MO",3,0,2026-07-24
0002079652,StoryOne LLC,3,0,2026-07-24
0002107257,Stronghold Wealth Management L.L.C.,3,0,2026-07-24
0001625246,"Summit Financial Strategies, Inc.",4,0,2026-07-24
0001914395,"Summit Investment Advisory Services, LLC",4,2,2026-07-24
0001636044,Sun Mountain Capital Ltd,3,0,2026-07-24
0002012181,"Sunpointe, LLC",4,0,2026-07-24
0001135439,"TCV Trust & Wealth Management, Inc.",4,0,2026-07-24
0000314169,"TERRIL BROTHERS, INC.",4,0,2026-07-24
0002111931,"TMB Capital Partners, LLC",3,0,2026-07-24
0000709089,TOWNSEND ASSET MANAGEMENT CORP /NC/ /ADV,4,0,2026-07-24
0002074098,Taproot Management LP,3,0,2026-07-24
0002012516,"Taylor Financial Group, Inc.",4,0,2026-07-24
0002020781,Tenon Financial LLC,4,0,2026-07-24
0001663649,"Tiller Private Wealth, Inc.",4,0,2026-07-24
0001729045,Tower View Wealth Management LLC,4,0,2026-07-24
0001616026,"Tradewinds Capital Management, LLC",4,0,2026-07-24
0002023570,"Transce3nd, LLC",4,0,2026-07-24
0001901929,Trevian Wealth Management LLC,4,0,2026-07-24
0001652529,"Trinity Legacy Partners, LLC",4,0,2026-07-24
0001597690,Trust Investment Advisors,4,0,2026-07-24
0001907240,"UDINE WEALTH MANAGEMENT, INC.",4,0,2026-07-24
0001035344,"UHLMANN PRICE SECURITIES, LLC",4,0,2026-07-24
0002012155,VIMA LLC,1,0,2026-07-24
0001378145,VISION FINANCIAL MARKETS LLC,4,0,2026-07-24
0001486946,"VISTA CAPITAL PARTNERS, INC.",4,0,2026-07-24
0001709632,"Vest Financial, LLC",4,0,2026-07-24
0002056705,Vestment Financial LLC,4,0,2026-07-24
0002045870,Virtus Wealth Solutions LLC,4,0,2026-07-24
0001728657,"Wagner Wealth Management, LLC",4,0,2026-07-24
0002068376,"Walleye Partners, LLC",3,0,2026-07-24
0002112280,"Walser Wealth Management Company, A Ltd Liability Co",3,0,2026-07-24
0001834802,"Wealth Advisory Solutions, LLC",4,0,2026-07-24
0001767313,"WealthBridge Capital Management, LLC",4,0,2026-07-24
0001667132,"Well Done, LLC",4,0,2026-07-24
0001894921,Whelan Financial,4,0,2026-07-24
0002047009,"Wolfstich Capital, LLC",4,0,2026-07-24
0002064883,Woodside Wealth Management LLC,4,0,2026-07-24
0001800465,"XML Financial, LLC",4,0,2026-07-24
0001791002,"Xcel Wealth Management, LLC",4,0,2026-07-24
0002009275,"a16z Perennial Management, L.P.",4,0,2026-07-24
0002102803,"6th Street Advisors, LLC",2,0,2026-07-23
0002080520,ABN AMRO INVESTMENT SOLUTIONS,13,1,2026-07-23
0002047606,AG2R LA MONDIALE GESTION D'ACTIFS,4,0,2026-07-23
0001951167,"AJ Advisors, LLC",4,0,2026-07-23
0000919192,AMALGAMATED BANK,4,0,2026-07-23
0002107106,ANCHYRA PARTNERS LLC,3,0,2026-07-23
0001767080,Abundance Wealth Counselors,4,0,2026-07-23
0001409362,"AdvisorNet Financial, Inc",4,0,2026-07-23
0001484429,Alecta Tjanstepension Omsesidigt,4,0,2026-07-23
0002054271,"Alexis Investment Partners, LLC",4,0,2026-07-23
0001917618,"Alley Investment Management Company, LLC",4,0,2026-07-23
0001893261,"Alliance Wealth Advisors, LLC /UT",4,0,2026-07-23
0002011195,"Apollon Financial, LLC",4,0,2026-07-23
0001764387,"Apollon Wealth Management, LLC",4,0,2026-07-23
0001987321,Arcataur Capital Management LLC,4,0,2026-07-23
0001833078,"Arena Capital Advisors, LLC- CA",4,0,2026-07-23
0001535385,Artemis Investment Management LLP,4,0,2026-07-23
0002053756,Atala Financial Inc,4,0,2026-07-23
0002011145,"Atlantic Edge Private Wealth Management, LLC",4,0,2026-07-23
0001842766,"Avory & Company, LLC",4,0,2026-07-23
0001906790,"BAYSHORE ASSET MANAGEMENT, LLC",4,0,2026-07-23
0002079537,"BLVD Private Wealth, LLC",4,0,2026-07-23
0002055645,"BREAKTHRU ADVISORY SERVICES, LLC",4,0,2026-07-23
0002103405,BUFFALO BUSINESS & ESTATE SERVICES LTD,3,0,2026-07-23
0002039698,"BWM Planning, LLC",4,0,2026-07-23
0001542629,Baader Bank Aktiengesellschaft,4,0,2026-07-23
0001365559,Baker Ellis Asset Management LLC,4,0,2026-07-23
0002011580,"Ballentine Capital Advisors, Inc",5,0,2026-07-23
0001914099,BancFirst Trust & Investment Management,4,0,2026-07-23
0002135773,"BankChampaign, National Association",3,0,2026-07-23
0001965941,"Bensler, LLC",4,0,2026-07-23
0002051605,Berbice Capital Management LLC,4,0,2026-07-23
0001535172,"Berkshire Money Management, Inc.",4,0,2026-07-23
0001817720,"Better Way Financial, LLC",1,0,2026-07-23
0001922884,"Boyce & Associates Wealth Consulting, Inc.",4,0,2026-07-23
0002049470,"Brady Martz Wealth Solutions, LLC",4,0,2026-07-23
0002126773,Bravera Wealth,3,0,2026-07-23
0002066812,Brookwood Investment Group LLC,4,0,2026-07-23
0002003159,Brummer Multi-Strategy AB,4,0,2026-07-23
0000860828,CAPITAL ADVISORS INC/OK,4,0,2026-07-23
0000919447,"CASCADE INVESTMENT GROUP, INC.",4,0,2026-07-23
0002097609,CHRISTINE MESSMER PC,3,0,2026-07-23
0001808179,COLUMBIA ADVISORY PARTNERS LLC,4,0,2026-07-23
0001141455,COOKSON PEIRCE & CO INC,4,0,2026-07-23
0001987314,"CORNERSTONE ENTERPRISES, LLC",4,0,2026-07-23
0001903321,"COTTONWOOD CAPITAL ADVISORS, LLC",4,0,2026-07-23
0001944437,"Cape Investment Advisory, Inc.",4,0,2026-07-23
0001824700,"Capital Advisors Wealth Management, LLC",4,0,2026-07-23
0001659203,"Capital Investment Advisory Services, LLC",4,0,2026-07-23
0002019411,"Capstone Wealth Management, LLC",4,0,2026-07-23
0001510870,"Carlton Hofferkamp & Jenks Wealth Management, LLC",4,0,2026-07-23
0001878547,Carmel Capital Management L.L.C.,4,0,2026-07-23
0002108684,"Carroll Advisory Group, LLC",3,0,2026-07-23
0001832521,Castellan Group,4,0,2026-07-23
0002114448,Cedarwood Wealth LLC,3,0,2026-07-23
0001811907,"Citadel Investment Advisory, Inc.",4,0,2026-07-23
0002053242,Citrine Capital LLC,4,0,2026-07-23
0001986196,Clio Asset Management LLC,4,0,2026-07-23
0001972835,Consolidated Portfolio Review Corp,4,0,2026-07-23
0001301396,"Context Capital Management, LLC",4,0,2026-07-23
0001957878,Cooper Capital Advisors LLC,4,0,2026-07-23
0001808027,"Copper Harbor Investment Advisors, LLC",1,0,2026-07-23
0002012467,"Counterweight Ventures, LLC",4,0,2026-07-23
0001482106,"Courage Miller Partners, LLC",4,0,2026-07-23
0001891892,"DARA CAPITAL US, INC.",3,0,2026-07-23
0001672142,DYMON ASIA CAPITAL,4,0,2026-07-23
0002038325,"Dickmeyer Boyce Financial Management, Inc.",2,0,2026-07-23
0001989251,"Dupree Financial Group, LLC",4,0,2026-07-23
0001812853,"Dynamic Wealth Strategies, LLC",4,0,2026-07-23
0001598550,"E&G Advisors, LP",4,0,2026-07-23
0001766150,EASTERLY INVESTMENT PARTNERS LLC,4,0,2026-07-23
0001757605,EQ LLC,4,0,2026-07-23
0000033250,EQUITABLE TRUST CO,4,0,2026-07-23
0001768302,"ERn Financial, LLC",4,0,2026-07-23
0001260824,EVERGREEN CAPITAL MANAGEMENT LLC,4,0,2026-07-23
0002011052,Eaton-Cambridge Inc.,4,0,2026-07-23
0001659718,Econ Financial Services Corp,4,0,2026-07-23
0001752212,Essex Bank,4,0,2026-07-23
0001997586,"Etesian Wealth Advisors, Inc.",4,0,2026-07-23
0002010098,Evergreen Private Wealth LLC,4,0,2026-07-23
0000869353,"FERGUSON WELLMAN CAPITAL MANAGEMENT, INC",4,0,2026-07-23
0001280487,FIDEURAM - INTESA SANPAOLO PRIVATE BANKING S.P.A.,3,1,2026-07-23
0001624510,"FINANCIAL CONSULATE, INC",4,0,2026-07-23
0001024431,FINANCIAL DISCOVERY GROUP INC,2,0,2026-07-23
0002040600,FORONJY FINANCIAL LLC,4,0,2026-07-23
0001940000,FSR Wealth Management Ltd.,4,0,2026-07-23
0001897700,"Family Investment Center, Inc.",4,0,2026-07-23
0002109923,Fideuram Asset Management,3,0,2026-07-23
0001758543,"Financial & Tax Architects, LLC",4,0,2026-07-23
0001731169,"Financial Partners Group, Inc",4,0,2026-07-23
0002105146,"Financial Planning Hawaii, Inc.",3,0,2026-07-23
0001910248,"Fingerlakes Wealth Management, Inc.",4,0,2026-07-23
0001911316,"Forbes Financial Planning, Inc.",4,0,2026-07-23
0001911832,"Forum Financial Management, LP",4,0,2026-07-23
0001843590,Fractal Investments LLC,4,0,2026-07-23
0000040545,GENERAL ELECTRIC CO,4,0,2026-07-23
0002021722,GGM Financials LLC,4,0,2026-07-23
0002052321,"GKV Capital Management Co., Inc.",4,1,2026-07-23
0000883803,"GRIFFIN ASSET MANAGEMENT, INC.",4,0,2026-07-23
0001994495,Global View Capital Management LLC,4,0,2026-07-23
0002018114,"Granite Group Advisors, LLC",4,0,2026-07-23
0001760304,"Great Point Wealth Advisors, LLC",4,0,2026-07-23
0002111541,Greenline Wealth Management LLC,3,0,2026-07-23
0002056266,Groupe des Assurances du Credit Mutuel,4,0,2026-07-23
0002054682,"Grove Street Fiduciary, LLC",4,0,2026-07-23
0002134737,Guilbault Capital LLC,3,0,2026-07-23
0002035533,HERITAGE OAK WEALTH ADVISORS LLC,4,0,2026-07-23
0002062978,HICKS CAPITAL MANAGEMENT LLC,4,0,2026-07-23
0001598177,HOERTKORN RICHARD CHARLES,4,0,2026-07-23
0001380137,HUNTER ASSOCIATES INVESTMENT MANAGEMENT LLC,4,0,2026-07-23
0001386364,"Harrington Investments, INC",4,0,2026-07-23
0001512022,Herald Investment Management Ltd,4,0,2026-07-23
0001950637,"Hibernia Wealth Partners, LLC",4,0,2026-07-23
0001807283,"High Note Wealth, LLC",4,0,2026-07-23
0001729304,Holistic Financial Partners,4,0,2026-07-23
0002087139,"IFS Group,LLC",3,0,2026-07-23
0001849348,"Ignite Planners, LLC",4,0,2026-07-23
0002062596,Innovative Wealth Building LLC,4,0,2026-07-23
0002110902,Intesa Sanpaolo Wealth Management,3,0,2026-07-23
0002024049,"Investment Planning Advisors, Inc.",4,0,2026-07-23
0001802136,"Investment Research & Advisory Group, Inc.",4,0,2026-07-23
0002134631,J. M. Brown & Associates Inc.,1,0,2026-07-23
0001569118,JNBA Financial Advisors,4,0,2026-07-23
0000821197,JOHNSON INVESTMENT COUNSEL INC,4,0,2026-07-23
0001731152,James Hambro & Partners LLP,4,0,2026-07-23
0002104438,"Jones Kertz & Associates, Inc.",3,0,2026-07-23
0001907480,"KLEIN PAVLIS & PEASLEY FINANCIAL, INC.",4,0,2026-07-23
0001804116,"KOM Wealth Management Group, LLC",4,0,2026-07-23
0002109847,"Karras Company, Inc.",3,0,2026-07-23
0001908695,Kearns & Associates LLC,4,0,2026-07-23
0001910381,"Kellett Wealth Advisors, LLC",4,0,2026-07-23
0001840455,"Kesler, Norman & Wride, LLC",4,0,2026-07-23
0000809339,"L. Roy Papp & Associates, LLP",4,0,2026-07-23
0001986389,"LAZARI CAPITAL MANAGEMENT, INC.",4,1,2026-07-23
0000316011,LILLY ENDOWMENT INC,4,0,2026-07-23
0002053050,LOUISBOURG INVESTMENTS INC.,4,0,2026-07-23
0001731447,Leonard Rickey Investment Advisors P.L.L.C.,4,0,2026-07-23
0002056786,Lunate Capital Ltd,4,1,2026-07-23
0001427351,MERIDIAN INVESTMENT COUNSEL INC.,4,0,2026-07-23
0001992972,"MN Wealth Advisors, LLC",4,0,2026-07-23
0002073603,Markin Volterra Fund LP,3,0,2026-07-23
0001917686,Mason & Associates Inc,4,0,2026-07-23
0001802376,Mattern Wealth Management LLC,4,0,2026-07-23
0002123857,McAlvany Wealth Management LLC,3,1,2026-07-23
0002022028,Mediolanum International Funds Ltd,4,0,2026-07-23
0001802994,"Mine & Arao Wealth Creation & Management, LLC.",4,0,2026-07-23
0002112370,"Monetary Solutions, Ltd",3,0,2026-07-23
0002002628,Morton Capital Management LLC/CA,4,0,2026-07-23
0002011849,Mosley Wealth Management,3,0,2026-07-23
0001582151,"NAPLES GLOBAL ADVISORS, LLC",4,0,2026-07-23
0001109767,"NATIONS FINANCIAL GROUP INC, /IA/ /ADV",4,0,2026-07-23
0001818386,NDWM LLC,4,0,2026-07-23
0002035324,NEW WAVE WEALTH ADVISORS LLC,4,2,2026-07-23
0000314969,NEW YORK STATE TEACHERS RETIREMENT SYSTEM,4,0,2026-07-23
0001680843,"NIGHTVIEW CAPITAL, LLC",4,0,2026-07-23
0001655006,NWAM LLC,4,2,2026-07-23
0002009813,"NavPoint Financial, Inc.",4,0,2026-07-23
0002127791,"Navigate Wealth Management, LLC",2,0,2026-07-23
0001548577,"New Harbor Financial Group, LLC",4,0,2026-07-23
0001482010,New Jersey Better Educational Savings Trust,4,0,2026-07-23
0001655982,"NorthLanding Financial Partners, LLC",4,0,2026-07-23
0001581794,"Northern Capital Management, Inc.",4,1,2026-07-23
0002094564,"Northwest Wealth Advisors, LLC",3,0,2026-07-23
0001819476,Onyx Bridge Wealth Group LLC,4,0,2026-07-23
0001910344,P/E Global LLC,4,0,2026-07-23
0001088859,PARTHENON LLC,4,0,2026-07-23
0002053303,PEREGRINE INVESTMENT MANAGEMENT INC,4,0,2026-07-23
0001973224,"PFG Investments, LLC",4,0,2026-07-23
0001799957,"PFG Private Wealth Management, LLC",4,0,2026-07-23
0001006435,PIONEER TRUST BANK N A/OR,4,0,2026-07-23
0001964389,PPSC Investment Service Corp,4,0,2026-07-23
0002053829,"Palacios Wealth Management, LLC",4,0,2026-07-23
0001908623,PayPay Securities Corp,4,0,2026-07-23
0002104543,Pekao Towarzystwo Funduszy Inwestycyjnych S.A.,3,0,2026-07-23
0001381055,Penbrook Management LLC,4,0,2026-07-23
0002040686,Police & Firemen's Retirement System of New Jersey,4,0,2026-07-23
0001564396,Powerhouse Assets LLC,3,0,2026-07-23
0002110534,Prism Planning Partners LLC,3,0,2026-07-23
0002146947,"R2 Capital Strategies, LLC",1,0,2026-07-23
0001776296,"RBA Wealth Management, LLC",4,0,2026-07-23
0002122970,RED REEF ADVISORS LLC,3,0,2026-07-23
0001767617,RESTON WEALTH MANAGEMENT LLC,4,0,2026-07-23
0001958384,RIA Advisory Group LLC,4,0,2026-07-23
0000225816,ROWLANDMILLER & PARTNERS.ADV,4,0,2026-07-23
0001475150,Randolph Co Inc,4,0,2026-07-23
0002044533,Rareview Capital LLC,4,0,2026-07-23
0001351991,Rathbones Group PLC,4,3,2026-07-23
0001847820,Robbins Farley,4,0,2026-07-23
0001882360,Robert Bosch GmbH,4,0,2026-07-23
0001851815,"SBI Securities Co., Ltd.",4,0,2026-07-23
0001035350,"SECURIAN ASSET MANAGEMENT, INC",4,0,2026-07-23
0000869772,SECURITY BENEFIT LIFE INSURANCE CO /KS/,4,1,2026-07-23
0001802290,"SENTINEL PENSION ADVISORS, LLC",4,0,2026-07-23
0000711987,SOUTHERN CAPITAL SERVICES INC /ADV,3,0,2026-07-23
0001477872,Saratoga Research & Investment Management,4,0,2026-07-23
0002118181,"Sentinel Advisory Group, LLC",2,0,2026-07-23
0002005607,"Sherrill & Hutchins Financial Advisory, Inc",4,0,2026-07-23
0002012032,"Sivia Capital Partners, LLC",4,1,2026-07-23
0001993325,"Slocum, Gordon & Co LLP",4,0,2026-07-23
0001921304,"Smallwood Wealth Investment Management, LLC",5,0,2026-07-23
0001482012,Smith Salley Wealth Management,4,0,2026-07-23
0001780423,"Standpoint Asset Management, LLC",4,0,2026-07-23
0001731876,"Steigerwald, Gordon & Koch Inc.",4,0,2026-07-23
0001943937,Sterling Wealth Advisors Inc,4,0,2026-07-23
0001482970,"Stillwater Capital Advisors, LLC",4,0,2026-07-23
0001908192,Stone Summit Wealth LLC,4,0,2026-07-23
0001767821,"Strategic Blueprint, LLC",4,0,2026-07-23
0001625800,"Strid Group, LLC",4,0,2026-07-23
0001812155,"StrongBox Wealth, LLC",4,0,2026-07-23
0002111007,Sun Group Wealth Partners,3,0,2026-07-23
0001697493,"Symmetry Partners, LLC",4,0,2026-07-23
0001223779,TEXAS PERMANENT SCHOOL FUND CORP,5,3,2026-07-23
0001827844,"TFC Financial Management, Inc.",4,0,2026-07-23
0001505207,THOMAS STORY & SON LLC,4,0,2026-07-23
0000883734,THOR INVESTMENT MANAGEMENT INC /OH/ /ADV,11,0,2026-07-23
0001802284,"TI-TRUST, INC",4,0,2026-07-23
0002056230,"TME FINANCIAL, INC.",4,0,2026-07-23
0001667074,TRUE Private Wealth Advisors,4,0,2026-07-23
0001800513,"TSFG, LLC",4,0,2026-07-23
0001892929,Tanager Wealth Management LLP,4,0,2026-07-23
0001632665,Taylor Frigon Capital Management LLC,4,0,2026-07-23
0002033413,Ted Buchan & Co,4,0,2026-07-23
0001904821,"Teramo Advisors, LLC",4,0,2026-07-23
0002056001,"Three Cord True Wealth Management, LLC",4,0,2026-07-23
0002112151,"Torrey-Payne Wealth Management, LLC",3,0,2026-07-23
0001804909,"Total Clarity Wealth Management, Inc.",4,0,2026-07-23
0001783773,"Tranquility Partners, LLC",4,0,2026-07-23
0002079207,Traub Capital Management LLC,4,0,2026-07-23
0001441888,"Tributary Capital Management, LLC",4,1,2026-07-23
0001639695,"TruNorth Capital Management, LLC",4,0,2026-07-23
0002008513,"Turning Point Benefit Group, Inc.",4,0,2026-07-23
0001962382,"Two Point Capital Management, Inc.",4,0,2026-07-23
0001697814,UG Investment Advisers Ltd.,4,0,2026-07-23
0001985855,UNION SAVINGS BANK,3,0,2026-07-23
0002055362,"United Wealth Management, LLC",4,0,2026-07-23
0001845521,"Urban Wealth Management, LLC",3,0,2026-07-23
0002107719,VMS Asset Management Limited,3,0,2026-07-23
0002050660,"VSM Wealth Advisory, LLC",4,0,2026-07-23
0002111369,"VUB Generali dochodkova spravcovska spolocnost, a.s.",3,0,2026-07-23
0001730578,Vanguard Capital Wealth Advisors,4,0,2026-07-23
0002106605,"Vavra Capital Management, LLC",3,0,2026-07-23
0001166928,WEST BANCORPORATION INC,4,0,2026-07-23
0002009211,"WETZEL INVESTMENT ADVISORS, INC.",4,0,2026-07-23
0001906711,"WMG Financial Advisors, LLC",4,0,2026-07-23
0002113632,WMS Group LLC,3,0,2026-07-23
0001780507,WT Wealth Management,5,0,2026-07-23
0001703496,"Warren Street Wealth Advisors, LLC",4,0,2026-07-23
0002039196,Wealth Advisory Team LLC,2,0,2026-07-23
0001735734,"Wealth Alliance Advisory Group, LLC",4,0,2026-07-23
0001611518,"Wealth Architects, LLC",4,0,2026-07-23
0001774552,WealthNavi Inc.,4,0,2026-07-23
0001632968,Wealthquest Corp,4,1,2026-07-23
0001443095,"Welch Group, LLC",4,0,2026-07-23
0001844454,Wells Financial Advisors INC,4,0,2026-07-23
0001390063,"Westchester Capital Management, Inc.",4,0,2026-07-23
0001998946,Wheelhouse Advisory Group LLC,4,0,2026-07-23
0001674705,William Marsh Rice University,4,0,2026-07-23
0001313559,Yorktown Management & Research Co Inc,4,0,2026-07-23
0001840775,4J Wealth Management LLC,4,0,2026-07-22
0001977500,"ABLE Financial Group, LLC",4,0,2026-07-22
0001842554,"ACT Advisors, LLC.",4,0,2026-07-22
0000002230,"ADAMS DIVERSIFIED EQUITY FUND, INC.",4,0,2026-07-22
0000216851,"ADAMS NATURAL RESOURCES FUND, INC.",4,0,2026-07-22
0000810672,AFFINITY WEALTH MANAGEMENT LLC,4,0,2026-07-22
0002061010,"AGH Wealth Advisors, LLC",4,0,2026-07-22
0001169318,ALBERT D MASON INC,4,0,2026-07-22
0001054677,ALBION FINANCIAL GROUP /UT,4,0,2026-07-22
0001272164,AMERICAN NATIONAL BANK & TRUST,4,0,2026-07-22
0002110886,ATLas Financial Planning LLC,3,0,2026-07-22
0001978011,"Abacus Wealth Partners, LLC",4,0,2026-07-22
0001964809,"AllGen Financial Advisors, Inc.",4,0,2026-07-22
0001844148,Allegheny Financial Group,4,0,2026-07-22
0002106763,"Alliance Wealth Strategies, LLC d/b/a Brown Edwards Wealth Strategies",3,0,2026-07-22
0002054419,"Alta Partners Management Company, L.P.",4,0,2026-07-22
0001881755,"Altos Ventures Management, Inc.",4,0,2026-07-22
0001805824,"American Institute for Advanced Investment Management, LLP",4,0,2026-07-22
0001757283,Andera Partners,3,0,2026-07-22
0001535695,"Angeles Investment Advisors, LLC",4,0,2026-07-22
0001716539,"Arlington Financial Advisors, LLC",4,0,2026-07-22
0001756695,"Asset Advisors Investment Management, LLC",4,0,2026-07-22
0002023168,Atlatl Advisers LLC,4,0,2026-07-22
0002093444,"Aureum Wealth Management, LLC",3,0,2026-07-22
0001802132,"Aurora Private Wealth, Inc.",3,0,2026-07-22
0002003112,"Austin Wealth Management, LLC",4,0,2026-07-22
0001426960,BANTA ASSET MANAGEMENT LP,3,0,2026-07-22
0001820680,"BLUESTEM FINANCIAL ADVISORS, LLC",4,0,2026-07-22
0001088731,BOURGEON CAPITAL MANAGEMENT LLC,4,0,2026-07-22
0002065247,"Balance Wealth, LLC",4,0,2026-07-22
0002083977,Base Wealth Management LLC,6,0,2026-07-22
0001598176,"Bayshore Capital Advisors, LLC",3,0,2026-07-22
0001453885,Beach Point Capital Management LP,4,0,2026-07-22
0001798756,"Beaumont Asset Management, L.L.C.",4,0,2026-07-22
0001600152,Bellecapital International Ltd.,4,1,2026-07-22
0002107260,"Benchmark Financial, LLC",3,0,2026-07-22
0001911702,"BetterWealth, LLC",4,0,2026-07-22
0001603276,"Bishop & Co Investment Management, LLC",4,0,2026-07-22
0002111759,Braeburn Wealth Management LLC,3,0,2026-07-22
0001910641,"Bryant Woods Investment Advisors, LLC",4,0,2026-07-22
0002067120,"CALIBER WEALTH MANAGEMENT, LLC / KS",4,0,2026-07-22
0001993327,CAPSTONE CAPITAL LLC,4,0,2026-07-22
0002010698,"CENTRAL VALLEY ADVISORS, LLC",4,0,2026-07-22
0001860790,COERENTE CAPITAL MANAGEMENT,4,0,2026-07-22
0001780330,"COLTON GROOME FINANCIAL ADVISORS, LLC",4,0,2026-07-22
0001960860,"Canopy Partners, LLC",4,0,2026-07-22
0000811360,"Capital Investment Services of America, Inc.",4,0,2026-07-22
0002008851,"Capital Management Associates, Inc",4,0,2026-07-22
0001790688,Capital Planning LLC,4,0,2026-07-22
0002128691,Capital Squared Financial LLC,5,0,2026-07-22
0001843303,Catawba River Capital,4,0,2026-07-22
0001560123,"Catterton Management Company, L.L.C.",4,0,2026-07-22
0001751006,"Chapman Investment Management, LLC",4,0,2026-07-22
0001580162,"Chicago Capital Management, LLC",4,0,2026-07-22
0002032404,Chris Bulman Inc,4,0,2026-07-22
0001806425,Citizens National Bank Trust Department,4,0,2026-07-22
0001961628,Clarendon Private LLC,4,0,2026-07-22
0002011229,Climber Capital SA,3,0,2026-07-22
0001727269,"Columbus Macro, LLC",4,0,2026-07-22
0001910411,"Confluence Wealth Services, Inc.",4,0,2026-07-22
0001705716,"Conservest Capital Advisors, Inc.",4,0,2026-07-22
0001556168,Consolidated Investment Group LLC,4,0,2026-07-22
0001674117,"Cornerstone Wealth Management, LLC",4,0,2026-07-22
0002054234,"Corps Capital Advisors, LLC",4,0,2026-07-22
0001947670,"Cresta Advisors, Ltd.",4,0,2026-07-22
0001900406,Cross Staff Investments Inc,4,0,2026-07-22
0002063003,"Curat Global, LLC",4,0,2026-07-22
0001952781,"DRIVE WEALTH MANAGEMENT, LLC",4,0,2026-07-22
0001954126,David Kennon Inc,4,0,2026-07-22
0001755933,Dougherty Wealth Advisers LLC,4,0,2026-07-22
0002011771,"Duncan Williams Asset Management, LLC",4,0,2026-07-22
0001777469,E Fund Management,4,0,2026-07-22
0001931465,ESG Planning DBA Harper Investing,4,0,2026-07-22
0001946901,"El Puerto de Liverpool, S.A.B. de C.V.",4,0,2026-07-22
0002063915,Elevated Financial Group LLC,3,0,2026-07-22
0002097035,"Englebert Financial Advisers, LLC",3,0,2026-07-22
0002109595,"Entelevest, LLC",3,0,2026-07-22
0001357867,Evensky & Katz LLC,4,0,2026-07-22
0001894206,"FIDELIS iM, LLC",4,0,2026-07-22
0001691766,"FLAGSHIP HARBOR ADVISORS, LLC",5,0,2026-07-22
0002007613,FLOYD FINANCIAL GROUP LLC,4,0,2026-07-22
0002046157,"FOUNDERS GROVE WEALTH PARTNERS, LLC",4,0,2026-07-22
0001894484,"FOURPATH CAPITAL MANAGEMENT, LLC",4,0,2026-07-22
0002080267,Farnam Financial LLC,4,0,2026-07-22
0002094159,"Fearless Solutions, LLC dba Best Invest",7,0,2026-07-22
0001929349,"Financial Guidance Group, Inc.",4,0,2026-07-22
0001928999,Fortitude Advisory Group L.L.C.,4,0,2026-07-22
0001961828,"Fortune Financial Advisors, LLC",4,0,2026-07-22
0001769063,"Foster Victor Wealth Advisors, LLC",4,0,2026-07-22
0002011000,"Foundation Wealth Management, LLC\PA",4,0,2026-07-22
0002007960,"Foundry Financial Group, Inc.",4,0,2026-07-22
0002085325,Foundry Financial LLC,3,0,2026-07-22
0002083646,Franchise GP Ltd,3,0,2026-07-22
0001276520,GENWORTH FINANCIAL INC,4,0,2026-07-22
0002043130,Generali Investments Towarzystwo Funduszy Inwestycyjnych,4,0,2026-07-22
0002042955,Generali Powszechne Towarzystwo Emerytalne,4,0,2026-07-22
0001776033,"Golden State Wealth Management, LLC",4,0,2026-07-22
0001275880,HARBOUR INVESTMENT MANAGEMENT LLC,4,0,2026-07-22
0001162781,HARVEY INVESTMENT CO LLC,4,0,2026-07-22
0002077050,"Harbor Asset Planning, Inc.",4,0,2026-07-22
0001840486,"Harbor Group, Inc.",4,0,2026-07-22
0002012170,"Heritage Wealth Management, Inc. /CA/",4,0,2026-07-22
0001891713,"Herold Advisors, Inc.",4,0,2026-07-22
0001963736,"Hidden Cove Wealth Management, LLC",4,0,2026-07-22
0002023166,"Hopwood Financial Services, Inc.",4,0,2026-07-22
0001818207,Horst & Graben Wealth Management LLC,4,0,2026-07-22
0001783412,"IFG Advisors, LLC",4,0,2026-07-22
0001896447,"IMPACTfolio, LLC",4,0,2026-07-22
0001818604,"INTERNATIONAL ASSETS INVESTMENT MANAGEMENT, LLC",4,0,2026-07-22
0000789307,INVESTMENT MANAGEMENT CORP /VA/ /ADV,4,0,2026-07-22
0000867926,INVESTORS ASSET MANAGEMENT OF GEORGIA INC /GA/ /ADV,4,0,2026-07-22
0001595509,IRON Financial LLC,4,0,2026-07-22
0001356407,Indiana Trust & Investment Management Co,4,0,2026-07-22
0001742315,"J. L. Bainbridge & Co., Inc.",4,0,2026-07-22
0001444055,"JCSD Capital, LLC",4,1,2026-07-22
0002022512,"JDH Wealth Management, LLC",4,0,2026-07-22
0002103359,JM2 Capital Inc.,3,0,2026-07-22
0001919344,"KFG WEALTH MANAGEMENT, LLC",4,0,2026-07-22
0002066184,"Kingsman Wealth Management, Inc.",4,0,2026-07-22
0001961850,Kooman & Associates,4,0,2026-07-22
0002136566,LAVELLE CAPITAL LP,3,0,2026-07-22
0001470944,"LMCG INVESTMENTS, LLC",4,0,2026-07-22
0001844830,Lakehouse Capital Pty Ltd,4,1,2026-07-22
0001391166,Lee Financial Co,4,0,2026-07-22
0001904825,"Legacy CG, LLC",4,0,2026-07-22
0002066638,"Legacy Wealth Partners, LLC",3,0,2026-07-22
0001710666,"Leicht Financial Planning & Wealth Management, Inc.",4,0,2026-07-22
0001492162,Lesa Sroufe & Co,4,0,2026-07-22
0002101909,Liberty Atlantic Advisors LLC,3,0,2026-07-22
0001910934,"Life Planning Partners, Inc",4,0,2026-07-22
0002042810,Lighthouse Wealth Management Inc.,4,0,2026-07-22
0001213206,MARATHON CAPITAL MANAGEMENT,4,0,2026-07-22
0002065807,"MB, LEVIS & ASSOCIATES, LLC",4,0,2026-07-22
0001989379,MFA Wealth Services,4,0,2026-07-22
0001728825,MILFAM LLC,2,0,2026-07-22
0000938759,MONARCH CAPITAL MANAGEMENT INC,4,0,2026-07-22
0001764260,"Maltin Wealth Management, Inc.",4,0,2026-07-22
0002093991,"Mann Financial Group, Inc.",4,1,2026-07-22
0001858699,Mayar Capital Ltd.,4,0,2026-07-22
0001886813,"McElhenny Sheffield Capital Management, LLC",4,0,2026-07-22
0001622431,"McNamara Financial Services, Inc.",4,0,2026-07-22
0002032629,"Meridian Financial Advisors, LLC",4,0,2026-07-22
0001469475,"Mesirow Financial Investment Management, Inc.",4,0,2026-07-22
0001765388,Metropolis Capital Ltd,4,0,2026-07-22
0001585859,"Miracle Mile Advisors, LLC",4,0,2026-07-22
0001729428,Monument Capital Management,4,0,2026-07-22
0001916366,"My Personal CFO, LLC",4,0,2026-07-22
0002099019,"Networth Advisors, LLC",3,0,2026-07-22
0001909565,"New Perspectives, Inc",4,0,2026-07-22
0001842787,Newton One Investments LLC,4,0,2026-07-22
0001745796,North Growth Management Ltd.,4,0,2026-07-22
0002056728,Oak Wealth Advisors LLC,4,0,2026-07-22
0001588871,"Oakworth Capital, Inc.",4,0,2026-07-22
0001712892,"Once Capital Management, LLC",4,0,2026-07-22
0002043765,"Orca Wealth Management, LLC",4,0,2026-07-22
0002043757,"Oregon Pacific Wealth Management, LLC",4,0,2026-07-22
0001965328,"Owen LaRue, LLC",4,0,2026-07-22
0002038506,PARAGON CAPITAL MANAGEMENT INC,4,0,2026-07-22
0001511037,"PATTON ALBERTSON MILLER GROUP, LLC",4,0,2026-07-22
0001594540,"PEAVINE CAPITAL, LLC",4,0,2026-07-22
0001597843,"PEDDOCK CAPITAL ADVISORS, LLC",4,0,2026-07-22
0002049857,"PENNEY FINANCIAL, LLC",4,0,2026-07-22
0001056943,PEOPLES FINANCIAL SERVICES CORP.,4,0,2026-07-22
0001939831,"PRESILIUM PRIVATE WEALTH, LLC",4,0,2026-07-22
0001123812,PROFFITT & GOODSON INC,4,0,2026-07-22
0002037426,"Pines Wealth Management, LLC",4,0,2026-07-22
0001911464,"Pinnacle Wealth Management, LLC",4,0,2026-07-22
0001791253,Praxis Capital Management LLC,3,0,2026-07-22
0001673907,Premier Fund Managers Ltd,4,0,2026-07-22
0002078832,Q Fund Management,4,1,2026-07-22
0001963347,"RCS Financial Planning, LLC",4,0,2026-07-22
0001965915,"RF&L WEALTH MANAGEMENT, LLC",4,0,2026-07-22
0000200648,ROMANO BROTHERS AND COMPANY,4,0,2026-07-22
0001846544,"RWQ Financial Management Services, Inc.",4,0,2026-07-22
0002055980,"Red Tree Management, LLC",4,0,2026-07-22
0001919176,"Retireful, LLC",4,0,2026-07-22
0001887409,Revisor Wealth Management LLC,4,0,2026-07-22
0001872501,"RiverTree Advisors, LLC",4,0,2026-07-22
0002055570,"Riverbend Wealth Management, LLC",4,0,2026-07-22
0002030580,Robocap Asset Management Ltd,4,0,2026-07-22
0001958456,"Rochester Wealth Strategies, LLC",4,0,2026-07-22
0001535128,SBI Okasan Asset Management Co.Ltd.,3,0,2026-07-22
0001908914,"SFG Wealth Management, LLC.",4,0,2026-07-22
0001894302,SJS Investment Consulting Inc.,4,0,2026-07-22
0001954085,"STAPP WEALTH MANAGEMENT, PLLC",4,0,2026-07-22
0001509873,"STERLING INVESTMENT MANAGEMENT, LLC",4,0,2026-07-22
0001534378,"Sage Advisory Services, Ltd.Co.",4,0,2026-07-22
0002055178,Sage Investment Counsel LLC,4,0,2026-07-22
0001790723,Savior LLC,4,0,2026-07-22
0001509550,"Sequent Asset Management, LLC",4,0,2026-07-22
0002044675,"Shum Financial Group, Inc.",4,0,2026-07-22
0001841979,"Sightline Wealth Advisors, LLC",4,0,2026-07-22
0001557406,Sippican Capital Advisors,4,0,2026-07-22
0001716984,"Slow Capital, Inc.",4,0,2026-07-22
0001749283,Spartan Planning & Wealth Management,4,0,2026-07-22
0001566531,Spectrum Financial Alliance Ltd LLC,4,0,2026-07-22
0002095884,"Split Rock Private Trading & Wealth Management, LLC",3,0,2026-07-22
0002058986,SpringVest Wealth Management LLC,4,0,2026-07-22
0001970005,State Insurance Fund,4,0,2026-07-22
0001967732,State of Wisconsin - Board of Commissioners of Public Lands,4,0,2026-07-22
0001734460,"Stokes Capital Advisors, LLC",4,1,2026-07-22
0002077718,Sullivan Wood Capital Management LLC,4,0,2026-07-22
0001411530,"Sumitomo Mitsui DS Asset Management Company, Ltd",4,0,2026-07-22
0002044121,"Sylvest Advisors, LLC",4,0,2026-07-22
0002031979,"Symphony Financial Services, Inc.",4,0,2026-07-22
0001699080,"Synergy Asset Management, LLC",4,0,2026-07-22
0001567889,"Telos Capital Management, Inc.",4,0,2026-07-22
0001806428,"Tempus Wealth Planning, LLC",4,0,2026-07-22
0001729359,"Townsend & Associates, Inc",4,0,2026-07-22
0001666786,"Traynor Capital Management, Inc.",4,0,2026-07-22
0001634556,"True North Advisors, LLC",4,0,2026-07-22
0001974457,"TrueMark Investments, LLC",4,0,2026-07-22
0001803988,Trust Co of Kansas,4,0,2026-07-22
0002133429,"TrustWell Financial Advisors, LLC",3,0,2026-07-22
0002026617,Two West Capital Advisors LLC,4,0,2026-07-22
0001695818,Unison Advisors LLC,4,0,2026-07-22
0001898282,"VIRGINIA WEALTH MANAGEMENT GROUP, INC.",4,0,2026-07-22
0001825985,Vanderbilt University,4,0,2026-07-22
0002011808,"Vannoy Advisory Group, Inc.",4,0,2026-07-22
0001958984,Verum Partners LLC,4,0,2026-07-22
0001793923,"WASHBURN CAPITAL MANAGEMENT, INC.",4,0,2026-07-22
0001063516,"WEALTH MANAGEMENT RESOURCES, INC.",4,0,2026-07-22
0002079687,WINNOW WEALTH LLC,4,0,2026-07-22
0001426754,"Wallington Asset Management, LLC",4,0,2026-07-22
0001846462,"Wealth Dimensions Group, Ltd.",4,0,2026-07-22
0002067696,"Wealth Enhancement Trust Services, Inc.",3,1,2026-07-22
0001843294,"Wealth Management Partners, LLC",4,0,2026-07-22
0001721938,Wendel SE,4,0,2026-07-22
0001351731,"WestEnd Advisors, LLC",4,0,2026-07-22
0001954480,Western Financial Corp/CA,4,0,2026-07-22
0001582384,"Wildcat Capital Management, LLC",4,0,2026-07-22
0002101744,"Xena Financial Planning, LLC",3,0,2026-07-22
0001973967,"Yoder Wealth Management, Inc.",4,0,2026-07-22
0001289994,"York GP, Ltd.",4,0,2026-07-22
0001913842,"apricus wealth, LLC",4,0,2026-07-22
0002133991,"1015 Capital Partners, LLC",3,0,2026-07-21
0002039313,"5T Wealth, LLC",4,0,2026-07-21
0001316187,"ABSOLUTE INVESTMENT ADVISERS, LLC",4,0,2026-07-21
0001569454,AMERICAN ASSET MANAGEMENT INC.,4,0,2026-07-21
0001369702,AMI ASSET MANAGEMENT CORP,4,0,2026-07-21
0001055290,APPLETON PARTNERS INC/MA,4,0,2026-07-21
0002105933,"ASL Financial, LLC",3,0,2026-07-21
0001518364,Accredited Investors Inc.,4,0,2026-07-21
0001802107,"Altus Wealth Management, LLC",4,0,2026-07-21
0002111450,Appalachian Capital Management Ltd,3,0,2026-07-21
0001862965,Applied Capital LLC,4,0,2026-07-21
0002128243,"Athena Wealth Management, LLC",3,0,2026-07-21
0001789310,Auour Investments LLC,4,0,2026-07-21
0001260468,BERNZOTT CAPITAL ADVISORS,4,0,2026-07-21
0001821549,"BNC WEALTH MANAGEMENT, LLC",4,0,2026-07-21
0002055414,"Bay Capital Advisors, LLC",4,0,2026-07-21
0001543160,Benefit Street Partners LLC,3,0,2026-07-21
0001598102,"Biltmore Wealth Management, LLC",4,0,2026-07-21
0001424177,Birch Hill Investment Advisors LLC,4,0,2026-07-21
0001856022,"Blue Trust, Inc.",4,0,2026-07-21
0001409427,"Boston Common Asset Management, LLC",4,1,2026-07-21
0002058446,"Brucke Financial, Inc.",4,0,2026-07-21
0000826794,CAMPBELL CAPITAL MANAGEMENT INC,4,0,2026-07-21
0000874791,CAMPBELL NEWMAN ASSET MANAGEMENT INC,4,0,2026-07-21
0001831193,"CATALYST PRIVATE WEALTH, LLC",4,0,2026-07-21
0001830922,"CHIRON CAPITAL MANAGEMENT, LLC",3,0,2026-07-21
0000049969,CIGNA INVESTMENTS INC /NEW,4,0,2026-07-21
0001905092,"CLARIS ADVISORS, LLC / MO /",4,0,2026-07-21
0001966482,"CONTINUUM WEALTH ADVISORS, LLC",4,0,2026-07-21
0002054270,CRUX WEALTH ADVISORS,4,0,2026-07-21
0001255435,CUMBERLAND ADVISORS INC,4,0,2026-07-21
0001872254,CV Advisors LLC,4,0,2026-07-21
0001520683,"CWC Advisors, LLC.",4,0,2026-07-21
0001313473,Canal Insurance CO,4,0,2026-07-21
0001434845,Cardinal Capital Management,4,0,2026-07-21
0001803557,"Center for Financial Planning, Inc.",4,0,2026-07-21
0002097856,"Clear Trail Advisors, LLC",3,0,2026-07-21
0001994512,Cobblestone Asset Management LLC,4,0,2026-07-21
0001585047,Columbia Asset Management,4,0,2026-07-21
0002076480,"Compass Wealth Management, LLC/GA",4,0,2026-07-21
0001761044,"Compton Wealth Advisory Group, LLC",4,0,2026-07-21
0002067133,Cordoba Advisory Partners LLC,3,0,2026-07-21
0002104293,Cornerstone National Bank & Trust Co,27,0,2026-07-21
0001665302,Cottage Street Advisors LLC,4,0,2026-07-21
0001845698,"Crown Wealth Group, LLC",4,0,2026-07-21
0001950947,"Cyndeo Wealth Partners, LLC",4,0,2026-07-21
0001140771,DAVIDSON INVESTMENT ADVISORS,4,1,2026-07-21
0001904822,"DBK Financial Counsel, LLC",4,0,2026-07-21
0001269950,DELTEC ASSET MANAGEMENT LLC,4,0,2026-07-21
0001663224,"Darwin Wealth Management, LLC",4,1,2026-07-21
0002001526,"DecisionMap Wealth Management, LLC",4,0,2026-07-21
0001723115,"Demars Financial Group, LLC",4,0,2026-07-21
0002010507,"Discipline Wealth Solutions, LLC",4,0,2026-07-21
0001849614,"ENCOMPASS WEALTH ADVISORS, LLC",4,0,2026-07-21
0002010029,EVOLUTION WEALTH MANAGEMENT INC.,4,1,2026-07-21
0001907666,Eagle Strategies LLC,4,0,2026-07-21
0001581811,Egerton Capital,4,0,2026-07-21
0001569453,"F&V Capital Management, LLC",4,1,2026-07-21
0000887818,FACTORY MUTUAL INSURANCE CO,4,0,2026-07-21
0002029680,FLYWHEEL PRIVATE WEALTH LLC,4,0,2026-07-21
0001927129,FORTE ASSET MANAGEMENT LLC,4,0,2026-07-21
0002107238,FORTERIS WEALTH MANAGEMENT INC.,3,0,2026-07-21
0001179232,FOUNDATION RESOURCE MANAGEMENT INC,4,0,2026-07-21
0002108790,"FULCRUM WEALTH ADVISORS, LLC",3,0,2026-07-21
0002008540,"Financial Architects, LLC",4,0,2026-07-21
0002053368,Financial Life Planners,4,0,2026-07-21
0001941030,"First National Advisers, LLC",4,0,2026-07-21
0002053757,"Fiscal Wisdom Wealth Management, LLC",4,0,2026-07-21
0002106796,Flagship Capital Management Inc.,3,0,2026-07-21
0001968890,Flagstone Financial Management,4,0,2026-07-21
0002016322,"Foguth Wealth Management, LLC.",3,0,2026-07-21
0001704300,Founders Capital Management,4,0,2026-07-21
0001724090,Fulcrum Capital LLC,4,0,2026-07-21
0001963319,"GEM Asset Management, LLC",4,0,2026-07-21
0002111372,"GRANITE ISLANDS PRIVATE WEALTH, LLC",3,0,2026-07-21
0001162170,GREENLEAF TRUST,4,0,2026-07-21
0002061818,"Greenbush Financial Group, LLC",4,0,2026-07-21
0002021272,"Guardian Asset Advisors, LLC",4,0,2026-07-21
0001792397,Gunderson Capital Management Inc.,4,0,2026-07-21
0001484205,"HALBERT HARGROVE GLOBAL ADVISORS, LLC",4,0,2026-07-21
0001536230,"HEFFERNAN ADVISORY, INC",3,0,2026-07-21
0000860486,"HIGHLAND CAPITAL MANAGEMENT, LLC",4,0,2026-07-21
0001689470,"HMS Capital Management, LLC",4,0,2026-07-21
0001766286,"HOWARD WEALTH MANAGEMENT, LLC",4,0,2026-07-21
0001542826,Harrison Street Private Wealth LLC,2,0,2026-07-21
0002079807,"HighRoad Wealth Advisors, LLC",3,0,2026-07-21
0001767121,"Hillcrest Wealth Advisors - NY, LLC",4,0,2026-07-21
0002044671,Hingham Institution for Savings,3,1,2026-07-21
0001958491,Hofer & Associates. Inc,4,0,2026-07-21
0002088700,Hudson Oak Wealth Advisory LLC,3,0,2026-07-21
0001767513,Human Investing LLC,4,1,2026-07-21
0002111640,Hyposwiss Advisors SA,3,0,2026-07-21
0001698246,IFM Investors Pty Ltd,4,0,2026-07-21
0001990080,"INVESCO, LLC",4,0,2026-07-21
0001382646,"Ifrah Financial Services, Inc.",4,0,2026-07-21
0002066359,"Integrity Investment Advisors, LLC",4,0,2026-07-21
0002079571,Investors Towarzystwo Funduszy Inwestycyjnych Spolka Akcyjna,20,0,2026-07-21
0001404763,"J.W. COLE ADVISORS, INC.",4,0,2026-07-21
0001594167,JABODON PT CO,4,0,2026-07-21
0001812178,"JACKSON SQUARE CAPITAL, LLC",4,0,2026-07-21
0002102009,"Jefferson Bridge Capital, LLC",3,0,2026-07-21
0002044711,K2 Financial Inc.,4,0,2026-07-21
0002051613,KIECKHEFER GROUP LLC,4,0,2026-07-21
0002025353,Katamaran Capital LLP,4,0,2026-07-21
0002053642,"Keystone Financial Group, Inc.",4,0,2026-07-21
0002070929,"Kondo Wealth Advisors, Inc.",4,0,2026-07-21
0001307878,"LAFFER TENGLER INVESTMENTS, INC.",4,0,2026-07-21
0000913990,LANDAAS & CO /WI /ADV,4,0,2026-07-21
0002111403,"LAUREL OAK WEALTH MANAGEMENT, LLC",3,0,2026-07-21
0000924181,"LEAVELL INVESTMENT MANAGEMENT, INC.",4,0,2026-07-21
0000939219,LEE DANNER & BASS INC,4,0,2026-07-21
0001455845,"LS Investment Advisors, LLC",4,0,2026-07-21
0002068847,"Legacy Advisory Services, LLC",9,1,2026-07-21
0001723925,"Legacy Financial Strategies, LLC",4,0,2026-07-21
0001352547,Legacy Private Trust Co.,4,0,2026-07-21
0001954832,"Leslie Global Wealth, LLC",4,0,2026-07-21
0002004520,"Lewis Asset Management, LLC",4,0,2026-07-21
0001739485,"LifePlan Financial, LLC",4,0,2026-07-21
0002045252,"Lord & Richards Wealth Management, LLC",4,0,2026-07-21
0001537191,Louisiana State Employees Retirement System,4,1,2026-07-21
0002052964,"MATAURO, LLC",4,0,2026-07-21
0001048921,MITCHELL SINKLER & STARR/PA,4,0,2026-07-21
0001703080,"MONEYWISE, INC.",4,0,2026-07-21
0001475940,MONTRUSCO BOLTON INVESTMENTS INC.,4,0,2026-07-21
0001877093,MOTIVE WEALTH ADVISORS,4,0,2026-07-21
0002129795,Madson Wealth Advisors Inc,2,0,2026-07-21
0002056315,Marshall & Sterling Wealth Advisors Inc.,4,0,2026-07-21
0002052759,May Barnhard Investments LLC,4,0,2026-07-21
0001964819,"McGlone Suttner Wealth Management, Inc.",4,0,2026-07-21
0001911384,Mendel Capital Management LLC,3,0,2026-07-21
0001990690,"Meritas Wealth Management, LLC",4,0,2026-07-21
0001967193,Midwest Financial Group LLC,4,0,2026-07-21
0001294571,Millburn Ridgefield LLC /DE/,4,0,2026-07-21
0001673385,Morningstar Investment Management LLC,4,0,2026-07-21
0001909851,"Morton Brown Family Wealth, LLC",4,0,2026-07-21
0001569148,Murphy Pohlad Asset Management LLC,4,0,2026-07-21
0000791540,"NBC SECURITIES, INC.",4,0,2026-07-21
0001926783,NOVEM GROUP,4,0,2026-07-21
0001869032,"Newport Capital Group, LLC",4,1,2026-07-21
0002065771,"Nicholson Meyer Capital Management, Inc.",4,0,2026-07-21
0002123735,NorthAvenue LLC,3,0,2026-07-21
0001693032,Northland Capital Management LLC,4,0,2026-07-21
0001054554,OAK RIDGE INVESTMENTS LLC,4,0,2026-07-21
0000903783,OLD SECOND NATIONAL BANK OF AURORA,4,0,2026-07-21
0001819695,"ONE Advisory Partners, LLC",4,0,2026-07-21
0001755987,Oak Thistle LLC,4,0,2026-07-21
0002078353,October Effect Ltd,4,0,2026-07-21
0001744348,Old Port Advisors,4,0,2026-07-21
0001767982,"Omega Financial Group, LLC",4,0,2026-07-21
0001802961,"Optas, LLC",4,0,2026-07-21
0000943442,"Orange Investment Advisors, Inc.",4,1,2026-07-21
0002054714,"PARTNERS WEALTH MANAGEMENT, LLC",4,0,2026-07-21
0001611519,PARUS FINANCE,4,0,2026-07-21
0001665518,"PHYSICIANS FINANCIAL SERVICES, INC.",4,0,2026-07-21
0002008666,"PRECEDENT WEALTH PARTNERS, LLC",4,0,2026-07-21
0002012065,PROATHLETE WEALTH MANAGEMENT LLC,4,0,2026-07-21
0002107255,"Pacific Park Financial, Inc.",3,0,2026-07-21
0001859579,"Paradigm, Strategies in Wealth Management, LLC",4,0,2026-07-21
0002100519,Pearl Planning LLC,3,0,2026-07-21
0001740063,"Pflug Koory, LLC",4,0,2026-07-21
0002097516,"Portus Wealth Advisors, LLC",4,0,2026-07-21
0001999925,"Premier Path Wealth Partners, LLC",4,0,2026-07-21
0002056907,Putney Financial Group LLC,4,0,2026-07-21
0001570253,QV Investors Inc.,4,0,2026-07-21
0002104402,"RCW Management, LLC",3,0,2026-07-21
0001911726,Raleigh Capital Management Inc.,4,0,2026-07-21
0001997650,"Red Mountain Financial, LLC",4,0,2026-07-21
0001724729,Refined Wealth Management,4,0,2026-07-21
0002110516,Retirement Management Systems Inc.,3,0,2026-07-21
0001964897,River Street Advisors LLC,4,0,2026-07-21
0001418773,Robeco Institutional Asset Management B.V.,4,0,2026-07-21
0001846515,"Rodgers & Associates, LTD",4,0,2026-07-21
0002054540,"Runnymede Capital Advisors, Inc.",4,0,2026-07-21
0002065487,"Rydar Equities, Inc.",5,0,2026-07-21
0000882119,SAGE FINANCIAL GROUP INC,4,0,2026-07-21
0002111343,SBE LLC DBA CEDAR COVE WEALTH PARTNERS,3,0,2026-07-21
0001033974,SCHAPER BENZ & WISE INVESTMENT COUNSEL INC/WI,4,0,2026-07-21
0001058022,SHIKIAR ASSET MANAGEMENT INC,4,0,2026-07-21
0002053807,"SIMS INVESTMENT MANAGEMENT, LLC",4,1,2026-07-21
0001849444,"SOA Wealth Advisors, LLC.",4,0,2026-07-21
0001173227,SOUTHERN MICHIGAN BANK & TRUST,2,0,2026-07-21
0000831571,ST GERMAIN D J CO INC,4,0,2026-07-21
0001280043,SUMMITRY LLC,4,1,2026-07-21
0001815355,"Scarborough Advisors, LLC",4,0,2026-07-21
0001803397,"Sculati Wealth Management, LLC",4,0,2026-07-21
0001418342,Seascape Capital Management,4,0,2026-07-21
0002008310,Shotwell Rutter Baer Inc,4,0,2026-07-21
0001846436,"SummerHaven Investment Management, LLC",4,0,2026-07-21
0002107564,Themes Management Co LLC,3,0,2026-07-21
0002134828,Transmarket Holdings LP,3,0,2026-07-21
0002009176,"Traveka Wealth, LLC",4,0,2026-07-21
0001843848,TriaGen Wealth Management LLC,4,0,2026-07-21
0001615717,Triad Investment Management,3,1,2026-07-21
0001938757,Triasima Portfolio Management inc.,4,0,2026-07-21
0001730765,Triumph Capital Management,4,2,2026-07-21
0001957124,"UNIQUE WEALTH, LLC",4,0,2026-07-21
0002126814,Unify Financial Advisors,3,0,2026-07-21
0002035219,"VISTA INVESTMENT PARTNERS II, LLC",4,0,2026-07-21
0002007175,Valued Wealth Advisors LLC,4,0,2026-07-21
0001481714,"Verus Financial Partners, Inc.",4,0,2026-07-21
0002069023,"Vision Retirement, LLC",3,0,2026-07-21
0000928566,"WASHINGTON CAPITAL MANAGEMENT, INC",4,0,2026-07-21
0002058455,"WEALTHEDGE INVESTMENT ADVISORS, LLC",4,0,2026-07-21
0002135144,"Walsh & Associates, LLC",3,0,2026-07-21
0002013988,"Wealth Group, Ltd.",3,0,2026-07-21
0002067339,"Wealth Management Associates, Inc.",4,0,2026-07-21
0001759641,"WestHill Financial Advisors, Inc.",4,0,2026-07-21
0002110357,"Western Reserve Capital Management, LLC",3,0,2026-07-21
0002079661,Wilkerson Advisory Group LLC,3,0,2026-07-21
0002057318,"Wilkins Miller Wealth Management, LLC",4,0,2026-07-21
0001846923,"Williams Financial, LLC",4,0,2026-07-21
0002111427,"Worthington Financial Partners, LLC",3,0,2026-07-21
0002036975,YANKCOM Partnership,4,0,2026-07-21
0001894044,Yahav Achim Ve Achayot - Provident Funds Management Co Ltd.,4,0,2026-07-21
0001943004,"bLong Financial, LLC",4,0,2026-07-21
0002016899,"AA Financial Advisors, LLC",4,0,2026-07-20
0002049221,ABC ARBITRAGE SA,4,0,2026-07-20
0001018561,ACORN FINANCIAL ADVISORY SERVICES INC /ADV,4,0,2026-07-20
0001906227,"ANDREWS, LUCIA WEALTH MANAGEMENT LLC",4,0,2026-07-20
0002013188,"ARK & TLK INVESTMENTS, LLC",4,0,2026-07-20
0000764611,"ARKANSAS FINANCIAL GROUP, INC.",4,3,2026-07-20
0001433541,"ASPIRIANT, LLC",4,0,2026-07-20
0001916757,ASR Vermogensbeheer N.V.,4,0,2026-07-20
0001602730,"Abacus Planning Group, Inc.",4,0,2026-07-20
0001697765,Achmea Investment Management B.V.,4,0,2026-07-20
0001729869,"Allied Investment Advisors, LLC",4,0,2026-07-20
0001665633,Alpha Omega Wealth Management LLC,4,1,2026-07-20
0002079032,Alpha Zero LLC,7,0,2026-07-20
0002110313,Altrafin AG,19,1,2026-07-20
0002113629,"Amicus Financial Advisors, LLC",3,0,2026-07-20
0001964226,"Arcadia Wealth Management, LLC",4,0,2026-07-20
0001888792,"Ardent Capital Management, Inc.",4,0,2026-07-20
0001387615,Aull & Monroe Investment Management Corp,4,0,2026-07-20
0001964810,"B.O.S.S. Retirement Advisors, LLC",4,0,2026-07-20
0001845867,"BCK Partners, Inc.",4,0,2026-07-20
0001706836,"BFSG, LLC",4,0,2026-07-20
0002056071,BRIDGE GENERATIONS WEALTH MANAGEMENT LLC,4,0,2026-07-20
0001987005,"BROWN WEALTH MANAGEMENT, LLC",4,0,2026-07-20
0001573947,"BURRUS FINANCIAL SERVICES, INC.",18,0,2026-07-20
0002051117,BankPlus Wealth Management LLC,4,0,2026-07-20
0001387818,Barton Investment Management,4,0,2026-07-20
0002009419,"Bear Mountain Capital, Inc.",4,0,2026-07-20
0001582561,"Blackhawk Capital Partners, LLC",4,0,2026-07-20
0002108122,"Boyer Financial Services, Inc.",3,0,2026-07-20
0002081139,"Brindle & Bay Financial Advisors, LLC",3,0,2026-07-20
0001965756,"C2P Capital Advisory Group, LLC d.b.a. Prosperity Capital Advisors",4,1,2026-07-20
0002055620,"CERTIOR FINANCIAL GROUP, LLC",4,0,2026-07-20
0001850694,Canaan Partners XI LLC,4,0,2026-07-20
0002069260,Capstone Capital Management Ltd,3,0,2026-07-20
0001737088,"Castleview Partners, LLC",4,0,2026-07-20
0002106200,"China-UAE Investment Cooperation Fund, L.P.",3,1,2026-07-20
0001862145,Clarity Financial LLC,4,0,2026-07-20
0002011212,Clayton Financial Group LLC,4,0,2026-07-20
0002111821,"Clearwave Capital, LLC",3,0,2026-07-20
0001633573,"Colony Family Offices, LLC",4,0,2026-07-20
0002097898,"Connecticut Capital Management Group, LLC",3,0,2026-07-20
0001862176,"Cornerstone Wealth Advisors, Inc.",4,0,2026-07-20
0001698461,Counterpoint Mutual Funds LLC,5,0,2026-07-20
0001697717,"Covenant Asset Management, LLC",4,0,2026-07-20
0001951283,"Crane Advisory, LLC",4,0,2026-07-20
0002010666,Cyr Financial Inc.,4,0,2026-07-20
0002067608,"DBA TRADING, LLC",3,0,2026-07-20
0002109860,ENTRUST FINANCIAL LLC,3,0,2026-07-20
0001143261,"EQUITEC PROPRIETARY MARKETS, LLC",4,0,2026-07-20
0001802611,"Emerald Advisors, LLC",4,0,2026-07-20
0001642274,"Empirical Capital Management, LLC",4,0,2026-07-20
0001998033,"Envestnet Portfolio Solutions, Inc.",4,0,2026-07-20
0001259969,FARMERS & MERCHANTS INVESTMENTS INC,4,0,2026-07-20
0001994252,"FINANCIAL ADVISORY PARTNERS, LLC",4,0,2026-07-20
0000036966,FIRST HORIZON CORP,4,0,2026-07-20
0001214183,FIRST UNITED BANK & TRUST,4,0,2026-07-20
0001713697,FLC Capital Advisors,4,0,2026-07-20
0001067532,FORBES J M & CO LLP,4,0,2026-07-20
0001766509,"FORTEM FINANCIAL GROUP, LLC",4,0,2026-07-20
0001585828,"FOUNDERS CAPITAL MANAGEMENT, LLC",4,0,2026-07-20
0002051584,"FSA Investment Group, LLC",4,0,2026-07-20
0001911695,Family CFO Inc,4,0,2026-07-20
0001954805,Fiduciary Alliance LLC,4,0,2026-07-20
0001810089,First Pacific Financial,4,0,2026-07-20
0001950506,"Fortitude Family Office, LLC",4,0,2026-07-20
0001114618,GATEWAY INVESTMENT ADVISERS LLC,4,0,2026-07-20
0001638520,"GFG Capital, LLC",4,0,2026-07-20
0001401561,"GHP Investment Advisors, Inc.",4,0,2026-07-20
0001365474,GUARDIAN INVESTMENT MANAGEMENT,4,0,2026-07-20
0001958743,"GUIDANCE CAPITAL, INC",4,0,2026-07-20
0000928568,GUYASUTA INVESTMENT ADVISORS INC,4,0,2026-07-20
0001625986,"Gibraltar Capital Management, Inc.",4,0,2026-07-20
0002023568,"Global Financial Private Client, LLC",4,0,2026-07-20
0002039738,"Global Wealth Management, LLC",4,0,2026-07-20
0001963807,"Goldstein Advisors, LLC",4,0,2026-07-20
0001965776,Graphene Investments SAS,4,0,2026-07-20
0002022161,"Gratus Wealth Advisors, LLC",4,0,2026-07-20
0002026645,"HAGER INVESTMENT MANAGEMENT SERVICES, LLC",4,0,2026-07-20
0002037578,"HAMILTON CAPITAL PARTNERS, LLC",4,0,2026-07-20
0002002815,HARMONY ASSET MANAGEMENT LLC,4,0,2026-07-20
0001674020,"HORIZON FINANCIAL SERVICES, LLC",4,0,2026-07-20
0002103418,HS Investments III Ltd,3,0,2026-07-20
0002065165,HS Investments IV Ltd,3,0,2026-07-20
0001873973,"Hansen & Associates Financial Group, Inc.",4,0,2026-07-20
0001828180,High Ground Investment Management LLP,4,0,2026-07-20
0002106882,"High Point Wealth Management, LLC",3,0,2026-07-20
0001806752,"Hixon Zuercher, LLC",4,0,2026-07-20
0002054465,"Hughes Financial Services, LLC",4,0,2026-07-20
0001641866,"IFP Advisors, Inc",4,1,2026-07-20
0001443077,INTACT INVESTMENT MANAGEMENT INC.,4,0,2026-07-20
0001639666,"ISTHMUS PARTNERS, LLC",4,0,2026-07-20
0001891240,Independent Wealth Network Inc.,4,0,2026-07-20
0001845998,"Interchange Capital Partners, LLC",4,0,2026-07-20
0001586882,J2 Capital Management Inc,4,0,2026-07-20
0001536562,JGP Global Gestao de Recursos Ltda.,4,0,2026-07-20
0001798926,"John W. Brooker & Co., CPAs",4,0,2026-07-20
0001841766,"KAVAR CAPITAL PARTNERS GROUP, LLC",4,0,2026-07-20
0001799162,KPS Global Asset Management UK Ltd,4,0,2026-07-20
0001910876,"KRS Capital Management, LLC",4,0,2026-07-20
0002011352,"Keyes, Stange & Wooten Wealth Management, LLC",4,0,2026-07-20
0002022118,"Koa Wealth Management, LLC",4,0,2026-07-20
0001963421,"Koesten, Hirschmann & Crabtree, INC.",4,0,2026-07-20
0001781948,"Legend Financial Advisors, Inc.",4,0,2026-07-20
0001845675,"Lifestyle Asset Management, Inc.",4,0,2026-07-20
0001799877,Live Oak Private Wealth LLC,4,0,2026-07-20
0001767601,MARKET STREET WEALTH MANAGEMENT ADVISORS LLC,4,0,2026-07-20
0001398346,MEITAV INVESTMENT HOUSE LTD,4,0,2026-07-20
0001645382,"MISSION WEALTH MANAGEMENT, LP",4,0,2026-07-20
0000938592,"MOODY LYNN & LIEBERSON, LLC",4,0,2026-07-20
0001841496,"Marshall Financial Group, LLC",4,0,2026-07-20
0001308290,MeadowBrook Investment Advisors LLC,4,0,2026-07-20
0001621225,"Merit Financial Group, LLC",4,2,2026-07-20
0001352272,"Miura Global Management, LLC",4,0,2026-07-20
0002069031,Myriad Asset Management Advisors LLC,3,0,2026-07-20
0001857187,Myriad Asset Management US LP,4,0,2026-07-20
0001476329,Nexus Investment Management ULC,4,0,2026-07-20
0001846161,"OAK FAMILY ADVISORS, LLC",4,0,2026-07-20
0001924152,"Objective Capital Management, LLC",4,0,2026-07-20
0001844201,"Opal Wealth Advisors, LLC",4,0,2026-07-20
0002133805,Owl Creek Wealth Partners LLC,2,0,2026-07-20
0001071640,PARK AVENUE SECURITIES LLC,4,0,2026-07-20
0002135623,PATHWAY WEALTH MANAGEMENT LLC,3,0,2026-07-20
0002123661,PCB Capital LLC,3,0,2026-07-20
0001964544,PETREDIS INVESTMENT ADVISORS LLC,4,0,2026-07-20
0002002654,"PFS Partners, LLC",4,0,2026-07-20
0001804352,"PING CAPITAL MANAGEMENT, INC.",4,0,2026-07-20
0002059321,PKO Investment Management Joint-Stock Co,4,0,2026-07-20
0002144052,"PRAIRIE ADVISORY, LLC",1,0,2026-07-20
0001989941,"PREVAIL INNOVATIVE WEALTH ADVISORS, LLC",4,0,2026-07-20
0001434323,"Palisade Asset Management, LLC",4,0,2026-07-20
0001669662,"Peak Financial Management, Inc.",4,0,2026-07-20
0001907803,Phraction Management LLC,4,0,2026-07-20
0001795173,"Physician Wealth Advisors, Inc.",4,0,2026-07-20
0001730815,"Poehling Capital Management, INC.",4,0,2026-07-20
0002137428,Positano Wealth Management Ltd,3,0,2026-07-20
0001802496,"QP WEALTH MANAGEMENT, LLC",3,0,2026-07-20
0002103577,QUANTUM FINANCIAL PARTNERS LLC,1,0,2026-07-20
0002055985,"RIVERCHASE WEALTH MANAGEMENT, LLC",4,0,2026-07-20
0001729139,Rainwater Charitable Foundation,4,0,2026-07-20
0001776792,Realta Investment Advisors,4,0,2026-07-20
0001730774,Rinkey Investments,4,0,2026-07-20
0001810099,"Royal Fund Management, LLC",4,0,2026-07-20
0001844147,Rye Brook Capital LLC,4,0,2026-07-20
0001059543,SALZHAUER MICHAEL,4,0,2026-07-20
0000354923,SEARCY FINANCIAL SERVICES INC /ADV,4,0,2026-07-20
0002012614,SIERRA SUMMIT ADVISORS LLC,4,0,2026-07-20
0001103245,SMITHBRIDGE ASSET MANAGEMENT INC/DE,4,0,2026-07-20
0000846633,"STRATEGIC INVESTMENT MANAGEMENT, LLC",4,0,2026-07-20
0002030667,"Sage Capital Management, LLC",4,0,2026-07-20
0001755670,"Selective Wealth Management, Inc.",4,0,2026-07-20
0001658509,"Shakespeare Wealth Management, LLC",4,0,2026-07-20
0001596452,Sivik Global Healthcare LLC,4,0,2026-07-20
0001333792,Sky Investment Group LLC,4,0,2026-07-20
0001843832,"Skyline Advisors, Inc.",4,0,2026-07-20
0001764049,"SlateStone Wealth, LLC",4,0,2026-07-20
0001730960,"Sound Income Strategies, LLC",4,0,2026-07-20
0001633697,Sowell Financial Services LLC,4,0,2026-07-20
0001370102,"State of Alaska, Department of Revenue",4,0,2026-07-20
0001925853,"Sterling Investment Counsel, LLC",4,0,2026-07-20
0001733219,"Stewardship Advisors, LLC",4,0,2026-07-20
0002111795,Strong Retirement Solutions LLC,3,0,2026-07-20
0002105416,TICINO WEALTH,3,0,2026-07-20
0001977759,"TITLEIST ASSET MANAGEMENT, LLC",4,0,2026-07-20
0001561790,Thomasville National Bank,3,0,2026-07-20
0002107256,TrustBank,3,0,2026-07-20
0002034579,"Tumwater Wealth Management, LLC",4,0,2026-07-20
0001729754,Uncommon Cents Investing LLC,4,0,2026-07-20
0001666363,"Venturi Wealth Management, LLC",4,0,2026-07-20
0001812177,"WALLED LAKE PLANNING & WEALTH MANAGEMENT, LLC",4,0,2026-07-20
0001841015,WD RUTHERFORD LLC,4,0,2026-07-20
0000934745,WEATHERLY ASSET MANAGEMENT L. P.,4,0,2026-07-20
0001105837,"WEBSTER BANK, N. A.",4,0,2026-07-20
0002004720,WEST PACES ADVISORS INC.,4,0,2026-07-20
0001598180,Waldron Private Wealth LLC,4,0,2026-07-20
0001811308,"Wellspring Financial Advisors, LLC",4,0,2026-07-20
0001846644,"WestBridge Capital Management, LLC",4,0,2026-07-20
0001318259,White Pine Investment CO,4,0,2026-07-20
0002056676,"4WEALTH ADVISORS, INC.",4,0,2026-07-17
0001726609,"AAF Wealth Management, LLC",4,0,2026-07-17
0001853401,ADVOCATE GROUP LLC,4,0,2026-07-17
0001454937,"AEGON USA Investment Management, LLC",4,0,2026-07-17
0002105908,"AK GLOBAL ASSET MANAGEMENT, LLC",3,0,2026-07-17
0001025038,"ARVEST INVESTMENTS, INC.",4,0,2026-07-17
0002009346,Advantage Trust Co,4,0,2026-07-17
0001842572,Altus Wealth Group LLC,4,0,2026-07-17
0002076121,Amanah Holdings Trust,4,0,2026-07-17
0001900584,"Amplius Wealth Advisors, LLC",4,0,2026-07-17
0002110646,"Andrews Advisory Associates, LLC",3,0,2026-07-17
0002105395,Arbejdsmarkedets Tillaegspension,3,0,2026-07-17
0001606609,"Archford Capital Strategies, LLC",4,0,2026-07-17
0001803291,"Asio Capital, LLC",4,0,2026-07-17
0001541596,Aspen Investment Management Inc,4,0,2026-07-17
0002035325,Avanza Fonder AB,4,0,2026-07-17
0001840565,"BAKER TILLY WEALTH MANAGEMENT, LLC",4,0,2026-07-17
0002108985,BRC-Global BAH Investments Ltd.,3,0,2026-07-17
0000727117,BUILDER INVESTMENT GROUP INC /ADV,4,0,2026-07-17
0001374889,"Ballentine Partners, LLC",4,0,2026-07-17
0001757706,"Benchmark Financial Wealth Advisors, LLC",4,0,2026-07-17
0002108872,BluePrint Investing LLC,3,0,2026-07-17
0001839122,"Bouvel Investment Partners, LLC",4,0,2026-07-17
0001846114,"Boyd Wealth Management, LLC",4,0,2026-07-17
0001894164,"Burns Matteson Capital Management, LLC",4,0,2026-07-17
0002105919,Burton Enright Welch,19,0,2026-07-17
0001037766,CALEDONIA INVESTMENTS PLC,4,0,2026-07-17
0001475045,CARY STREET PARTNERS FINANCIAL LLC,4,0,2026-07-17
0001766904,CARY STREET PARTNERS INVESTMENT ADVISORY LLC,4,0,2026-07-17
0001175954,CENTRAL BANK & TRUST CO,4,0,2026-07-17
0001621915,CIDEL ASSET MANAGEMENT INC,4,0,2026-07-17
0000810958,CITIZENS & NORTHERN CORP,4,0,2026-07-17
0001992748,"CJM Wealth Advisers, Ltd.",4,0,2026-07-17
0001083190,COMMONWEALTH OF PENNSYLVANIA PUBLIC SCHOOL EMPLS RETRMT SYS,4,0,2026-07-17
0001569766,"Camelot Portfolios, LLC",4,0,2026-07-17
0001802059,"Centerline Wealth Advisors, LLC",4,0,2026-07-17
0001905875,"Conrad Siegel Investment Advisors, Inc.",4,0,2026-07-17
0001573575,"Constellation Investments, Inc.",4,0,2026-07-17
0001965078,Core Wealth Partners LLC,4,0,2026-07-17
0002110914,Corecam AG,3,0,2026-07-17
0002009273,"Crown Oak Advisors, LLC",4,0,2026-07-17
0001729939,"Cypress Capital, LLC",4,0,2026-07-17
0001825611,"Cypress Point Wealth Management, LLC",4,0,2026-07-17
0002089718,Div Capital Phoenix Assets Ltd,3,0,2026-07-17
0001479844,Diversified Trust Co,4,0,2026-07-17
0001666256,Exane Asset Management,4,0,2026-07-17
0001009016,FORT WASHINGTON INVESTMENT ADVISORS INC /OH/,4,0,2026-07-17
0002046607,"Fairvoy Private Wealth, LLC",4,0,2026-07-17
0001992825,"Farther Finance Advisors, LLC",4,0,2026-07-17
0001899030,Fifth Third Wealth Advisors LLC,4,0,2026-07-17
0002017868,"Financial Synergies Wealth Advisors, Inc.",4,0,2026-07-17
0001964116,"First Citizens Asset Management, Inc.",5,13,2026-07-17
0001592613,"Formidable Asset Management, LLC",4,0,2026-07-17
0001963030,"Forza Wealth Management, LLC",4,0,2026-07-17
0000903064,GRACE & WHITE INC /NY,4,0,2026-07-17
0001321993,"GRIMES & Co WEALTH MANAGEMENT, LLC",4,0,2026-07-17
0001960749,Gallacher Capital Management LLC,4,0,2026-07-17
0002133484,"Good Harbor Advisors, Inc.",3,0,2026-07-17
0001801112,"Great Diamond Partners, LLC",4,0,2026-07-17
0001842727,"Greenfield FTC, Inc.",4,0,2026-07-17
0001965362,"Grey Fox Wealth Advisors, LLC",4,0,2026-07-17
0000928052,HM PAYSON & CO,5,0,2026-07-17
0001794935,Heartwood Wealth Advisors LLC,4,0,2026-07-17
0002039144,Hickory Point Bank & Trust,4,0,2026-07-17
0001847343,InTrack Investment Management Inc,4,0,2026-07-17
0001911342,"Intergy Private Wealth, LLC",4,0,2026-07-17
0001630360,"Ironwood Financial, llc",4,0,2026-07-17
0001492040,JCIC Asset Management Inc.,4,0,2026-07-17
0001973154,LTS Liquid Investments LLC,3,0,2026-07-17
0001757128,Laurel Wealth Advisors LLC,4,1,2026-07-17
0001366838,"Liberty Capital Management, Inc.",3,0,2026-07-17
0001801373,"LifeSteps Financial, Inc.",4,0,2026-07-17
0001990190,LongView Wealth Management,4,0,2026-07-17
0002110354,"Lynch Investment Planning, LLC",3,0,2026-07-17
0000866590,MANCHESTER FINANCIAL INC,4,0,2026-07-17
0001891201,MARYLAND CAPITAL ADVISORS INC.,3,0,2026-07-17
0000320376,MCRAE CAPITAL MANAGEMENT INC,4,0,2026-07-17
0001578370,"Madrona Financial Services, LLC",4,0,2026-07-17
0001511888,"Martin Investment Management, LLC",4,0,2026-07-17
0001672512,Matson Money. Inc.,4,0,2026-07-17
0001842974,"McClarren Financial Advisors, Inc.",4,0,2026-07-17
0002069154,New York University,3,0,2026-07-17
0001729457,"Nova R Wealth, Inc.",4,0,2026-07-17
0001973783,O'Connor Financial Group LLC,4,0,2026-07-17
0001977602,OFI INVEST ASSET MANAGEMENT,4,0,2026-07-17
0001906766,OLIO Financial Planning,4,0,2026-07-17
0002041262,"Old North State Wealth Management, LLC",4,0,2026-07-17
0001957840,"Onyx Financial Advisors, LLC",4,0,2026-07-17
0001843309,PEAK FINANCIAL ADVISORS LLC,4,0,2026-07-17
0000764529,PEREGRINE CAPITAL MANAGEMENT LLC,4,0,2026-07-17
0001563634,Pachira Investments Inc.,4,0,2026-07-17
0001766571,"Pacific Wealth Strategies Group, Inc.",4,0,2026-07-17
0002109614,Petersen Hastings Wealth Advisors Inc.,3,0,2026-07-17
0002047201,"Reyes Financial Architecture, Inc.",4,0,2026-07-17
0001535859,"Rezny Wealth Management, Inc.",4,0,2026-07-17
0001621646,Richardson Capital Management LLC,4,0,2026-07-17
0001341401,"River Road Asset Management, LLC",4,0,2026-07-17
0001911328,"Roger Wittlin Investment Advisory, LLC",4,0,2026-07-17
0001812103,Rosenberg Matthew Hamilton,4,0,2026-07-17
0002052222,SLT Holdings LLC,4,0,2026-07-17
0001626116,SVB WEALTH LLC,4,0,2026-07-17
0001816444,Sara-Bay Financial,4,0,2026-07-17
0001304229,SeaBridge Investment Advisors LLC,4,0,2026-07-17
0001946654,"Second Half Financial Partners, LLC",4,0,2026-07-17
0002092381,"Sensenig Capital Advisors, Inc",3,0,2026-07-17
0001599900,"Sequoia Financial Advisors, LLC",4,0,2026-07-17
0002056766,Sierra Legacy Group,4,0,2026-07-17
0002082460,"Stonebridge Wealth Management, LLC",4,0,2026-07-17
0002116061,"Storen Legacy Partners, LLC",3,0,2026-07-17
0002056727,"Sulzberger Capital Advisors, Inc.",4,0,2026-07-17
0001483503,TB Alternative Assets Ltd.,4,0,2026-07-17
0002121836,"TCFG Investment Advisors, LLC",2,0,2026-07-17
0002010212,"TRUE BLUE FINANCIAL, LLC",3,0,2026-07-17
0002052555,"VAQUERO PRIVATE WEALTH, LTD",1,0,2026-07-17
0001965271,WATERSHED PRIVATE WEALTH LLC,4,0,2026-07-17
0001739043,Winthrop Advisory Group LLC,4,1,2026-07-17
0002031137,ZynergyRetirementPlanningLLC,5,0,2026-07-17
0001699622,"ACCESS FINANCIAL SERVICES, INC.",4,0,2026-07-16
0001054257,ADIRONDACK TRUST CO,4,0,2026-07-16
0001710065,"AJU IB Investment Co., Ltd.",4,0,2026-07-16
0001767699,"ALTERNA WEALTH MANAGEMENT, INC",4,0,2026-07-16
0001818897,AM INVESTMENT STRATEGIES LLC,4,0,2026-07-16
0001886707,"ARS Wealth Advisors Group, LLC",4,0,2026-07-16
0001510809,AVALON CAPITAL MANAGEMENT,4,0,2026-07-16
0001812198,Aaron Wealth Advisors LLC,4,0,2026-07-16
0001318601,"Acropolis Investment Management, LLC",4,1,2026-07-16
0001883134,Activest Wealth Management,4,0,2026-07-16
0001075444,Advanced Asset Management Advisors Inc,4,0,2026-07-16
0002096565,"Aegis Wealth Management, Inc.",3,0,2026-07-16
0001802696,Alhambra Investment Management LLC,4,0,2026-07-16
0001801846,Apeiron RIA LLC,4,0,2026-07-16
0001664847,"Armbruster Capital Management, Inc.",4,0,2026-07-16
0001985284,"Aspect Partners, LLC",4,0,2026-07-16
0001777914,"Astoria Strategic Wealth, Inc.",4,0,2026-07-16
0001798172,BCS Wealth Management,4,0,2026-07-16
0001591379,BEACON FINANCIAL GROUP,4,0,2026-07-16
0000711089,BENEDICT FINANCIAL ADVISORS INC,4,0,2026-07-16
0002110994,"BLUEDOOR PRIVATE WEALTH, LLC",3,0,2026-07-16
0001764694,BRANDYWINE OAK PRIVATE WEALTH LLC,4,0,2026-07-16
0001611848,"BTC Capital Management, Inc.",4,0,2026-07-16
0001666470,Baker Chad R,4,0,2026-07-16
0001002672,Bell Bank,4,0,2026-07-16
0002094332,Berman McAleer LLC,4,0,2026-07-16
0001843495,"Bond & Devick Financial Network, Inc.",4,0,2026-07-16
0001840084,"Brown Miller Wealth Management, LLC",4,0,2026-07-16
0002133435,"Bucket List Wealth Management, LLC",3,0,2026-07-16
0001845688,"CFS Investment Advisory Services, LLC",4,0,2026-07-16
0001601539,CHICAGO TRUST Co NA,4,0,2026-07-16
0002059872,CLG LLC,4,0,2026-07-16
0001015247,COURIER CAPITAL LLC,4,1,2026-07-16
0001633695,Cambridge Advisors Inc.,4,0,2026-07-16
0001908219,Canoe Financial LP,4,0,2026-07-16
0001597878,"Capital Advisors, Ltd. LLC",4,0,2026-07-16
0002124549,"Capital Investment Management, Inc.",3,0,2026-07-16
0001731732,Certified Advisory Corp,4,0,2026-07-16
0001756759,"Clarity Asset Management, Inc.",4,0,2026-07-16
0001934500,"Coastwise Capital Group, LLC",4,0,2026-07-16
0002054047,"CogentBlue Wealth Advisors, LLC",4,0,2026-07-16
0002093659,"Cooke Wealth Management, LLC",3,0,2026-07-16
0001587867,"Cornerstone Management, Inc.",4,0,2026-07-16
0002052279,Crews Bank & Trust,4,0,2026-07-16
0001539204,"Crossmark Global Holdings, Inc.",4,0,2026-07-16
0000783412,DAILY JOURNAL CORP,4,1,2026-07-16
0001885767,"DB Fitzpatrick & Co, Inc",4,1,2026-07-16
0000893738,DELTA CAPITAL MANAGEMENT LLC,4,0,2026-07-16
0001811806,Davis Capital Management,4,0,2026-07-16
0001975700,Decker Retirement Planning Inc.,4,0,2026-07-16
0002109295,"Dougherty & Associates, LLC",3,0,2026-07-16
0001843553,"Ellsworth Advisors, LLC",4,0,2026-07-16
0002106214,"Ethos Capital Management, Inc.",3,0,2026-07-16
0001752045,"Exeter Financial, LLC",4,0,2026-07-16
0001697137,FACTORIAL MANAGEMENT Ltd,4,0,2026-07-16
0000885415,"FOLGER NOLAN FLEMING DOUGLAS CAPITAL MANAGEMENT, INC",4,0,2026-07-16
0000919864,Finward Bancorp,4,0,2026-07-16
0002112081,First Growth Capital LLC,3,0,2026-07-16
0002008648,Forthright Family Wealth Advisory LLC,4,0,2026-07-16
0002059425,"Frist Capital, LLC",4,0,2026-07-16
0002011169,"GC Wealth Management RIA, LLC",4,0,2026-07-16
0002065265,Global Trust Wealth Management LLC,3,0,2026-07-16
0001966595,GuoLine Advisory Pte Ltd,4,0,2026-07-16
0001790525,HBW ADVISORY SERVICES LLC,4,0,2026-07-16
0001536430,HENGEHOLD CAPITAL MANAGEMENT LLC,4,0,2026-07-16
0001145255,HENNESSY ADVISORS INC,4,0,2026-07-16
0001552999,HT Partners LLC,4,0,2026-07-16
0001941260,Higgins & Schmidt Wealth Strategies LLC,4,0,2026-07-16
0001385925,"Horrell Capital Management, Inc.",4,0,2026-07-16
0001860501,"Howard Capital Management Group, LLC",4,0,2026-07-16
0001954782,"Hoxton Planning & Management, LLC",5,0,2026-07-16
0001808919,"Hunter Perkins Capital Management, LLC",4,0,2026-07-16
0001998182,"IAMS WEALTH MANAGEMENT, LLC",4,0,2026-07-16
0002089727,"ICG Advisors, LLC",3,1,2026-07-16
0001121908,INDEPENDENT INVESTORS INC,4,0,2026-07-16
0001976010,"INSTRUMENTAL WEALTH, LLC",4,0,2026-07-16
0002086529,"Integrated Financial Solutions, Inc.",5,1,2026-07-16
0001463753,"Ipswich Investment Management Co., Inc.",4,0,2026-07-16
0002006637,"JAMISON PRIVATE WEALTH MANAGEMENT, INC.",4,0,2026-07-16
0001911052,"James Reed Financial Services, Inc.",4,0,2026-07-16
0001954136,"Johnson & White Wealth Management, LLC",4,0,2026-07-16
0001844238,"Johnson Bixby & Associates, LLC",4,0,2026-07-16
0001020580,KEATING INVESTMENT COUNSELORS INC,4,0,2026-07-16
0002049750,"Kaufman Rossin Wealth, LLC",4,0,2026-07-16
0001764057,"Keystone Global Partners, LLC",4,0,2026-07-16
0002114481,"Koenig Investment Advisory, LLC",3,0,2026-07-16
0002051717,"LIFELONG WEALTH ADVISORS, INC.",4,0,2026-07-16
0001068979,LIGHTHOUSE FINANCIAL SERVICES INC /ADV,3,0,2026-07-16
0000872359,LINCOLN CAPITAL CORP,4,0,2026-07-16
0001906539,"LOCKERMAN FINANCIAL GROUP, INC.",4,0,2026-07-16
0001310658,Ledyard National Bank,4,0,2026-07-16
0002033794,"LifeWealth Investments, LLC",4,3,2026-07-16
0001965702,"Linden Thomas Advisory Services, LLC",4,0,2026-07-16
0002021711,"Marathon Strategic Advisors, LLC",4,0,2026-07-16
0001911097,Marion Wealth Management,4,0,2026-07-16
0002052657,"McHugh Group, LLC",4,0,2026-07-16
0001911264,"Mid-American Wealth Advisory Group, Inc.",4,0,2026-07-16
0001744318,"MinichMacGregor Wealth Management, LLC",4,0,2026-07-16
0001422508,Montecito Bank & Trust,4,0,2026-07-16
0002056670,Morangie Management LLC,4,0,2026-07-16
0002055557,Mountain Hill Investment Partners Corp.,4,0,2026-07-16
0001542324,"Mraz, Amerine & Associates, Inc.",4,0,2026-07-16
0001483259,NJ State Employees Deferred Compensation Plan,4,0,2026-07-16
0001082215,NORTHEAST INVESTMENT MANAGEMENT,4,0,2026-07-16
0001839930,"Navigation Wealth Management, Inc.",4,0,2026-07-16
0001607597,Newport Asia LLC,4,0,2026-07-16
0001633343,"Ninety One North America, Inc.",4,1,2026-07-16
0001491998,Ninety One SA,4,1,2026-07-16
0001418329,Ninety One UK Ltd,4,1,2026-07-16
0002140431,"Optimus Capital Advisors, LLC",3,0,2026-07-16
0002103310,PBU - The Pension Fund of Early Childhood & Youth Educators,3,2,2026-07-16
0001875768,PENOBSCOT WEALTH MANAGEMENT,4,0,2026-07-16
0001694435,PFG Advisors,4,0,2026-07-16
0002102299,PMG Family Office LLC,4,0,2026-07-16
0001694883,"Patriot Financial Group Insurance Agency, LLC",4,0,2026-07-16
0001612457,"Porter White Investment Advisors, Inc.",4,0,2026-07-16
0002053628,Powszechne Towarzystwo Emerytalne Allianz Polska S.A.,4,0,2026-07-16
0001767349,Princeton Global Asset Management LLC,4,0,2026-07-16
0002058325,QSM Asset Management Ltd,4,0,2026-07-16
0001705929,QUATTRO FINANCIAL ADVISORS LLC,4,0,2026-07-16
0001811052,"REBALANCE, LLC",4,0,2026-07-16
0000090108,"RICHARDS, MERRILL & PETERSON, INC.",4,0,2026-07-16
0002109861,"RIVER'S EDGE WEALTH MANAGEMENT, LLC",3,0,2026-07-16
0001787663,"RIVERSEDGE ADVISORS, LLC",4,0,2026-07-16
0002008792,"Rachor Investment Advisory Services, LLC",3,0,2026-07-16
0001696867,"Radnor Capital Management, LLC",4,0,2026-07-16
0001566307,Ramiah Investment Group,18,12,2026-07-16
0001793691,Relyea Zuckerberg Hanson LLC,4,1,2026-07-16
0001844571,Rempart Asset Management Inc.,4,0,2026-07-16
0001173889,SANDER CAPITAL ADVISORS INC,4,0,2026-07-16
0002012356,"SECURED RETIREMENT ADVISORS, LLC",4,0,2026-07-16
0000941519,STEPH & CO,4,0,2026-07-16
0001726808,"STEPHENS GROUP ASSET MANAGEMENT, LLC",4,0,2026-07-16
0001875525,"STRATEGIC PLANNING GROUP, LLC",4,0,2026-07-16
0001728681,SYCOMORE ASSET MANAGEMENT,4,0,2026-07-16
0001844709,San Luis Wealth Advisors LLC,4,1,2026-07-16
0002055882,Sava Infond d.o.o.,4,0,2026-07-16
0001705655,Seelaus Asset Management LLC,4,1,2026-07-16
0001575581,"Segment Wealth Management, LLC",4,0,2026-07-16
0001959415,Sharper & Granite LLC,4,0,2026-07-16
0002107738,"Sherry Group, Inc.",3,0,2026-07-16
0001846368,Simplify Asset Management Inc.,4,0,2026-07-16
0001801184,"Single Point Partners, LLC",4,0,2026-07-16
0002023324,Stanich Group LLC,4,0,2026-07-16
0001813454,Stone Wealth Partners,3,0,2026-07-16
0002023380,TRAPHAGEN INVESTMENT ADVISORS LLC,4,0,2026-07-16
0001766067,"TRUEFG, LLC",4,0,2026-07-16
0001008937,TRUST CO OF TOLEDO NA /OH/,4,0,2026-07-16
0001758288,Targeted Financial Services LLC,3,0,2026-07-16
0002060298,Thoma Capital Management LLC,6,0,2026-07-16
0001963860,Trium Capital LLP,4,0,2026-07-16
0001966033,"True Wealth Design, LLC",4,0,2026-07-16
0001824827,"True Wind Capital Management, L.P.",4,0,2026-07-16
0001911497,"Ulland Investment Advisors, LLC",4,0,2026-07-16
0001716607,"Union Bancaire Privee, UBP SA",4,0,2026-07-16
0001080201,VALICENTI ADVISORY SERVICES INC,4,0,2026-07-16
0001021642,"VAUGHAN NELSON INVESTMENT MANAGEMENT, L.P.",4,0,2026-07-16
0001763138,VERITY Wealth Advisors,4,0,2026-07-16
0001767457,VIEWPOINT INVESTMENT PARTNERS CORP,4,0,2026-07-16
0002003615,"VISIONARY HORIZONS, LLC",4,0,2026-07-16
0001893809,"VISTA FINANCE, LLC",4,0,2026-07-16
0001737012,"Vermillion Wealth Management, Inc.",4,0,2026-07-16
0001326766,"Violich Capital Management, Inc.",4,0,2026-07-16
0002044575,WASHINGTON GROWTH STRATEGIES LLC,4,0,2026-07-16
0002055997,WAYSTONE ADVISORS LLC,3,0,2026-07-16
0001668188,"WESPAC Advisors SoCal, LLC",4,0,2026-07-16
0002051288,WORMSER FRERES GESTION,4,0,2026-07-16
0002110717,"Wealth Analytics Partners, LLC",3,0,2026-07-16
0002039300,White & Co Financial Planning Inc,4,0,2026-07-16
0001767940,Wolff Financial Management LLC,4,0,2026-07-16
0001858789,"YOUSIF CAPITAL MANAGEMENT, LLC",4,0,2026-07-16
0002044323,Yardley Wealth Management LLC,4,0,2026-07-16
0001009012,ZAZOVE ASSOCIATES LLC,4,1,2026-07-16
0001276918,ZEVENBERGEN CAPITAL INVESTMENTS LLC,4,0,2026-07-16
0000842782,ZWJ INVESTMENT COUNSEL INC,4,0,2026-07-16
0001569102,"A. D. Beadell Investment Counsel, Inc.",4,0,2026-07-15
0001053013,AMARILLO NATIONAL BANK,4,0,2026-07-15
0001122241,AMI INVESTMENT MANAGEMENT INC,4,0,2026-07-15
0001120926,ARGENT CAPITAL MANAGEMENT LLC,4,0,2026-07-15
0001800234,"ATTICUS WEALTH MANAGEMENT, LLC",4,0,2026-07-15
0001877728,"Accurate Wealth Management, LLC",4,0,2026-07-15
0002131949,Altium Investment Strategies LLC,2,0,2026-07-15
0001897071,"Andrew Hill Investment Advisors, Inc.",4,0,2026-07-15
0001965393,Applied Capital LLC/FL,4,0,2026-07-15
0002106948,"Approach Retirement Advisors, LLC",3,0,2026-07-15
0001767340,"Aspire Private Capital, LLC",4,1,2026-07-15
0001498383,"Asset Allocation & Management Company, LLC",4,0,2026-07-15
0002057382,"Aurdan Capital Management, LLC",4,0,2026-07-15
0001964189,Auto-Owners Insurance Co,4,2,2026-07-15
0002074418,"Aventura Private Wealth, LLC",7,0,2026-07-15
0001035463,BAR HARBOR WEALTH MANAGEMENT,4,0,2026-07-15
0002112636,BDFS Capital LLC,3,0,2026-07-15
0002083592,"BIRCH FINANCIAL GROUP, LLC",7,0,2026-07-15
0002068635,BOYUM WEALTH ARCHITECTS LLC,4,0,2026-07-15
0001512601,BSW Wealth Partners,4,0,2026-07-15
0000940445,BURNEY CO/,4,0,2026-07-15
0001047339,BURNS J W & CO INC/NY,4,0,2026-07-15
0002058270,Barnes Dennig Private Wealth Management LLC,4,0,2026-07-15
0001697303,"Beirne Wealth Consulting Services, LLC",4,0,2026-07-15
0002108102,"Belleair Asset Management, LLC",3,0,2026-07-15
0001352871,Benin Management CORP,4,0,2026-07-15
0002042011,"Blake Schutter Theil Wealth Advisors, LLC",4,0,2026-07-15
0001934657,"Bricktown Capital, LLC",4,0,2026-07-15
0001599584,Brookstone Capital Management,4,0,2026-07-15
0002045974,"CATHY PARETO & ASSOCIATES, INC",4,0,2026-07-15
0002133547,"CFG Wealth Management Services, Inc.",3,0,2026-07-15
0000790354,CHEMUNG CANAL TRUST CO,4,0,2026-07-15
0000709447,CITY NATIONAL BANK OF FLORIDA /MSD,4,0,2026-07-15
0001001011,CLARK FINANCIAL SERVICES GROUP INC                      /BD,4,0,2026-07-15
0000944361,"CLIFTONLARSONALLEN WEALTH ADVISORS, LLC",4,0,2026-07-15
0001209324,COUNTRY TRUST BANK,4,0,2026-07-15
0001775053,CPR Investments Inc.,4,0,2026-07-15
0001353198,"Cabot-Wellington, LLC",4,0,2026-07-15
0001991835,Canada Post Corp Registered Pension Plan,4,0,2026-07-15
0001805370,"Cannon Advisors, Inc.",4,0,2026-07-15
0002105992,Capelight Capital Asset Management LP,3,2,2026-07-15
0002033609,"Capital Investment Counsel, LLC",4,0,2026-07-15
0001555254,Carrhae Capital LLP,4,1,2026-07-15
0001681490,"Cascade Investment Advisors, Inc.",4,0,2026-07-15
0002090777,Cassilly Financial Group LLC,3,1,2026-07-15
0001842669,Cerro Pacific Wealth Advisors LLC,4,0,2026-07-15
0001801792,"Chronos Wealth Management, LLC",4,0,2026-07-15
0002095935,"Churchill Financial Advisors, LLC",3,0,2026-07-15
0002112984,Clear Retirement Advice LLC,3,0,2026-07-15
0001453620,Cohen Klingenstein LLC,4,0,2026-07-15
0001536755,"Commonwealth Financial Services, LLC",4,0,2026-07-15
0001915714,"Comprehensive Financial Consultants Institutional, Inc.",4,0,2026-07-15
0001830942,"Cordant, Inc.",4,0,2026-07-15
0001736260,"Cornell Pochily Investment Advisors, Inc.",4,0,2026-07-15
0001302739,"Covenant Partners, LLC",4,0,2026-07-15
0001406995,"Cutter & CO Brokerage, Inc.",4,0,2026-07-15
0001950556,Dakota Community Bank & Trust NA,5,0,2026-07-15
0002055535,"Davidson Kahn Capital Management, LLC",4,0,2026-07-15
0001808029,Drummond Knight Asset Management Pty Ltd,4,0,2026-07-15
0001887441,ENZI WEALTH,4,0,2026-07-15
0002020860,Embree Financial Group,4,0,2026-07-15
0001510434,"Empirical Financial Services, LLC d.b.a. Empirical Wealth Management",4,0,2026-07-15
0002145170,Essential Investment Partners LLC,3,0,2026-07-15
0000073956,"FIFTH THIRD SECURITIES, INC.",4,0,2026-07-15
0001845743,"FIRETHORN WEALTH PARTNERS, LLC",4,0,2026-07-15
0000712534,FIRST MERCHANTS CORP,4,0,2026-07-15
0001117233,FLAGSTAR ADVISORS INC,4,1,2026-07-15
0001942548,"FSM Wealth Advisors, LLC",4,0,2026-07-15
0001291422,First American Bank,4,0,2026-07-15
0002054920,First Financial Group Corp,4,0,2026-07-15
0001653926,First PREMIER Bank,4,0,2026-07-15
0001876326,Five Oceans Advisors,4,0,2026-07-15
0002053350,"Fjell Capital, LLC",4,0,2026-07-15
0001843536,"Fort Henry Capital, LLC",4,0,2026-07-15
0002096338,"Frankly Finances, LLC",3,2,2026-07-15
0000946626,GREENBERG FINANCIAL GROUP,3,0,2026-07-15
0000923116,GROESBECK INVESTMENT MANAGEMENT CORP /NJ/,5,0,2026-07-15
0001607825,Gemmer Asset Management LLC,4,0,2026-07-15
0002104898,"Geremia Financial Services, LLC",3,0,2026-07-15
0001550057,"Goelzer Investment Management, Inc.",4,0,2026-07-15
0002034090,Granite FO LLC,4,1,2026-07-15
0002025409,"Greater Midwest Financial Group, LLC",4,0,2026-07-15
0001723514,"Guardian Financial Partners, LLC",4,0,2026-07-15
0000922439,HARTFORD INVESTMENT MANAGEMENT CO,4,0,2026-07-15
0002042654,HIGHLINE WEALTH PARTNERS LLC,4,0,2026-07-15
0001665446,HOME FEDERAL BANK OF TENNESSEE,4,0,2026-07-15
0001682501,"Harbour Capital Advisors, LLC",4,0,2026-07-15
0001430022,Harold Davidson & Associates Inc.,4,0,2026-07-15
0001399518,"Hartz Capital, Inc.",4,0,2026-07-15
0002080096,Holos Integrated Wealth LLC,4,0,2026-07-15
0000275484,"INDEPENDENT FINANCIAL GROUP, LLC",26,1,2026-07-15
0002010929,"Independence Asset Advisors, LLC",4,0,2026-07-15
0001888831,Innova Wealth Partners,4,0,2026-07-15
0002111381,"J.E. Simmons & Co., P.C.",3,0,2026-07-15
0001929070,"Joule Financial, LLC",4,0,2026-07-15
0002096459,Kepler Cheuvreux,4,0,2026-07-15
0001785498,Keudell/Morrison Wealth Management,3,0,2026-07-15
0001596906,"Keystone Financial Planning, Inc.",4,0,2026-07-15
0001819279,"Klaas Financial Asset Advisors, LLC",4,0,2026-07-15
0001696615,"Kohmann Bosshard Financial Services, LLC",4,1,2026-07-15
0001576053,"LVW Advisors, LLC",4,0,2026-07-15
0001387458,LaFleur & Godfrey LLC,4,0,2026-07-15
0001860063,"Lauer Wealth, LLC",4,0,2026-07-15
0001841769,"Legal Advantage Investments, Inc.",4,0,2026-07-15
0001871734,Level Financial Advisors,4,0,2026-07-15
0001729677,"LexAurum Advisors, LLC",3,0,2026-07-15
0001484150,Lindsell Train Ltd,4,0,2026-07-15
0001016287,MATRIX ASSET ADVISORS INC/NY,4,0,2026-07-15
0001845785,"MBL Wealth, LLC",4,0,2026-07-15
0001964722,"MILESTONE ASSET MANAGEMENT, LLC",4,0,2026-07-15
0001449088,"MILLINGTON SECURITIES, LLC",1,0,2026-07-15
0001475271,MOLLER WEALTH PARTNERS,4,0,2026-07-15
0001272544,MONTGOMERY INVESTMENT MANAGEMENT INC,4,0,2026-07-15
0000936941,MOODY ALDRICH PARTNERS LLC,4,0,2026-07-15
0001961290,"Mainsail Financial Group, LLC",4,0,2026-07-15
0002043084,Mainstream Capital Management LLC,4,0,2026-07-15
0001908587,Members Advisory Group LLC,4,0,2026-07-15
0001968851,"Midwest Financial Partners Investments, Inc.",3,0,2026-07-15
0001545545,"Mitsubishi UFJ Morgan Stanley Securities Co., Ltd.",3,0,2026-07-15
0001893159,"NorthCrest Asset Manangement, LLC",4,0,2026-07-15
0000707179,OLD NATIONAL BANCORP /IN/,4,0,2026-07-15
0001800938,"One Charles Private Wealth Services, LLC",4,0,2026-07-15
0002144328,Outbound Financial Inc,5,0,2026-07-15
0000805676,PARK NATIONAL CORP /OH/,4,0,2026-07-15
0001773830,"PATRIOT INVESTMENT MANAGEMENT GROUP, INC.",4,0,2026-07-15
0001108893,PENN DAVIS MCFARLAND INC,4,0,2026-07-15
0001647273,Perpetual Ltd,4,0,2026-07-15
0001868491,"Pinnacle Wealth Management Group, Inc.",4,0,2026-07-15
0001629869,Polunin Capital Partners Ltd,4,0,2026-07-15
0001966898,Portman Square Capital LLP,4,0,2026-07-15
0001864229,Prentice Wealth Management LLC,4,0,2026-07-15
0002014209,"Processus Wealth & Capital Management, LLC",4,1,2026-07-15
0002130270,"Professional Financial Management, Inc.",3,0,2026-07-15
0001541625,Prospera Financial Services Inc,4,0,2026-07-15
0002050169,"Quantum Financial Planning Services, Inc.",4,0,2026-07-15
0002073596,RAINIER FAMILY WEALTH INC,4,0,2026-07-15
0002049950,"REDSTONE WEALTH MANAGEMENT, LLC",3,0,2026-07-15
0001633387,"RFG Advisory, LLC",4,0,2026-07-15
0001928635,Range Financial Group LLC,4,0,2026-07-15
0001554656,Raub Brock Capital Management LP,4,0,2026-07-15
0001962636,Register Financial Advisors LLC,4,0,2026-07-15
0001517429,"Reliant Investment Management, LLC",4,0,2026-07-15
0001957886,"Retirement Investment Advisors, Inc.",4,0,2026-07-15
0002139748,Robinswood Financial LLC,13,1,2026-07-15
0001616004,S. R. Schill & Associates,4,0,2026-07-15
0001009005,SHAKER INVESTMENTS LLC/OH,4,0,2026-07-15
0001800913,"SPRENG CAPITAL MANAGEMENT, INC.",4,0,2026-07-15
0001839255,"SWMG, LLC",4,0,2026-07-15
0002010574,"Sachetta, LLC",4,0,2026-07-15
0001561330,"Saxony Capital Management, LLC",4,0,2026-07-15
0001800692,"Secure Asset Management, LLC",4,0,2026-07-15
0001913590,"Security Financial Services, INC.",4,0,2026-07-15
0001719739,Security National Bank,4,0,2026-07-15
0001511794,"Shaker Financial Services, LLC",4,0,2026-07-15
0001858740,Spire Wealth Management,4,0,2026-07-15
0001632283,"Summit Financial Wealth Advisors, LLC",5,0,2026-07-15
0000946431,Swedbank AB,4,1,2026-07-15
0001964298,"Syntegra Private Wealth Group, LLC",4,0,2026-07-15
0001961898,"TCP Asset Management, LLC",4,0,2026-07-15
0001859918,TECTONIC ADVISORS LLC,4,0,2026-07-15
0001005817,TOMPKINS FINANCIAL CORP,4,0,2026-07-15
0001009262,"TRAN CAPITAL MANAGEMENT, L.P.",4,0,2026-07-15
0002096531,"Tensor Edge Capital, LLC",3,0,2026-07-15
0001989031,Trellis Wealth Advisors LLC,4,0,2026-07-15
0002009809,"Unique Wealth Strategies, LLC",8,0,2026-07-15
0002070884,VVR Holdings LLC,3,0,2026-07-15
0001800916,Value Partners Investments Inc.,4,0,2026-07-15
0001904664,Vert Asset Management LLC,4,0,2026-07-15
0002092214,"Vertex Investment Solutions Co., Ltd.",3,0,2026-07-15
0001776757,"WADDELL & ASSOCIATES, LLC",4,0,2026-07-15
0001632972,"WEALTH ENHANCEMENT ADVISORY SERVICES, LLC",4,0,2026-07-15
0001841757,"WEBSTERROGERS FINANCIAL ADVISORS, LLC",4,0,2026-07-15
0002047728,WINEBRENNER CAPITAL MANAGEMENT LLC,4,0,2026-07-15
0001965479,"Walker Financial Services, Inc.",4,0,2026-07-15
0002053892,Wealth Advisors Northwest LLC,4,0,2026-07-15
0002120450,Wealth Care LLC,2,0,2026-07-15
0001799425,WealthBridge Investment Counsel Inc.,4,0,2026-07-15
0001844495,Wealthspring Capital LLC,4,0,2026-07-15
0001846789,"Weitzel Financial Services, Inc.",4,0,2026-07-15
0002085141,"Welch Financial Planning, LLC",3,0,2026-07-15
0001729269,Westwind Capital,4,0,2026-07-15
0001734109,"Winthrop Partners - WNY, LLC",3,0,2026-07-15
0001873438,"XY Planning Network, Inc.",4,0,2026-07-15
0001907281,"1620 INVESTMENT ADVISORS, INC.",4,0,2026-07-14
0001386929,"Adams Asset Advisors, LLC",4,0,2026-07-14
0001569411,Addenda Capital Inc.,4,0,2026-07-14
0001764968,Advisory Resource Group,4,0,2026-07-14
0002052983,"Allodium Investment Consultants, LLC",4,0,2026-07-14
0001767898,"American Financial Advisors, LLC",4,0,2026-07-14
0002055364,"Antonelli Financial Advisors, LLC",4,0,2026-07-14
0002107020,Arnold Financial Planning LLC,3,0,2026-07-14
0001801563,Ayrshire Capital Management LLC,4,0,2026-07-14
0001464811,"B. Riley Wealth Advisors, Inc.",4,0,2026-07-14
0001021258,BALDWIN WEALTH PARTNERS LLC/MA,4,0,2026-07-14
0002093649,"BAM Wealth Management, LLC",4,0,2026-07-14
0001999928,"BARLOW WEALTH PARTNERS, INC.",4,0,2026-07-14
0002054749,BCO Wealth Management LLC,4,0,2026-07-14
0002003570,"BCU Wealth Advisors, LLC",4,0,2026-07-14
0001769578,"BLUE SQUARE ASSET MANAGEMENT, LLC",4,0,2026-07-14
0001870761,Bank of New Hampshire,4,0,2026-07-14
0001898297,"BayBridge Capital Group, LLC",4,0,2026-07-14
0001694896,"Benson Investment Management Company, Inc.",4,0,2026-07-14
0001659171,BigSur Wealth Management LLC,4,0,2026-07-14
0001803106,"Blue Zone Wealth Advisors, LLC",4,0,2026-07-14
0001749798,"Boothe Investment Group, Inc.",4,0,2026-07-14
0001898145,Brewster Financial Planning LLC,4,0,2026-07-14
0001712533,Brickley Wealth Management,4,0,2026-07-14
0001912970,Brown Shipley& Co Ltd,4,0,2026-07-14
0002107537,"CDM FINANCIAL COUNSELING SERVICES, INC.",3,0,2026-07-14
0001276460,CHICKASAW CAPITAL MANAGEMENT LLC,4,0,2026-07-14
0001285973,CUTLER INVESTMENT COUNSEL LLC,4,0,2026-07-14
0001667134,"CWA Asset Management Group, LLC",4,0,2026-07-14
0002052593,"Cache Advisors, LLC",4,0,2026-07-14
0001803536,"Cadent Capital Advisors, LLC",4,0,2026-07-14
0002085256,"Cambridge Financial Group, LLC",11,0,2026-07-14
0001704720,"Cannae Holdings, Inc.",4,0,2026-07-14
0001950841,Cardinal Point Capital Management ULC,4,0,2026-07-14
0002102688,Chatterton & Associates Inc.,3,0,2026-07-14
0002032544,"Christensen, King & Associates Investment Services, Inc.",4,0,2026-07-14
0001910666,City State Bank,4,0,2026-07-14
0002048750,"Clark & Stuart, Inc",4,0,2026-07-14
0001857588,Clearview Wealth Management LLC,2,0,2026-07-14
0001730945,Congress Park Capital LLC,4,0,2026-07-14
0002106977,Corecam Pte. Ltd.,11,1,2026-07-14
0001695426,Courant Investment Management LLC,4,0,2026-07-14
0001748728,Cox Capital Mgt LLC,4,0,2026-07-14
0001631208,Credit Capital Investments LLC,4,0,2026-07-14
0001894712,Cromwell Holdings LLC,4,0,2026-07-14
0001608057,Curbstone Financial Management Corp,4,0,2026-07-14
0002021320,"DEFINE FINANCIAL, LLC",4,0,2026-07-14
0001909993,"DIXON FNANCIAL SERVICES, INC.",4,0,2026-07-14
0002016793,"DLK Investment Management, LLC",4,0,2026-07-14
0001904152,"DOPKINS WEALTH MANAGEMENT, LLC",4,0,2026-07-14
0001970701,Delta Wealth Advisors LLC,10,0,2026-07-14
0001672594,"Douglas Lane & Associates, LLC",4,0,2026-07-14
0001835252,"EWA, LLC",4,0,2026-07-14
0002028202,"Elser Financial Planning, Inc",4,0,2026-07-14
0001799880,"Emergent Wealth Advisors, LLC",11,0,2026-07-14
0001836110,Enclave Advisors LLC,4,0,2026-07-14
0002011218,Encompass More Asset Management,4,0,2026-07-14
0001907802,"Ervin Investment Management, LLC",4,1,2026-07-14
0000884566,FENIMORE ASSET MANAGEMENT INC,4,0,2026-07-14
0002076068,"Family Legacy Financial Solutions, LLC",4,0,2026-07-14
0002004843,Financial Symmetry Inc,4,0,2026-07-14
0001435028,Fisher Funds Management LTD,4,0,2026-07-14
0002012868,"GREAT OAK CAPITAL PARTNERS, LLC",4,0,2026-07-14
0001911266,Gibson Wealth Advisors LLC,4,0,2026-07-14
0001521365,Glencore plc,4,1,2026-07-14
0002027450,"Global X Japan Co., Ltd.",4,0,2026-07-14
0002049307,"HATCH COVE CAPITAL, LLC",3,0,2026-07-14
0001084207,HENDLEY & CO INC,4,0,2026-07-14
0001599390,HWG Holdings LP,4,0,2026-07-14
0001840268,Hoese & Co LLP,4,0,2026-07-14
0001727342,Hudson Capital Management LLC,4,0,2026-07-14
0001825292,"IAM Advisory, LLC",4,0,2026-07-14
0000925953,INVESTMENT ADVISORY SERVICES INC /TX /ADV,4,0,2026-07-14
0001844821,"IRONWOOD WEALTH MANAGEMENT, INC.",4,0,2026-07-14
0001842811,IVC Wealth Advisors LLC,4,0,2026-07-14
0002054916,Impact Capital Partners LLC,4,0,2026-07-14
0001910364,"Intrinsic Value Partners, LLC",4,0,2026-07-14
0002050848,InvesTrust,4,0,2026-07-14
0001632096,"JACOBSON & SCHMITT ADVISORS, LLC",4,0,2026-07-14
0001967622,"JP Wealth Management, Inc.",4,0,2026-07-14
0002093023,Jeter Robert S II,2,0,2026-07-14
0001903035,"KEB ASSET MANAGEMENT, LLC",4,0,2026-07-14
0001128066,KELLY FINANCIAL GROUP LLC,4,0,2026-07-14
0000764112,KIRR MARBACH & CO LLC /IN/,4,0,2026-07-14
0002023336,Kelly Financial Services LLC,4,0,2026-07-14
0001601622,"LBJ Family Wealth Advisors, Ltd.",4,0,2026-07-14
0002023325,"LRI Investments, LLC",4,0,2026-07-14
0002012028,Lakeridge Wealth Management LLC,4,0,2026-07-14
0002006661,"Leibman Financial Services, Inc.",4,0,2026-07-14
0001570396,Lipe & Dalton,4,0,2026-07-14
0002076077,Longview Financial Advisors LLC,4,0,2026-07-14
0001927627,M & L Capital Management Ltd,4,0,2026-07-14
0001536549,"MKD WEALTH COACHES, LLC",4,0,2026-07-14
0001126735,MOGY JOEL R INVESTMENT COUNSEL INC,4,0,2026-07-14
0001908732,"Magnolia Wealth Management, LLC",5,0,2026-07-14
0002110806,"Markin Asset Management, LP",3,0,2026-07-14
0001895045,"Mason & Associates, LLC",4,0,2026-07-14
0002054701,"McGrath & Associates, Inc.",4,0,2026-07-14
0002115416,Midway Capital Research & Management,3,0,2026-07-14
0001714506,Mountain Capital Investment Advisors Inc.,4,0,2026-07-14
0002135840,"Mullaney, Keating & Wright, Inc.",9,0,2026-07-14
0001730521,"Murphy, Middleton, Hinkle & Parker, Inc.",4,0,2026-07-14
0002062716,"NESTEGG ADVISORS, INC.",4,0,2026-07-14
0002012185,Naria Inc.,4,0,2026-07-14
0001977723,"National Wealth Management Group, LLC",5,0,2026-07-14
0002083253,Nautilus Advisors LLC,4,0,2026-07-14
0001587643,Nepsis Inc.,4,0,2026-07-14
0001791998,Net Worth Advisory Group,4,0,2026-07-14
0001696731,New Capital Management LP,4,0,2026-07-14
0002023097,"New Covenant Trust Company, N.A.",4,0,2026-07-14
0001566493,"Newman Dignan & Sheerar, Inc.",4,0,2026-07-14
0002065938,"North Capital, Inc.",4,1,2026-07-14
0001816000,"Northstar Advisory Group, LLC",4,0,2026-07-14
0001841259,"Octavia Wealth Advisors, LLC",4,0,2026-07-14
0001759320,Oxinas Partners Wealth Management LLC,4,0,2026-07-14
0001733356,"Paradiem, LLC",4,0,2026-07-14
0002094948,Peak Wealth Management LLC,3,0,2026-07-14
0002093645,Plan A Wealth LLC,7,0,2026-07-14
0001599579,"Plancorp, LLC",4,0,2026-07-14
0001978608,"Portside Wealth Group, LLC",4,0,2026-07-14
0001931750,"Presidio Capital Management, LLC",4,0,2026-07-14
0001996454,"QRG CAPITAL MANAGEMENT, INC.",4,0,2026-07-14
0001936603,Ritter Daniher Financial Advisory LLC / DE,4,0,2026-07-14
0002027176,Rockingstone Advisors LLC,4,0,2026-07-14
0002051339,Rolek Wealth Management LLC,4,0,2026-07-14
0001840888,Roth Financial Partners LLC,4,0,2026-07-14
0000884423,SALEM INVESTMENT COUNSELORS INC,4,1,2026-07-14
0001832158,SEAVIEW INVESTMENT MANAGERS LLC,4,0,2026-07-14
0001079935,SIGNATURE ESTATE & INVESTMENT ADVISORS LLC,4,0,2026-07-14
0001909249,"SOUTHERN CAPITAL ADVISORS, LLC",4,0,2026-07-14
0001041283,SPIRIT OF AMERICA MANAGEMENT CORP/NY,4,0,2026-07-14
0001899146,"SPRING CAPITAL MANAGEMENT, LLC",4,0,2026-07-14
0002105785,STEWARDSHIP CONCEPTS FINANCIAL SERVICES LLC,3,0,2026-07-14
0002055829,"SageOak Financial, LLC",4,0,2026-07-14
0001907092,"Shore Point Advisors, LLC",4,0,2026-07-14
0001844922,"ShoreHaven Wealth Partners, LLC",4,0,2026-07-14
0001940917,"Signature Resources Capital Management, LLC",4,0,2026-07-14
0001964680,Significant Wealth Partners LLC,4,0,2026-07-14
0002068217,"Smith Asset Management Co., LLC",5,0,2026-07-14
0002032436,Smith Thornton Advisors LLC,4,0,2026-07-14
0001820681,Snider Financial Group,4,0,2026-07-14
0001533504,"Sompo Asset Management Co., Ltd.",4,0,2026-07-14
0001725394,Spectrum Planning & Advisory Services Inc.,4,0,2026-07-14
0001808195,Stolper Co,4,1,2026-07-14
0001729093,"Stordahl Capital Management, Inc.",4,0,2026-07-14
0001721780,Successful Portfolios LLC,4,0,2026-07-14
0002057278,"Sunbeam Capital Management, LLC",4,0,2026-07-14
0001882691,"Systelligence, LLC",4,0,2026-07-14
0001164062,TEALWOOD ASSET MANAGEMENT INC,4,0,2026-07-14
0000866780,TOTH FINANCIAL ADVISORY CORP,4,0,2026-07-14
0001083323,TRUST CO OF OKLAHOMA,4,0,2026-07-14
0001682576,"TTP Investments, Inc.",4,0,2026-07-14
0001966180,"Talbot Financial, LLC",4,0,2026-07-14
0002109367,"TopTier Wealth Management, LLC",3,0,2026-07-14
0001541353,Triangle Securities Wealth Management,4,0,2026-07-14
0001608376,Trust Asset Management LLC,4,1,2026-07-14
0001411268,"Twele Capital Management, Inc.",4,0,2026-07-14
0001911228,"Upper Left Wealth Management, LLC",4,0,2026-07-14
0002016904,"Verisail Partners, LLC",4,0,2026-07-14
0000903603,WASHINGTON UNIVERSITY,4,0,2026-07-14
0002019337,"Wall Street Financial Group, Inc.",5,0,2026-07-14
0001922448,Waycross Investment Management Co,4,0,2026-07-14
0001639997,"Westhampton Capital, LLC",4,0,2026-07-14
0001573263,"Wiser Wealth Management, Inc",4,0,2026-07-14
0001772875,Y-Intercept,4,0,2026-07-14
0001908607,"YARGER WEALTH STRATEGIES, LLC",4,0,2026-07-14
0001469219,"YHB Investment Advisors, Inc.",4,0,2026-07-14
0002109850,"marrick wealth, LLC",3,0,2026-07-14
0002067541,21 West Wealth Management LLC,4,0,2026-07-13
0002013713,"ABLES, IANNONE, MOORE & ASSOCIATES, INC.",4,0,2026-07-13
0001539994,AEGON ASSET MANAGEMENT UK PLC,4,9,2026-07-13
0001914985,"APS Management Group, Inc.",4,0,2026-07-13
0002047860,ARCADIA INVESTMENT ADVISORS LLC,4,0,2026-07-13
0000900529,ARDSLEY ADVISORY PARTNERS LP,4,0,2026-07-13
0001932952,"ARMSTRONG ADVISORY GROUP, INC",4,0,2026-07-13
0000778963,AUGUSTINE ASSET MANAGEMENT INC,4,0,2026-07-13
0002001461,Allen Mooney & Barnes Investment Advisors LLC,4,0,2026-07-13
0002099967,Asempa Wealth Advisors,3,0,2026-07-13
0002053738,Aurelius Family Office LLC,4,0,2026-07-13
0001738720,Avondale Wealth Management,4,0,2026-07-13
0001642216,Ayalon Insurance Comp Ltd.,4,0,2026-07-13
0001625279,"Azarias Capital Management, L.P.",4,0,2026-07-13
0001965814,"BOS Asset Management, LLC",4,0,2026-07-13
0001971456,"BRADY FAMILY WEALTH, LLC",4,0,2026-07-13
0001511098,Baskin Financial Services Inc.,4,0,2026-07-13
0001730818,"Baugh & Associates, LLC",4,0,2026-07-13
0002106661,Breachway Investments LLC,3,0,2026-07-13
0002021265,"Broadway Wealth Solutions, Inc.",4,0,2026-07-13
0001904033,Buttonwood Financial Advisors Inc.,4,0,2026-07-13
0001992785,"CGC Financial Services, LLC",4,0,2026-07-13
0001108969,"CHATHAM CAPITAL GROUP, INC.",4,0,2026-07-13
0001907327,"CHERRYDALE WEALTH MANAGEMENT, LLC",4,0,2026-07-13
0000858877,"CISCO SYSTEMS, INC.",4,0,2026-07-13
0001802816,"CLIENT 1ST ADVISORY GROUP, LLC",4,0,2026-07-13
0001628896,"Capital Advantage, Inc.",4,0,2026-07-13
0001839421,Centennial Wealth Advisory LLC,4,0,2026-07-13
0002011219,"Clarity Capital Advisors, LLC",4,0,2026-07-13
0001822065,Client First Capital LLC,4,0,2026-07-13
0001636948,Covea Finance,4,0,2026-07-13
0001721527,"Cypress Wealth Services, LLC",4,0,2026-07-13
0000887777,DAVENPORT & Co LLC,4,0,2026-07-13
0002111652,"DECISION INVESTMENTS, INC",3,0,2026-07-13
0001717658,"DeDora Capital, Inc.",4,0,2026-07-13
0002095216,Dorato Capital Management,3,0,2026-07-13
0002031642,"Drucker Wealth 3.0, LLC",4,0,2026-07-13
0001635342,"ETF Portfolio Partners, Inc.",4,0,2026-07-13
0001600746,"Eagle Capital Management, LLC",4,0,2026-07-13
0002107271,Eagle Wealth Advisors LLC,3,0,2026-07-13
0001472800,Eastover Investment Advisors LLC,4,0,2026-07-13
0001908617,Echo45 Advisors LLC,4,0,2026-07-13
0002011697,FCG Investment Co,3,0,2026-07-13
0001092203,FIRST CITIZENS BANK & TRUST CO,4,0,2026-07-13
0000764106,FIRST HAWAIIAN BANK,4,0,2026-07-13
0001839850,Falcon Wealth Planning,4,0,2026-07-13
0002135269,"Financial Solutions Advisory Group, Inc.",2,0,2026-07-13
0001427350,"First City Capital Management, Inc.",4,0,2026-07-13
0001598611,Friedenthal Financial,4,0,2026-07-13
0001965529,"GENESIS PRIVATE WEALTH, LLC",4,0,2026-07-13
0000887402,"GODSEY & GIBB, INC",4,0,2026-07-13
0002047540,"Generali Investments CEE, investicni spolecnost, a.s.",4,0,2026-07-13
0002035854,"Gilbert Capital Group, Inc.",5,0,2026-07-13
0001822632,"Gleason Group, Inc.",4,0,2026-07-13
0001908828,Gouws Capital LLC,4,0,2026-07-13
0001727917,"Gradient Capital Advisors, LLC",4,0,2026-07-13
0001910205,"Guardian Wealth Management, Inc.",4,0,2026-07-13
0001573767,HAMILTON LANE ADVISORS LLC,4,0,2026-07-13
0002104442,"HBE Wealth Management, LLC",3,0,2026-07-13
0001697715,HCR Wealth Advisors,4,0,2026-07-13
0001750086,"HHM Wealth Advisors, LLC",4,0,2026-07-13
0002054904,"HMV Wealth Advisors, LLC",4,0,2026-07-13
0001079112,HOWLAND CAPITAL MANAGEMENT LLC,4,0,2026-07-13
0001965270,"Hassell Wealth Management, LLC",4,0,2026-07-13
0002039415,"High Probability Advisors, LLC",4,0,2026-07-13
0002056177,"Holcombe Financial, Inc.",4,0,2026-07-13
0001890183,"Holland Advisory Services, Inc.",4,0,2026-07-13
0001730479,Independence Bank of Kentucky,4,0,2026-07-13
0001750852,"Integris Wealth Management, LLC",4,0,2026-07-13
0002043536,Kennebec Savings Bank,4,0,2026-07-13
0001525947,"Kessler Investment Group, LLC",4,0,2026-07-13
0002109522,"Kilner Capital Advisors, LLC",3,0,2026-07-13
0002109484,LAWOOD & CO,3,0,2026-07-13
0002140580,LDIC Inc.,1,0,2026-07-13
0001108965,LYNCH & ASSOCIATES/IN,4,0,2026-07-13
0002000571,"Lakeshore Financial Planning, Inc.",4,0,2026-07-13
0001630064,Lancaster Investment Management,4,0,2026-07-13
0001688184,"MFA WEALTH ADVISORS, LLC",4,0,2026-07-13
0001836506,"MITCHELL & PAHL PRIVATE WEALTH, LLC",4,0,2026-07-13
0001965796,"Main Street Group, LTD",4,0,2026-07-13
0002039437,Martel Wealth Advisors Inc,4,0,2026-07-13
0001774087,"McAlister, Sweet & Associates, Inc.",4,0,2026-07-13
0001727573,McCollum Christoferson Group LLC,4,0,2026-07-13
0001383782,"Merrion Investment Management Co, LLC",4,0,2026-07-13
0001649107,"Moisand Fitzgerald Tamayo, LLC",4,0,2026-07-13
0000905591,NIPPON LIFE INSURANCE CO,4,0,2026-07-13
0002035144,NORTH DALLAS BANK & TRUST CO,3,0,2026-07-13
0001695344,"NORTHWEST WEALTH MANAGEMENT, LLC",4,0,2026-07-13
0001631930,"Neumann Capital Management, LLC",4,0,2026-07-13
0002051980,"Nova Wealth Management, Inc.",4,0,2026-07-13
0001780565,"O'Keefe Stevens Advisory, Inc.",4,0,2026-07-13
0002010436,"OMNI 360 Wealth, Inc.",4,7,2026-07-13
0001860132,"ONE PLUS ONE WEALTH MANAGEMENT, LLC",4,0,2026-07-13
0001726375,"Oak Asset Management, LLC",4,0,2026-07-13
0002027377,Oak Root LLC,4,0,2026-07-13
0001962695,"Olistico Wealth, LLC",4,0,2026-07-13
0002009427,"One Wealth Management Investment & Advisory Services, LLC",4,0,2026-07-13
0002042876,Optivise Advisory Services LLC,4,0,2026-07-13
0001658535,"Orgel Wealth Management, LLC",4,0,2026-07-13
0001844227,"Orin Green Financial, LLC",4,0,2026-07-13
0001689232,"PATTON FUND MANAGEMENT, INC.",4,0,2026-07-13
0001989744,PFW Advisors LLC,4,0,2026-07-13
0001799900,Pacifica Partners Inc.,4,0,2026-07-13
0001998000,"Park Capital Management, LLC / WI",4,0,2026-07-13
0001965659,"Park Edge Advisors, LLC",4,0,2026-07-13
0001706248,"Parkside Investments, LLC",4,0,2026-07-13
0001697360,"Perennial Advisors, LLC",4,0,2026-07-13
0002007116,Physician Wealth Solutions Inc.,4,0,2026-07-13
0001904893,PineStone Asset Management Inc.,4,0,2026-07-13
0001831332,"Planned Solutions, Inc.",4,0,2026-07-13
0002109515,Plus Group Wealth Advisors LLC,3,0,2026-07-13
0001844250,"Purus Wealth Management, LLC",4,0,2026-07-13
0001697722,Quadratic Capital Management LLC,4,0,2026-07-13
0001977290,Quintet Private Bank,4,0,2026-07-13
0001598352,"R.H. Dinel Investment Counsel, Inc.",4,0,2026-07-13
0002016827,"REX Advisers, LLC",3,0,2026-07-13
0001112325,RIVERBRIDGE PARTNERS LLC,4,0,2026-07-13
0000869367,ROFFMAN MILLER ASSOCIATES INC /PA/,4,0,2026-07-13
0001810555,"RTD Financial Advisors, Inc.",4,0,2026-07-13
0001783599,"Red Door Wealth Management, LLC",4,0,2026-07-13
0001811783,Richard P Slaughter Associates Inc,4,0,2026-07-13
0001983670,"Rockwood Wealth Management, LLC",4,0,2026-07-13
0001463746,"SCHARF INVESTMENTS, LLC",4,0,2026-07-13
0000315024,SCHOOL EMPLOYEES RETIREMENT BOARD OF OHIO,4,0,2026-07-13
0001114739,SENTINEL TRUST CO LBA,4,0,2026-07-13
0001157436,SHEETS SMITH WEALTH MANAGEMENT,4,0,2026-07-13
0001903883,"SHELTON WEALTH MANAGEMENT, LLC",4,0,2026-07-13
0001991983,"SILVIA MCCOLL WEALTH MANAGEMENT, LLC",4,0,2026-07-13
0002109305,"Shelter Rock Management, LLC",3,0,2026-07-13
0001998101,"Sound Stewardship, LLC",4,0,2026-07-13
0002006517,Southland Equity Partners LLC,4,0,2026-07-13
0001801868,"SteelPeak Wealth, LLC",4,0,2026-07-13
0002056106,"Stenger Family Office, LLC",4,0,2026-07-13
0002131286,"Strategic Financial Group, LLC",2,0,2026-07-13
0001889322,Strong Tower Advisory Services,4,0,2026-07-13
0001277279,"THOMPSON INVESTMENT MANAGEMENT, INC.",4,0,2026-07-13
0001845163,"Team Financial Group, LLC",4,0,2026-07-13
0001539948,"United Asset Strategies, Inc.",4,0,2026-07-13
0002103357,University of Cambridge Investment Management Ltd,3,0,2026-07-13
0000062061,"V. M. MANNING & CO., INC.",4,0,2026-07-13
0001169069,VIKING FUND MANAGEMENT LLC,4,0,2026-07-13
0002011215,"VOISARD ASSET MANAGEMENT GROUP, INC.",4,0,2026-07-13
0001811005,Veracity Capital LLC,4,0,2026-07-13
0001832097,WOLFF WIESE MAGANA LLC,4,0,2026-07-13
0001008877,WOODSTOCK CORP,4,0,2026-07-13
0001992193,"Waterway Wealth Management, LLC",4,0,2026-07-13
0002112078,"Wealth Intelligence, LLC",3,0,2026-07-13
0001904274,Wedmont Private Capital,4,0,2026-07-13
0002109222,"Wilian Securities, LLC",3,0,2026-07-13
0001950054,"ALM First Financial Advisors, LLC",4,0,2026-07-10
0001950323,Abound Wealth Management,4,0,2026-07-10
0001838226,Accel Wealth Management,4,0,2026-07-10
0002107623,"Adirondack Capital Advisors, LLC",3,0,2026-07-10
0001629996,Alken Asset Management Ltd,4,0,2026-07-10
0001542287,"Annex Advisory Services, LLC",4,0,2026-07-10
0001953324,Aquamarine Zurich AG,4,0,2026-07-10
0001789382,"Arkfeld Wealth Strategies, L.L.C.",4,0,2026-07-10
0001966036,Ausbil Investment Management Ltd,4,0,2026-07-10
0001632802,"BUTENSKY & COHEN FINANCIAL SECURITY, INC",4,0,2026-07-10
0001730477,"Ballast, Inc.",4,1,2026-07-10
0002026082,Bank & Trust Co,4,0,2026-07-10
0001910503,"Buska Wealth Management, LLC",4,0,2026-07-10
0001688539,CABANA LLC,4,0,2026-07-10
0002021818,"CAMELOT TECHNOLOGY ADVISORS, INC.",4,0,2026-07-10
0000726854,CITY HOLDING CO,4,0,2026-07-10
0001858782,"Canvas Wealth Advisors, LLC",4,0,2026-07-10
0001518235,"Cardinal Capital Management, Inc.",4,0,2026-07-10
0001789219,Charles Schwab Trust Co,4,0,2026-07-10
0001730149,Clarus Wealth Advisors,4,0,2026-07-10
0001767343,"DAGCO, INC.",4,0,2026-07-10
0000922372,DIVERSIFIED MANAGEMENT INC,3,0,2026-07-10
0000938077,"DOLIVER ADVISORS, LP",4,0,2026-07-10
0001994563,"DiNuzzo Private Wealth, Inc.",4,0,2026-07-10
0002009396,E. Ohman J:or Asset Management AB,4,0,2026-07-10
0002051355,Envision Financial LLC,4,0,2026-07-10
0002016217,"FAMILY WEALTH PARTNERS, LLC",4,0,2026-07-10
0001925420,"FIDUCIARY FINANCIAL GROUP, LLC",4,0,2026-07-10
0001130344,FIRST COMMUNITY TRUST NA,4,0,2026-07-10
0002053294,"FORM Wealth Advisors, LLC",3,0,2026-07-10
0002031235,Farrell Financial LLC,4,0,2026-07-10
0001561383,Financial Designs Corp,4,0,2026-07-10
0002111920,"Financial Planning Fort Collins, LLC",3,0,2026-07-10
0001416856,Fruth Investment Management,4,0,2026-07-10
0001731448,G&S Capital LLC,4,0,2026-07-10
0001713678,"GenWealth Group, Inc.",4,0,2026-07-10
0002043136,"Generali Investments, Management Co LLC",4,0,2026-07-10
0001895678,"GoalFusion Wealth Management, LLC",4,0,2026-07-10
0002009521,"HRC WEALTH MANAGEMENT, LLC",4,0,2026-07-10
0001398318,Handelsbanken Fonder AB,4,0,2026-07-10
0002046227,"Heck Capital Advisors, LLC",4,0,2026-07-10
0001840501,"Hudson Value Partners, LLC",4,0,2026-07-10
0001619844,Hyperion Asset Management Ltd,4,0,2026-07-10
0001749914,"Insight Wealth Strategies, LLC",4,0,2026-07-10
0001730630,Investors Research Corp,4,0,2026-07-10
0001568068,"JFS WEALTH ADVISORS, LLC",4,0,2026-07-10
0001783464,"Japan Post Holdings Co., Ltd.",4,0,2026-07-10
0001863265,KENNICOTT CAPITAL MANAGEMENT LLC,4,0,2026-07-10
0001822236,KWB Wealth,4,0,2026-07-10
0002054100,Kentucky Trust Co,4,0,2026-07-10
0001961944,"LAM GROUP, INC.",4,0,2026-07-10
0001089707,LEDERER & ASSOCIATES INVESTMENT COUNSEL/CA,4,0,2026-07-10
0002063827,Lee-Kelleher Wealth Management,4,0,2026-07-10
0001908386,"Leverty Financial Group, LLC",4,0,2026-07-10
0001802361,MAGNOLIA CAPITAL MANAGEMENT LTD,4,0,2026-07-10
0002056656,"Nolet Wealth Management, LLC",3,1,2026-07-10
0001686776,Northcape Capital Pty Ltd,4,0,2026-07-10
0001631052,"Northside Capital Management, LLC",4,0,2026-07-10
0002106942,"Nvest Wealth Strategies, Inc.",3,0,2026-07-10
0000826154,ORRSTOWN FINANCIAL SERVICES INC,4,0,2026-07-10
0001538052,"Ocean Park Asset Management, LLC",4,1,2026-07-10
0001492815,Oldfield Partners LLP,4,0,2026-07-10
0002010656,"Partnership Wealth Management, LLC",4,0,2026-07-10
0002108842,"Pathfinder Wealth Consulting, Inc.",3,0,2026-07-10
0002008166,"Peirce Capital Management, LLC",4,0,2026-07-10
0001998269,Peoples Bank/KS,4,0,2026-07-10
0001843292,"Prosperity Planning, Inc.",4,0,2026-07-10
0001132897,RAMSEY QUANTITATIVE SYSTEMS,4,0,2026-07-10
0001803329,Regent Peak Wealth Advisors LLC,4,0,2026-07-10
0001831316,"Rise Advisors, LLC",4,0,2026-07-10
0001680365,"SL ADVISORS, LLC",4,13,2026-07-10
0001809236,"Salvus Wealth Management, LLC",4,0,2026-07-10
0001905673,"Scott Capital Advisors, LLC",4,0,2026-07-10
0001911067,"Spinnaker Investment Group, LLC",4,0,2026-07-10
0001427999,"Stephens Group, LLC",4,0,2026-07-10
0002032486,"Stonekeep Investments, LLC",4,1,2026-07-10
0001748269,"Sunesis Advisors, LLC",4,0,2026-07-10
0002056807,TEMA ETFS LLC,4,0,2026-07-10
0001844266,"Taylor & Morgan Wealth Management, LLC",4,0,2026-07-10
0002096203,"Torren Management, LLC",3,0,2026-07-10
0002054965,Towarzystwo Funduszy Inwestycyjnych Allianz Polska S.A.,4,0,2026-07-10
0001592579,Trinity Street Asset Management LLP,4,0,2026-07-10
0001632554,Trust Co,4,0,2026-07-10
0002066147,Uptown Financial Advisors LLC,4,0,2026-07-10
0000814133,WASATCH ADVISORS LP,4,0,2026-07-10
0001015308,WEDGE CAPITAL MANAGEMENT L L P/NC,4,0,2026-07-10
0000825217,"WHITENER CAPITAL MANAGEMENT, INC.",4,0,2026-07-10
0001923053,"Walker Asset Management, LLC",4,0,2026-07-10
0002010748,Wealth Group Ltd,4,0,2026-07-10
0001738723,West Branch Capital LLC,4,0,2026-07-10
0002096700,"William Mack & Associates, Inc.",7,0,2026-07-10
0002056336,"Yoffe Investment Management, LLC",4,0,2026-07-10
0001728031,"A&I FINANCIAL SERVICES, LLC",4,0,2026-07-09
0001911244,ADAMSBROWN WEALTH CONSULTANTS LLC,4,0,2026-07-09
0001907820,AFG FIDUCIARY SERVICES LIMITED PARTNERSHIP,4,0,2026-07-09
0000733020,"ARS Investment Partners, LLC",4,0,2026-07-09
0000926834,AVITY INVESTMENT MANAGEMENT INC.,4,0,2026-07-09
0001998980,"AdviceOne Advisory Services, LLC",4,0,2026-07-09
0001723681,"Affiance Financial, LLC",4,0,2026-07-09
0001922281,Aletheian Wealth Advisors LLC,3,0,2026-07-09
0002109849,"Alliance Private Wealth, LLC",3,0,2026-07-09
0001849724,"Alliance Wealth Advisors, LLC",4,0,2026-07-09
0002132253,Allied Private Wealth LLC,1,0,2026-07-09
0002122473,American State Bank,23,0,2026-07-09
0002009890,Arbor Wealth Advisors LLC,4,0,2026-07-09
0002106717,"Ares Financial Consulting, LLC",3,0,2026-07-09
0001964758,"Arista Wealth Management, LLC",4,0,2026-07-09
0002110402,"Asset Advisory Group, Inc.",3,0,2026-07-09
0001388168,"Atlas Brown,Inc.",4,0,2026-07-09
0002063243,Avant Financial Advisors LLC,4,0,2026-07-09
0002071468,"BIRCHBROOK, INC.",4,0,2026-07-09
0001105471,BONNESS ENTERPRISES INC,4,1,2026-07-09
0002055344,Banque de Luxembourg S.A.,4,0,2026-07-09
0001832093,"Baron Financial Group, LLC",4,0,2026-07-09
0001631639,"Barry Investment Advisors, LLC",4,0,2026-07-09
0001384943,Bath Savings Trust Co,4,0,2026-07-09
0001748861,"Bay Colony Advisory Group, Inc d/b/a Bay Colony Advisors",4,0,2026-07-09
0001798924,Bay Rivers Group,4,0,2026-07-09
0001868903,"C2C Wealth Management, LLC",4,0,2026-07-09
0001730456,"CAPITAL WEALTH MANAGEMENT, LLC",4,0,2026-07-09
0001657516,CMH Wealth Management LLC,4,0,2026-07-09
0001365707,"CONTRAVISORY INVESTMENT MANAGEMENT, INC.",4,0,2026-07-09
0001845838,COREPATH WEALTH PARTNERS LLC,4,0,2026-07-09
0001963967,"CPA Asset Management Group, LLC",4,0,2026-07-09
0000797203,"CULLEN INVESTMENT GROUP, LTD.",4,0,2026-07-09
0001937021,CYPRESS FINANCIAL PLANNING LLC,4,0,2026-07-09
0001619124,Cardano Risk Management B.V.,4,1,2026-07-09
0001786411,"Carolina Wealth Advisors, LLC",4,0,2026-07-09
0001951368,Centurion Wealth Management LLC,4,0,2026-07-09
0002056602,"Charis Legacy Partners, LLC",4,0,2026-07-09
0001910183,Chemistry Wealth Management LLC,4,0,2026-07-09
0001842357,"Choice Wealth Advisors, LLC",4,0,2026-07-09
0002018284,Client First Investment Management LLC,4,0,2026-07-09
0001537319,"Community Financial Services Group, LLC",4,0,2026-07-09
0001845531,Constitution Capital LLC,4,0,2026-07-09
0000883511,"DUDLEY & SHANLEY, INC.",4,0,2026-07-09
0001659346,"Deane Retirement Strategies, Inc.",4,0,2026-07-09
0001766929,"Defender Capital, LLC.",4,0,2026-07-09
0002111462,"DiPaolo Financial Group, Inc.",3,0,2026-07-09
0001881335,"Dominguez Wealth Management Solutions, Inc.",4,0,2026-07-09
0001911407,"EAGLE ROCK INVESTMENT COMPANY, LLC",4,0,2026-07-09
0002009882,EAGLE WEALTH STRATEGIES LLC,4,0,2026-07-09
0002010632,EHRLICH FINANCIAL GROUP,4,0,2026-07-09
0002010410,EVERPAR ADVISORS LLC,4,0,2026-07-09
0001567163,Edge Wealth Management LLC,4,0,2026-07-09
0001852858,"Everhart Financial Group, Inc.",4,0,2026-07-09
0002001155,Exchange Bank,4,0,2026-07-09
0001683754,FC Advisory LLC,4,0,2026-07-09
0002045972,"FFG Partners, LLC",4,0,2026-07-09
0001966438,FFG RETIREMENT ADVISORS LLC,4,0,2026-07-09
0002011155,"FMA Wealth Management, LLC",4,0,2026-07-09
0001010873,FRANKLIN STREET ADVISORS INC /NC,4,0,2026-07-09
0000883782,"FULTON BANK, N.A.",4,0,2026-07-09
0001767433,Ferguson Shapiro LLC,4,0,2026-07-09
0001813369,Financial Advisory Corp,4,0,2026-07-09
0001568132,"Financial Management Professionals, Inc.",4,0,2026-07-09
0002101641,Finivi Inc.,12,0,2026-07-09
0001692632,First Bank & Trust,4,0,2026-07-09
0001722283,"Fluent Financial, LLC",4,0,2026-07-09
0002010942,"Focus Financial Network, Inc.",4,0,2026-07-09
0002066105,"Fortitude Financial, LLC",5,0,2026-07-09
0001613331,Fragasso Financial Advisors Inc,4,0,2026-07-09
0001707856,"Franklin, Parlapiano, Turner & Welch, LLC",4,0,2026-07-09
0001660328,Freestate Advisors LLC,4,0,2026-07-09
0002048792,Friday Financial,4,0,2026-07-09
0001737888,Fulcrum Equity Management,4,0,2026-07-09
0002103074,GLP Holdings LLLP,3,0,2026-07-09
0001551969,"Gilman Hill Asset Management, LLC",4,0,2026-07-09
0001839307,GoalVest Advisory LLC,4,0,2026-07-09
0001964535,Great Waters Wealth Management,4,0,2026-07-09
0001388382,HALL LAURIE J TRUSTEE,4,0,2026-07-09
0001802882,"HARRELL INVESTMENT PARTNERS, LLC",4,0,2026-07-09
0001909319,"HERBST GROUP, LLC",4,0,2026-07-09
0001963169,"HF Advisory Group, LLC",4,1,2026-07-09
0001903859,"Henrickson Nauta Wealth Advisors, Inc.",4,0,2026-07-09
0001750423,Henry James International Management Inc.,4,0,2026-07-09
0001939237,"Highland Financial Advisors, LLC",4,0,2026-07-09
0001848530,"Hoffman, Alan N Investment Management",4,0,2026-07-09
0001920117,"Hutchens & Kramer Investment Management Group, LLC",4,0,2026-07-09
0002095709,"IFC & Insurance Marketing, Inc.",3,0,2026-07-09
0002066080,"Independence Financial Advisors, LLC",4,0,2026-07-09
0002066524,"Infinity Wealth Counsel, LLC",4,0,2026-07-09
0001055544,JACOBS & CO/CA,4,0,2026-07-09
0002017878,JBR Co Financial Management Inc,4,0,2026-07-09
0001632866,"JUNCTURE WEALTH STRATEGIES, LLC",4,0,2026-07-09
0001773205,"KMG FIDUCIARY PARTNERS, LLC",4,0,2026-07-09
0002111663,"Kastel Capital Advisors, LLC",3,0,2026-07-09
0001912612,"Key Client Fiduciary Advisors, LLC",4,0,2026-07-09
0001683689,"Kopp Family Office, LLC",4,0,2026-07-09
0001919438,"Kraft, Davis & Associates, LLC",4,0,2026-07-09
0001053054,LVM CAPITAL MANAGEMENT LTD/MI,4,0,2026-07-09
0001574408,"LVZ, Inc.",4,1,2026-07-09
0002067328,LWM ADVISORS INC,4,0,2026-07-09
0001766883,Lantz Financial LLC,4,0,2026-07-09
0001846151,"Legacy Wealth Asset Management, LLC",4,0,2026-07-09
0001488921,"Legacy Wealth Management, Inc",4,0,2026-07-09
0001908585,"LifeGuide Financial Advisors, LLC",4,0,2026-07-09
0001797873,"Lineweaver Wealth Advisors, LLC",4,0,2026-07-09
0002059574,MEMBERS WEALTH LLC,4,0,2026-07-09
0001906802,MKT Advisors LLC,4,0,2026-07-09
0002095669,MTCO Ltd.,4,1,2026-07-09
0001765216,Magnus Financial Group LLC,4,0,2026-07-09
0001730525,Maj Invest Holding A/S,4,0,2026-07-09
0001802091,Marotta Asset Management,4,0,2026-07-09
0001395067,"Marquette Asset Management, LLC",4,0,2026-07-09
0001784277,Matrix Trust Co,4,0,2026-07-09
0001852930,"Mayflower Financial Advisors, LLC",4,0,2026-07-09
0001905765,"Melone Private Wealth, LLC",4,0,2026-07-09
0001964538,"Mendota Financial Group, LLC",4,0,2026-07-09
0001968850,"NORTHBRIDGE FINANCIAL GROUP, LLC",3,0,2026-07-09
0000873687,NORTHWESTERN UNIVERSITY,4,0,2026-07-09
0002126778,Narodna banka Slovenska,2,0,2026-07-09
0001596077,"New England Research & Management, Inc.",4,0,2026-07-09
0001910366,Next Level Private LLC,4,0,2026-07-09
0001666239,Oliver Luxxe Assets LLC,4,0,2026-07-09
0001696136,"Omnia Family Wealth, LLC",4,0,2026-07-09
0002106939,PSP Research LLC,3,0,2026-07-09
0001803523,"Pacific Capital Wealth Advisors, Inc.",4,0,2026-07-09
0002040377,"Paladin Wealth, LLC",4,0,2026-07-09
0001716659,Parisi Gray Wealth Management,4,0,2026-07-09
0001513038,Perkins Coie Trust Co,4,0,2026-07-09
0001694592,Pettinga Financial Advisors LLC,4,0,2026-07-09
0001855835,Piscataqua Savings Bank,4,0,2026-07-09
0002103332,"Polaris Investment Advisors, LLC",3,0,2026-07-09
0001804329,"Procyon Advisors, LLC",4,0,2026-07-09
0001798221,"Professional Financial Advisors, LLC",4,0,2026-07-09
0001718858,QVR LLC,4,0,2026-07-09
0001535811,"Redhawk Wealth Advisors, Inc.",4,0,2026-07-09
0001808992,"Revolve Wealth Partners, LLC",4,0,2026-07-09
0002124783,Roan Capital Partners,2,0,2026-07-09
0001998653,SAPIENT CAPITAL LLC,4,2,2026-07-09
0001846150,"SAX WEALTH ADVISORS, LLC",4,0,2026-07-09
0002075389,"SHRIER WEALTH MANAGEMENT, LLC",3,0,2026-07-09
0001609008,"SMI Advisory Services, LLC",4,0,2026-07-09
0001120048,STEGINSKY CAPITAL LLC,4,0,2026-07-09
0001009198,STERLING INVESTMENT ADVISORS LLC /ADV,4,0,2026-07-09
0001766392,SYQUANT CAPITAL SAS,4,0,2026-07-09
0001830103,"Safir Wealth Advisors, LLC",4,0,2026-07-09
0001714107,"Sage Capital Advisors,llc",4,0,2026-07-09
0001925418,Sage Investment Advisers LLC,3,0,2026-07-09
0001728121,"SeaCrest Wealth Management, LLC",4,0,2026-07-09
0002110725,"Selby Wealth Management, LLC",3,0,2026-07-09
0001903273,"ShankerValleau Wealth Advisors, Inc.",4,0,2026-07-09
0001642246,"Sharkey, Howes & Javer",4,0,2026-07-09
0002096110,Sherman Wealth Management LLC,3,1,2026-07-09
0001961210,Shira Ridge Wealth Management,4,0,2026-07-09
0001698661,"Snow Phipps Group, LLC",4,0,2026-07-09
0002011237,"Stablepoint Partners, LLC",4,0,2026-07-09
0002097595,Steadtrust LLC,5,2,2026-07-09
0002008409,"StoneCrest Wealth Management, Inc.",4,0,2026-07-09
0002067591,TOWER TRUST & INVESTMENT Co,4,0,2026-07-09
0002002409,"Tactive Advisors, LLC",4,0,2026-07-09
0002111360,Tenzing Financial LLC,3,0,2026-07-09
0002140230,"Three Bearings Fiduciary Advisors, Inc.",3,0,2026-07-09
0002113285,Topor & Co. Korea,3,1,2026-07-09
0001731445,"Towerpoint Wealth, LLC",4,0,2026-07-09
0001327944,Town & Country Bank & Trust CO dba First Bankers Trust CO,4,0,2026-07-09
0002023386,VISTA INVESTMENT PARTNERS LLC,4,0,2026-07-09
0001844375,"Veery Capital, LLC",4,0,2026-07-09
0002118328,"Vertrix Wealth Management, LLC",2,0,2026-07-09
0002083456,Vilga Financial Planning LLC,3,0,2026-07-09
0001927175,"WARNER FINANCIAL, INC",4,0,2026-07-09
0001516450,WEALTHCARE CAPITAL MANAGEMENT LLC,4,0,2026-07-09
0001026720,WELLCOME TRUST LTD,4,0,2026-07-09
0002064588,WINCAP FINANCIAL LLC,4,0,2026-07-09
0002112635,"WLTH Capital Management, LLC",3,1,2026-07-09
0000878770,"WORLD EQUITY GROUP, INC.",4,0,2026-07-09
0002083087,Wealth Science Advisors LLC,3,0,2026-07-09
0001683059,Wealthcare Advisory Partners LLC,4,0,2026-07-09
0002053307,"Wealthcare Capital Partners, LLC",4,0,2026-07-09
0002000493,"Werlinich Asset Management, LLC",4,0,2026-07-09
0001973849,"Whitaker-Myers Wealth Managers, LTD.",4,0,2026-07-09
0002023493,William Howard & Co Financial Advisors Inc,4,0,2026-07-09
0002109063,"Winter & Associates, Inc.",3,0,2026-07-09
0002109644,"Yanni & Associates Investment Advisors, LLC",3,0,2026-07-09
0002135169,"3 FACTOR INDEXING, LLC",2,0,2026-07-08
0001846160,AAFMAA Wealth Management & Trust LLC,4,0,2026-07-08
0001038661,ABNER HERRMAN & BROCK LLC,4,0,2026-07-08
0001814191,"ACT WEALTH MANAGEMENT, LLC",4,0,2026-07-08
0001044929,ATWOOD & PALMER INC,4,0,2026-07-08
0001810023,"Affinity Capital Advisors, LLC",4,0,2026-07-08
0001900409,"Agate Pass Investment Management, LLC",4,0,2026-07-08
0001801507,"Apella Capital, LLC",4,0,2026-07-08
0002020560,Attessa Capital LLC,4,0,2026-07-08
0001798485,"Aurora Investment Managers, LLC.",4,0,2026-07-08
0002058816,"BANNERMAN WEALTH MANAGEMENT GROUP, LLC",4,0,2026-07-08
0001654599,"BEACON INVESTMENT ADVISORY SERVICES, INC.",4,1,2026-07-08
0001085867,BRAVE ASSET MANAGEMENT INC,4,0,2026-07-08
0001509973,"BRIGHT ROCK CAPITAL MANAGEMENT, LLC",4,0,2026-07-08
0002052588,Baring Financial LLC,4,0,2026-07-08
0002084239,Beacon Financial Strategies CORP,21,0,2026-07-08
0001908938,"Beaird Harris Wealth Management, LLC",4,0,2026-07-08
0001964309,Breakwater Capital Group,4,0,2026-07-08
0002055816,"CLUNE & ASSOCIATES, LTD.",4,0,2026-07-08
0001047142,COMMUNITY TRUST & INVESTMENT CO,4,0,2026-07-08
0001989476,"CULTIVAR CAPITAL, INC.",4,0,2026-07-08
0001727605,"Castle Rock Wealth Management, LLC",4,0,2026-07-08
0001164632,Chesley Taft & Associates LLC,4,0,2026-07-08
0001508120,"Cohen Capital Management, Inc.",4,0,2026-07-08
0001664147,"Colorado Capital Management, Inc.",4,0,2026-07-08
0001751581,Cooper Financial Group,4,0,2026-07-08
0001759578,Crumly & Associates Inc.,4,0,2026-07-08
0001908923,Czech National Bank,4,0,2026-07-08
0002123012,"DWR WEALTH MANAGEMENT, LLC",3,0,2026-07-08
0002110543,Danmarks Nationalbank,3,0,2026-07-08
0001976256,"ELEVATION WEALTH PARTNERS, LLC",4,1,2026-07-08
0002102530,Ebert Capital Management Inc.,3,0,2026-07-08
0001984180,"Eldred Rock Partners, LLC",4,1,2026-07-08
0001731927,"Elmwood Wealth Management, Inc.",4,0,2026-07-08
0001742998,"FNY Investment Advisers, LLC",4,0,2026-07-08
0001630936,"FORESIGHT CAPITAL MANAGEMENT ADVISORS, INC.",4,0,2026-07-08
0002047823,"Finley Financial, LLC",4,0,2026-07-08
0001428793,"First Heartland Consultants, Inc.",4,0,2026-07-08
0001423045,"First National Bank of Mount Dora, Trust Investment Services",4,0,2026-07-08
0001697882,"Flaharty Asset Management, LLC",4,1,2026-07-08
0001542265,Gradient Investments LLC,4,0,2026-07-08
0002117069,Green Ridge Wealth Planning LLC,3,0,2026-07-08
0001861642,"Hennion & Walsh Asset Management, Inc.",4,0,2026-07-08
0001850871,Invariant Investment Management,3,0,2026-07-08
0001633024,"KWMG, LLC",4,0,2026-07-08
0002064043,"Ledgewood Wealth Advisors, LLC",4,0,2026-07-08
0002047443,"Legacy Wealth Management, LLC / MS",4,0,2026-07-08
0002111980,"Lexington Hill Partners, LLC",3,0,2026-07-08
0002054684,"LifeGoal Investments, LLC",4,0,2026-07-08
0002045792,"Longboard Asset Management, LP",4,0,2026-07-08
0002087462,Luma Capital S.A. - SPF,3,0,2026-07-08
0002053046,"MFG WEALTH MANAGEMENT, INC.",4,0,2026-07-08
0001841816,MRA Advisory Group,4,0,2026-07-08
0002049540,Mallini Complete Financial Planning LLC,4,0,2026-07-08
0000935359,"Matthew Goff Investment Advisor, LLC",4,0,2026-07-08
0002055554,"Meriwether Wealth & Planning, LLC",4,0,2026-07-08
0001869685,Mirabaud & Cie SA,4,0,2026-07-08
0002079593,"NerdWallet Wealth Partners, LLC",4,0,2026-07-08
0001727862,Neumann Advisory Hong Kong Ltd,4,0,2026-07-08
0001781566,"Nipun Capital, L.P.",4,0,2026-07-08
0001352449,"Norman Fields, Gottscho Capital Management, LLC",4,0,2026-07-08
0001692227,Norway Savings Bank,4,0,2026-07-08
0002107566,OFS Enterprise LLC,2,0,2026-07-08
0002009781,OxenFree Capital LLC,4,0,2026-07-08
0002055875,PKO BP BANKOWY Universal Pension Society JSC,7,0,2026-07-08
0000894205,PROFESSIONAL ADVISORY SERVICES INC,4,0,2026-07-08
0002052736,"PUFF WEALTH MANAGEMENT, LLC",3,0,2026-07-08
0001056516,"Palouse Capital Management, Inc.",4,0,2026-07-08
0001897090,PensionDanmark Pensionsforsikringsaktieselskab,3,0,2026-07-08
0001899753,"Pine Haven Investment Counsel, Inc",4,0,2026-07-08
0001859195,"Platt Investment Counsel, LLC",4,0,2026-07-08
0001695214,Polianta Ltd,4,0,2026-07-08
0001818940,"Praetorian Wealth Management, Inc.",4,0,2026-07-08
0001512780,"Private Wealth Group, LLC",4,1,2026-07-08
0001929139,"Quantum Financial Advisors, LLC",4,0,2026-07-08
0001080298,"REINHART PARTNERS, LLC.",4,0,2026-07-08
0000084616,ROCKLAND TRUST CO,4,0,2026-07-08
0001756543,"RVW Wealth, LLC",4,0,2026-07-08
0001509508,Renaissance Investment Group LLC,4,0,2026-07-08
0002074440,"Ryan Investment Management, Inc.",4,0,2026-07-08
0001315269,"Scott & Selber, Inc.",4,1,2026-07-08
0001817797,Seilern Investment Management Ltd,4,0,2026-07-08
0001905665,Shearwater Capital LLC,4,0,2026-07-08
0001767070,Shulman DeMeo Asset Management LLC,4,0,2026-07-08
0002084965,Sonoma Allocations LLC,4,0,2026-07-08
0002011593,Sprinkle Financial Consultants LLC,4,0,2026-07-08
0001960144,"Strategic Investment Solutions, Inc. /IL",4,0,2026-07-08
0001295044,"Strategic Point Investment Advisors, LLC",4,0,2026-07-08
0001800158,"Sunburst Financial Group, LLC",4,1,2026-07-08
0001814104,"THREADGILL FINANCIAL, LLC",4,0,2026-07-08
0000319933,"THURSTON, SPRINGER, MILLER, HERD & TITAK, INC.",4,0,2026-07-08
0001802868,TL Private Wealth,4,1,2026-07-08
0001629931,"Teamwork Financial Advisors, LLC",4,0,2026-07-08
0002100981,"Thayer Financial, L.L.C.",3,0,2026-07-08
0001817714,"TrueWealth Advisors, LLC",4,0,2026-07-08
0001635633,Trust Point Inc.,4,0,2026-07-08
0002106280,"Turner Capital Investments, LLC",3,0,2026-07-08
0002109366,Twin Cities Retirement Group LLC,3,0,2026-07-08
0001996154,"UNICOM Systems, Inc.",4,0,2026-07-08
0001722641,"Valeo Financial Advisors, LLC",4,1,2026-07-08
0002055229,Victrix Investment Advisors,4,0,2026-07-08
0001598379,WILSEY ASSET MANAGEMENT INC,4,0,2026-07-08
0001843684,"West Financial Advisors, LLC",4,0,2026-07-08
0001813577,"Whitcomb & Hess, Inc.",4,0,2026-07-08
0002001473,White Wing Wealth Management,4,0,2026-07-08
0001998419,"Williams & Novak, LLC",4,0,2026-07-08
0001543100,"Windsor Capital Management, LLC",4,0,2026-07-08
0001927285,"Worth Asset Management, LLC",4,0,2026-07-08
0002009900,"Wynn Capital, LLC",4,0,2026-07-08
0001730817,"180 WEALTH ADVISORS, LLC",4,0,2026-07-07
0002106457,"55 North Private Wealth, LLC",3,0,2026-07-07
0001056827,ARMSTRONG HENRY H ASSOCIATES INC,4,0,2026-07-07
0002016470,"Addis & Hill, Inc",4,0,2026-07-07
0002052868,"Archer Investment Management, LLC",4,0,2026-07-07
0001389848,Arlington Partners LLC,4,0,2026-07-07
0001997685,Arlington Trust Co LLC,4,0,2026-07-07
0001599868,"Avior Wealth Management, LLC",4,0,2026-07-07
0001632812,BDF-GESTION,4,0,2026-07-07
0000014213,BRIGHTON SECURITIES CORP.,7,1,2026-07-07
0001750924,"Balefire, LLC",4,0,2026-07-07
0001729096,"Ballew Advisors, Inc",4,0,2026-07-07
0001968507,Baron Wealth Management LLC,4,0,2026-07-07
0001914644,"Bill Few Associates, Inc.",4,0,2026-07-07
0001845251,"Bison Wealth, LLC",4,0,2026-07-07
0001911322,Byrne Asset Management LLC,4,0,2026-07-07
0001074266,CANANDAIGUA NATIONAL BANK & TRUST CO,3,0,2026-07-07
0001168889,CARDEROCK CAPITAL MANAGEMENT INC,4,0,2026-07-07
0000872098,"CHAPIN DAVIS, INC.",4,0,2026-07-07
0000897378,CONGRESS ASSET MANAGEMENT CO,4,0,2026-07-07
0001561728,COOPER INVESTORS PTY LTD,4,0,2026-07-07
0002106810,Calder Financial LLC,3,0,2026-07-07
0002020066,Central Pacific Bank - Trust Division,4,0,2026-07-07
0001054522,CenturyLink Investment Management Co,4,1,2026-07-07
0002030341,"City Center Advisors, LLC",4,0,2026-07-07
0002062026,"Clark Asset Management, LLC",4,0,2026-07-07
0001905083,"Connective Portfolio Management, LLC",4,0,2026-07-07
0001962005,"Crescent Sterling, Ltd.",4,0,2026-07-07
0001956498,Crocodile Capital Partners GmbH,4,0,2026-07-07
0001901337,"DMKC Advisory Services, LLC",4,0,2026-07-07
0001836266,David J Yvars Group,4,0,2026-07-07
0001599747,Dynamic Advisor Solutions LLC,4,0,2026-07-07
0000743482,ECLECTIC ASSOCIATES INC /ADV,4,0,2026-07-07
0001799435,"EPIQ PARTNERS, LLC",4,0,2026-07-07
0002018815,Emprise Bank,4,0,2026-07-07
0002140235,"Evanson Financial, LLC",1,0,2026-07-07
0000714562,FIRST FINANCIAL CORP /IN/,4,0,2026-07-07
0001845643,"FOCUS Wealth Advisors, LLC",4,0,2026-07-07
0001859259,"Fermata Advisors, LLC",4,0,2026-07-07
0001641438,Financial Enhancement Group LLC,4,0,2026-07-07
0001800597,First Citizens Financial Corp,4,0,2026-07-07
0001808394,Flower City Capital,4,0,2026-07-07
0001841544,"Foster Group, Inc.",4,0,2026-07-07
0002010235,GAMMA Investing LLC,4,0,2026-07-07
0002069222,GK Wealth Management LLC,4,0,2026-07-07
0001697857,Gainplan LLC,4,0,2026-07-07
0002056418,Grant Private Wealth Management Inc,4,0,2026-07-07
0001759803,"Graves Light Lenhart Wealth, Inc.",4,0,2026-07-07
0001940406,Greenfield Savings Bank,4,0,2026-07-07
0001662212,Grove Bank & Trust,4,0,2026-07-07
0001468792,"HARBOR INVESTMENT ADVISORY, LLC",4,0,2026-07-07
0001768130,"HOWARD FINANCIAL SERVICES, LTD.",4,0,2026-07-07
0001277403,"Hamlin Capital Management, LLC",4,0,2026-07-07
0002033094,"Hardin Capital Partners, LLC",4,0,2026-07-07
0002048051,Hiley Hunt Wealth Management,4,0,2026-07-07
0001802279,Hummer Financial Advisory Services Inc,4,0,2026-07-07
0002017735,IMZ Advisory Inc,4,0,2026-07-07
0001633448,"INSPIRION WEALTH ADVISORS, LLC",4,0,2026-07-07
0001902826,"INTEGRAL INVESTMENT ADVISORS, INC.",4,0,2026-07-07
0001608826,"INTEGRATED CAPITAL MANAGEMENT, INC.",4,0,2026-07-07
0001706511,Israel Discount Bank of New York,4,0,2026-07-07
0002051348,JBGlobal.com LLC,4,0,2026-07-07
0001748278,"JGP Wealth Management, LLC",4,0,2026-07-07
0001728689,"Kopion Asset Management, LLC",4,0,2026-07-07
0001705594,"Lake Hills Wealth Management, LLC",4,0,2026-07-07
0001633862,Lincoln Capital LLC,4,0,2026-07-07
0001619532,"M.E. ALLISON & CO., INC.",4,0,2026-07-07
0001092903,MOODY NATIONAL BANK TRUST DIVISION,4,0,2026-07-07
0001792510,"MOULTON WEALTH MANAGEMENT, INC",4,0,2026-07-07
0001535862,"Mader & Shannon Wealth Management, Inc.",4,0,2026-07-07
0001993022,"Madison Park Capital Advisors, LLC",4,0,2026-07-07
0001657428,Manitou Investment Management Ltd.,4,0,2026-07-07
0001731216,"Martin Capital Partners, LLC",4,0,2026-07-07
0001802691,"McNaughton Wealth Management, LLC",4,0,2026-07-07
0001439743,Mechanics Bank Trust Department,4,0,2026-07-07
0002137280,"Midwest Financial Network, LLC",7,0,2026-07-07
0002029294,Mills Wealth Advisors LLC,4,0,2026-07-07
0001633446,Mirador Capital Partners LP,4,0,2026-07-07
0001785717,"ORSER CAPITAL MANAGEMENT, LLC",4,0,2026-07-07
0000947996,"Olstein Capital Management, L.P.",4,0,2026-07-07
0002095931,Paller Financial Services Inc,3,0,2026-07-07
0002033053,"Paul R. Ried Financial Group, LLC",4,0,2026-07-07
0001973339,Pioneer Wealth Management Group,4,0,2026-07-07
0002054476,Post Resch Tallon Group Inc.,4,0,2026-07-07
0001956244,Prodigy Asset Management LLC,4,0,2026-07-07
0002126257,"Prota Financial, LLC",3,0,2026-07-07
0001741426,"Quad-Cities Investment Group, LLC",4,0,2026-07-07
0001795356,"Red Spruce Capital, LLC",4,0,2026-07-07
0002044741,Retirement Wealth Solutions LLC,4,0,2026-07-07
0001053994,SANDERS MORRIS HARRIS LLC,4,0,2026-07-07
0002064225,"SFM, LLC",4,0,2026-07-07
0001484085,"SHAYNE & JACOBS, LLC",4,0,2026-07-07
0001908217,"Sandy Cove Advisors, LLC",4,0,2026-07-07
0001510481,Sarasin & Partners LLP,4,0,2026-07-07
0001696957,"SigFig Wealth Management, LLC",4,0,2026-07-07
0001506409,Silchester International Investors LLP,4,0,2026-07-07
0002007880,Silverberg Bernstein Capital Management LLC,4,0,2026-07-07
0001966171,"St. Louis Financial Planners Asset Management, LLC",4,0,2026-07-07
0002051783,Stark Wealth Management LLC,4,0,2026-07-07
0001550191,"Stonehearth Capital Management, LLC",4,0,2026-07-07
0001818160,Systrade AG,4,0,2026-07-07
0001732537,TLWM,4,0,2026-07-07
0001809187,TT International Asset Management LTD,4,1,2026-07-07
0001847610,"Thrive Wealth Management, LLC",4,0,2026-07-07
0001685364,"Trinity Wealth Management, LLC",4,0,2026-07-07
0002110205,"Value Investment Professionals, LLC",3,1,2026-07-07
0001736079,"WALLER FINANCIAL PLANNING GROUP, INC",4,0,2026-07-07
0001599275,"WALNUT PRIVATE EQUITY PARTNERS, LLC",4,0,2026-07-07
0001927796,"WILLNER & HELLER, LLC",4,0,2026-07-07
0002051491,"Westmount Partners, LLC",4,0,2026-07-07
0002073891,"Wisconsin Wealth Advisors, LLC",4,0,2026-07-07
0001761961,"ACIMA PRIVATE WEALTH, LLC",4,0,2026-07-06
0000791191,ANDERSON HOAGLAND & CO,4,0,2026-07-06
0002090007,Acasta Partners UK LLP,3,0,2026-07-06
0001352675,Bangor Savings Bank,4,0,2026-07-06
0001563690,Boltwood Capital Management,4,0,2026-07-06
0001630939,"Boston Standard Wealth Management, LLC",4,0,2026-07-06
0001779506,Brandywine Financial Group,3,0,2026-07-06
0002075899,Bulwark Capital Corp,4,0,2026-07-06
0001841506,CGN Advisors LLC,4,0,2026-07-06
0001902501,"CoreCap Advisors, LLC",4,0,2026-07-06
0002056922,Dogwood Wealth Management LLC,4,0,2026-07-06
0001107310,"EMINENCE CAPITAL, LP",4,0,2026-07-06
0001800508,"General Partner, Inc.",4,0,2026-07-06
0001767062,"Hobart Private Capital, LLC",4,0,2026-07-06
0002053314,"LEGACY SOLUTIONS, LLC",4,0,2026-07-06
0001786915,"Longview Financial Advisors, Inc.",4,0,2026-07-06
0002065777,"MJT & Associates Financial Advisory Group, Inc.",4,1,2026-07-06
0002090468,"Meadowbrook Wealth Management, LLC",4,0,2026-07-06
0000071210,NEVILLE RODIE & SHAW INC,4,0,2026-07-06
0000074260,OLD REPUBLIC INTERNATIONAL CORP,4,0,2026-07-06
0001936380,"PPS&V ASSET MANAGEMENT CONSULTANTS, INC.",4,0,2026-07-06
0001457005,"PRIVATE CLIENT SERVICES, LLC",4,0,2026-07-06
0002110884,"Pacific Excel Wealth Advisors, Inc.",3,0,2026-07-06
0001738828,Pathway Financial Advisors LLC,4,0,2026-07-06
0001774086,RDA Financial Network,4,0,2026-07-06
0001934226,"Ridgeline Wealth, LLC",4,0,2026-07-06
0001842089,STABLEFORD CAPITAL II LLC,4,0,2026-07-06
0002050968,"Sincerus Advisory, LLC",4,0,2026-07-06
0001597099,Somerset Trust Co,4,0,2026-07-06
0002034894,"Somnio Financial Group, LLC",4,0,2026-07-06
0002056292,"St. Clair Advisors, LLC",4,0,2026-07-06
0002009367,"Stonebridge Financial Group, LLC",4,0,2026-07-06
0000883597,TETRAD CORP,4,0,2026-07-06
0002142345,TTRF Capital Ltd,1,0,2026-07-06
0001722512,Trilogy Capital Inc.,4,0,2026-07-06
0001809574,Trinity Financial Advisors LLC,4,0,2026-07-06
0001730889,Vigilare Wealth Management,4,0,2026-07-06
0001915765,jvl associates llc,4,0,2026-07-06
0001905162,"ATMOS ADVISORY, LLC",4,0,2026-07-02
0001596355,"Asset Management Advisors, LLC",4,0,2026-07-02
0001762716,"BURKETT FINANCIAL SERVICES, LLC",4,0,2026-07-02
0001844891,Bank of Finland,4,0,2026-07-02
0002094120,Box Hill Private Wealth LLC,3,0,2026-07-02
0001845066,COLLECTIVE FAMILY OFFICE LLC,4,0,2026-07-02
0001737089,CX Institutional,4,0,2026-07-02
0001798986,"Cedar Mountain Advisors, LLC",4,0,2026-07-02
0002108559,"Diesslin Group, Inc.",3,0,2026-07-02
0002054496,Eleva Capital SAS,3,0,2026-07-02
0001983616,First County Bank /CT/,4,0,2026-07-02
0002133972,Frisco Financial Planning LLC,7,0,2026-07-02
0002078684,"Gladwyn Financial Advisors, Inc.",4,0,2026-07-02
0002021658,Hilltop National Bank,4,0,2026-07-02
0002095947,KERR FINANCIAL PLANNING Corp,4,3,2026-07-02
0001764970,"Kozak & Associates, Inc.",4,0,2026-07-02
0001103653,"MassMutual Private Wealth & Trust, FSB",4,0,2026-07-02
0001515721,Robert B. Daugherty Foundation,3,0,2026-07-02
0002098300,SWP Investment Management LLC,6,0,2026-07-02
0002076215,Sarver Vrooman Wealth Advisors,4,1,2026-07-02
0001535611,"Silverleafe Capital Partners, LLC",4,0,2026-07-02
0001454138,"Stairway Partners, LLC",4,0,2026-07-02
0001735057,"Versant Capital Management, Inc",4,0,2026-07-02
0002106968,Adelphi Trust Co,3,0,2026-07-01
0001535254,BENJAMIN JOSEPH FLOYD DBA FLOYD CAPITAL MANAGEMENT,4,0,2026-07-01
0001849336,Beacon Wealthcare LLC,4,0,2026-07-01
0001452208,CACTI ASSET MANAGEMENT LLC,4,0,2026-07-01
0001442056,CONFLUENCE INVESTMENT MANAGEMENT LLC,4,0,2026-07-01
0001126395,EASTERN BANK,4,0,2026-07-01
0001315339,First Financial Bank - Trust Division,4,0,2026-07-01
0001860928,GP Brinson Investments LLC,4,0,2026-07-01
0001912297,Global Wealth Strategies & Associates,4,0,2026-07-01
0001987261,"Marathon Mission, Inc.",4,0,2026-07-01
0002099097,"Miller Global Investments, LLC",3,0,2026-07-01
0002055065,Noble Wealth Management PBC,4,0,2026-07-01
0000820434,PVG ASSET MANAGEMENT CORP,5,0,2026-07-01
0001301542,PartnerRe Asset Management CORP,3,0,2026-07-01
0001297731,Pensionfund PDN,4,0,2026-07-01
0001637246,Pensionfund Sabic,5,0,2026-07-01
0002054149,Roxbury Financial LLC,4,0,2026-07-01
0001788558,Samson Rock Capital LLP,4,1,2026-07-01
0002008165,Trust Co of the South,4,0,2026-07-01
0001845843,"VectorGlobal IAG, Inc.",1,0,2026-06-30
0002136331,J. R. Prunier Capital Management LLC,2,0,2026-06-15
0002137383,Contango Wealth Management LLC,2,0,2026-06-09
0002064821,"Verus Advisory, Inc.",2,0,2026-06-05
0001874146,Tenret Co LLC,3,0,2026-05-27
0002105389,Serenity Investment Advisors,2,0,2026-05-26
0002112134,Coastline Complete Wealth LLC,2,0,2026-05-22
0002056088,Groupe la Francaise,3,0,2026-05-21
0001855967,January Capital Advisors LLC,1,0,2026-05-20
0001179791,CIM INVESTMENT MANAGEMENT INC,3,0,2026-05-19
0001642058,"Financial Insights, Inc.",3,0,2026-05-19
0001701714,"McIlrath & Eck, LLC",3,0,2026-05-19
0001673633,Silicon Valley Capital Partners,4,0,2026-05-19
0001081019,CALIFORNIA STATE TEACHERS RETIREMENT SYSTEM,3,0,2026-05-18
0002053750,"CAPITAL & PLANNING, LLC",3,0,2026-05-18
0002060278,Claris Financial LLC,3,0,2026-05-18
0001274173,JANUS HENDERSON GROUP PLC,3,1,2026-05-18
0002038540,Situational Awareness Partners LP,1,0,2026-05-18
0001925220,"Strategic Planning, Inc.",4,0,2026-05-18
0001632932,"Sunbelt Securities, Inc.",3,0,2026-05-18
0000816788,TANAKA CAPITAL MANAGEMENT INC,3,0,2026-05-18
0001990467,"Talon Private Wealth, LLC",1,0,2026-05-18
0001800261,"AREX Capital Management, LP",3,0,2026-05-15
0001622610,Absolute Gestao de Investimentos Ltda.,3,0,2026-05-15
0002009486,"Alternative Investment Advisors, LLC.",6,0,2026-05-15
0001802838,BRIGHTLIGHT CAPITAL MANAGEMENT LP,3,0,2026-05-15
0001388142,"Bedell Frazier Investment Counselling, LLC",3,0,2026-05-15
0001614986,Boussard & Gavaudan Investment Management LLP,3,0,2026-05-15
0002035548,Brown Financial Advisors,3,0,2026-05-15
0001372218,CPMG Inc,3,0,2026-05-15
0002031771,"Corigliano Investment Advisers, LLC",3,0,2026-05-15
0001531611,Covalent Partners LLC,3,0,2026-05-15
0002065207,Evelyn Partners Asset Management Ltd,4,2,2026-05-15
0002065055,Evelyn Partners Investment Management,4,2,2026-05-15
0002065206,Evelyn Partners Investment Management LLP,4,2,2026-05-15
0002065205,Evelyn Partners Investment Management Services Ltd,4,2,2026-05-15
0001636441,Immersion Capital LLP,3,0,2026-05-15
0001540866,Makaira Partners LLC,3,0,2026-05-15
0001792635,Nebula Research & Development LLC,3,0,2026-05-15
0001965773,"Northeast Financial Group, Inc.",3,0,2026-05-15
0001571727,Oakum Bay Capital LLC,2,0,2026-05-15
0001047859,PARAGON ASSOCIATES & PARAGON ASSOCIATES II JOINT VENTURE,3,0,2026-05-15
0001336528,"Pershing Square Capital Management, L.P.",3,0,2026-05-15
0001910323,"Ritter Alpha, LP",4,0,2026-05-15
0000894309,SECURITY NATIONAL BANK OF SIOUX CITY IOWA /IA/,3,0,2026-05-15
0001105909,SECURITY NATIONAL BANK OF SO DAK,3,0,2026-05-15
0001682598,"Sapience Investments, LLC",3,0,2026-05-15
0001848237,"SkyView Investment Advisors, LLC",3,0,2026-05-15
0002093782,Stenham Asset Management,3,0,2026-05-15
0002109050,Trask Adam Roland,1,0,2026-05-15
0001846311,Vancity Investment Management Ltd,3,1,2026-05-15
0001475483,AMERICAN SECURITIES LLC,3,0,2026-05-14
0001535847,"CWM, LLC",3,0,2026-05-14
0001631941,"Capital Planning Advisors, LLC",3,0,2026-05-14
0001951908,"INTEGRITY WEALTH ADVISORS, INC.",3,0,2026-05-14
0001964962,"Mill Creek Capital Advisors, LLC",3,0,2026-05-14
0001974277,"North Ridge Wealth Advisors, Inc.",3,0,2026-05-14
0001323953,"RGM Capital, LLC",3,0,2026-05-14
0002114319,"Cygnus Capital Advisors, LLC",2,0,2026-05-13
0002081110,Gibbs Wealth Management,8,0,2026-05-13
0001936249,Infini Capital Management Ltd,3,0,2026-05-13
0001404652,"Jaffetilchin Investment Partners, LLC",3,0,2026-05-13
0001664017,Packer & Co Ltd,3,0,2026-05-13
0001455267,Parkside Financial Bank & Trust,3,0,2026-05-13
0001602020,"Anfield Capital Management, LLC",3,0,2026-05-12
0002011271,Bey-Douglas LLC,3,0,2026-05-12
0001731029,Greencape Capital Pty Ltd,3,0,2026-05-12
0002033266,Optimize Financial Inc,3,0,2026-05-12
0001082509,SMITH CHAS P & ASSOCIATES PA CPAS,3,0,2026-05-12
0002006045,"SymBiosis Capital Partners, LLC",2,0,2026-05-12
0001965208,Viola Ventures V.C. Management 4 Ltd.,3,0,2026-05-12
0001656282,First Affirmative Financial Network,3,1,2026-05-11
0002122489,"MSRH, LLC",2,0,2026-05-11
0002063941,Stillwater Wealth Management Group,3,0,2026-05-11
0001535452,Andra AP-fonden,3,0,2026-05-08
0001818014,CYBER HORNET ETFs LLC,3,0,2026-05-08
0002105385,"Capital Developers, LLC",2,0,2026-05-08
0001741736,"Financial Gravity Asset Management, Inc.",3,0,2026-05-08
0001767049,"Jackson Hole Capital Partners, LLC",3,0,2026-05-08
0001432539,"Strategic Financial Services, Inc.",3,0,2026-05-08
0001520309,Mizuho Securities Co. Ltd.,3,0,2026-05-07
0002132204,"My Portfolio Guide, LLC",1,0,2026-05-06
0001989061,Premier Financial Group,3,0,2026-05-06
0001849529,"Revere Asset Management, Inc",11,0,2026-05-06
0002016209,SHEPHERD WEALTH MANAGEMENT Ltd LIABILITY Co,3,0,2026-05-06
0001985414,"Cherry Tree Wealth Management, LLC",3,0,2026-05-05
0001912202,"Leo Wealth, LLC",3,0,2026-05-05
0001600307,"SIGNET FINANCIAL MANAGEMENT, LLC",3,0,2026-05-05
0002114167,CFO CAPITAL MANAGEMENT LLC,2,0,2026-05-04
0002055532,"Coordinated Financial Services, Inc.",3,0,2026-05-04
0002039501,"Fortress Financial Solutions, LLC",3,0,2026-05-04
0001634149,"Anchor Investment Management, LLC",3,0,2026-05-01
0001819275,BCK CAPITAL MANAGEMENT LP,3,0,2026-05-01
0001907157,"Financial Connections Group, Inc.",3,0,2026-05-01
0001513227,"Smart Portfolios, LLC",3,0,2026-05-01
0001534561,"Vantage Investment Partners, LLC",3,0,2026-05-01
0002132683,"Summit Portfolio Management, LTD.",1,0,2026-04-30
0001795705,Brooklyn Investment Group,3,1,2026-04-29
0001542164,"Efficient Advisors, LLC",3,1,2026-04-29
0001766918,Opes Wealth Management LLC,3,0,2026-04-29
0001900110,"DGS Capital Management, LLC",5,0,2026-04-28
0001576151,"EXENCIAL WEALTH ADVISORS, LLC",3,0,2026-04-28
0001598304,"GM Advisory Group, LLC",3,0,2026-04-28
0001519462,HealthCor Partners Management LP,3,0,2026-04-28
0002131053,Parrish Capital LLC,2,0,2026-04-28
0002121884,"Integrity Wealth Partners, LLC",1,0,2026-04-27
0001638081,RWC ASSET ADVISORS,3,0,2026-04-27
0001455969,"Reynders McVeigh Capital Management, LLC",4,0,2026-04-27
0002060725,CIBRA Capital Ltd,2,0,2026-04-24
0001810720,"Charter Oak Capital Management, LLC",3,0,2026-04-24
0001893327,FRG Family Wealth Advisors LLC,3,0,2026-04-24
0001548059,"TCFG WEALTH MANAGEMENT, LLC",3,1,2026-04-24
0002111347,"TSG Advice Partners, LLC",2,0,2026-04-24
0002077940,rebel Financial LLC,3,0,2026-04-24
0002018090,"Catalina Capital Group, LLC",3,0,2026-04-23
0001964829,"Marmo Financial Group, LLC",3,0,2026-04-23
0001016972,ARCADIA INVESTMENT MANAGEMENT CORP/MI,3,0,2026-04-22
0002106766,"Brandywine Asset Management, Inc.",2,0,2026-04-22
0002113970,"Financially in Tune, LLC",2,0,2026-04-22
0002078696,KW WEALTH MANAGEMENT LLC,3,0,2026-04-22
0001528214,Richard Bernstein Advisors LLC,3,0,2026-04-22
0000906396,MOSELEY INVESTMENT MANAGEMENT INC,3,0,2026-04-21
0001910488,Red Tortoise LLC,3,0,2026-04-21
0002077046,Willow Financial LLC,2,0,2026-04-21
0001828064,AMIRAL GESTION,5,2,2026-04-20
0000014745,"BROWN, LISLE/CUMMINGS, INC.",3,0,2026-04-20
0001494311,"Greenstone Partners, L.P.",1,1,2026-04-20
0002059649,Capstone Wealth Management Group LLC,3,0,2026-04-16
0002013460,True Vision MN LLC,3,0,2026-04-16
0001664385,"CAPITAL INSIGHT PARTNERS, LLC",3,0,2026-04-15
0001909316,JOURNEY STRATEGIC WEALTH LLC,3,0,2026-04-15
0002108148,Gildi - lifeyrissjodur,2,0,2026-04-14
0001633716,USA FINANCIAL FORMULAS,3,0,2026-04-14
0002109061,"MLP3, LLC",2,0,2026-04-13
0001842015,"Sterling Manor Financial, LLC",3,0,2026-04-13
0001870300,Asset Value Investors Ltd,3,0,2026-04-09
0002035872,LIFE LINE WEALTH MANAGEMENT LLC,3,0,2026-04-09
0001834985,"TruWealth Advisors, LLC",3,0,2026-04-09
0000759458,CANANDAIGUA NATIONAL CORP,1,0,2026-04-08
0001471384,Canandaigua National Trust Co of Florida,3,0,2026-04-08
0001626379,"Evanson Asset Management, LLC",3,0,2026-04-08
0002049176,RoundAngle Advisors LLC,3,0,2026-04-08
0001844892,"Sandbox Financial Partners, LLC",3,0,2026-04-08
0001318055,FARMERS TRUST CO,3,0,2026-04-07
0001808915,"U.S. Capital Wealth Advisors, LLC",3,0,2026-04-07
0001943228,Horizons Wealth Management,3,0,2026-04-02
0001869316,Laurus Global Equity Management Inc.,3,0,2026-04-01
0001736666,Signature Wealth Management Group,3,0,2026-04-01
0001991463,"Prosperity Wealth Management, Inc.",2,0,2026-03-27
0001912562,Galaxy Group Investments LLC,5,1,2026-03-24
0001554427,"U S WEALTH GROUP, LLC.",2,0,2026-03-17
0002110880,"AG Campbell Advisory, LLC",1,1,2026-03-11
0002108398,Reflection Asset Management,1,0,2026-03-02
0002112709,"SG Trading Solutions, LLC",1,0,2026-02-24
0001302815,SB Capital Management Inc,1,0,2026-02-20
0002072140,"Aznar Financial Advisors, LLC",1,0,2026-02-19
0001569139,"High Falls Advisors, Inc",2,0,2026-02-18
0001012622,ORACLE INVESTMENT MANAGEMENT INC,2,0,2026-02-18
0002111890,Skyview Financial Group LLC,1,0,2026-02-18
0002009911,14B Captial Management LP,2,0,2026-02-17
0001841077,272 Capital LP,2,0,2026-02-17
0000860662,"ANGELO GORDON & CO., L.P.",2,0,2026-02-17
0001940461,"Advanced Portfolio Management, LLC",2,0,2026-02-17
0001801297,Al Mehwar Commercial Investments LLC,2,0,2026-02-17
0002075444,Al Warda Investments RSC Ltd,2,0,2026-02-17
0001750183,Antara Capital LP,2,0,2026-02-17
0001761435,COWBIRD CAPITAL LP,2,0,2026-02-17
0001840306,Clearview Wealth Advisors LLC,2,0,2026-02-17
0001801577,"Cota Capital Management, LLC",2,0,2026-02-17
0001631054,"Creegan & Nassoura Financial Group, LLC",2,0,2026-02-17
0001565683,"EnCap Energy Capital Fund IX, L.P.",2,0,2026-02-17
0001504103,"EnCap Energy Capital Fund VIII, L.P.",2,0,2026-02-17
0001636722,"EnCap Energy Capital Fund X, L.P.",2,0,2026-02-17
0001693946,"EnCap Energy Capital Fund XI, L.P.",2,0,2026-02-17
0001970507,"EnCap Energy Capital Fund XII, L.P.",1,0,2026-02-17
0001726182,"EnCap Partners GP, LLC",2,0,2026-02-17
0001339161,"Fine Capital Partners, L.P.",2,0,2026-02-17
0001853431,"Founders Fund Growth Management, LLC",2,0,2026-02-17
0001695329,"Founders Fund II Management, LLC",2,0,2026-02-17
0001852758,"Founders Fund III Management, LLC",2,0,2026-02-17
0001616081,"Founders Fund IV Management, LLC",2,0,2026-02-17
0001697733,"Founders Fund V Management, LLC",2,0,2026-02-17
0001853382,"Founders Fund VI Management, LLC",2,0,2026-02-17
0001846021,"Founders Fund VII Management, LLC",2,0,2026-02-17
0001779763,Iron Triangle Partners LP,2,0,2026-02-17
0001601692,KOTLER KEVIN,1,0,2026-02-17
0001911807,KRYGER CAPITAL Ltd,2,0,2026-02-17
0002015822,"MGB Wealth Management, LLC",2,0,2026-02-17
0001425649,"MIG Capital, LLC",2,0,2026-02-17
0001672666,"MSOP GP, L.L.C.",1,0,2026-02-17
0002111120,MWG Caph Ltd,1,0,2026-02-17
0002060676,"Mercato Partners Growth III GP, LLC",1,0,2026-02-17
0001279342,PERRITT CAPITAL MANAGEMENT INC,2,0,2026-02-17
0001614704,RIVERPARK CAPITAL MANAGEMENT LLC,2,0,2026-02-17
0001802893,Rip Road Capital Partners LP,2,0,2026-02-17
0001840629,"Running Point Capital Advisors, LLC",2,0,2026-02-17
0001965377,SHERBROOKE PARK ADVISERS LLC,2,0,2026-02-17
0001880562,Sandia Investment Management LP,2,0,2026-02-17
0001849457,"8 KNOTS MANAGEMENT, LLC",2,0,2026-02-13
0001062938,CORNERCAP INVESTMENT COUNSEL INC,2,0,2026-02-13
0001766561,Geo Capital Gestora de Recursos Ltd,2,0,2026-02-13
0000870481,INVESCO SENIOR SECURED MANAGEMENT INC /ADV,2,0,2026-02-13
0001605911,"Jackson Square Partners, LLC",2,0,2026-02-13
0001887785,"Madrona Venture Group, LLC",2,0,2026-02-13
0002024873,Motiv8 Investments LLC,2,0,2026-02-13
0001775863,"NICOLET ADVISORY SERVICES, LLC",2,0,2026-02-13
0001080380,PROSPECTOR PARTNERS LLC,2,0,2026-02-13
0001549553,"SOUTHPORT MANAGEMENT, L.L.C.",2,0,2026-02-13
0002105610,"Safe Harbor Wealth Advisors, LLC",1,0,2026-02-13
0001762997,"Total Wealth Planning, LLC",2,0,2026-02-13
0001489859,"Yost Capital Management, LP",2,0,2026-02-13
0001298088,CIBC Private Wealth Group LLC,2,0,2026-02-12
0001056527,CIBC WORLD MARKETS CORP,1,0,2026-02-12
0001789779,Candlestick Capital Management LP,2,0,2026-02-12
0001927881,EHP Funds Inc.,2,0,2026-02-12
0001537720,FineMark National Bank & Trust,2,0,2026-02-12
0001665221,Incentive AS,2,0,2026-02-12
0001551867,Litman Gregory Wealth Management LLC,2,0,2026-02-12
0001412665,"MidWestOne Financial Group, Inc.",2,0,2026-02-12
0002011247,"NDVR, Inc.",2,0,2026-02-12
0002052480,Planning Project LLC,1,0,2026-02-12
0002049804,"Pollock Investment Advisors, LLC",2,0,2026-02-12
0002011250,QSV Equity Investors LLC,2,0,2026-02-12
0001546773,RCF Management L.L.C.,2,0,2026-02-12
0001140038,ALLIANZ INVESTMENT MANAGEMENT LLC,1,0,2026-02-11
0001278641,BEDDOW CAPITAL MANAGEMENT INC,2,0,2026-02-11
0000829108,"Brandywine Global Investment Management, LLC",2,0,2026-02-11
0001530237,"IA Venture Strategies Fund II, LP",2,0,2026-02-11
0001569855,Janney Capital Management LLC,2,0,2026-02-11
0000310436,MEKETA INVESTMENT GROUP INC /ADV,2,0,2026-02-11
0001843547,Vantage Consulting Group Inc,2,0,2026-02-11
0001879206,"Blue Barn Wealth, LLC",2,0,2026-02-10
0001740316,Gifford Fong Associates,2,0,2026-02-10
0001844818,HCC Manager LLC,2,0,2026-02-10
0002041436,"Principia Wealth Advisory, LLC",2,0,2026-02-10
0001653857,Rovida Advisors Inc.,2,0,2026-02-10
0001935000,TRANSATLANTIQUE PRIVATE WEALTH LLC,2,0,2026-02-10
0002053960,LongView Asset Management LLC,2,0,2026-02-09
0001059057,ROVIN CAPITAL /UT/ /ADV,2,1,2026-02-09
0001731837,"GPS Wealth Strategies Group, LLC",2,0,2026-02-06
0001909654,New Millennium Group LLC,2,0,2026-02-06
0001910482,REDMONT WEALTH ADVISORS LLC,3,0,2026-02-06
0001910185,"Cook Wealth, LLC",1,0,2026-02-05
0002011402,Edge Financial Advisors LLC,3,0,2026-02-05
0001051487,"FIRST CITIZENS INVESTOR SERVICES, INC.",2,1,2026-02-05
0002023170,Passumpsic Savings Bank,1,0,2026-02-05
0001805114,"Quent Long Short Global Small Cap Fund, LP",1,1,2026-02-05
0001965239,STF Management LP,2,0,2026-02-05
0002011780,"Schulz Wealth, LTD.",2,0,2026-02-05
0001870012,TUCKER ASSET MANAGEMENT LLC,4,0,2026-02-05
0002055566,Terra Alpha Investments LLC,2,0,2026-02-05
0001988547,AIFG Consultants Ltd.,2,0,2026-02-04
0002045414,"Pandora Wealth, Inc.",2,0,2026-02-04
0001005354,VIRGINIA RETIREMENT SYSTEMS ET Al,2,0,2026-02-04
0002015682,VanderPol Investments L.L.C.,2,0,2026-02-04
0001580830,"Alpha Cubed Investments, LLC",2,0,2026-02-03
0001911766,"Vantage Financial Partners, LLC",2,0,2026-02-03
0001912451,"Bullseye Investment Management, LLC",1,0,2026-02-02
0001752035,"Heritage Financial Services, LLC",2,0,2026-02-02
0001903296,"Long Run Wealth Advisors, LLC",2,0,2026-02-02
0001653253,"Stuart Chaussee & Associates, Inc.",2,0,2026-02-02
0001299939,Cadence Bank,2,0,2026-01-30
0001766788,"Centerstone Investors, LLC",2,0,2026-01-30
0002041678,PURE PORTFOLIOS HOLDINGS LLC,2,0,2026-01-30
0000901541,COMERICA BANK,2,0,2026-01-29
0002010693,"New Century Financial Group, LLC",2,0,2026-01-29
0000102909,VANGUARD GROUP INC,2,0,2026-01-29
0001867570,Dentgroup LLC,2,0,2026-01-28
0002010014,"Grunden Financial Advisory, Inc.",2,0,2026-01-27
0000881432,MERITAGE PORTFOLIO MANAGEMENT,2,0,2026-01-27
0001730404,Northwest Capital Management Inc,2,0,2026-01-26
0002106233,Pursuit Wealth Management LLC,1,0,2026-01-26
0001906275,Bowman & Co S.C.,2,0,2026-01-23
0001904828,FOREFRONT WEALTH MANAGEMENT INC.,2,0,2026-01-23
0002105032,"John S. & James L. Knight Foundation, Inc.",1,0,2026-01-23
0002020726,McCarthy & Cox,2,0,2026-01-23
0001762344,Advantage Alpha Capital Partners LP,2,0,2026-01-22
0001631562,CCLA Investment Management,2,0,2026-01-22
0002027950,NRI Wealth Management LC,2,0,2026-01-22
0001689874,O'Brien Wealth Partners LLC,2,0,2026-01-22
0002065136,"Ransom Advisory, Ltd",6,1,2026-01-22
0001534242,"Kawa Capital Management, Inc",2,0,2026-01-21
0001843283,"Touchstone Capital, Inc.",2,0,2026-01-21
0001531971,XR Securities LLC,2,0,2026-01-21
0001800328,"Austin Private Wealth, LLC",2,0,2026-01-20
0002055836,"CROWLEY WEALTH MANAGEMENT, INC.",2,0,2026-01-16
0001775530,"Oldfather Financial Services, LLC",2,0,2026-01-16
0001664214,"Clarius Group, LLC",2,0,2026-01-14
0002009012,Inflection Point Investments LLP,2,0,2026-01-14
0001979372,ORG Partners LLC,2,0,2026-01-14
0001569174,VANTAGE WEALTH,2,0,2026-01-14
0002032121,"SAGE ADVISORS, LLC",2,0,2026-01-13
0001961632,"Stephens Consulting, LLC",2,0,2026-01-13
0001633674,AllSquare Wealth Management LLC,1,0,2026-01-12
0001730787,"Divergent Planning, LLC",2,1,2026-01-12
0000898399,KEMPNER CAPITAL MANAGEMENT INC.,2,0,2026-01-12
0001926344,"Lanham O'Dell & Company, Inc.",2,0,2026-01-12
0001884252,Qalhat Capital Ltd,2,0,2026-01-12
0001803425,CAROLINAS WEALTH CONSULTING LLC,2,0,2026-01-09
0001576584,"Aveo Capital Partners, LLC",2,0,2026-01-08
0001286295,"Profit Investment Management, LLC",2,0,2026-01-08
0002015721,Livelsberger Financial Advisory,2,0,2026-01-07
0002014739,"Yeomans Consulting Group, Inc.",2,0,2026-01-07
0001803120,Aryeh Capital Management Ltd.,2,0,2026-01-05
0001595686,"RK Asset Management, LLC",2,0,2026-01-05
0001774035,NewGen Equity Long/Short Fund,1,2,2025-12-19
0001874374,"Lindenwold Advisors, INC",1,0,2025-12-16
0001566113,"Court Place Advisors, LLC",1,0,2025-11-25
0001657733,"Watts Gwilliam & Co., LLC",2,0,2025-11-21
0001765285,"Apexium Financial, LP",1,0,2025-11-18
0001804256,FSA Wealth Management LLC,1,0,2025-11-17
0001343916,IMS Capital Management,1,0,2025-11-17
0002006967,"Solari Capital Management, LLC",1,0,2025-11-17
0001991301,"Sterling Financial Group, Inc.",1,0,2025-11-17
0002011812,"1858 WEALTH MANAGEMENT, LLC",1,0,2025-11-14
0001826635,AXA Investment Managers S.A.,1,0,2025-11-14
0001732621,Albar Capital Ltd,1,0,2025-11-14
0001978599,Allostery Investments LP,1,0,2025-11-14
0002002603,"BRASS TAX WEALTH MANAGEMENT, INC",1,0,2025-11-14
0001340807,"Bares Capital Management, Inc.",1,0,2025-11-14
0002060308,Binnacle Investments Inc,1,0,2025-11-14
0001887492,"Clear Sky Carbon Solutions Investment Management, LLC",1,0,2025-11-14
0001910417,Corton Capital Inc.,1,0,2025-11-14
0001603465,"Cubist Systematic Strategies, LLC",1,0,2025-11-14
0001741024,"DUALITY ADVISERS, LP",1,0,2025-11-14
0000948518,"Dai-ichi Life Holdings, Inc.",1,0,2025-11-14
0001707096,Dynamo Administracao de Recursos Ltda.,1,0,2025-11-14
0001598340,EFG Asset Management,1,0,2025-11-14
0001835549,ENGINE NO. 1 LLC,1,0,2025-11-14
0001802837,Ebor Charitable Trust,1,0,2025-11-14
0001375345,"EnerVest, Ltd.",1,0,2025-11-14
0001910942,Evergreen Venture Partners Ltd.,1,0,2025-11-14
0001757617,"Full Sail Capital, LLC",1,0,2025-11-14
0001691944,"G.F.W. Energy XI, L.P.",1,0,2025-11-14
0001860989,"G.F.W. Energy XII, L.P.",1,0,2025-11-14
0001277158,GRAND JEAN CAPITAL MANAGEMENT INC,1,0,2025-11-14
0001921789,"Grafton Street Partners Fund, LP",1,0,2025-11-14
0001595907,"HGI Capital Management, LLC",1,0,2025-11-14
0001914186,Hernani LP,1,0,2025-11-14
0001908316,"In-Depth Partners, LLC",1,0,2025-11-14
0001716997,"Institutional Venture Management XVI, LLC",1,0,2025-11-14
0001603837,Ion Asset Management Ltd.,1,0,2025-11-14
0001803121,"KINNEY ASSET MANAGEMENT, LLC",1,0,2025-11-14
0002037231,Kent Lake PR LLC,1,0,2025-11-14
0001259927,LASRY MARC,1,0,2025-11-14
0001942401,"LMDAGG, L.L.C.",1,0,2025-11-14
0001279627,"Laird Norton Wetherby Wealth Management, LLC",1,0,2025-11-14
0001778719,Lodbrok Capital LLP,1,0,2025-11-14
0001698093,MASO CAPITAL PARTNERS Ltd,1,0,2025-11-14
0001263048,MPM ASSET MANAGEMENT LLC,1,0,2025-11-14
0001884716,Nekton Capital Ltd.,1,0,2025-11-14
0001631614,"New Leaf Venture Partners, L.L.C.",1,0,2025-11-14
0001640361,"Otter Creek Advisors, LLC",1,0,2025-11-14
0001478032,"Pharo Management, Inc.",1,0,2025-11-14
0001531721,"PineBridge Investments, L.P.",1,0,2025-11-14
0002017863,Point72,1,0,2025-11-14
0001666791,Point72 Asia,1,0,2025-11-14
0001698051,Point72 Europe,1,0,2025-11-14
0001599822,Point72 Hong Kong Ltd,1,0,2025-11-14
0002006887,"Point72 Italy, S.r.l.",1,0,2025-11-14
0001949771,Point72 Middle East FZE,1,0,2025-11-14
0001827377,Rokos Capital Management,1,0,2025-11-14
0001374246,SC XII MANAGEMENT LLC,1,0,2025-11-14
0001512746,"STONE RUN CAPITAL, LLC",1,0,2025-11-14
0001941151,Sagard Holdings Management Inc.,1,0,2025-11-14
0001691437,"Section 32 GP 1, LLC",1,0,2025-11-14
0001984146,Stonepeak GP Investors Holdings Manager LLC,1,0,2025-11-14
0001956031,Thematics Asset Management,1,0,2025-11-14
0001524493,"V3 Capital Management, L.P.",1,0,2025-11-14
0001857418,"Vector Capital Management, L.P.",1,0,2025-11-14
0001905111,VeriStar Capital Management LP,1,0,2025-11-14
0000927337,"WOLVERINE TRADING, LLC",1,0,2025-11-14
0000938582,YALE UNIVERSITY,1,0,2025-11-14
0001772940,Yarra Square Partners LP,1,0,2025-11-14
0001480532,"York Capital Management Global Advisors, LLC",1,0,2025-11-14
0002021808,Arkhouse Management Co. LP,1,0,2025-11-13
0001668453,Asia Research & Capital Management Ltd,1,0,2025-11-13
0001362948,"Aurelius Capital Management, LP",1,0,2025-11-13
0002026666,"Avalon Ventures Management, LLC",1,0,2025-11-13
0001531612,"Cove Street Capital, LLC",1,0,2025-11-13
0002055810,Eisler Capital Management Ltd.,1,0,2025-11-13
0001834630,Exos Asset Management LLC,1,0,2025-11-13
0001569866,GLOBAL VALUE INVESTMENT CORP.,1,0,2025-11-13
0001644465,"Glenmede Investment Management, LP",1,0,2025-11-13
0001817187,"INCLUSIVE CAPITAL PARTNERS, L.P.",1,0,2025-11-13
0001737348,NUCLEO CAPITAL LTDA.,1,0,2025-11-13
0001070304,ORIX CORP,1,1,2025-11-13
0001909128,Obsidian Personal Planning Solutions LLC,1,0,2025-11-13
0001802131,"Old Well Partners, LLC",1,0,2025-11-13
0001714260,"Pearl River Capital, LLC",1,0,2025-11-13
0002054921,"Promus Capital, LLC",1,0,2025-11-13
0001919283,ROB Exploration LLC,1,0,2025-11-13
0001697729,"Summit X, LLC",1,0,2025-11-13
0001395064,TAKEDA PHARMACEUTICAL CO LTD,1,0,2025-11-13
0001077428,TEXAS CAPITAL BANCSHARES INC/TX,1,0,2025-11-13
0001480916,"WMS Partners, LLC",1,0,2025-11-13
0001138897,"Western Asset Management Company, LLC",1,0,2025-11-13
0001690675,ATOMVEST Ltd,1,0,2025-11-12
0001878495,ATW SPAC MANAGEMENT LLC,1,0,2025-11-12
0002056519,"Accredited Wealth Management, LLC",1,0,2025-11-12
0001591986,"Aquilo Capital Management, LLC",1,0,2025-11-12
0001702492,"Ascent Capital Management, LLC",1,0,2025-11-12
0001315868,Burgundy Asset Management Ltd.,1,0,2025-11-12
0001542952,Burren Capital Advisors Ltd,1,0,2025-11-12
0001033505,COBBLESTONE CAPITAL ADVISORS LLC /NY/,1,0,2025-11-12
0001317627,COMPASS GROUP LLC,1,0,2025-11-12
0001963062,Forge First Asset Management Inc.,1,0,2025-11-12
0001049854,"HAP TRADING, LLC",1,0,2025-11-12
0000923338,KOCH INDUSTRIES LLC,1,0,2025-11-12
0001845151,MWG Management Ltd.,1,0,2025-11-12
0001878232,Mithril II GP LP,1,0,2025-11-12
0001602844,NAPA WEALTH MANAGEMENT,1,0,2025-11-12
0001782866,Newlight Partners LP,1,0,2025-11-12
0001964382,"PALO ALTO WEALTH ADVISORS, LLC",1,0,2025-11-12
0001665887,SQN Investors LP,1,0,2025-11-12
0001690451,Teleios Capital Partners GmbH,1,0,2025-11-12
0001620062,"WYNNCHURCH CAPITAL PARTNERS IV, L.P.",1,0,2025-11-12
0001632407,Willow Creek Wealth Management Inc.,1,0,2025-11-12
0001807622,Certares Management LLC,1,0,2025-11-10
0001965482,"Foundry Group Next, LLC",1,0,2025-11-10
0002002785,IGP Investments,2,0,2025-11-10
0001801991,"Lion Street Advisors, LLC",1,0,2025-11-10
0001181100,MADISON DEARBORN PARTNERS LLC,1,0,2025-11-10
0001608618,MARLIN SAMS CAPITAL MANAGEMENT LLC,1,0,2025-11-10
0001787862,"Pelion, Inc.",1,0,2025-11-10
0001632226,"Pillar Wealth Advisors, LLC",1,0,2025-11-10
0001909617,"Qiming U.S. Ventures Management, LLC",1,0,2025-11-10
0000719739,SVB FINANCIAL GROUP,1,0,2025-11-10
0002052591,Siligmueller & Norvid Wealth Advisors LLC,1,0,2025-11-10
0001599950,Amica Retiree Medical Trust,1,0,2025-11-07
0001989526,"Certus Wealth Management, LLC",1,0,2025-11-07
0001766909,"Financial Advisors, LLC",1,0,2025-11-07
0001750432,"NewView Capital Partners I, LLC",1,0,2025-11-07
0002040055,Pamalican Asset Management Ltd,1,0,2025-11-07
0001211028,SHELL ASSET MANAGEMENT CO,1,0,2025-11-07
0000018349,SYNOVUS FINANCIAL CORP,1,0,2025-11-07
0001811034,1623 Capital LLC,1,0,2025-11-06
0000007773,ASSET PLANNING CORPORATION,1,0,2025-11-06
0002011645,Abich Financial Wealth Management LLC,1,0,2025-11-06
0001860935,Allianz Investment Management U.S. LLC,1,0,2025-11-06
0001832467,"Annie E. Casey Foundation, Inc.",1,0,2025-11-06
0002019492,"Bryce Point Capital, LLC",1,0,2025-11-06
0001279887,CINCINNATI LIFE INSURANCE CO,1,0,2025-11-06
0001730293,Financial Advocates Investment Management,1,0,2025-11-06
0001300979,"Genesis Investment Management, LLP",1,0,2025-11-06
0001549449,"Gunma Bank,Ltd.",1,0,2025-11-06
0001962373,Leading Securities Co Ltd,1,0,2025-11-06
0001883367,"MAINSAIL MANAGEMENT COMPANY, LLC",1,0,2025-11-06
0001912294,"Sozo Ventures GP II, L.P.",1,0,2025-11-06
0001553936,TYBOURNE CAPITAL MANAGEMENT,1,0,2025-11-06
0001833780,"Wealthstream Advisors, Inc.",1,0,2025-11-06
0001612041,Burt Wealth Advisors,1,0,2025-11-05
0001666749,"Castle Creek Capital Partners VI, LP",1,0,2025-11-05
0002030910,FULLCIRCLE WEALTH LLC,1,0,2025-11-05
0001181544,GARLAND CAPITAL MANAGEMENT INC,1,0,2025-11-05
0001879976,"IDG Technology Venture Investment IV, LLC",1,0,2025-11-05
0001842840,Lokken Investment Group LLC,1,0,2025-11-05
0001697934,"Moloney Securities Asset Management, LLC",1,0,2025-11-05
0001415201,"SPC Financial, Inc.",1,0,2025-11-05
0001567738,"Sensible Financial Planning & Management, LLC.",1,0,2025-11-05
0001737987,"Wells Trecaso Financial Group, LLC",1,0,2025-11-05
0001626691,"American Assets Capital Advisers, LLC",1,0,2025-11-04
0001854024,Blue Creek Capital Management Ltd,1,0,2025-11-04
0002036718,Galaxy Digital Capital Management LP,1,0,2025-11-04
0001861558,"Gitterman Wealth Management, LLC",1,0,2025-11-04
0002055363,Guerra Advisors Inc,1,0,2025-11-04
0001611737,"KPCB DGF II Associates, LLC",1,0,2025-11-04
0001766574,Kinnevik AB,1,0,2025-11-04
0000870260,L.M. KOHN & COMPANY,1,0,2025-11-04
0001527570,Lingohr Asset Management GmbH,1,1,2025-11-04
0000701189,MARSHALL FINANCIAL GROUP INC /ADV,1,0,2025-11-04
0002012421,Pineridge Advisors LLC,1,0,2025-11-04
0001455952,"Richmond Hill Investments, LLC",1,0,2025-11-04
0001928941,Twenty Acre Capital LP,1,0,2025-11-04
0001749585,"Broadcrest Asset Management, LLC",1,0,2025-11-03
0001911412,EFG Asset Management,1,0,2025-11-03
0001656735,Ownership Capital B.V.,1,0,2025-11-03
0002056734,Pinnacle Investment Management Ltd,1,0,2025-11-03
0001649339,"Scion Asset Management, LLC",1,0,2025-11-03
0001964312,Social Capital Group LLC,1,0,2025-11-03
0001904154,"Stonegate Investment Group, LLC",1,0,2025-11-03
0001831423,"Vida Ventures Advisors, LLC",1,0,2025-11-03
0001766972,"JFG Wealth Management, LLC",1,0,2025-10-31
0001842246,Value Star Asset Management,1,0,2025-10-31
0001964849,"OAK HILL WEALTH ADVISORS, LLC",1,0,2025-10-30
0001994434,WFA Asset Management Corp,1,0,2025-10-30
0001600535,AMH Equity Ltd,1,0,2025-10-29
0002012405,Lindenstone AG,1,0,2025-10-29
0001524341,Marquard & Bahls AG,1,0,2025-10-29
0001869333,Skorpios Trust,1,0,2025-10-29
0001802225,"Copperleaf Capital, LLC",1,0,2025-10-28
0001596920,"D. SCOTT NEAL, INC.",1,0,2025-10-28
0000816192,FIRST NATIONAL CORP /MA/ /ADV,1,0,2025-10-28
0001859388,Franchise Capital Ltd,1,0,2025-10-28
0001906683,MAS Advisors LLC,1,0,2025-10-28
0001115055,PINNACLE FINANCIAL PARTNERS INC,2,0,2025-10-28
0001742569,"O'Dell Group, LLC",1,0,2025-10-27
0001801682,PBMares Wealth Management LLC,1,0,2025-10-27
0001671716,"Bristlecone Advisors, LLC",1,0,2025-10-24
0001838234,Hemington Wealth Management,1,0,2025-10-24
0001644329,"Wela Strategies, Inc.",1,0,2025-10-24
0001893840,Constellation Investimentos e Participacoes Ltda,1,0,2025-10-22
0001049662,GRIES FINANCIAL LLC,1,0,2025-10-22
0001537607,"OAK HILL CAPITAL MANAGEMENT, LLC",1,0,2025-10-22
0001909739,400 Capital Management LLC,1,0,2025-10-21
0000315189,DEERE & CO,1,0,2025-10-21
0001765768,Galibier Capital Management Ltd.,1,0,2025-10-21
0001123778,"JARISLOWSKY, FRASER Ltd",1,0,2025-10-21
0001037763,OPTIMUM INVESTMENT ADVISORS,1,0,2025-10-21
0001746438,"Vishria Bird Financial Group, LLC",1,0,2025-10-21
0001903153,Masso Torrence Wealth Management Inc.,1,0,2025-10-20
0001722084,"Shilanski & Associates, Inc.",1,0,2025-10-20
0001740840,Tikehau Investment Management,1,0,2025-10-20
0001274196,BEDRIJFSTAKPENSIOENFONDS VOOR DE MEDIA PNO,1,0,2025-10-17
0001850858,"Bard Financial Services, Inc.",1,0,2025-10-17
0001096986,FLEMING JAMES B JR,1,0,2025-10-17
0001638049,"Donald L. Hagan, LLC",1,0,2025-10-16
0001908099,"Fortress Wealth Management, Inc.",1,0,2025-10-16
0001574010,"Lowe Wealth Advisors, LLC",1,0,2025-10-16
0001594467,"Ridgemont Partners Management, LLC",1,0,2025-10-16
0002056559,Defined Financial Planning LLC,1,0,2025-10-15
0000820123,MARSHALL & SULLIVAN INC /WA/,1,0,2025-10-15
0001328551,"Siguler Guff Advisers, LLC",1,0,2025-10-15
0001670903,Bridge Creek Capital Management LLC,1,0,2025-10-14
0001350585,"Coho Partners, Ltd.",1,0,2025-10-14
0001801881,"DOHJ, LLC",1,0,2025-10-14
0002078477,"Hutchinson Financial Advisors, INC",1,0,2025-10-14
0001657662,KCK LTD.,1,0,2025-10-14
0001908433,Kathleen S. Wright Associates Inc.,1,0,2025-10-10
0001911270,Springhill Fund Asset Management,1,0,2025-10-09
0000824325,COUNTRY CLUB BANK,1,0,2025-10-08
0001785199,Sheets Smith Investment Management,2,0,2025-10-08
0001765278,EWG Elevate Inc.,1,0,2025-10-07
0001910370,First International Bank & Trust,1,0,2025-10-07
0001336885,"Key Colony Management, LLC",1,0,2025-10-07
0001907552,"Sonora Investment Management Group, LLC",1,0,2025-10-07
0001908070,"Von Berge Wealth Management Group, LLC",1,0,2025-10-06
0001759476,Shorepoint Capital Partners LLC,1,0,2025-10-03
0001387399,"West Oak Capital, LLC",1,0,2025-10-03
0001908425,"AHL INVESTMENT MANAGEMENT, INC.",1,0,2025-10-02
0001569606,INVESTMENTAKTIENGESELLSCHAFT FUER LANGFRISTIGE INVESTOREN TGV,1,0,2025-10-01
0002055297,"Capital A Wealth Management, LLC",1,0,2025-09-26
0001600745,"Hatteras Investment Partners, LP",1,0,2025-09-03
