form,who,ticker,filed_date,doc_url
S-1/A,"CITY THERAPEUTICS, INC.",CTY,2026-10-09,https://www.sec.gov/Archives/edgar/data/2143850/000110465926114815/0001104659-26-114815-index.htm
S-1/A,Elevation Acquisition Group Inc.,ELEV,2026-10-09,https://www.sec.gov/Archives/edgar/data/2131124/000149315226046384/0001493152-26-046384-index.htm
S-1/A,"PBT Land & Minerals, Inc.",,2026-10-09,https://www.sec.gov/Archives/edgar/data/2142855/000121390026108148/0001213900-26-108148-index.htm
DEF 14A,"BLOOMIA HOLDINGS, INC.",TULP,2026-10-09,https://www.sec.gov/Archives/edgar/data/875355/000110465926114837/0001104659-26-114837-index.htm
D/A,Equitybee 22-71987 a Series of Equitybee cFund Master LLC,,2026-10-09,https://www.sec.gov/Archives/edgar/data/2112841/000211284126000003/0002112841-26-000003-index.htm
D/A,"Equitybee 22-76200, a Series of Equitybee cFund Master LLC",,2026-10-09,https://www.sec.gov/Archives/edgar/data/1959529/000195952926000005/0001959529-26-000005-index.htm
D/A,"MCCARTHY INVESTMENT COMPANY, LLC",,2026-10-09,https://www.sec.gov/Archives/edgar/data/1586327/000158632726000001/0001586327-26-000001-index.htm
D/A,"PFDPRO MANAGEMENT FUND, LLC",,2026-10-09,https://www.sec.gov/Archives/edgar/data/1978910/000197891026000003/0001978910-26-000003-index.htm
D/A,Silver Point CLO Equity Fund II,,2026-10-09,https://www.sec.gov/Archives/edgar/data/2082336/000090266426004099/0000902664-26-004099-index.htm
D/A,"Silver Point CLO Equity Fund II Master, L.P.",,2026-10-09,https://www.sec.gov/Archives/edgar/data/2082337/000090266426004100/0000902664-26-004100-index.htm
D/A,"Silver Point CLO Equity Fund II, L.P.",,2026-10-09,https://www.sec.gov/Archives/edgar/data/2082335/000090266426004101/0000902664-26-004101-index.htm
D/A,"WATERFALL STRUCTURED CREDIT DISLOCATION FUND, LP",,2026-10-09,https://www.sec.gov/Archives/edgar/data/1998267/000199826726000002/0001998267-26-000002-index.htm
D/A,"a16z Perennial Diversifying Investments Offshore Fund, Ltd.",,2026-10-09,https://www.sec.gov/Archives/edgar/data/1993444/000093583626000529/0000935836-26-000529-index.htm
D,"AA-0915 Fund I, a series of Karman Ventures, LP",,2026-10-09,https://www.sec.gov/Archives/edgar/data/2156921/000215692126000001/0002156921-26-000001-index.htm
D,"AE-0808 Fund I, a series of Roll Up Vehicles, LP",,2026-10-09,https://www.sec.gov/Archives/edgar/data/2150974/000215097426000001/0002150974-26-000001-index.htm
D,"AN-0603 Fund III, a series of Roll Up Vehicles, LP",,2026-10-09,https://www.sec.gov/Archives/edgar/data/2141800/000214180026000001/0002141800-26-000001-index.htm
D,"AT-0903 Fund II, a series of MV Funds, LP",,2026-10-09,https://www.sec.gov/Archives/edgar/data/2154367/000215436726000001/0002154367-26-000001-index.htm
D,"Aurelia Foundry II, L.P.",,2026-10-09,https://www.sec.gov/Archives/edgar/data/2159088/000215908826000001/0002159088-26-000001-index.htm
D,"Brian-HA-0510 Fund I, a series of Platform Funds 2026, LP",,2026-10-09,https://www.sec.gov/Archives/edgar/data/2149470/000214947026000001/0002149470-26-000001-index.htm
D,"CH-0901 Fund I, a series of Comma Capital Funds, LP",,2026-10-09,https://www.sec.gov/Archives/edgar/data/2154350/000215435026000001/0002154350-26-000001-index.htm
D,"CulinaryOne, LLC",,2026-10-09,https://www.sec.gov/Archives/edgar/data/2149160/000214916026000001/0002149160-26-000001-index.htm
D,"DPEG Kanwa, LP",,2026-10-09,https://www.sec.gov/Archives/edgar/data/2158323/000215832326000001/0002158323-26-000001-index.htm
D,"FA-0715 Fund I, a series of Roll Up Vehicles, LP",,2026-10-09,https://www.sec.gov/Archives/edgar/data/2147751/000214775126000001/0002147751-26-000001-index.htm
D,HTD Health Holding LLC,,2026-10-09,https://www.sec.gov/Archives/edgar/data/2154849/000215484926000001/0002154849-26-000001-index.htm
D,"HTD Health, Inc.",,2026-10-09,https://www.sec.gov/Archives/edgar/data/2154839/000215483926000001/0002154839-26-000001-index.htm
D,"Hexagon-WE-0817 Fund I, a series of Platform Funds 2026, LP",,2026-10-09,https://www.sec.gov/Archives/edgar/data/2155392/000215539226000001/0002155392-26-000001-index.htm
D,"Integral-NA-0909 Fund I, a series of Platform Funds 2026, LP",,2026-10-09,https://www.sec.gov/Archives/edgar/data/2156119/000215611926000001/0002156119-26-000001-index.htm
D,"Julian-AS-0831 Fund II, a series of Platform Funds 2026, LP",,2026-10-09,https://www.sec.gov/Archives/edgar/data/2154355/000215435526000001/0002154355-26-000001-index.htm
D,"MA-0824 Fund II, a series of Roll Up Vehicles, LP",,2026-10-09,https://www.sec.gov/Archives/edgar/data/2154348/000215434826000001/0002154348-26-000001-index.htm
D,"NO-0909 Fund III, a series of MV Funds, LP",,2026-10-09,https://www.sec.gov/Archives/edgar/data/2155384/000215538426000001/0002155384-26-000001-index.htm
D,NOVASPARK ENERGY Corp,,2026-10-09,https://www.sec.gov/Archives/edgar/data/2159371/000215937126000001/0002159371-26-000001-index.htm
D,NUQUANT LP,,2026-10-09,https://www.sec.gov/Archives/edgar/data/2159514/000215951426000001/0002159514-26-000001-index.htm
D,Pinnacle RE Services Ltd,,2026-10-09,https://www.sec.gov/Archives/edgar/data/2058051/000205805126000003/0002058051-26-000003-index.htm
D,"Princeton Equity Partners III, LP",,2026-10-09,https://www.sec.gov/Archives/edgar/data/2147316/000214731626000002/0002147316-26-000002-index.htm
D,"Princeton Equity Partners III-A, LP",,2026-10-09,https://www.sec.gov/Archives/edgar/data/2147309/000214730926000003/0002147309-26-000003-index.htm
D,"RA-0902 Fund I, a series of Sajid Rahman Angel Funds, LP",,2026-10-09,https://www.sec.gov/Archives/edgar/data/2154391/000215439126000001/0002154391-26-000001-index.htm
D,"RE-0408 Fund I, a series of Unpopular VC, LP",,2026-10-09,https://www.sec.gov/Archives/edgar/data/2131580/000213158026000001/0002131580-26-000001-index.htm
D,"RE-0617 Fund I, a series of MV Funds, LP",,2026-10-09,https://www.sec.gov/Archives/edgar/data/2143958/000214395826000001/0002143958-26-000001-index.htm
D,"Surgical Caregivers of Fort Worth, LLC",,2026-10-09,https://www.sec.gov/Archives/edgar/data/1463790/000146379026000001/0001463790-26-000001-index.htm
D,"TR-0901 Fund I, a series of Sajid Rahman Angel Funds, LP",,2026-10-09,https://www.sec.gov/Archives/edgar/data/2154393/000215439326000001/0002154393-26-000001-index.htm
D,"Tall City Title, LLC",,2026-10-09,https://www.sec.gov/Archives/edgar/data/2158387/000215838726000001/0002158387-26-000001-index.htm
D,Wright Fund I LP,,2026-10-09,https://www.sec.gov/Archives/edgar/data/2159677/000215967726000001/0002159677-26-000001-index.htm
8-K,Alaska Silver Corp.,WAMFF,2026-10-09,https://www.sec.gov/Archives/edgar/data/1893899/000106299326005250/0001062993-26-005250-index.htm
8-K,Avalanche Treasury Corp,AVAT,2026-10-09,https://www.sec.gov/Archives/edgar/data/2092446/000110465926114805/0001104659-26-114805-index.htm
8-K,"CLOVER HEALTH INVESTMENTS, CORP. /DE",CLOV,2026-10-09,https://www.sec.gov/Archives/edgar/data/1801170/000180117026000250/0001801170-26-000250-index.htm
8-K,GigCapital8 Corp.,GIW,2026-10-09,https://www.sec.gov/Archives/edgar/data/2080019/000119312526418405/0001193125-26-418405-index.htm
8-K,HUMANA INC,HUM,2026-10-09,https://www.sec.gov/Archives/edgar/data/49071/000004907126000057/0000049071-26-000057-index.htm
8-K,NEWS CORP,NWSA,2026-10-09,https://www.sec.gov/Archives/edgar/data/1564708/000156470826000219/0001564708-26-000219-index.htm
8-K,PRUDENTIAL FINANCIAL INC,PRU,2026-10-09,https://www.sec.gov/Archives/edgar/data/1137774/000119312526418407/0001193125-26-418407-index.htm
8-K,Sky Quarry Inc.,SKYQ,2026-10-09,https://www.sec.gov/Archives/edgar/data/1812447/000109690626001527/0001096906-26-001527-index.htm
8-K,Transocean Ltd.,RIG,2026-10-09,https://www.sec.gov/Archives/edgar/data/1451505/000145150526000072/0001451505-26-000072-index.htm
8-K,"Velo3D, Inc.",VELO,2026-10-09,https://www.sec.gov/Archives/edgar/data/1825079/000149315226046400/0001493152-26-046400-index.htm
4,SHWED GIL,CHKP,2026-10-09,https://www.sec.gov/Archives/edgar/data/1218502/000117891326004749/0001178913-26-004749-index.htm
4,Wang Yanjun,SE,2026-10-09,https://www.sec.gov/Archives/edgar/data/2113214/000119312526418403/0001193125-26-418403-index.htm
10-Q,Huineng Technology Corp,HNIT,2026-10-09,https://www.sec.gov/Archives/edgar/data/1994373/000149315226046405/0001493152-26-046405-index.htm
SC 13G/A,"ACORN BIOVENTURES, L.P. → Karyopharm Therapeutics Inc.",KPTI,2026-10-08,https://www.sec.gov/Archives/edgar/data/1503802/0001636587-26-000086-index.htm
SC 13G/A,BANKERS LIFE & CASUALTY CO,,2026-10-08,https://www.sec.gov/Archives/edgar/data/903939/0000903939-26-000034-index.htm
SC 13G/A,"CAZ INVESTMENTS LP → Ridgepost Capital, Inc.",RPC,2026-10-08,https://www.sec.gov/Archives/edgar/data/1841968/0001159363-26-000011-index.htm
SC 13G/A,DIMENSIONAL FUND ADVISORS LP,,2026-10-08,https://www.sec.gov/Archives/edgar/data/354204/0000354204-26-001023-index.htm
SC 13G/A,DIMENSIONAL FUND ADVISORS LP,,2026-10-08,https://www.sec.gov/Archives/edgar/data/354204/0000354204-26-001036-index.htm
SC 13G/A,DIMENSIONAL FUND ADVISORS LP,,2026-10-08,https://www.sec.gov/Archives/edgar/data/354204/0000354204-26-001049-index.htm
SC 13G/A,DIMENSIONAL FUND ADVISORS LP,,2026-10-08,https://www.sec.gov/Archives/edgar/data/354204/0000354204-26-001073-index.htm
SC 13G/A,DIMENSIONAL FUND ADVISORS LP → ADT Inc.,ADT,2026-10-08,https://www.sec.gov/Archives/edgar/data/1703056/0000354204-26-001054-index.htm
SC 13G/A,DIMENSIONAL FUND ADVISORS LP → ASBURY AUTOMOTIVE GROUP INC,ABG,2026-10-08,https://www.sec.gov/Archives/edgar/data/1144980/0000354204-26-001019-index.htm
SC 13G/A,DIMENSIONAL FUND ADVISORS LP → ASTRONICS CORP,ATRO,2026-10-08,https://www.sec.gov/Archives/edgar/data/8063/0000354204-26-001044-index.htm
SC 13G/A,DIMENSIONAL FUND ADVISORS LP → AdaptHealth Corp.,AHCO,2026-10-08,https://www.sec.gov/Archives/edgar/data/1725255/0000354204-26-001018-index.htm
SC 13G/A,"DIMENSIONAL FUND ADVISORS LP → American Outdoor Brands, Inc.",AOUT,2026-10-08,https://www.sec.gov/Archives/edgar/data/1808997/0000354204-26-001029-index.htm
SC 13G/A,"DIMENSIONAL FUND ADVISORS LP → AstroNova, Inc.",ALOT,2026-10-08,https://www.sec.gov/Archives/edgar/data/8146/0000354204-26-001050-index.htm
SC 13G/A,DIMENSIONAL FUND ADVISORS LP → BJs RESTAURANTS INC,BJRI,2026-10-08,https://www.sec.gov/Archives/edgar/data/1013488/0000354204-26-001020-index.htm
SC 13G/A,DIMENSIONAL FUND ADVISORS LP → CAL-MAINE FOODS INC,CALM,2026-10-08,https://www.sec.gov/Archives/edgar/data/16160/0000354204-26-001022-index.htm
SC 13G/A,DIMENSIONAL FUND ADVISORS LP → Cars.com Inc.,CARS,2026-10-08,https://www.sec.gov/Archives/edgar/data/1683606/0000354204-26-001031-index.htm
SC 13G/A,"DIMENSIONAL FUND ADVISORS LP → Carter Bankshares, Inc.",CARE,2026-10-08,https://www.sec.gov/Archives/edgar/data/1829576/0000354204-26-001038-index.htm
SC 13G/A,DIMENSIONAL FUND ADVISORS LP → ENTERPRISE FINANCIAL SERVICES CORP,EFSC,2026-10-08,https://www.sec.gov/Archives/edgar/data/1025835/0000354204-26-001035-index.htm
SC 13G/A,DIMENSIONAL FUND ADVISORS LP → FLEXSTEEL INDUSTRIES INC,FLXS,2026-10-08,https://www.sec.gov/Archives/edgar/data/37472/0000354204-26-001048-index.htm
SC 13G/A,DIMENSIONAL FUND ADVISORS LP → FORTUNA MINING CORP.,FSM,2026-10-08,https://www.sec.gov/Archives/edgar/data/1341335/0000354204-26-001025-index.htm
SC 13G/A,DIMENSIONAL FUND ADVISORS LP → HF Sinclair Corp,DINO,2026-10-08,https://www.sec.gov/Archives/edgar/data/1915657/0000354204-26-001024-index.htm
SC 13G/A,DIMENSIONAL FUND ADVISORS LP → Koppers Holdings Inc.,KOP,2026-10-08,https://www.sec.gov/Archives/edgar/data/1315257/0000354204-26-001043-index.htm
SC 13G/A,DIMENSIONAL FUND ADVISORS LP → LCI INDUSTRIES,LCII,2026-10-08,https://www.sec.gov/Archives/edgar/data/763744/0000354204-26-001047-index.htm
SC 13G/A,"DIMENSIONAL FUND ADVISORS LP → LiveRamp Holdings, Inc.",RAMP,2026-10-08,https://www.sec.gov/Archives/edgar/data/733269/0000354204-26-001027-index.htm
SC 13G/A,"DIMENSIONAL FUND ADVISORS LP → Marqeta, Inc.",MQ,2026-10-08,https://www.sec.gov/Archives/edgar/data/1522540/0000354204-26-001030-index.htm
SC 13G/A,DIMENSIONAL FUND ADVISORS LP → NAVIENT CORP,NAVI,2026-10-08,https://www.sec.gov/Archives/edgar/data/1593538/0000354204-26-001041-index.htm
SC 13G/A,"DIMENSIONAL FUND ADVISORS LP → NWPX Infrastructure, Inc.",NWPX,2026-10-08,https://www.sec.gov/Archives/edgar/data/1001385/0000354204-26-001026-index.htm
SC 13G/A,"DIMENSIONAL FUND ADVISORS LP → O-I Glass, Inc. /DE/",OI,2026-10-08,https://www.sec.gov/Archives/edgar/data/812074/0000354204-26-001040-index.htm
SC 13G/A,"DIMENSIONAL FUND ADVISORS LP → OPENLANE, Inc.",OPLN,2026-10-08,https://www.sec.gov/Archives/edgar/data/1395942/0000354204-26-001046-index.htm
SC 13G/A,"DIMENSIONAL FUND ADVISORS LP → RESIDEO TECHNOLOGIES, INC.",REZI,2026-10-08,https://www.sec.gov/Archives/edgar/data/1740332/0000354204-26-001021-index.htm
SC 13G/A,DIMENSIONAL FUND ADVISORS LP → SAGA COMMUNICATIONS INC,SGA,2026-10-08,https://www.sec.gov/Archives/edgar/data/886136/0000354204-26-001032-index.htm
SC 13G/A,DIMENSIONAL FUND ADVISORS LP → SCHOLASTIC CORP,SCHL,2026-10-08,https://www.sec.gov/Archives/edgar/data/866729/0000354204-26-001055-index.htm
SC 13G/A,DIMENSIONAL FUND ADVISORS LP → SHOE STATION GROUP INC,SHOE,2026-10-08,https://www.sec.gov/Archives/edgar/data/895447/0000354204-26-001037-index.htm
SC 13G/A,"DIMENSIONAL FUND ADVISORS LP → Sally Beauty Holdings, Inc.",SBH,2026-10-08,https://www.sec.gov/Archives/edgar/data/1368458/0000354204-26-001042-index.htm
SC 13G/A,"DIMENSIONAL FUND ADVISORS LP → Select Water Solutions, Inc.",WTTR,2026-10-08,https://www.sec.gov/Archives/edgar/data/1693256/0000354204-26-001034-index.htm
SC 13G/A,"DIMENSIONAL FUND ADVISORS LP → Strategic Education, Inc.",STRA,2026-10-08,https://www.sec.gov/Archives/edgar/data/1013934/0000354204-26-001039-index.htm
SC 13G/A,DIMENSIONAL FUND ADVISORS LP → TEJON RANCH CO,TRC,2026-10-08,https://www.sec.gov/Archives/edgar/data/96869/0000354204-26-001028-index.htm
SC 13G/A,DIMENSIONAL FUND ADVISORS LP → UNIFIRST CORP,UNF,2026-10-08,https://www.sec.gov/Archives/edgar/data/717954/0000354204-26-001045-index.htm
SC 13G/A,"DIMENSIONAL FUND ADVISORS LP → ZIFF DAVIS, INC.",ZD,2026-10-08,https://www.sec.gov/Archives/edgar/data/1084048/0000354204-26-001033-index.htm
SC 13G/A,EdgePoint Investment Group Inc. → ALGONQUIN POWER & UTILITIES CORP.,AQN,2026-10-08,https://www.sec.gov/Archives/edgar/data/1174169/0001172661-26-004448-index.htm
SC 13G/A,Encompass Capital Advisors LLC → Sable Offshore Corp.,SOC,2026-10-08,https://www.sec.gov/Archives/edgar/data/1831481/0001172661-26-004451-index.htm
SC 13G/A,"GEODE CAPITAL MANAGEMENT, LLC → Liberty Capital Corp/NV",GLIBA,2026-10-08,https://www.sec.gov/Archives/edgar/data/2057463/0001062993-26-005241-index.htm
SC 13G/A,HEMEN HOLDING LTD → BW LPG Ltd,BWLP,2026-10-08,https://www.sec.gov/Archives/edgar/data/1649313/0000919574-26-006768-index.htm
SC 13G/A,"Harraden Circle Investments, LLC → Columbus Acquisition Corp/Cayman Islands",COLA,2026-10-08,https://www.sec.gov/Archives/edgar/data/2028201/0001193125-26-417487-index.htm
SC 13G/A,"INTEGRATED CORE STRATEGIES (US) LLC → COLLEGIUM PHARMACEUTICAL, INC",COLL,2026-10-08,https://www.sec.gov/Archives/edgar/data/1267565/0001104659-26-114760-index.htm
SC 13G/A,MILLENNIUM MANAGEMENT LLC → vTv Therapeutics Inc.,VTVT,2026-10-08,https://www.sec.gov/Archives/edgar/data/1641489/0001104659-26-114761-index.htm
SC 13G/A,Primary Development Fund (Cayman) SPC - E3 Fund SP → CDT Equity Inc.,CDT,2026-10-08,https://www.sec.gov/Archives/edgar/data/1896212/0001753926-26-001917-index.htm
SC 13G/A,"RIVERNORTH CAPITAL MANAGEMENT, LLC → BOXABL Inc.",BXBL,2026-10-08,https://www.sec.gov/Archives/edgar/data/1906364/0001398344-26-018019-index.htm
SC 13G/A,"RIVERNORTH CAPITAL MANAGEMENT, LLC → YHN Acquisition I Ltd",YHNA,2026-10-08,https://www.sec.gov/Archives/edgar/data/2020987/0001398344-26-018018-index.htm
SC 13G/A,RWC Asset Management LLP → AUNA S.A.,AUNA,2026-10-08,https://www.sec.gov/Archives/edgar/data/1799207/0001398344-26-018004-index.htm
SC 13G/A,"STROME MARK E → Cue Biopharma, Inc.",CUE,2026-10-08,https://www.sec.gov/Archives/edgar/data/1645460/0001213900-26-107721-index.htm
SC 13G/A,Wealthspring Capital LLC → Lionheart Holdings,CUB,2026-10-08,https://www.sec.gov/Archives/edgar/data/2015955/0001844495-26-000036-index.htm
SC 13G,AUT HOLDINGS LLC → Powerus Corp,PUSA,2026-10-08,https://www.sec.gov/Archives/edgar/data/2009312/0001104659-26-114548-index.htm
SC 13G,Aquamarine Financial (Cayman) Ltd → Pulsenmore Ltd.,PLSM,2026-10-08,https://www.sec.gov/Archives/edgar/data/2064764/0001493152-26-046362-index.htm
SC 13G,Bank of Queensland Ltd.,,2026-10-08,https://www.sec.gov/Archives/edgar/data/1444323/0000354204-26-001053-index.htm
SC 13G,"Bay Pond Partners, L.P. → Customers Bancorp, Inc.",CUBI,2026-10-08,https://www.sec.gov/Archives/edgar/data/1488813/0000936872-26-000020-index.htm
SC 13G,DIMENSIONAL FUND ADVISORS LP,,2026-10-08,https://www.sec.gov/Archives/edgar/data/354204/0000354204-26-001060-index.htm
SC 13G,DIMENSIONAL FUND ADVISORS LP → ADI GLOBAL DISTRIBUTION INC.,ADIG,2026-10-08,https://www.sec.gov/Archives/edgar/data/2105139/0000354204-26-001063-index.htm
SC 13G,DIMENSIONAL FUND ADVISORS LP → AGCO CORP /DE,AGCO,2026-10-08,https://www.sec.gov/Archives/edgar/data/880266/0000354204-26-001092-index.htm
SC 13G,"DIMENSIONAL FUND ADVISORS LP → Acadia Healthcare Company, Inc.",ACHC,2026-10-08,https://www.sec.gov/Archives/edgar/data/1520697/0000354204-26-001066-index.htm
SC 13G,"DIMENSIONAL FUND ADVISORS LP → Ameresco, Inc.",AMRC,2026-10-08,https://www.sec.gov/Archives/edgar/data/1488139/0000354204-26-001072-index.htm
SC 13G,"DIMENSIONAL FUND ADVISORS LP → Bloomin' Brands, Inc.",BLMN,2026-10-08,https://www.sec.gov/Archives/edgar/data/1546417/0000354204-26-001067-index.htm
SC 13G,"DIMENSIONAL FUND ADVISORS LP → CIVISTA BANCSHARES, INC.",CIVB,2026-10-08,https://www.sec.gov/Archives/edgar/data/944745/0000354204-26-001064-index.htm
SC 13G,DIMENSIONAL FUND ADVISORS LP → COLUMBIA SPORTSWEAR CO,COLM,2026-10-08,https://www.sec.gov/Archives/edgar/data/1050797/0000354204-26-001077-index.htm
SC 13G,DIMENSIONAL FUND ADVISORS LP → Community West Bancshares,CWBC,2026-10-08,https://www.sec.gov/Archives/edgar/data/1127371/0000354204-26-001059-index.htm
SC 13G,DIMENSIONAL FUND ADVISORS LP → Crescent Energy Co,CRGY,2026-10-08,https://www.sec.gov/Archives/edgar/data/1866175/0000354204-26-001070-index.htm
SC 13G,DIMENSIONAL FUND ADVISORS LP → ENCORE CAPITAL GROUP INC,ECPG,2026-10-08,https://www.sec.gov/Archives/edgar/data/1084961/0000354204-26-001058-index.htm
SC 13G,DIMENSIONAL FUND ADVISORS LP → Expro Ltd,XPRO,2026-10-08,https://www.sec.gov/Archives/edgar/data/2126198/0000354204-26-001074-index.htm
SC 13G,DIMENSIONAL FUND ADVISORS LP → GAP INC,GAP,2026-10-08,https://www.sec.gov/Archives/edgar/data/39911/0000354204-26-001090-index.htm
SC 13G,DIMENSIONAL FUND ADVISORS LP → GENTEX CORP,GNTX,2026-10-08,https://www.sec.gov/Archives/edgar/data/355811/0000354204-26-001085-index.htm
SC 13G,DIMENSIONAL FUND ADVISORS LP → GOODYEAR TIRE & RUBBER CO /OH/,GT,2026-10-08,https://www.sec.gov/Archives/edgar/data/42582/0000354204-26-001078-index.htm
SC 13G,DIMENSIONAL FUND ADVISORS LP → HERITAGE FINANCIAL CORP /WA/,HFWA,2026-10-08,https://www.sec.gov/Archives/edgar/data/1046025/0000354204-26-001080-index.htm
SC 13G,DIMENSIONAL FUND ADVISORS LP → Hilton Grand Vacations Inc.,HGV,2026-10-08,https://www.sec.gov/Archives/edgar/data/1674168/0000354204-26-001081-index.htm
SC 13G,DIMENSIONAL FUND ADVISORS LP → KOHLS Corp,KSS,2026-10-08,https://www.sec.gov/Archives/edgar/data/885639/0000354204-26-001082-index.htm
SC 13G,DIMENSIONAL FUND ADVISORS LP → Liberty Capital Corp/NV,GLIBA,2026-10-08,https://www.sec.gov/Archives/edgar/data/2057463/0000354204-26-001088-index.htm
SC 13G,"DIMENSIONAL FUND ADVISORS LP → MAXIMUS, INC.",MMS,2026-10-08,https://www.sec.gov/Archives/edgar/data/1032220/0000354204-26-001091-index.htm
SC 13G,DIMENSIONAL FUND ADVISORS LP → MDU RESOURCES GROUP INC,MDU,2026-10-08,https://www.sec.gov/Archives/edgar/data/67716/0000354204-26-001079-index.htm
SC 13G,"DIMENSIONAL FUND ADVISORS LP → Mativ Holdings, Inc.",MATV,2026-10-08,https://www.sec.gov/Archives/edgar/data/1000623/0000354204-26-001071-index.htm
SC 13G,DIMENSIONAL FUND ADVISORS LP → National Bank Holdings Corp,NBHC,2026-10-08,https://www.sec.gov/Archives/edgar/data/1475841/0000354204-26-001052-index.htm
SC 13G,"DIMENSIONAL FUND ADVISORS LP → National Vision Holdings, Inc.",EYE,2026-10-08,https://www.sec.gov/Archives/edgar/data/1710155/0000354204-26-001057-index.htm
SC 13G,DIMENSIONAL FUND ADVISORS LP → OCEANFIRST FINANCIAL CORP,OCFC,2026-10-08,https://www.sec.gov/Archives/edgar/data/1004702/0000354204-26-001086-index.htm
SC 13G,DIMENSIONAL FUND ADVISORS LP → OLD SECOND BANCORP INC,OSBC,2026-10-08,https://www.sec.gov/Archives/edgar/data/357173/0000354204-26-001084-index.htm
SC 13G,DIMENSIONAL FUND ADVISORS LP → ORRSTOWN FINANCIAL SERVICES INC,ORRF,2026-10-08,https://www.sec.gov/Archives/edgar/data/826154/0000354204-26-001056-index.htm
SC 13G,DIMENSIONAL FUND ADVISORS LP → OneSpan Inc.,OSPN,2026-10-08,https://www.sec.gov/Archives/edgar/data/1044777/0000354204-26-001075-index.htm
SC 13G,"DIMENSIONAL FUND ADVISORS LP → Origin Bancorp, Inc.",OBK,2026-10-08,https://www.sec.gov/Archives/edgar/data/1516912/0000354204-26-001083-index.htm
SC 13G,DIMENSIONAL FUND ADVISORS LP → PATRICK INDUSTRIES INC,PATK,2026-10-08,https://www.sec.gov/Archives/edgar/data/76605/0000354204-26-001062-index.htm
SC 13G,DIMENSIONAL FUND ADVISORS LP → SHENANDOAH TELECOMMUNICATIONS CO/VA/,SHEN,2026-10-08,https://www.sec.gov/Archives/edgar/data/354963/0000354204-26-001061-index.htm
SC 13G,DIMENSIONAL FUND ADVISORS LP → SONOCO PRODUCTS CO,SON,2026-10-08,https://www.sec.gov/Archives/edgar/data/91767/0000354204-26-001065-index.htm
SC 13G,DIMENSIONAL FUND ADVISORS LP → STEPAN CO,SCL,2026-10-08,https://www.sec.gov/Archives/edgar/data/94049/0000354204-26-001076-index.htm
SC 13G,"DIMENSIONAL FUND ADVISORS LP → Stride, Inc.",LRN,2026-10-08,https://www.sec.gov/Archives/edgar/data/1157408/0000354204-26-001089-index.htm
SC 13G,"DIMENSIONAL FUND ADVISORS LP → Teladoc Health, Inc.",TDOC,2026-10-08,https://www.sec.gov/Archives/edgar/data/1477449/0000354204-26-001069-index.htm
SC 13G,DIMENSIONAL FUND ADVISORS LP → UNIVERSAL HEALTH SERVICES INC,UHS,2026-10-08,https://www.sec.gov/Archives/edgar/data/352915/0000354204-26-001051-index.htm
SC 13G,"DIMENSIONAL FUND ADVISORS LP → UPBOUND GROUP, INC.",UPBD,2026-10-08,https://www.sec.gov/Archives/edgar/data/933036/0000354204-26-001087-index.htm
SC 13G,"DIMENSIONAL FUND ADVISORS LP → VIRTUS INVESTMENT PARTNERS, INC.",VRTS,2026-10-08,https://www.sec.gov/Archives/edgar/data/883237/0000354204-26-001068-index.htm
SC 13G,ETF Opportunities Trust,,2026-10-08,https://www.sec.gov/Archives/edgar/data/1771146/0002159439-26-000001-index.htm
SC 13G,ETF Opportunities Trust,,2026-10-08,https://www.sec.gov/Archives/edgar/data/1771146/0002159439-26-000002-index.htm
SC 13G,"JANE STREET GROUP, LLC → Wheeler Real Estate Investment Trust, Inc.",WHLR,2026-10-08,https://www.sec.gov/Archives/edgar/data/1527541/0001595888-26-000120-index.htm
SC 13G,Pine Tree Acquisition Corp.,,2026-10-08,https://www.sec.gov/Archives/edgar/data/2076561/0001846718-26-000016-index.htm
SC 13G,Sagy Ami → CollPlant Biotechnologies Ltd,CLGN,2026-10-08,https://www.sec.gov/Archives/edgar/data/1631487/0001213900-26-107785-index.htm
SC 13G,"Union Investments & Development Ltd. → Xtend AI Robotics, Inc.",XTND,2026-10-08,https://www.sec.gov/Archives/edgar/data/2111860/0001213900-26-107959-index.htm
SC 13D/A,Al Shams Investments LTD → Braemar Hotels & Resorts Inc.,BHR,2026-10-08,https://www.sec.gov/Archives/edgar/data/1574085/0001398344-26-018042-index.htm
SC 13D/A,Anghami Inc,ANGH,2026-10-08,https://www.sec.gov/Archives/edgar/data/1871983/0001193125-26-418066-index.htm
SC 13D/A,CANYON CAPITAL ADVISORS LLC → CBL & ASSOCIATES PROPERTIES INC,CBL,2026-10-08,https://www.sec.gov/Archives/edgar/data/910612/0001193125-26-418126-index.htm
SC 13D/A,"D. E. SHAW & CO, L.P. → Gossamer Bio, Inc.",GOSS,2026-10-08,https://www.sec.gov/Archives/edgar/data/1728117/0001104659-26-114792-index.htm
SC 13D/A,Elliott Investment Management L.P. → SEADRILL Ltd,SDRL,2026-10-08,https://www.sec.gov/Archives/edgar/data/1737706/0000919574-26-006770-index.htm
SC 13D/A,FISHER WILLIAM SYDNEY → GAP INC,GAP,2026-10-08,https://www.sec.gov/Archives/edgar/data/39911/0001104659-26-114753-index.htm
SC 13D/A,"Famatown Finance Ltd → International Seaways, Inc.",INSW,2026-10-08,https://www.sec.gov/Archives/edgar/data/1679049/0000919574-26-006769-index.htm
SC 13D/A,"HERZFELD THOMAS J → Herzfeld Credit Income Fund, Inc",HERZ,2026-10-08,https://www.sec.gov/Archives/edgar/data/880406/0001398344-26-018039-index.htm
SC 13D/A,"Herzfeld Erik Mervin → Herzfeld Credit Income Fund, Inc",HERZ,2026-10-08,https://www.sec.gov/Archives/edgar/data/880406/0001398344-26-018038-index.htm
SC 13D/A,Hess Investments North Dakota LLC → Hess Midstream LP,HESM,2026-10-08,https://www.sec.gov/Archives/edgar/data/1789832/0001193125-26-418098-index.htm
SC 13D/A,Moreira Carlos → WISeQey Corp.,WKEY,2026-10-08,https://www.sec.gov/Archives/edgar/data/1738699/0001213900-26-108090-index.htm
SC 13D/A,O'CONNOR MICHAEL JOHN → Rainmaker Worldwide Inc.,RAKR,2026-10-08,https://www.sec.gov/Archives/edgar/data/1872292/0001493152-26-046317-index.htm
SC 13D/A,"ORBIMED ADVISORS LLC → ArriVent BioPharma, Inc.",AVBP,2026-10-08,https://www.sec.gov/Archives/edgar/data/1868279/0000947871-26-000931-index.htm
SC 13D/A,Sagy Ami → CollPlant Biotechnologies Ltd,CLGN,2026-10-08,https://www.sec.gov/Archives/edgar/data/1631487/0001213900-26-107784-index.htm
SC 13D/A,Tene Growth Capital III (G.P.) Co Ltd. → Caesarstone Ltd.,CSTE,2026-10-08,https://www.sec.gov/Archives/edgar/data/1504379/0001493152-26-046339-index.htm
SC 13D/A,Ward Peter → WISeQey Corp.,WKEY,2026-10-08,https://www.sec.gov/Archives/edgar/data/1738699/0001213900-26-108051-index.htm
SC 13D/A,"Zhang Rui Katherine → AGM GROUP HOLDINGS, INC.",AGMH,2026-10-08,https://www.sec.gov/Archives/edgar/data/1705402/0001185185-26-004654-index.htm
SC 13D,ASP Isotopes Inc.,ASPI,2026-10-08,https://www.sec.gov/Archives/edgar/data/1921865/0001477932-26-006128-index.htm
SC 13D,Fox Andrew Scott → Powerus Corp,PUSA,2026-10-08,https://www.sec.gov/Archives/edgar/data/2009312/0001104659-26-114800-index.htm
SC 13D,"Karnavati Holdings, Inc. → 5E Advanced Materials, Inc.",FEAM,2026-10-08,https://www.sec.gov/Archives/edgar/data/1888654/0001104659-26-114703-index.htm
SC 13D,TBG AG → ESCO TECHNOLOGIES INC,ESE,2026-10-08,https://www.sec.gov/Archives/edgar/data/866706/0001193125-26-418042-index.htm
SC 13D,WISeQey Corp.,WKEY,2026-10-08,https://www.sec.gov/Archives/edgar/data/1738699/0001213900-26-108089-index.htm
S-1/A,Amaero Inc.,AMRO,2026-10-08,https://www.sec.gov/Archives/edgar/data/2141616/000119312526417950/0001193125-26-417950-index.htm
S-1/A,Calm Seas Acquisition Corp.,CSEA,2026-10-08,https://www.sec.gov/Archives/edgar/data/2154056/000119312526417752/0001193125-26-417752-index.htm
S-1/A,Essential Minerals Acquisition Corp,EMAC,2026-10-08,https://www.sec.gov/Archives/edgar/data/2143060/000118518526004657/0001185185-26-004657-index.htm
S-1/A,Gravity Acquisition Corp.,GVAC,2026-10-08,https://www.sec.gov/Archives/edgar/data/2123380/000118518526004642/0001185185-26-004642-index.htm
S-1/A,"Iambic Therapeutics, Inc.",,2026-10-08,https://www.sec.gov/Archives/edgar/data/1997038/000119312526417416/0001193125-26-417416-index.htm
S-1/A,"Nexalin Technology, Inc.",NXL,2026-10-08,https://www.sec.gov/Archives/edgar/data/1527352/000182912626010913/0001829126-26-010913-index.htm
S-1,"CYABRA, INC.",CYAB,2026-10-08,https://www.sec.gov/Archives/edgar/data/2032341/000121390026107694/0001213900-26-107694-index.htm
DEFA14A,ANGIODYNAMICS INC,ANGO,2026-10-08,https://www.sec.gov/Archives/edgar/data/1275187/000114036126039093/0001140361-26-039093-index.htm
DEFA14A,Amcor plc,AMCR,2026-10-08,https://www.sec.gov/Archives/edgar/data/1748790/000110465926114692/0001104659-26-114692-index.htm
DEFA14A,"BGC Group, Inc.",BGC,2026-10-08,https://www.sec.gov/Archives/edgar/data/1094831/000121390026107980/0001213900-26-107980-index.htm
DEFA14A,Braemar Hotels & Resorts Inc.,BHR,2026-10-08,https://www.sec.gov/Archives/edgar/data/1574085/000110465926114693/0001104659-26-114693-index.htm
DEFA14A,"Distribution Solutions Group, Inc.",DSGR,2026-10-08,https://www.sec.gov/Archives/edgar/data/703604/000119312526417258/0001193125-26-417258-index.htm
DEFA14A,Empery Digital Inc.,EMPD,2026-10-08,https://www.sec.gov/Archives/edgar/data/1829794/000168316826007721/0001683168-26-007721-index.htm
DEFA14A,"Endovia Health Sciences, Inc.",EDVA,2026-10-08,https://www.sec.gov/Archives/edgar/data/1553788/000173112226001326/0001731122-26-001326-index.htm
DEFA14A,FENIMORE ASSET MANAGEMENT TRUST,,2026-10-08,https://www.sec.gov/Archives/edgar/data/797136/000158064226006798/0001580642-26-006798-index.htm
DEFA14A,Franklin Templeton ETF Trust,,2026-10-08,https://www.sec.gov/Archives/edgar/data/1655589/000207184426001359/0002071844-26-001359-index.htm
DEFA14A,Franklin Templeton ETF Trust,,2026-10-08,https://www.sec.gov/Archives/edgar/data/1655589/000207184426001356/0002071844-26-001356-index.htm
DEFA14A,"HARTFORD MUTUAL FUNDS II, INC",,2026-10-08,https://www.sec.gov/Archives/edgar/data/49905/000119312526417567/0001193125-26-417567-index.htm
DEFA14A,Leatt Corp,LEAT,2026-10-08,https://www.sec.gov/Archives/edgar/data/1456189/000121390026108000/0001213900-26-108000-index.htm
DEFA14A,NEOS ETF Trust,,2026-10-08,https://www.sec.gov/Archives/edgar/data/1848758/000199937126022492/0001999371-26-022492-index.htm
DEFA14A,NEOS ETF Trust,,2026-10-08,https://www.sec.gov/Archives/edgar/data/1848758/000199937126022489/0001999371-26-022489-index.htm
DEFA14A,NEOS ETF Trust,,2026-10-08,https://www.sec.gov/Archives/edgar/data/1848758/000199937126022488/0001999371-26-022488-index.htm
DEFA14A,NEOS ETF Trust,,2026-10-08,https://www.sec.gov/Archives/edgar/data/1848758/000199937126022479/0001999371-26-022479-index.htm
DEFA14A,NEOS ETF Trust,,2026-10-08,https://www.sec.gov/Archives/edgar/data/1848758/000199937126022478/0001999371-26-022478-index.htm
DEFA14A,NEOS ETF Trust,,2026-10-08,https://www.sec.gov/Archives/edgar/data/1848758/000199937126022474/0001999371-26-022474-index.htm
DEFA14A,NEOS ETF Trust,,2026-10-08,https://www.sec.gov/Archives/edgar/data/1848758/000199937126022472/0001999371-26-022472-index.htm
DEFA14A,NEOS ETF Trust,,2026-10-08,https://www.sec.gov/Archives/edgar/data/1848758/000199937126022467/0001999371-26-022467-index.htm
DEFA14A,NOVAGOLD RESOURCES INC,NG,2026-10-08,https://www.sec.gov/Archives/edgar/data/1173420/000110465926114561/0001104659-26-114561-index.htm
DEFA14A,NOVAGOLD RESOURCES INC,NG,2026-10-08,https://www.sec.gov/Archives/edgar/data/1173420/000110465926114560/0001104659-26-114560-index.htm
DEFA14A,Robinhood Ventures Fund I,RVI,2026-10-08,https://www.sec.gov/Archives/edgar/data/2085091/000119312526418080/0001193125-26-418080-index.htm
DEFA14A,SIEBERT FINANCIAL CORP,SIEB,2026-10-08,https://www.sec.gov/Archives/edgar/data/65596/000114036126039145/0001140361-26-039145-index.htm
DEFA14A,Solidion Technology Inc.,STI,2026-10-08,https://www.sec.gov/Archives/edgar/data/1881551/000121390026107696/0001213900-26-107696-index.htm
DEFA14A,Tessera Defense & Homeland Security Inc.,HLSQ,2026-10-08,https://www.sec.gov/Archives/edgar/data/1739174/000121390026108045/0001213900-26-108045-index.htm
DEFA14A,Tessera Defense & Homeland Security Inc.,HLSQ,2026-10-08,https://www.sec.gov/Archives/edgar/data/1739174/000121390026108041/0001213900-26-108041-index.htm
DEFA14A,Texas Pacific Land Corp,TPL,2026-10-08,https://www.sec.gov/Archives/edgar/data/1811074/000110465926114696/0001104659-26-114696-index.htm
DEFA14A,"Trade Desk, Inc.",TTD,2026-10-08,https://www.sec.gov/Archives/edgar/data/1671933/000167193326000105/0001671933-26-000105-index.htm
DEF 14A,ANGIODYNAMICS INC,ANGO,2026-10-08,https://www.sec.gov/Archives/edgar/data/1275187/000114036126039022/0001140361-26-039022-index.htm
DEF 14A,"BGC Group, Inc.",BGC,2026-10-08,https://www.sec.gov/Archives/edgar/data/1094831/000121390026107974/0001213900-26-107974-index.htm
DEF 14A,"Jaguar Health, Inc.",JAGX,2026-10-08,https://www.sec.gov/Archives/edgar/data/1585608/000119312526417938/0001193125-26-417938-index.htm
DEF 14A,Leatt Corp,LEAT,2026-10-08,https://www.sec.gov/Archives/edgar/data/1456189/000121390026107995/0001213900-26-107995-index.htm
DEF 14A,"NANOVIRICIDES, INC.",NNVC,2026-10-08,https://www.sec.gov/Archives/edgar/data/1379006/000110465926114606/0001104659-26-114606-index.htm
DEF 14A,Palomino Laboratories Inc.,PALX,2026-10-08,https://www.sec.gov/Archives/edgar/data/1938569/000149315226046296/0001493152-26-046296-index.htm
DEF 14A,Robinhood Ventures Fund I,RVI,2026-10-08,https://www.sec.gov/Archives/edgar/data/2085091/000119312526418074/0001193125-26-418074-index.htm
DEF 14A,SIEBERT FINANCIAL CORP,SIEB,2026-10-08,https://www.sec.gov/Archives/edgar/data/65596/000114036126039143/0001140361-26-039143-index.htm
DEF 14A,Solidion Technology Inc.,STI,2026-10-08,https://www.sec.gov/Archives/edgar/data/1881551/000121390026107695/0001213900-26-107695-index.htm
DEF 14A,"XWELL, Inc.",XWEL,2026-10-08,https://www.sec.gov/Archives/edgar/data/1410428/000110465926114457/0001104659-26-114457-index.htm
D/A,4K REAL ESTATE GROWTH & INCOME FUND LLC,,2026-10-08,https://www.sec.gov/Archives/edgar/data/2084569/000208456926000001/0002084569-26-000001-index.htm
D/A,"AQR Adaptive Multi-Asset Master Account, L.P.",,2026-10-08,https://www.sec.gov/Archives/edgar/data/1720786/000140508626000788/0001405086-26-000788-index.htm
D/A,AQR Apex Offshore Fund II Ltd.,,2026-10-08,https://www.sec.gov/Archives/edgar/data/2025076/000140508626000791/0001405086-26-000791-index.htm
D/A,"AQR Apex Offshore Fund, L.P.",,2026-10-08,https://www.sec.gov/Archives/edgar/data/1981985/000140508626000790/0001405086-26-000790-index.htm
D/A,"AQR Delphi Long-Short Equity Fund, L.P.",,2026-10-08,https://www.sec.gov/Archives/edgar/data/1524221/000140508626000802/0001405086-26-000802-index.htm
D/A,"AQR EQUITY MARKET NEUTRAL GLOBAL VALUE ALPHAPORT FUND, L.P.",,2026-10-08,https://www.sec.gov/Archives/edgar/data/1919477/000140508626000789/0001405086-26-000789-index.htm
D/A,"AQR Equity Market Neutral Global Value Fund, L.P.",,2026-10-08,https://www.sec.gov/Archives/edgar/data/1656773/000140508626000787/0001405086-26-000787-index.htm
D/A,AQR Flex 1 Series LLC - Series B3,,2026-10-08,https://www.sec.gov/Archives/edgar/data/2075812/000140508626000805/0001405086-26-000805-index.htm
D/A,AQR Flex 1 Series LLC - Series B4,,2026-10-08,https://www.sec.gov/Archives/edgar/data/2075811/000140508626000804/0001405086-26-000804-index.htm
D/A,AQR Flex 1 Series LLC - Series B5,,2026-10-08,https://www.sec.gov/Archives/edgar/data/2075810/000140508626000803/0001405086-26-000803-index.htm
D/A,AQR Flex 1 Series LLC - Series J1,,2026-10-08,https://www.sec.gov/Archives/edgar/data/2082572/000140508626000806/0001405086-26-000806-index.htm
D/A,AQR Flex 1 Series LLC - Series J11,,2026-10-08,https://www.sec.gov/Archives/edgar/data/2114700/000140508626000811/0001405086-26-000811-index.htm
D/A,AQR Flex 1 Series LLC - Series J12,,2026-10-08,https://www.sec.gov/Archives/edgar/data/2114699/000140508626000810/0001405086-26-000810-index.htm
D/A,AQR Flex 1 Series LLC - Series J15,,2026-10-08,https://www.sec.gov/Archives/edgar/data/2114696/000140508626000809/0001405086-26-000809-index.htm
D/A,AQR Flex 1 Series LLC - Series J17,,2026-10-08,https://www.sec.gov/Archives/edgar/data/2114694/000140508626000808/0001405086-26-000808-index.htm
D/A,AQR Flex 1 Series LLC - Series J18,,2026-10-08,https://www.sec.gov/Archives/edgar/data/2114693/000140508626000807/0001405086-26-000807-index.htm
D/A,"AQR GRP EL Fund, LP",,2026-10-08,https://www.sec.gov/Archives/edgar/data/1525196/000140508626000785/0001405086-26-000785-index.htm
D/A,"AQR Global Defensive Equity Fund, L.P.",,2026-10-08,https://www.sec.gov/Archives/edgar/data/1512432/000140508626000786/0001405086-26-000786-index.htm
D/A,"Aikido Technologies, Inc.",,2026-10-08,https://www.sec.gov/Archives/edgar/data/2026799/000202679926000005/0002026799-26-000005-index.htm
D/A,"Alder Vale Holdings, L.P.",,2026-10-08,https://www.sec.gov/Archives/edgar/data/2090415/000209041526000001/0002090415-26-000001-index.htm
D/A,Amberjack Essentials Fund I,,2026-10-08,https://www.sec.gov/Archives/edgar/data/2089961/000095010326015373/0000950103-26-015373-index.htm
D/A,"Amberjack Essentials Fund I, L.P.",,2026-10-08,https://www.sec.gov/Archives/edgar/data/2089962/000095010326015372/0000950103-26-015372-index.htm
D/A,"Aphias Capital Fund I, L.P.",,2026-10-08,https://www.sec.gov/Archives/edgar/data/2070575/000207057526000001/0002070575-26-000001-index.htm
D/A,"Aphias Capital Fund I-A, L.P.",,2026-10-08,https://www.sec.gov/Archives/edgar/data/2070576/000207057626000001/0002070576-26-000001-index.htm
D/A,Arbisco Valoriza 02 a series of Arbisco Investments LLC,,2026-10-08,https://www.sec.gov/Archives/edgar/data/2133386/000213338626000002/0002133386-26-000002-index.htm
D/A,"Arentha, Inc.",,2026-10-08,https://www.sec.gov/Archives/edgar/data/2144103/000214410326000004/0002144103-26-000004-index.htm
D/A,Ascension Wealth Fund LLC,,2026-10-08,https://www.sec.gov/Archives/edgar/data/2016200/000201620026000002/0002016200-26-000002-index.htm
D/A,"BG Flex Fund, LLC",,2026-10-08,https://www.sec.gov/Archives/edgar/data/2110439/000211043926000002/0002110439-26-000002-index.htm
D/A,"Belmont TopCo Holdings, L.P.",,2026-10-08,https://www.sec.gov/Archives/edgar/data/1982740/000206235726000467/0002062357-26-000467-index.htm
D/A,"Black Diamond Credit Strategies Offshore, Ltd.",,2026-10-08,https://www.sec.gov/Archives/edgar/data/1675780/000090514826004403/0000905148-26-004403-index.htm
D/A,"Black Diamond Credit Strategies, L.P.",,2026-10-08,https://www.sec.gov/Archives/edgar/data/1675757/000090514826004404/0000905148-26-004404-index.htm
D/A,Blackstone Residential Mortgage Loan Fund L.L.C.,,2026-10-08,https://www.sec.gov/Archives/edgar/data/2153375/000215337526000002/0002153375-26-000002-index.htm
D/A,"Bowie Capital Offshore Partners, Ltd.",,2026-10-08,https://www.sec.gov/Archives/edgar/data/1880567/000188056726000001/0001880567-26-000001-index.htm
D/A,Bridgeport Access Cayman III SPC - Optima Inflation Fund SP,,2026-10-08,https://www.sec.gov/Archives/edgar/data/2091383/000209138326000001/0002091383-26-000001-index.htm
D/A,"Broad Bridge Partners, LP",,2026-10-08,https://www.sec.gov/Archives/edgar/data/2038306/000203830626000003/0002038306-26-000003-index.htm
D/A,CFM Institutional Systematic Trends Equity Capped Fund LLC,,2026-10-08,https://www.sec.gov/Archives/edgar/data/1977939/000197793926000001/0001977939-26-000001-index.htm
D/A,Camrose Equity Feeder Fund Ltd,,2026-10-08,https://www.sec.gov/Archives/edgar/data/2039818/000094562126001224/0000945621-26-001224-index.htm
D/A,Camrose Equity US Feeder Fund LP,,2026-10-08,https://www.sec.gov/Archives/edgar/data/2039824/000094562126001225/0000945621-26-001225-index.htm
D/A,"Code Pebble, Inc.",,2026-10-08,https://www.sec.gov/Archives/edgar/data/2066166/000206616626000002/0002066166-26-000002-index.htm
D/A,"DCVC VII, L.P.",,2026-10-08,https://www.sec.gov/Archives/edgar/data/2052581/000205258126000003/0002052581-26-000003-index.htm
D/A,"EB5AN Bay Creek Fund 39, LP",,2026-10-08,https://www.sec.gov/Archives/edgar/data/2078952/000207895226000003/0002078952-26-000003-index.htm
D/A,"EB5AN Houston Multifamily Fund 51, LP",,2026-10-08,https://www.sec.gov/Archives/edgar/data/2158132/000215813226000002/0002158132-26-000002-index.htm
D/A,"EB5AN Twin Lakes Georgia Fund 37, LP",,2026-10-08,https://www.sec.gov/Archives/edgar/data/2125306/000212530626000002/0002125306-26-000002-index.htm
D/A,"EB5AN Twin Lakes Georgia Fund XXIII, LP",,2026-10-08,https://www.sec.gov/Archives/edgar/data/2025477/000202547726000001/0002025477-26-000001-index.htm
D/A,ECP Opportunity Fund II LLC,,2026-10-08,https://www.sec.gov/Archives/edgar/data/1754366/000175436626000001/0001754366-26-000001-index.htm
D/A,ECP Opportunity Fund LLC,,2026-10-08,https://www.sec.gov/Archives/edgar/data/1742371/000174237126000001/0001742371-26-000001-index.htm
D/A,"Equitybee 22-21729, a Series of Equitybee cFund Master LLC",,2026-10-08,https://www.sec.gov/Archives/edgar/data/2088562/000208856226000002/0002088562-26-000002-index.htm
D/A,FW Club LP,,2026-10-08,https://www.sec.gov/Archives/edgar/data/2038456/000203845626000001/0002038456-26-000001-index.htm
D/A,"Fenix Space, Inc.",,2026-10-08,https://www.sec.gov/Archives/edgar/data/1968212/000196821226000005/0001968212-26-000005-index.htm
D/A,"Flexxbotics, Inc.",,2026-10-08,https://www.sec.gov/Archives/edgar/data/1930001/000092963826003870/0000929638-26-003870-index.htm
D/A,Franklin Templeton Emerging Market Debt Opportunities,,2026-10-08,https://www.sec.gov/Archives/edgar/data/1505023/000150502326000001/0001505023-26-000001-index.htm
D/A,Franklin Templeton Global Multisector Plus,,2026-10-08,https://www.sec.gov/Archives/edgar/data/1476350/000147635026000001/0001476350-26-000001-index.htm
D/A,"Fraud Protection Network, Inc.",,2026-10-08,https://www.sec.gov/Archives/edgar/data/1580276/000190359626000370/0001903596-26-000370-index.htm
D/A,GI PARTNERS ETS FUND LP,,2026-10-08,https://www.sec.gov/Archives/edgar/data/1834273/000183427326000001/0001834273-26-000001-index.htm
D/A,GRANADA FUND I LLC,,2026-10-08,https://www.sec.gov/Archives/edgar/data/2060256/000206025626000001/0002060256-26-000001-index.htm
D/A,"GREYKITE European Real Estate Fund I, SCSp",,2026-10-08,https://www.sec.gov/Archives/edgar/data/2015422/000201542226000003/0002015422-26-000003-index.htm
D/A,GREYKITE European Real Estate USD Feeder Fund I SCSp,,2026-10-08,https://www.sec.gov/Archives/edgar/data/2015457/000201545726000003/0002015457-26-000003-index.htm
D/A,"Garden Fund, LP",,2026-10-08,https://www.sec.gov/Archives/edgar/data/1864944/000186494426000001/0001864944-26-000001-index.htm
D/A,"GelSana Therapeutics, Inc.",,2026-10-08,https://www.sec.gov/Archives/edgar/data/2002665/000200266526000004/0002002665-26-000004-index.htm
D/A,HCM S15C LP,,2026-10-08,https://www.sec.gov/Archives/edgar/data/2088327/000208832726000003/0002088327-26-000003-index.htm
D/A,"Hallstone Ventures Fund 1, LP",,2026-10-08,https://www.sec.gov/Archives/edgar/data/2054954/000205495426000002/0002054954-26-000002-index.htm
D/A,Hit Studio Movie LLC,,2026-10-08,https://www.sec.gov/Archives/edgar/data/2093244/000209324426000001/0002093244-26-000001-index.htm
D/A,Invesco CMI Europe US Insurance SCSp,,2026-10-08,https://www.sec.gov/Archives/edgar/data/1937756/000193775626000004/0001937756-26-000004-index.htm
D/A,Invesco US Senior Loan Fund,,2026-10-08,https://www.sec.gov/Archives/edgar/data/1855440/000185544026000004/0001855440-26-000004-index.htm
D/A,Jamboree Investments LP,,2026-10-08,https://www.sec.gov/Archives/edgar/data/1781878/000178187826000002/0001781878-26-000002-index.htm
D/A,Lifestyles Unlimited Holdings LLC,,2026-10-08,https://www.sec.gov/Archives/edgar/data/2144155/000214415526000002/0002144155-26-000002-index.htm
D/A,Lightstone Direct I LLC - Series OKC Outlets,,2026-10-08,https://www.sec.gov/Archives/edgar/data/2154548/000118518526004664/0001185185-26-004664-index.htm
D/A,"Lungpacer Medical, Inc.",,2026-10-08,https://www.sec.gov/Archives/edgar/data/1708893/000170889326000004/0001708893-26-000004-index.htm
D/A,"N. A. MAGHSOUDI & CO., L.P",,2026-10-08,https://www.sec.gov/Archives/edgar/data/2041557/000204155726000002/0002041557-26-000002-index.htm
D/A,NLC Florida Healthcare Sciences DST,,2026-10-08,https://www.sec.gov/Archives/edgar/data/2151117/000093244026000036/0000932440-26-000036-index.htm
D/A,Newport Patriot LLC,,2026-10-08,https://www.sec.gov/Archives/edgar/data/1300627/000130062726000002/0001300627-26-000002-index.htm
D/A,"PLANTSWITCH, INC.",,2026-10-08,https://www.sec.gov/Archives/edgar/data/1880098/000188009826000005/0001880098-26-000005-index.htm
D/A,Pomona Capital XI,,2026-10-08,https://www.sec.gov/Archives/edgar/data/2017648/000101297526000914/0001012975-26-000914-index.htm
D/A,"Pomona Capital XI, L.P.",,2026-10-08,https://www.sec.gov/Archives/edgar/data/1998626/000101297526000913/0001012975-26-000913-index.htm
D/A,Reverence Capital Partners Real Estate Solutions Fund I,,2026-10-08,https://www.sec.gov/Archives/edgar/data/2028063/000202806326000001/0002028063-26-000001-index.htm
D/A,Reverence Capital Partners Real Estate Solutions Fund I,,2026-10-08,https://www.sec.gov/Archives/edgar/data/2028061/000202806126000001/0002028061-26-000001-index.htm
D/A,"SEI Global Private Assets VII, L.P.",,2026-10-08,https://www.sec.gov/Archives/edgar/data/2026440/000202644026000001/0002026440-26-000001-index.htm
D/A,"SPAR Ventures I, L.P.",,2026-10-08,https://www.sec.gov/Archives/edgar/data/2059171/000110465926114666/0001104659-26-114666-index.htm
D/A,"Shi Capital Partners, LP",,2026-10-08,https://www.sec.gov/Archives/edgar/data/1823615/000182361526000001/0001823615-26-000001-index.htm
D/A,Templeton Global Bond Plus,,2026-10-08,https://www.sec.gov/Archives/edgar/data/1476349/000147634926000001/0001476349-26-000001-index.htm
D/A,"Templeton Global Bond Plus Fund, L.P.",,2026-10-08,https://www.sec.gov/Archives/edgar/data/1477279/000147727926000001/0001477279-26-000001-index.htm
D/A,Templeton Global Summits,,2026-10-08,https://www.sec.gov/Archives/edgar/data/1503656/000150365626000001/0001503656-26-000001-index.htm
D/A,"Templeton Global Summits Fund, L.P.",,2026-10-08,https://www.sec.gov/Archives/edgar/data/1503655/000150365526000001/0001503655-26-000001-index.htm
D/A,Transform Health Ventures LLC,,2026-10-08,https://www.sec.gov/Archives/edgar/data/2023660/000202366026000001/0002023660-26-000001-index.htm
D/A,VEP Ventures II LLC,,2026-10-08,https://www.sec.gov/Archives/edgar/data/2031824/000203182426000001/0002031824-26-000001-index.htm
D/A,WOOSTER SQUARE LLC,,2026-10-08,https://www.sec.gov/Archives/edgar/data/2157118/000215711826000005/0002157118-26-000005-index.htm
D/A,"vVARDIS PreIPO a series of Allocations 2026 Master, LLC",,2026-10-08,https://www.sec.gov/Archives/edgar/data/2155217/000215521726000002/0002155217-26-000002-index.htm
D,24A Global Fund LP,,2026-10-08,https://www.sec.gov/Archives/edgar/data/2158743/000091957426006748/0000919574-26-006748-index.htm
D,3 E Network Technology Group Ltd,MASK,2026-10-08,https://www.sec.gov/Archives/edgar/data/1993097/000199309726000001/0001993097-26-000001-index.htm
D,"AC-0830 Fund III, a series of MV Funds, LP",,2026-10-08,https://www.sec.gov/Archives/edgar/data/2155401/000215540126000001/0002155401-26-000001-index.htm
D,AI INF FUND II a Series of FOG Ventures Fund III LLC,,2026-10-08,https://www.sec.gov/Archives/edgar/data/2159289/000215928926000001/0002159289-26-000001-index.htm
D,"AP Opportunity Fund III, L.P.",,2026-10-08,https://www.sec.gov/Archives/edgar/data/2154114/000215411426000001/0002154114-26-000001-index.htm
D,"AP Opportunity Fund IV, L.P.",,2026-10-08,https://www.sec.gov/Archives/edgar/data/2156552/000215655226000001/0002156552-26-000001-index.htm
D,APV PNTH 2026 LLC,,2026-10-08,https://www.sec.gov/Archives/edgar/data/2134881/000123191926001438/0001231919-26-001438-index.htm
D,AQR Flex 1 Series LLC - Series A97,,2026-10-08,https://www.sec.gov/Archives/edgar/data/2145112/000140508626000798/0001405086-26-000798-index.htm
D,AQR Flex 1 Series LLC - Series F65,,2026-10-08,https://www.sec.gov/Archives/edgar/data/2139164/000140508626000797/0001405086-26-000797-index.htm
D,AQR Flex 1 Series LLC - Series F81,,2026-10-08,https://www.sec.gov/Archives/edgar/data/2149064/000140508626000801/0001405086-26-000801-index.htm
D,AQR Flex 1 Series LLC - Series F82,,2026-10-08,https://www.sec.gov/Archives/edgar/data/2149063/000140508626000800/0001405086-26-000800-index.htm
D,AQR Flex 1 Series LLC - Series F83,,2026-10-08,https://www.sec.gov/Archives/edgar/data/2149062/000140508626000799/0001405086-26-000799-index.htm
D,AQR Flex 1 Series LLC - Series J79,,2026-10-08,https://www.sec.gov/Archives/edgar/data/2138957/000140508626000795/0001405086-26-000795-index.htm
D,AQR Flex 1 Series LLC - Series J87,,2026-10-08,https://www.sec.gov/Archives/edgar/data/2138941/000140508626000794/0001405086-26-000794-index.htm
D,AQR Flex 1 Series LLC - Series J88,,2026-10-08,https://www.sec.gov/Archives/edgar/data/2138939/000140508626000793/0001405086-26-000793-index.htm
D,AQR Flex 1 Series LLC - Series K21,,2026-10-08,https://www.sec.gov/Archives/edgar/data/2135493/000140508626000792/0001405086-26-000792-index.htm
D,AQR Flex 1 Series LLC - Series N8,,2026-10-08,https://www.sec.gov/Archives/edgar/data/2139121/000140508626000796/0001405086-26-000796-index.htm
D,AXMRA CAPITAL LP,,2026-10-08,https://www.sec.gov/Archives/edgar/data/2159128/000109991026000274/0001099910-26-000274-index.htm
D,AZURIA MINING ONSHORE FEEDER FUND LP,,2026-10-08,https://www.sec.gov/Archives/edgar/data/2159304/000215930426000001/0002159304-26-000001-index.htm
D,Apollo IG Short Duration Replacement,T,2026-10-08,https://www.sec.gov/Archives/edgar/data/2157815/000095014226002709/0000950142-26-002709-index.htm
D,Ares Infrastructure Debt Fund VI,,2026-10-08,https://www.sec.gov/Archives/edgar/data/2151395/000101297526000916/0001012975-26-000916-index.htm
D,Ares Infrastructure Debt Fund VI,,2026-10-08,https://www.sec.gov/Archives/edgar/data/2151390/000101297526000915/0001012975-26-000915-index.htm
D,Asena Opportunities Fund,,2026-10-08,https://www.sec.gov/Archives/edgar/data/2158880/000215888026000001/0002158880-26-000001-index.htm
D,"Atmos Clinic, Inc.",,2026-10-08,https://www.sec.gov/Archives/edgar/data/2159134/000215913426000001/0002159134-26-000001-index.htm
D,Atomic AI I a Series of SLRTE I LLC,,2026-10-08,https://www.sec.gov/Archives/edgar/data/2159333/000215933326000001/0002159333-26-000001-index.htm
D,"Austen Access Fund, LP - F3",,2026-10-08,https://www.sec.gov/Archives/edgar/data/2153413/000215341326000001/0002153413-26-000001-index.htm
D,"Axajans a series of Allocations 2026 Master, LLC",,2026-10-08,https://www.sec.gov/Archives/edgar/data/2157037/000215703726000001/0002157037-26-000001-index.htm
D,Ayvera AI Inc.,,2026-10-08,https://www.sec.gov/Archives/edgar/data/2158648/000215864826000001/0002158648-26-000001-index.htm
D,Azuria Mining Offshore Feeder Fund Ltd.,,2026-10-08,https://www.sec.gov/Archives/edgar/data/2159224/000215922426000002/0002159224-26-000002-index.htm
D,BCP Wildcat LP,,2026-10-08,https://www.sec.gov/Archives/edgar/data/2159635/000215963526000001/0002159635-26-000001-index.htm
D,BH3 Debt Opportunity Fund III L.P.,,2026-10-08,https://www.sec.gov/Archives/edgar/data/2158615/000215861526000001/0002158615-26-000001-index.htm
D,BH3 Debt Opportunity Fund III-Offshore L.P.,,2026-10-08,https://www.sec.gov/Archives/edgar/data/2158616/000215861626000001/0002158616-26-000001-index.htm
D,"BIOVENTRIX, INC.",,2026-10-08,https://www.sec.gov/Archives/edgar/data/1283259/000128325926000005/0001283259-26-000005-index.htm
D,"BLACK STAR SYNDICATE I, LLC",,2026-10-08,https://www.sec.gov/Archives/edgar/data/2158084/000215808426000002/0002158084-26-000002-index.htm
D,"BT Values Driven Opportunity Fund, LP",,2026-10-08,https://www.sec.gov/Archives/edgar/data/2129207/000212920726000001/0002129207-26-000001-index.htm
D,"BYOXY, Inc.",,2026-10-08,https://www.sec.gov/Archives/edgar/data/2158699/000215869926000001/0002158699-26-000001-index.htm
D,"Balaji Rolling Fund, LP - D4",,2026-10-08,https://www.sec.gov/Archives/edgar/data/2153433/000215343326000001/0002153433-26-000001-index.htm
D,Blackstone Credit North Star Fund LP,,2026-10-08,https://www.sec.gov/Archives/edgar/data/2155409/000215540926000001/0002155409-26-000001-index.htm
D,"Bold Quantitative Investment Co., Ltd.",,2026-10-08,https://www.sec.gov/Archives/edgar/data/2159220/000215922026000001/0002159220-26-000001-index.htm
D,Brookfield Real Estate Value Add Logistics Venture L.P.,,2026-10-08,https://www.sec.gov/Archives/edgar/data/2159119/000215911926000001/0002159119-26-000001-index.htm
D,Brown Angel Group 063 a Series of CGF2026 LLC,,2026-10-08,https://www.sec.gov/Archives/edgar/data/2158944/000215894426000001/0002158944-26-000001-index.htm
D,CCRC SkyVue TX LLC,,2026-10-08,https://www.sec.gov/Archives/edgar/data/2156515/000215651526000001/0002156515-26-000001-index.htm
D,COMMUNITY FUEL INVESTMENT PARTNERS VI-C LP,,2026-10-08,https://www.sec.gov/Archives/edgar/data/2158439/000215843926000001/0002158439-26-000001-index.htm
D,CV Specc Opps Exo September 2026 a Series of CGF2021 LLC,,2026-10-08,https://www.sec.gov/Archives/edgar/data/2159005/000215900526000001/0002159005-26-000001-index.htm
D,"Caffeinated Capital Varda SPV IV, LLC",,2026-10-08,https://www.sec.gov/Archives/edgar/data/2158694/000215869426000001/0002158694-26-000001-index.htm
D,"CapitalX, LP - G2",,2026-10-08,https://www.sec.gov/Archives/edgar/data/2153424/000215342426000002/0002153424-26-000002-index.htm
D,Carlin Gold Corp,CGDCF,2026-10-08,https://www.sec.gov/Archives/edgar/data/1342325/000134232526000005/0001342325-26-000005-index.htm
D,Castlerock Regional Fund I LLC,,2026-10-08,https://www.sec.gov/Archives/edgar/data/2156714/000215671426000002/0002156714-26-000002-index.htm
D,Castlerock Regional Fund I LLC,,2026-10-08,https://www.sec.gov/Archives/edgar/data/2156714/000215671426000001/0002156714-26-000001-index.htm
D,"Clasp, Inc.",,2026-10-08,https://www.sec.gov/Archives/edgar/data/2024665/000202466526000006/0002024665-26-000006-index.htm
D,"Climate Venture Capital, LP - F4",,2026-10-08,https://www.sec.gov/Archives/edgar/data/2155040/000215504026000002/0002155040-26-000002-index.htm
D,CoTec Holdings Corp.,,2026-10-08,https://www.sec.gov/Archives/edgar/data/2079728/000207972826000001/0002079728-26-000001-index.htm
D,"Coast Medical Innovations, LLC",,2026-10-08,https://www.sec.gov/Archives/edgar/data/2157443/000215744326000001/0002157443-26-000001-index.htm
D,"ColoWatch, Inc. /MD/",,2026-10-08,https://www.sec.gov/Archives/edgar/data/2158357/000215835726000001/0002158357-26-000001-index.htm
D,"Community Partners, L.P. / DE",,2026-10-08,https://www.sec.gov/Archives/edgar/data/2159188/000093583626000526/0000935836-26-000526-index.htm
D,DEPTH SPV A Series of V360 Holdings LLC,,2026-10-08,https://www.sec.gov/Archives/edgar/data/2159402/000215940226000001/0002159402-26-000001-index.htm
D,"DVC Growth SPV I-C a series of Allocations 2026 Master, LLC",,2026-10-08,https://www.sec.gov/Archives/edgar/data/2150786/000215078626000001/0002150786-26-000001-index.htm
D,"Davidovs Venture Capital, LP - F1",,2026-10-08,https://www.sec.gov/Archives/edgar/data/2153414/000215341426000001/0002153414-26-000001-index.htm
D,"Davidovs Venture Capital, LP - F1 QP",,2026-10-08,https://www.sec.gov/Archives/edgar/data/2153417/000215341726000001/0002153417-26-000001-index.htm
D,"Digestive Disease Center, L.P.",,2026-10-08,https://www.sec.gov/Archives/edgar/data/1942525/000194252526000001/0001942525-26-000001-index.htm
D,Division 79 LLC,,2026-10-08,https://www.sec.gov/Archives/edgar/data/2159313/000215931326000001/0002159313-26-000001-index.htm
D,"Doliver Private Opportunity Fund IV, LLC",,2026-10-08,https://www.sec.gov/Archives/edgar/data/2159577/000215957726000001/0002159577-26-000001-index.htm
D,Duck Energy Holdings LLC,,2026-10-08,https://www.sec.gov/Archives/edgar/data/2068900/000206890026000001/0002068900-26-000001-index.htm
D,Entrepreneurs Capital LP - Series 5,,2026-10-08,https://www.sec.gov/Archives/edgar/data/2154910/000215491026000001/0002154910-26-000001-index.htm
D,"Exsolve, Inc.",,2026-10-08,https://www.sec.gov/Archives/edgar/data/1849964/000143774926032376/0001437749-26-032376-index.htm
D,"FA-0816 Fund III, a series of Jolt VC, LP",,2026-10-08,https://www.sec.gov/Archives/edgar/data/2152349/000215234926000001/0002152349-26-000001-index.htm
D,"FI-0727 Fund I, a series of Karman Ventures, LP",,2026-10-08,https://www.sec.gov/Archives/edgar/data/2148878/000214887826000001/0002148878-26-000001-index.htm
D,Fairmount Healthcare Co-Invest VII L.P.,,2026-10-08,https://www.sec.gov/Archives/edgar/data/2157639/000095014226002712/0000950142-26-002712-index.htm
D,Figueroa Heights LP,,2026-10-08,https://www.sec.gov/Archives/edgar/data/2159477/000215947726000001/0002159477-26-000001-index.htm
D,"Finwave Semiconductor, Inc.",,2026-10-08,https://www.sec.gov/Archives/edgar/data/1730799/000123191926001437/0001231919-26-001437-index.htm
D,"First Guaranty Bancshares, Inc.",FGBIP,2026-10-08,https://www.sec.gov/Archives/edgar/data/1408534/000140853426000075/0001408534-26-000075-index.htm
D,First Tactical Benchmark LP,,2026-10-08,https://www.sec.gov/Archives/edgar/data/2159486/000215948626000001/0002159486-26-000001-index.htm
D,Five Rivers India Fund,IFSC,2026-10-08,https://www.sec.gov/Archives/edgar/data/2155253/000215525326000001/0002155253-26-000001-index.htm
D,Fortastra Corp,,2026-10-08,https://www.sec.gov/Archives/edgar/data/2081105/000208110526000001/0002081105-26-000001-index.htm
D,Framework Venture Partners CV 2026 LP,,2026-10-08,https://www.sec.gov/Archives/edgar/data/2159233/000101297526000912/0001012975-26-000912-index.htm
D,GA Land 6 2026 LLC,,2026-10-08,https://www.sec.gov/Archives/edgar/data/2157763/000215776326000001/0002157763-26-000001-index.htm
D,"GA-1009 Fund I, a series of Roll Up Vehicles, LP",,2026-10-08,https://www.sec.gov/Archives/edgar/data/2102417/000210241726000002/0002102417-26-000002-index.htm
D,"GC XIII - Allocate Access, L.P.",,2026-10-08,https://www.sec.gov/Archives/edgar/data/2142609/000101297526000918/0001012975-26-000918-index.htm
D,GFO OPERATING LLC,,2026-10-08,https://www.sec.gov/Archives/edgar/data/2159568/000215956826000001/0002159568-26-000001-index.htm
D,GGC-HI-2026 a Series of CGF2026 LLC,,2026-10-08,https://www.sec.gov/Archives/edgar/data/2158984/000215898426000001/0002158984-26-000001-index.htm
D,GS Finance Corp.,,2026-10-08,https://www.sec.gov/Archives/edgar/data/1419828/000095010326015393/0000950103-26-015393-index.htm
D,"Gateway Royalty VII, LLC",,2026-10-08,https://www.sec.gov/Archives/edgar/data/2155352/000215535226000001/0002155352-26-000001-index.htm
D,"Godwin-AE Holdings, LLC",,2026-10-08,https://www.sec.gov/Archives/edgar/data/2086954/000208695426000001/0002086954-26-000001-index.htm
D,"Good Bull Data Centers, LP",,2026-10-08,https://www.sec.gov/Archives/edgar/data/2149551/000214955126000001/0002149551-26-000001-index.htm
D,"Good Bull Redevelopments, LP",,2026-10-08,https://www.sec.gov/Archives/edgar/data/2158831/000215883126000001/0002158831-26-000001-index.htm
D,Green Data Center Real Estate Inc.,,2026-10-08,https://www.sec.gov/Archives/edgar/data/2140404/000214040426000008/0002140404-26-000008-index.htm
D,Green Data Center Real Estate Inc.,,2026-10-08,https://www.sec.gov/Archives/edgar/data/2140404/000214040426000007/0002140404-26-000007-index.htm
D,Green Data Center Real Estate Inc.,,2026-10-08,https://www.sec.gov/Archives/edgar/data/2140404/000214040426000006/0002140404-26-000006-index.htm
D,Green Data Center Real Estate Inc.,,2026-10-08,https://www.sec.gov/Archives/edgar/data/2140404/000214040426000005/0002140404-26-000005-index.htm
D,Green Data Center Real Estate Inc.,,2026-10-08,https://www.sec.gov/Archives/edgar/data/2140404/000214040426000004/0002140404-26-000004-index.htm
D,Green Data Center Real Estate Inc.,,2026-10-08,https://www.sec.gov/Archives/edgar/data/2140404/000214040426000003/0002140404-26-000003-index.htm
D,Green Data Center Real Estate Inc.,,2026-10-08,https://www.sec.gov/Archives/edgar/data/2140404/000214040426000002/0002140404-26-000002-index.htm
D,"Growers Edge Financial, Inc.",,2026-10-08,https://www.sec.gov/Archives/edgar/data/1708046/000170804626000001/0001708046-26-000001-index.htm
D,HCW Biologics Inc.,HCWB,2026-10-08,https://www.sec.gov/Archives/edgar/data/1828673/000182867326000006/0001828673-26-000006-index.htm
D,HMC 65 Furniture Row Investors LLC,,2026-10-08,https://www.sec.gov/Archives/edgar/data/2158680/000215868026000001/0002158680-26-000001-index.htm
D,HPC GPFS Preferred Co-Invest,JR,2026-10-08,https://www.sec.gov/Archives/edgar/data/2152739/000215273926000001/0002152739-26-000001-index.htm
D,"HU-0902 Fund I, a series of Exitfund Venture, LP",,2026-10-08,https://www.sec.gov/Archives/edgar/data/2154343/000215434326000001/0002154343-26-000001-index.htm
D,Havenly Ingram Member LLC,,2026-10-08,https://www.sec.gov/Archives/edgar/data/2159126/000215912626000001/0002159126-26-000001-index.htm
D,Hg Orion 1 A L.P.,,2026-10-08,https://www.sec.gov/Archives/edgar/data/2129440/000212944026000001/0002129440-26-000001-index.htm
D,Hg Orion 1 Executive Co-Invest A L.P.,,2026-10-08,https://www.sec.gov/Archives/edgar/data/2129438/000212943826000001/0002129438-26-000001-index.htm
D,Hg Orion 1 US Aggregator A L.P.,,2026-10-08,https://www.sec.gov/Archives/edgar/data/2147286/000214728626000001/0002147286-26-000001-index.htm
D,Hg Orion 1 US Aggregator B L.P.,,2026-10-08,https://www.sec.gov/Archives/edgar/data/2147289/000214728926000001/0002147289-26-000001-index.htm
D,Hg Orion 1 US Aggregator II A L.P.,,2026-10-08,https://www.sec.gov/Archives/edgar/data/2147288/000214728826000001/0002147288-26-000001-index.htm
D,Hg Orion 1 US Aggregator II B L.P.,,2026-10-08,https://www.sec.gov/Archives/edgar/data/2147290/000214729026000001/0002147290-26-000001-index.htm
D,Hg Orion 1 US Aggregator III B L.P.,,2026-10-08,https://www.sec.gov/Archives/edgar/data/2147291/000214729126000001/0002147291-26-000001-index.htm
D,"High Street Holdco, LLC",,2026-10-08,https://www.sec.gov/Archives/edgar/data/2021228/000202122826000008/0002021228-26-000008-index.htm
D,"Intermountain West RBIC Fund, L.P.",,2026-10-08,https://www.sec.gov/Archives/edgar/data/2158508/000090883426000491/0000908834-26-000491-index.htm
D,Inventwood Inc.,,2026-10-08,https://www.sec.gov/Archives/edgar/data/2066808/000206680826000005/0002066808-26-000005-index.htm
D,"Jude Gomila, LP - G1",,2026-10-08,https://www.sec.gov/Archives/edgar/data/2153811/000215381126000001/0002153811-26-000001-index.htm
D,KA-004 FUND V A SERIES OF SVP PARTNERS FUND 2025 LLC,,2026-10-08,https://www.sec.gov/Archives/edgar/data/2159629/000215962926000001/0002159629-26-000001-index.htm
D,"Kamal Ravikant Capital, LP - G1",,2026-10-08,https://www.sec.gov/Archives/edgar/data/2153409/000215340926000001/0002153409-26-000001-index.htm
D,"Kestrel Ridge SPV Fund, LLC",,2026-10-08,https://www.sec.gov/Archives/edgar/data/2158106/000215810626000001/0002158106-26-000001-index.htm
D,Kidvoyage Inc.,,2026-10-08,https://www.sec.gov/Archives/edgar/data/2159431/000215943126000001/0002159431-26-000001-index.htm
D,Kitchenoid Inc,,2026-10-08,https://www.sec.gov/Archives/edgar/data/2156301/000215630126000001/0002156301-26-000001-index.htm
D,LFG Microgravity a Series of LFG VC LLC,,2026-10-08,https://www.sec.gov/Archives/edgar/data/2158977/000215897726000001/0002158977-26-000001-index.htm
D,"LI-0817 Fund I, a series of FBS Opportunities, LP",,2026-10-08,https://www.sec.gov/Archives/edgar/data/2152134/000215213426000001/0002152134-26-000001-index.htm
D,"LI-0917 Fund I, a series of JJ Fliegelman Funds, LP",,2026-10-08,https://www.sec.gov/Archives/edgar/data/2157121/000215712126000001/0002157121-26-000001-index.htm
D,"LendNexis Capital, LLC",,2026-10-08,https://www.sec.gov/Archives/edgar/data/2152818/000215281826000001/0002152818-26-000001-index.htm
D,"LevelTen Energy, Inc.",,2026-10-08,https://www.sec.gov/Archives/edgar/data/1695480/000169548026000004/0001695480-26-000004-index.htm
D,Lightstone Direct I LLC - Series Arlington Industrial,,2026-10-08,https://www.sec.gov/Archives/edgar/data/2154975/000118518526004662/0001185185-26-004662-index.htm
D,"Lightview TRP SPV, LP",,2026-10-08,https://www.sec.gov/Archives/edgar/data/2142430/000214243026000001/0002142430-26-000001-index.htm
D,"Lingerfelt Value Fund IV, L.P.",,2026-10-08,https://www.sec.gov/Archives/edgar/data/2113624/000211362426000002/0002113624-26-000002-index.htm
D,"Lytng, LLC",,2026-10-08,https://www.sec.gov/Archives/edgar/data/2018816/000201881626000004/0002018816-26-000004-index.htm
D,"Lytng, LLC",,2026-10-08,https://www.sec.gov/Archives/edgar/data/2018816/000201881626000003/0002018816-26-000003-index.htm
D,MC Madison Co-Invest II LP,,2026-10-08,https://www.sec.gov/Archives/edgar/data/2146538/000214653826000002/0002146538-26-000002-index.htm
D,"Mana Ventures, LP - G1",,2026-10-08,https://www.sec.gov/Archives/edgar/data/2153405/000215340526000001/0002153405-26-000001-index.htm
D,"Maria-ER-0802 Fund I, a series of Platform Funds 2026, LP",,2026-10-08,https://www.sec.gov/Archives/edgar/data/2150008/000215000826000001/0002150008-26-000001-index.htm
D,Middle Door Homes LLC,,2026-10-08,https://www.sec.gov/Archives/edgar/data/2159424/000215942426000001/0002159424-26-000001-index.htm
D,"Mindset Innovation II, Inc.",,2026-10-08,https://www.sec.gov/Archives/edgar/data/2149304/000214930426000001/0002149304-26-000001-index.htm
D,"Morningstar Minerals - GC Sidecar, LP",,2026-10-08,https://www.sec.gov/Archives/edgar/data/2158317/000215831726000001/0002158317-26-000001-index.htm
D,"Morningstar Minerals - West III, LP",,2026-10-08,https://www.sec.gov/Archives/edgar/data/2158332/000215833226000001/0002158332-26-000001-index.htm
D,"Multivorce, LLC",,2026-10-08,https://www.sec.gov/Archives/edgar/data/2158651/000108036826000006/0001080368-26-000006-index.htm
D,NPX Exchange Ltd,,2026-10-08,https://www.sec.gov/Archives/edgar/data/2159385/000215938526000001/0002159385-26-000001-index.htm
D,"NTV Healthcare Innovation Fund, LP",,2026-10-08,https://www.sec.gov/Archives/edgar/data/2138242/000213824226000001/0002138242-26-000001-index.htm
D,"NVP Capital Fund III, L.P.",,2026-10-08,https://www.sec.gov/Archives/edgar/data/2158457/000215845726000001/0002158457-26-000001-index.htm
D,"Negosh, Inc.",,2026-10-08,https://www.sec.gov/Archives/edgar/data/2158626/000215862626000001/0002158626-26-000001-index.htm
D,North Haven Venture Capital Opportunities Fund II,,2026-10-08,https://www.sec.gov/Archives/edgar/data/2137719/000206235726000465/0002062357-26-000465-index.htm
D,Nuveen Global Nature-based Solutions Fund LP,,2026-10-08,https://www.sec.gov/Archives/edgar/data/2153812/000215381226000001/0002153812-26-000001-index.htm
D,"OHA Hudson CLO Trigger Fund, L.P.",,2026-10-08,https://www.sec.gov/Archives/edgar/data/2146184/000095014226002714/0000950142-26-002714-index.htm
D,OTR 0926 a Series of CGF2021 LLC,,2026-10-08,https://www.sec.gov/Archives/edgar/data/2158920/000215892026000001/0002158920-26-000001-index.htm
D,"Ocean Avenue Fund VI, L.P.",,2026-10-08,https://www.sec.gov/Archives/edgar/data/2145952/000214595226000001/0002145952-26-000001-index.htm
D,"Odyssey Flow II SPV, LP",,2026-10-08,https://www.sec.gov/Archives/edgar/data/2151153/000215115326000001/0002151153-26-000001-index.htm
D,Olive & M LLC,,2026-10-08,https://www.sec.gov/Archives/edgar/data/2159462/000215946226000001/0002159462-26-000001-index.htm
D,"OncoNano Medicine, Inc.",,2026-10-08,https://www.sec.gov/Archives/edgar/data/1735726/000173572626000001/0001735726-26-000001-index.htm
D,"Original-HT-0903 Fund I, a series of Platform Funds 2026, LP",,2026-10-08,https://www.sec.gov/Archives/edgar/data/2154378/000215437826000001/0002154378-26-000001-index.htm
D,Orvessa Hayes LLC,,2026-10-08,https://www.sec.gov/Archives/edgar/data/2156201/000215620126000002/0002156201-26-000002-index.htm
D,OurCrowd,,2026-10-08,https://www.sec.gov/Archives/edgar/data/2159028/000215902826000001/0002159028-26-000001-index.htm
D,PHYSICAL FUND I a Series of FOG Ventures Fund III LLC,,2026-10-08,https://www.sec.gov/Archives/edgar/data/2159331/000215933126000001/0002159331-26-000001-index.htm
D,"PR-0908 Fund I, a series of Exitfund Venture, LP",,2026-10-08,https://www.sec.gov/Archives/edgar/data/2155691/000215569126000001/0002155691-26-000001-index.htm
D,PUMA VC SPV Navigantis B LP,,2026-10-08,https://www.sec.gov/Archives/edgar/data/2150884/000215088426000001/0002150884-26-000001-index.htm
D,Park & Poplar Investors LLC,,2026-10-08,https://www.sec.gov/Archives/edgar/data/2159112/000215911226000001/0002159112-26-000001-index.htm
D,Park Golf LLC,,2026-10-08,https://www.sec.gov/Archives/edgar/data/2159550/000215955026000001/0002159550-26-000001-index.htm
D,"Pathway Martello Investments I, LP",,2026-10-08,https://www.sec.gov/Archives/edgar/data/2074762/000207476226000003/0002074762-26-000003-index.htm
D,Plot Picks Inc.,,2026-10-08,https://www.sec.gov/Archives/edgar/data/2107254/000210725426000005/0002107254-26-000005-index.htm
D,"Portman Brookside Resi FF, LLC",,2026-10-08,https://www.sec.gov/Archives/edgar/data/2159612/000119248226000459/0001192482-26-000459-index.htm
D,"Private Market Securities Fund II, LLC Series B",,2026-10-08,https://www.sec.gov/Archives/edgar/data/2124825/000212482526000001/0002124825-26-000001-index.htm
D,Protos Fund LP - Series 6B,,2026-10-08,https://www.sec.gov/Archives/edgar/data/2159401/000093583626000528/0000935836-26-000528-index.htm
D,"RE-0212 Fund I, a series of Roll Up Vehicles, LP",,2026-10-08,https://www.sec.gov/Archives/edgar/data/2122975/000212297526000001/0002122975-26-000001-index.htm
D,RMF2 Victory Co-Invest LP,,2026-10-08,https://www.sec.gov/Archives/edgar/data/2156543/000215654326000001/0002156543-26-000001-index.htm
D,"RP Industrial Investors I, LLC",,2026-10-08,https://www.sec.gov/Archives/edgar/data/2159294/000215929426000001/0002159294-26-000001-index.htm
D,RRF Fund LLC,,2026-10-08,https://www.sec.gov/Archives/edgar/data/2047697/000204769726000001/0002047697-26-000001-index.htm
D,"ReAccelerate, LP",,2026-10-08,https://www.sec.gov/Archives/edgar/data/2157181/000215718126000001/0002157181-26-000001-index.htm
D,Rhone Technology Fund XIIIJ a Series of CGF2026 LLC,,2026-10-08,https://www.sec.gov/Archives/edgar/data/2158972/000215897226000001/0002158972-26-000001-index.htm
D,"Rolling Fun GP, LP - E4",,2026-10-08,https://www.sec.gov/Archives/edgar/data/2153430/000215343026000002/0002153430-26-000002-index.htm
D,"Rolling Fun GP, LP - E4",,2026-10-08,https://www.sec.gov/Archives/edgar/data/2153430/000215343026000001/0002153430-26-000001-index.htm
D,SANDLOT PARTNERS FM FLOW SPV I LLC,,2026-10-08,https://www.sec.gov/Archives/edgar/data/2158061/000215806126000001/0002158061-26-000001-index.htm
D,"SPV PTLSA 1, a series of Unlimited Returns, LP",,2026-10-08,https://www.sec.gov/Archives/edgar/data/2148850/000214885026000002/0002148850-26-000002-index.htm
D,"SPVC 14, a series of Spacestation Investments LP",,2026-10-08,https://www.sec.gov/Archives/edgar/data/2155868/000215586826000001/0002155868-26-000001-index.htm
D,SU Fund 1 LP,,2026-10-08,https://www.sec.gov/Archives/edgar/data/2157562/000215756226000001/0002157562-26-000001-index.htm
D,SURGICAL CENTER OF SOUTH JERSEY LP,,2026-10-08,https://www.sec.gov/Archives/edgar/data/1328478/000132847826000002/0001328478-26-000002-index.htm
D,"SURGICARE OF MINNEAPOLIS, LTD.",,2026-10-08,https://www.sec.gov/Archives/edgar/data/1141489/000114148926000001/0001141489-26-000001-index.htm
D,Sail Us to Elsinore Ltd Liability Co,,2026-10-08,https://www.sec.gov/Archives/edgar/data/2156803/000215680326000001/0002156803-26-000001-index.htm
D,Sandlot Partners Roots II SPV LLC,,2026-10-08,https://www.sec.gov/Archives/edgar/data/2158189/000215818926000001/0002158189-26-000001-index.htm
D,SeaStar Medical Holding Corp,ICU,2026-10-08,https://www.sec.gov/Archives/edgar/data/1831868/000183186826000002/0001831868-26-000002-index.htm
D,Setpoint Productive Assets Fund I L.P.,,2026-10-08,https://www.sec.gov/Archives/edgar/data/2158094/000091957426006763/0000919574-26-006763-index.htm
D,Shah Physician Syndicate Fund LLC - Series 3,,2026-10-08,https://www.sec.gov/Archives/edgar/data/2159480/000215948026000001/0002159480-26-000001-index.htm
D,"ShareBear Burst XI, a series of ShareBear Ventures, LP",,2026-10-08,https://www.sec.gov/Archives/edgar/data/2158206/000215820626000001/0002158206-26-000001-index.htm
D,"Silent Capital XXXIII, a series of Silent Capital Holdings, LP",,2026-10-08,https://www.sec.gov/Archives/edgar/data/2132325/000213232526000001/0002132325-26-000001-index.htm
D,"Silent Capital XXXXI, a series of Silent Capital Holdings, LP",,2026-10-08,https://www.sec.gov/Archives/edgar/data/2153403/000215340326000001/0002153403-26-000001-index.htm
D,Sixth Street Real Estate Opportunities,A,2026-10-08,https://www.sec.gov/Archives/edgar/data/2158003/000215800326000001/0002158003-26-000001-index.htm
D,Sixth Street Real Estate Opportunities,,2026-10-08,https://www.sec.gov/Archives/edgar/data/2157951/000215795126000001/0002157951-26-000001-index.htm
D,Sky Analytica Corp,,2026-10-08,https://www.sec.gov/Archives/edgar/data/2159529/000215952926000001/0002159529-26-000001-index.htm
D,"Sky City Data, Inc.",,2026-10-08,https://www.sec.gov/Archives/edgar/data/2061216/000206121626000001/0002061216-26-000001-index.htm
D,Spot VC Select 1 a Series of CGF2026 LLC,,2026-10-08,https://www.sec.gov/Archives/edgar/data/2158923/000215892326000001/0002158923-26-000001-index.htm
D,Squared Circle Square Two Fund LP,,2026-10-08,https://www.sec.gov/Archives/edgar/data/2144367/000214436726000003/0002144367-26-000003-index.htm
D,"StarLifter, Inc.",,2026-10-08,https://www.sec.gov/Archives/edgar/data/2156953/000215695326000001/0002156953-26-000001-index.htm
D,Supercruise Vertex Access I 2026 a Series of CGF2021 LLC,,2026-10-08,https://www.sec.gov/Archives/edgar/data/2158921/000215892126000001/0002158921-26-000001-index.htm
D,"Synteq Digital, Inc.",,2026-10-08,https://www.sec.gov/Archives/edgar/data/2113976/000211397626000003/0002113976-26-000003-index.htm
D,"TM Holding Companies, Inc.",,2026-10-08,https://www.sec.gov/Archives/edgar/data/2076174/000121465926012691/0001214659-26-012691-index.htm
D,"TPG AG Realty Value XII Co-Investment 2, L.P.",,2026-10-08,https://www.sec.gov/Archives/edgar/data/2158914/000215891426000001/0002158914-26-000001-index.htm
D,"TPG AG Realty Value XII Co-Investment Sub 2, L.P.",,2026-10-08,https://www.sec.gov/Archives/edgar/data/2159096/000215909626000002/0002159096-26-000002-index.htm
D,"TR-0907 Fund I, a series of Unpopular VC, LP",,2026-10-08,https://www.sec.gov/Archives/edgar/data/2155332/000215533226000001/0002155332-26-000001-index.htm
D,"Triangle Tweener Fund, LP - E4",,2026-10-08,https://www.sec.gov/Archives/edgar/data/2153420/000215342026000001/0002153420-26-000001-index.htm
D,Turaco Inc.,,2026-10-08,https://www.sec.gov/Archives/edgar/data/1834380/000183438026000004/0001834380-26-000004-index.htm
D,"Unpopular Ventures Preferred, LP - F4",,2026-10-08,https://www.sec.gov/Archives/edgar/data/2153412/000215341226000001/0002153412-26-000001-index.htm
D,VE SnowLeopard a Series of CGF2021 LLC,,2026-10-08,https://www.sec.gov/Archives/edgar/data/2159027/000215902726000001/0002159027-26-000001-index.htm
D,Venture5 Capital S001 - VSI a Series of CGF2021 LLC,,2026-10-08,https://www.sec.gov/Archives/edgar/data/2158941/000215894126000001/0002158941-26-000001-index.htm
D,Vye Health Inc.,,2026-10-08,https://www.sec.gov/Archives/edgar/data/2158121/000215812126000001/0002158121-26-000001-index.htm
D,"WCM Partners X, LLC - Series X6, viaPhoton",,2026-10-08,https://www.sec.gov/Archives/edgar/data/2151830/000215183026000001/0002151830-26-000001-index.htm
D,"WCM Partners X, LLC - Series X7, Blue Heavy Industries",,2026-10-08,https://www.sec.gov/Archives/edgar/data/2151886/000215188626000001/0002151886-26-000001-index.htm
D,"WCM Partners X, LLC - Series X8, Crusoe",,2026-10-08,https://www.sec.gov/Archives/edgar/data/2151777/000215177726000001/0002151777-26-000001-index.htm
D,WT Venture Fund LLC Series 1,,2026-10-08,https://www.sec.gov/Archives/edgar/data/2159321/000215932126000001/0002159321-26-000001-index.htm
D,"Waterfall Greenbrook Fund, LP",,2026-10-08,https://www.sec.gov/Archives/edgar/data/2156842/000215684226000001/0002156842-26-000001-index.htm
D,Wealth Rock LLC,,2026-10-08,https://www.sec.gov/Archives/edgar/data/2156650/000215665026000001/0002156650-26-000001-index.htm
D,"West Frisco Square EB-5 Fund, LP",,2026-10-08,https://www.sec.gov/Archives/edgar/data/2159630/000215963026000001/0002159630-26-000001-index.htm
D,"Wingra Capital Fund, LLC - Series I Units",,2026-10-08,https://www.sec.gov/Archives/edgar/data/2158292/000215829226000001/0002158292-26-000001-index.htm
8-K/A,"Bancorp, Inc.",TBBK,2026-10-08,https://www.sec.gov/Archives/edgar/data/1295401/000203985226000125/0002039852-26-000125-index.htm
8-K/A,FortuneX Acquisition Corp,FXAC,2026-10-08,https://www.sec.gov/Archives/edgar/data/2121703/000182912626010873/0001829126-26-010873-index.htm
8-K/A,"RICHARDSON ELECTRONICS, LTD.",RELL,2026-10-08,https://www.sec.gov/Archives/edgar/data/355948/000035594826000021/0000355948-26-000021-index.htm
8-K/A,Redwire Corp,RDW,2026-10-08,https://www.sec.gov/Archives/edgar/data/1819810/000181981026000133/0001819810-26-000133-index.htm
8-K,AFS SENSUB CORP.,,2026-10-08,https://www.sec.gov/Archives/edgar/data/1347185/000119312526417854/0001193125-26-417854-index.htm
8-K,"AGNT, Inc.",AGNT,2026-10-08,https://www.sec.gov/Archives/edgar/data/1495932/000110465926114628/0001104659-26-114628-index.htm
8-K,AMERICAN EXPRESS CO,AXP,2026-10-08,https://www.sec.gov/Archives/edgar/data/4962/000000496226000376/0000004962-26-000376-index.htm
8-K,AMERICAS CARMART INC,CRMT,2026-10-08,https://www.sec.gov/Archives/edgar/data/799850/000117184326006538/0001171843-26-006538-index.htm
8-K,ANGIODYNAMICS INC,ANGO,2026-10-08,https://www.sec.gov/Archives/edgar/data/1275187/000114036126039020/0001140361-26-039020-index.htm
8-K,ANGIODYNAMICS INC,ANGO,2026-10-08,https://www.sec.gov/Archives/edgar/data/1275187/000114036126039019/0001140361-26-039019-index.htm
8-K,AQUABOUNTY TECHNOLOGIES INC,AQB,2026-10-08,https://www.sec.gov/Archives/edgar/data/1603978/000160397826000092/0001603978-26-000092-index.htm
8-K,AZZ INC,AZZ,2026-10-08,https://www.sec.gov/Archives/edgar/data/8947/000000894726000181/0000008947-26-000181-index.htm
8-K,"Aardvark Therapeutics, Inc.",AARD,2026-10-08,https://www.sec.gov/Archives/edgar/data/1774857/000119312526417935/0001193125-26-417935-index.htm
8-K,"Alignment Healthcare, Inc.",ALHC,2026-10-08,https://www.sec.gov/Archives/edgar/data/1832466/000162828026065470/0001628280-26-065470-index.htm
8-K,Atkore Inc.,ATKR,2026-10-08,https://www.sec.gov/Archives/edgar/data/1666138/000166613826000039/0001666138-26-000039-index.htm
8-K,"Atrium Therapeutics, Inc.",RNA,2026-10-08,https://www.sec.gov/Archives/edgar/data/2093101/000119312526417402/0001193125-26-417402-index.htm
8-K,BRINKS CO,BCO,2026-10-08,https://www.sec.gov/Archives/edgar/data/78890/000007889026000063/0000078890-26-000063-index.htm
8-K,"BYLINE BANCORP, INC.",BY,2026-10-08,https://www.sec.gov/Archives/edgar/data/1702750/000119312526418064/0001193125-26-418064-index.htm
8-K,Bain Capital Private Credit,,2026-10-08,https://www.sec.gov/Archives/edgar/data/1899017/000119312526418095/0001193125-26-418095-index.htm
8-K,Better Home & Finance Holding Co,BETR,2026-10-08,https://www.sec.gov/Archives/edgar/data/1835856/000162828026065460/0001628280-26-065460-index.htm
8-K,"Beyond Air, Inc.",XAIR,2026-10-08,https://www.sec.gov/Archives/edgar/data/1641631/000149315226046268/0001493152-26-046268-index.htm
8-K,Blue Star Foods Corp.,BSFC,2026-10-08,https://www.sec.gov/Archives/edgar/data/1730773/000149315226046275/0001493152-26-046275-index.htm
8-K,Braemar Hotels & Resorts Inc.,BHR,2026-10-08,https://www.sec.gov/Archives/edgar/data/1574085/000157408526000151/0001574085-26-000151-index.htm
8-K,Braemar Hotels & Resorts Inc.,BHR,2026-10-08,https://www.sec.gov/Archives/edgar/data/1574085/000110465926114691/0001104659-26-114691-index.htm
8-K,Brookdale Senior Living Inc.,BKD,2026-10-08,https://www.sec.gov/Archives/edgar/data/1332349/000133234926000068/0001332349-26-000068-index.htm
8-K,Byrna Technologies Inc.,BYRN,2026-10-08,https://www.sec.gov/Archives/edgar/data/1354866/000143774926032354/0001437749-26-032354-index.htm
8-K,"CALIX, INC",CALX,2026-10-08,https://www.sec.gov/Archives/edgar/data/1406666/000140666626000038/0001406666-26-000038-index.htm
8-K,CAPITAL ONE MULTI ASSET EXECUTION TRUST,,2026-10-08,https://www.sec.gov/Archives/edgar/data/1163321/000119312526417978/0001193125-26-417978-index.htm
8-K,CARPENTER TECHNOLOGY CORP,CRS,2026-10-08,https://www.sec.gov/Archives/edgar/data/17843/000119312526417980/0001193125-26-417980-index.htm
8-K,CASS INFORMATION SYSTEMS INC,CASS,2026-10-08,https://www.sec.gov/Archives/edgar/data/708781/000070878126000033/0000708781-26-000033-index.htm
8-K,CENTENE CORP,CNC,2026-10-08,https://www.sec.gov/Archives/edgar/data/1071739/000107173926000186/0001071739-26-000186-index.htm
8-K,CITIZENS FINANCIAL GROUP INC/RI,CFG,2026-10-08,https://www.sec.gov/Archives/edgar/data/759944/000075994426000192/0000759944-26-000192-index.htm
8-K,Calisa Acquisition Corp,ALIS,2026-10-08,https://www.sec.gov/Archives/edgar/data/2026767/000149315226046343/0001493152-26-046343-index.htm
8-K,Change Agents Corporation.,CHGA,2026-10-08,https://www.sec.gov/Archives/edgar/data/1630212/000121390026107737/0001213900-26-107737-index.htm
8-K,Charlton Aria Acquisition Corp,CHAR,2026-10-08,https://www.sec.gov/Archives/edgar/data/2024459/000121390026107744/0001213900-26-107744-index.htm
8-K,"Childrens Place, Inc.",PLCE,2026-10-08,https://www.sec.gov/Archives/edgar/data/1041859/000110465926114716/0001104659-26-114716-index.htm
8-K,"ConnectOne Bancorp, Inc.",CNOB,2026-10-08,https://www.sec.gov/Archives/edgar/data/712771/000143774926032352/0001437749-26-032352-index.htm
8-K,Crescent Energy Co,CRGY,2026-10-08,https://www.sec.gov/Archives/edgar/data/1866175/000162828026065385/0001628280-26-065385-index.htm
8-K,"Crestline Lending Solutions, LLC",,2026-10-08,https://www.sec.gov/Archives/edgar/data/2035713/000162828026065443/0001628280-26-065443-index.htm
8-K,DEVON ENERGY CORP/DE,DVN,2026-10-08,https://www.sec.gov/Archives/edgar/data/1090012/000119312526417944/0001193125-26-417944-index.htm
8-K,DOMINOS PIZZA INC,DPZ,2026-10-08,https://www.sec.gov/Archives/edgar/data/1286681/000119312526417912/0001193125-26-417912-index.htm
8-K,DT Cloud Star Acquisition Corp,DTSQ,2026-10-08,https://www.sec.gov/Archives/edgar/data/2017950/000149315226046360/0001493152-26-046360-index.htm
8-K,DT Cloud Star Acquisition Corp,DTSQ,2026-10-08,https://www.sec.gov/Archives/edgar/data/2017950/000149315226046187/0001493152-26-046187-index.htm
8-K,DiamondRock Hospitality Co,DRH,2026-10-08,https://www.sec.gov/Archives/edgar/data/1298946/000129894626000043/0001298946-26-000043-index.htm
8-K,"Diamondback Energy, Inc.",FANG,2026-10-08,https://www.sec.gov/Archives/edgar/data/1539838/000153983826000177/0001539838-26-000177-index.htm
8-K,Digital Asset Acquisition Corp.,DAAQ,2026-10-08,https://www.sec.gov/Archives/edgar/data/2052162/000121390026108077/0001213900-26-108077-index.htm
8-K,"Distribution Solutions Group, Inc.",DSGR,2026-10-08,https://www.sec.gov/Archives/edgar/data/703604/000119312526417257/0001193125-26-417257-index.htm
8-K,Dragonfly Energy Holdings Corp.,DFLI,2026-10-08,https://www.sec.gov/Archives/edgar/data/1847986/000149315226046260/0001493152-26-046260-index.htm
8-K,Drilling Tools International Corp,DTI,2026-10-08,https://www.sec.gov/Archives/edgar/data/1884516/000119312526418058/0001193125-26-418058-index.htm
8-K,Drilling Tools International Corp,DTI,2026-10-08,https://www.sec.gov/Archives/edgar/data/1884516/000119312526417370/0001193125-26-417370-index.htm
8-K,EOG RESOURCES INC,EOG,2026-10-08,https://www.sec.gov/Archives/edgar/data/821189/000082118926000202/0000821189-26-000202-index.htm
8-K,"Editas Medicine, Inc.",EDIT,2026-10-08,https://www.sec.gov/Archives/edgar/data/1650664/000165066426000093/0001650664-26-000093-index.htm
8-K,"Elauwit Connection, Inc.",ELWT,2026-10-08,https://www.sec.gov/Archives/edgar/data/2063863/000110465926114654/0001104659-26-114654-index.htm
8-K,Eva Live Inc,GOAI,2026-10-08,https://www.sec.gov/Archives/edgar/data/1983736/000149315226046205/0001493152-26-046205-index.htm
8-K,FORD CREDIT FLOORPLAN MASTER OWNER TRUST A,,2026-10-08,https://www.sec.gov/Archives/edgar/data/1159408/000110465926114683/0001104659-26-114683-index.htm
8-K,FORD CREDIT FLOORPLAN MASTER OWNER TRUST A,,2026-10-08,https://www.sec.gov/Archives/edgar/data/1159408/000110465926114682/0001104659-26-114682-index.htm
8-K,FREQUENCY ELECTRONICS INC,FEIM,2026-10-08,https://www.sec.gov/Archives/edgar/data/39020/000118518526004648/0001185185-26-004648-index.htm
8-K,FS KKR Capital Corp,FSK,2026-10-08,https://www.sec.gov/Archives/edgar/data/1422183/000110465926114718/0001104659-26-114718-index.htm
8-K,Federal Home Loan Bank of Atlanta,,2026-10-08,https://www.sec.gov/Archives/edgar/data/1331465/000133146526000181/0001331465-26-000181-index.htm
8-K,Federal Home Loan Bank of Boston,,2026-10-08,https://www.sec.gov/Archives/edgar/data/1331463/000133146326000192/0001331463-26-000192-index.htm
8-K,Federal Home Loan Bank of Chicago,,2026-10-08,https://www.sec.gov/Archives/edgar/data/1331451/000133145126000186/0001331451-26-000186-index.htm
8-K,Federal Home Loan Bank of Dallas,,2026-10-08,https://www.sec.gov/Archives/edgar/data/1331757/000133175726000181/0001331757-26-000181-index.htm
8-K,Federal Home Loan Bank of Des Moines,,2026-10-08,https://www.sec.gov/Archives/edgar/data/1325814/000132581426000160/0001325814-26-000160-index.htm
8-K,Federal Home Loan Bank of Indianapolis,,2026-10-08,https://www.sec.gov/Archives/edgar/data/1331754/000133175426000198/0001331754-26-000198-index.htm
8-K,Federal Home Loan Bank of New York,,2026-10-08,https://www.sec.gov/Archives/edgar/data/1329842/000165495426008860/0001654954-26-008860-index.htm
8-K,Federal Home Loan Bank of New York,,2026-10-08,https://www.sec.gov/Archives/edgar/data/1329842/000165495426008858/0001654954-26-008858-index.htm
8-K,Federal Home Loan Bank of Pittsburgh,,2026-10-08,https://www.sec.gov/Archives/edgar/data/1330399/000133039926000131/0001330399-26-000131-index.htm
8-K,Federal Home Loan Bank of Topeka,,2026-10-08,https://www.sec.gov/Archives/edgar/data/1325878/000132587826000211/0001325878-26-000211-index.htm
8-K,"FibroBiologics, Inc.",FBLG,2026-10-08,https://www.sec.gov/Archives/edgar/data/1958777/000119312526418065/0001193125-26-418065-index.htm
8-K,GARTNER INC,IT,2026-10-08,https://www.sec.gov/Archives/edgar/data/749251/000119312526417937/0001193125-26-417937-index.htm
8-K,GENERAL DYNAMICS CORP,GD,2026-10-08,https://www.sec.gov/Archives/edgar/data/40533/000119312526417188/0001193125-26-417188-index.htm
8-K,GEO GROUP INC,GEO,2026-10-08,https://www.sec.gov/Archives/edgar/data/923796/000119312526417979/0001193125-26-417979-index.htm
8-K,"Global Arena Holding, Inc.",,2026-10-08,https://www.sec.gov/Archives/edgar/data/1138724/000149315226046269/0001493152-26-046269-index.htm
8-K,HAEMONETICS CORP,HAE,2026-10-08,https://www.sec.gov/Archives/edgar/data/313143/000031314326000138/0000313143-26-000138-index.htm
8-K,HALLADOR ENERGY CO,HNRG,2026-10-08,https://www.sec.gov/Archives/edgar/data/788965/000162828026065410/0001628280-26-065410-index.htm
8-K,HELEN OF TROY LTD,HELE,2026-10-08,https://www.sec.gov/Archives/edgar/data/916789/000091678926000137/0000916789-26-000137-index.htm
8-K,HENRY SCHEIN INC,HSIC,2026-10-08,https://www.sec.gov/Archives/edgar/data/1000228/000119312526417409/0001193125-26-417409-index.htm
8-K,"Hercules Capital, Inc.",HTGC,2026-10-08,https://www.sec.gov/Archives/edgar/data/1280784/000162828026065459/0001628280-26-065459-index.htm
8-K,Hess Midstream LP,HESM,2026-10-08,https://www.sec.gov/Archives/edgar/data/1789832/000119312526418053/0001193125-26-418053-index.htm
8-K,"Hyperfine, Inc.",HYPR,2026-10-08,https://www.sec.gov/Archives/edgar/data/1833769/000119312526417437/0001193125-26-417437-index.htm
8-K,I-ON Digital Corp.,IONI,2026-10-08,https://www.sec.gov/Archives/edgar/data/1580490/000149315226046357/0001493152-26-046357-index.htm
8-K,INTERNATIONAL PAPER CO /NEW/,IP,2026-10-08,https://www.sec.gov/Archives/edgar/data/51434/000005143426000140/0000051434-26-000140-index.htm
8-K,Innovative Eyewear Inc,LUCYW,2026-10-08,https://www.sec.gov/Archives/edgar/data/1808377/000182912626010910/0001829126-26-010910-index.htm
8-K,"Innventure, Inc.",INV,2026-10-08,https://www.sec.gov/Archives/edgar/data/2001557/000200155726000192/0002001557-26-000192-index.htm
8-K,"JLL Income Property Trust, Inc.",,2026-10-08,https://www.sec.gov/Archives/edgar/data/1314152/000131415226000204/0001314152-26-000204-index.htm
8-K,KIRBY CORP,KEX,2026-10-08,https://www.sec.gov/Archives/edgar/data/56047/000119312526417702/0001193125-26-417702-index.htm
8-K,"KiNRG, Inc.",BYOP,2026-10-08,https://www.sec.gov/Archives/edgar/data/95572/000121390026107963/0001213900-26-107963-index.htm
8-K,"KonaTel, Inc.",KTEL,2026-10-08,https://www.sec.gov/Archives/edgar/data/845819/000149315226046290/0001493152-26-046290-index.htm
8-K,Leader's Advantage Acquisition Corp.,LEDR,2026-10-08,https://www.sec.gov/Archives/edgar/data/2109823/000121390026107649/0001213900-26-107649-index.htm
8-K,Lifeward Ltd.,LFWD,2026-10-08,https://www.sec.gov/Archives/edgar/data/1607962/000117891326004746/0001178913-26-004746-index.htm
8-K,"MFA FINANCIAL, INC.",MFA,2026-10-08,https://www.sec.gov/Archives/edgar/data/1055160/000110465926114714/0001104659-26-114714-index.htm
8-K,MOVADO GROUP INC,MOV,2026-10-08,https://www.sec.gov/Archives/edgar/data/72573/000095014226002717/0000950142-26-002717-index.htm
8-K,"MSC INCOME FUND, INC.",MSIF,2026-10-08,https://www.sec.gov/Archives/edgar/data/1535778/000153577826000096/0001535778-26-000096-index.htm
8-K,Main Street Capital CORP,MAIN,2026-10-08,https://www.sec.gov/Archives/edgar/data/1396440/000139644026000104/0001396440-26-000104-index.htm
8-K,"Mission Produce, Inc.",AVO,2026-10-08,https://www.sec.gov/Archives/edgar/data/1802974/000180297426000046/0001802974-26-000046-index.htm
8-K,NEWS CORP,NWSA,2026-10-08,https://www.sec.gov/Archives/edgar/data/1564708/000156470826000218/0001564708-26-000218-index.htm
8-K,"NEXTNRG, INC.",NXXT,2026-10-08,https://www.sec.gov/Archives/edgar/data/1817004/000149315226046192/0001493152-26-046192-index.htm
8-K,NN INC,NNBR,2026-10-08,https://www.sec.gov/Archives/edgar/data/918541/000091854126000107/0000918541-26-000107-index.htm
8-K,NOVAGOLD RESOURCES INC,NG,2026-10-08,https://www.sec.gov/Archives/edgar/data/1173420/000117184326006528/0001171843-26-006528-index.htm
8-K,NUVEEN MUNICIPAL VALUE FUND INC,NUV,2026-10-08,https://www.sec.gov/Archives/edgar/data/812801/000199937126022487/0001999371-26-022487-index.htm
8-K,"New ERA Energy & Digital, Inc.",NUAI,2026-10-08,https://www.sec.gov/Archives/edgar/data/2028336/000121390026107704/0001213900-26-107704-index.htm
8-K,"NextTrip, Inc.",NTRP,2026-10-08,https://www.sec.gov/Archives/edgar/data/788611/000149315226046261/0001493152-26-046261-index.htm
8-K,Nova Minerals Corp,NVA,2026-10-08,https://www.sec.gov/Archives/edgar/data/1852551/000149315226046257/0001493152-26-046257-index.htm
8-K,OGE ENERGY CORP.,OGE,2026-10-08,https://www.sec.gov/Archives/edgar/data/1021635/000102163526000031/0001021635-26-000031-index.htm
8-K,Oil-Dri Corp of America,ODC,2026-10-08,https://www.sec.gov/Archives/edgar/data/74046/000162828026065455/0001628280-26-065455-index.htm
8-K,Oil-Dri Corp of America,ODC,2026-10-08,https://www.sec.gov/Archives/edgar/data/74046/000162828026065374/0001628280-26-065374-index.htm
8-K,"Onterris, Inc.",ONT,2026-10-08,https://www.sec.gov/Archives/edgar/data/1643615/000119312526417915/0001193125-26-417915-index.htm
8-K,"OpenWorld, Inc.",VRME,2026-10-08,https://www.sec.gov/Archives/edgar/data/1104038/000121465926012713/0001214659-26-012713-index.htm
8-K,PARK AEROSPACE CORP,PKE,2026-10-08,https://www.sec.gov/Archives/edgar/data/76267/000143774926032379/0001437749-26-032379-index.htm
8-K,PEPSICO INC,PEP,2026-10-08,https://www.sec.gov/Archives/edgar/data/77476/000007747626000050/0000077476-26-000050-index.htm
8-K,"POWERCOMPUTE, INC.",PWCM,2026-10-08,https://www.sec.gov/Archives/edgar/data/1640384/000119312526417469/0001193125-26-417469-index.htm
8-K,PRA GROUP INC,PRAA,2026-10-08,https://www.sec.gov/Archives/edgar/data/1185348/000119312526417167/0001193125-26-417167-index.htm
8-K,PRUDENTIAL FINANCIAL INC,PRU,2026-10-08,https://www.sec.gov/Archives/edgar/data/1137774/000119312526417354/0001193125-26-417354-index.htm
8-K,"Pacira BioSciences, Inc.",PCRX,2026-10-08,https://www.sec.gov/Archives/edgar/data/1396814/000110465926114571/0001104659-26-114571-index.htm
8-K,Payoneer Global Inc.,PAYO,2026-10-08,https://www.sec.gov/Archives/edgar/data/1845815/000095010326015392/0000950103-26-015392-index.htm
8-K,"Perspective Therapeutics, Inc.",CATX,2026-10-08,https://www.sec.gov/Archives/edgar/data/728387/000119312526417384/0001193125-26-417384-index.htm
8-K,Quantum-Si Inc,QSI,2026-10-08,https://www.sec.gov/Archives/edgar/data/1816431/000181643126000064/0001816431-26-000064-index.htm
8-K,Quetta Acquisition Corp,QETA,2026-10-08,https://www.sec.gov/Archives/edgar/data/1978528/000149315226046194/0001493152-26-046194-index.htm
8-K,RB GLOBAL INC.,RBA,2026-10-08,https://www.sec.gov/Archives/edgar/data/1046102/000110465926114556/0001104659-26-114556-index.htm
8-K,"RCI HOSPITALITY HOLDINGS, INC.",RICK,2026-10-08,https://www.sec.gov/Archives/edgar/data/935419/000162828026065414/0001628280-26-065414-index.htm
8-K,SENTIENT BRANDS HOLDINGS INC.,SNBH,2026-10-08,https://www.sec.gov/Archives/edgar/data/1358633/000149315226046304/0001493152-26-046304-index.htm
8-K,"SHOULDER INNOVATIONS, INC.",SI,2026-10-08,https://www.sec.gov/Archives/edgar/data/1699350/000169935026000058/0001699350-26-000058-index.htm
8-K,SILVER BOW MINING CORP.,SBMT,2026-10-08,https://www.sec.gov/Archives/edgar/data/2067674/000153949726002667/0001539497-26-002667-index.htm
8-K,SPIRE INC,SR,2026-10-08,https://www.sec.gov/Archives/edgar/data/1126956/000119312526417983/0001193125-26-417983-index.htm
8-K,Sezzle Inc.,SEZL,2026-10-08,https://www.sec.gov/Archives/edgar/data/1662991/000166299126000165/0001662991-26-000165-index.htm
8-K,Shimmick Corp,SHIM,2026-10-08,https://www.sec.gov/Archives/edgar/data/1887944/000119312526418076/0001193125-26-418076-index.htm
8-K,Southport Acquisition Corp. II,,2026-10-08,https://www.sec.gov/Archives/edgar/data/2148436/000118518526004666/0001185185-26-004666-index.htm
8-K,Sports Entertainment Gaming Global Corp,SEGG,2026-10-08,https://www.sec.gov/Archives/edgar/data/1673481/000149315226046278/0001493152-26-046278-index.htm
8-K,StageWise Strategies Corp.,STWI,2026-10-08,https://www.sec.gov/Archives/edgar/data/1999261/000121390026107967/0001213900-26-107967-index.htm
8-K,"Super Micro Computer, Inc.",SMCI,2026-10-08,https://www.sec.gov/Archives/edgar/data/1375365/000137536526000023/0001375365-26-000023-index.htm
8-K,"TELA Bio, Inc.",TELA,2026-10-08,https://www.sec.gov/Archives/edgar/data/1561921/000110465926114695/0001104659-26-114695-index.htm
8-K,"TENAX THERAPEUTICS, INC.",TENX,2026-10-08,https://www.sec.gov/Archives/edgar/data/34956/000119312526417939/0001193125-26-417939-index.htm
8-K,TETRA TECHNOLOGIES INC,TTI,2026-10-08,https://www.sec.gov/Archives/edgar/data/844965/000084496526000061/0000844965-26-000061-index.htm
8-K,Terra Innovatum Global N.V.,NKLR,2026-10-08,https://www.sec.gov/Archives/edgar/data/2067627/000121390026107990/0001213900-26-107990-index.htm
8-K,Texas Ventures Acquisition III Corp,TVA,2026-10-08,https://www.sec.gov/Archives/edgar/data/2033991/000110465926114460/0001104659-26-114460-index.htm
8-K,"Tilray Brands, Inc.",TLRY,2026-10-08,https://www.sec.gov/Archives/edgar/data/1731348/000117184326006527/0001171843-26-006527-index.htm
8-K,"Transglobal Management Group, Inc.",TMGI,2026-10-08,https://www.sec.gov/Archives/edgar/data/1434601/000168316826007705/0001683168-26-007705-index.htm
8-K,"Transportation & Logistics Systems, Inc.",TLSS,2026-10-08,https://www.sec.gov/Archives/edgar/data/1463208/000149315226046344/0001493152-26-046344-index.htm
8-K,Trinity Capital Inc.,TRIN,2026-10-08,https://www.sec.gov/Archives/edgar/data/1786108/000119312526418097/0001193125-26-418097-index.htm
8-K,"Twin Vee PowerCats, Co.",VEEE,2026-10-08,https://www.sec.gov/Archives/edgar/data/1855509/000173112226001330/0001731122-26-001330-index.htm
8-K,VIVOS INC,RDGL,2026-10-08,https://www.sec.gov/Archives/edgar/data/1449349/000149315226046354/0001493152-26-046354-index.htm
8-K,"Valion Bio, Inc.",VBIO,2026-10-08,https://www.sec.gov/Archives/edgar/data/1787740/000168316826007709/0001683168-26-007709-index.htm
8-K,"Venture Global, Inc.",VG,2026-10-08,https://www.sec.gov/Archives/edgar/data/2007855/000200785526000072/0002007855-26-000072-index.htm
8-K,Viatris Inc,VTRS,2026-10-08,https://www.sec.gov/Archives/edgar/data/1792044/000114036126039024/0001140361-26-039024-index.htm
8-K,"Vir Biotechnology, Inc.",VIR,2026-10-08,https://www.sec.gov/Archives/edgar/data/1706431/000162828026065408/0001628280-26-065408-index.htm
8-K,Vireo Growth Inc.,VREOF,2026-10-08,https://www.sec.gov/Archives/edgar/data/1771706/000110465926114701/0001104659-26-114701-index.htm
8-K,Virginia National Bankshares Corp,VABK,2026-10-08,https://www.sec.gov/Archives/edgar/data/1572334/000119312526417432/0001193125-26-417432-index.htm
8-K,Vontier Corp,VNT,2026-10-08,https://www.sec.gov/Archives/edgar/data/1786842/000162828026065383/0001628280-26-065383-index.htm
8-K,WERNER ENTERPRISES INC,WERN,2026-10-08,https://www.sec.gov/Archives/edgar/data/793074/000079307426000159/0000793074-26-000159-index.htm
8-K,"X4 Pharmaceuticals, Inc",XFOR,2026-10-08,https://www.sec.gov/Archives/edgar/data/1501697/000150169726000081/0001501697-26-000081-index.htm
8-K,"XWELL, Inc.",XWEL,2026-10-08,https://www.sec.gov/Archives/edgar/data/1410428/000110465926114456/0001104659-26-114456-index.htm
8-K,Zoetis Inc.,ZTS,2026-10-08,https://www.sec.gov/Archives/edgar/data/1555280/000155528026000042/0001555280-26-000042-index.htm
8-K,"Zoomcar Holdings, Inc.",ZCAR,2026-10-08,https://www.sec.gov/Archives/edgar/data/1854275/000121390026107954/0001213900-26-107954-index.htm
8-K,"bioAffinity Technologies, Inc.",BIAF,2026-10-08,https://www.sec.gov/Archives/edgar/data/1712762/000149315226046266/0001493152-26-046266-index.htm
424B4,Basel Medical Group Ltd,BMGL,2026-10-08,https://www.sec.gov/Archives/edgar/data/2004489/000149315226046355/0001493152-26-046355-index.htm
4/A,Blackburn Charles Phillip,NAKA,2026-10-08,https://www.sec.gov/Archives/edgar/data/2082885/000149315226046386/0001493152-26-046386-index.htm
4/A,Boulette David,GOAI,2026-10-08,https://www.sec.gov/Archives/edgar/data/1653409/000149315226046286/0001493152-26-046286-index.htm
4/A,Boulette David,GOAI,2026-10-08,https://www.sec.gov/Archives/edgar/data/1653409/000149315226046284/0001493152-26-046284-index.htm
4/A,Boulette David,GOAI,2026-10-08,https://www.sec.gov/Archives/edgar/data/1653409/000149315226046282/0001493152-26-046282-index.htm
4/A,Chan Steven,ATTO,2026-10-08,https://www.sec.gov/Archives/edgar/data/1654907/000165490726000009/0001654907-26-000009-index.htm
4/A,Connaughton Bernadette,HALO,2026-10-08,https://www.sec.gov/Archives/edgar/data/1662521/000115903626000139/0001159036-26-000139-index.htm
4/A,Dalton John Merritt,NAKA,2026-10-08,https://www.sec.gov/Archives/edgar/data/1653297/000149315226046388/0001493152-26-046388-index.htm
4/A,Fu Tao,ATTO,2026-10-08,https://www.sec.gov/Archives/edgar/data/1644888/000164488826000009/0001644888-26-000009-index.htm
4/A,Gendron Teresa S,NAKA,2026-10-08,https://www.sec.gov/Archives/edgar/data/1479648/000149315226046390/0001493152-26-046390-index.htm
4/A,Iwaschuk William,CIFR,2026-10-08,https://www.sec.gov/Archives/edgar/data/1887627/000188762726000012/0001887627-26-000012-index.htm
4/A,Kelly Patrick Arthur,CIFR,2026-10-08,https://www.sec.gov/Archives/edgar/data/1887616/000188761626000024/0001887616-26-000024-index.htm
4/A,McNulty Perianne Boring,NAKA,2026-10-08,https://www.sec.gov/Archives/edgar/data/2080990/000149315226046392/0001493152-26-046392-index.htm
4/A,Mumford Gregory J.D.,CIFR,2026-10-08,https://www.sec.gov/Archives/edgar/data/2090886/000209088626000010/0002090886-26-000010-index.htm
4/A,Newton Tyler,WEAV,2026-10-08,https://www.sec.gov/Archives/edgar/data/1645317/000164531726000003/0001645317-26-000003-index.htm
4/A,Page Tyler,CIFR,2026-10-08,https://www.sec.gov/Archives/edgar/data/1887623/000188762326000021/0001887623-26-000021-index.htm
4/A,Xethalis Gregory Elias,NAKA,2026-10-08,https://www.sec.gov/Archives/edgar/data/2081092/000149315226046394/0001493152-26-046394-index.htm
4/A,YUSKO MARK W,NAKA,2026-10-08,https://www.sec.gov/Archives/edgar/data/1284291/000149315226046396/0001493152-26-046396-index.htm
4,ACOFF VIOLA L,CRS,2026-10-08,https://www.sec.gov/Archives/edgar/data/1768369/000176836926000002/0001768369-26-000002-index.htm
4,ADAMS J MICHAEL JR,ASRV,2026-10-08,https://www.sec.gov/Archives/edgar/data/1180672/000070760526000070/0000707605-26-000070-index.htm
4,Achanta Shankar,FCEL,2026-10-08,https://www.sec.gov/Archives/edgar/data/2051411/000089706926001824/0000897069-26-001824-index.htm
4,Advani Loveen,BETR,2026-10-08,https://www.sec.gov/Archives/edgar/data/2111354/000211135426000016/0002111354-26-000016-index.htm
4,Agrawal Nitin,CRWV,2026-10-08,https://www.sec.gov/Archives/edgar/data/2058038/000176962826000446/0001769628-26-000446-index.htm
4,Airhart Steven,DBHL,2026-10-08,https://www.sec.gov/Archives/edgar/data/2080750/000121390026108158/0001213900-26-108158-index.htm
4,Aiyar Priya,WBD,2026-10-08,https://www.sec.gov/Archives/edgar/data/1933736/000193373626000008/0001933736-26-000008-index.htm
4,Angell Jonathon,DBHL,2026-10-08,https://www.sec.gov/Archives/edgar/data/2080569/000121390026108159/0001213900-26-108159-index.htm
4,Antoine Robert,CCBG,2026-10-08,https://www.sec.gov/Archives/edgar/data/1784151/000178415126000010/0001784151-26-000010-index.htm
4,Ayotte Jon,EVER,2026-10-08,https://www.sec.gov/Archives/edgar/data/1983015/000119312526418040/0001193125-26-418040-index.htm
4,BAILLY R JEFFREY,FUL,2026-10-08,https://www.sec.gov/Archives/edgar/data/1033284/000122520826008325/0001225208-26-008325-index.htm
4,BECK JULIE A,CRS,2026-10-08,https://www.sec.gov/Archives/edgar/data/1333565/000133356526000008/0001333565-26-000008-index.htm
4,BERENDT MICHAEL J,,2026-10-08,https://www.sec.gov/Archives/edgar/data/1186877/000121390026108190/0001213900-26-108190-index.htm
4,BERGER FRANKLIN M,,2026-10-08,https://www.sec.gov/Archives/edgar/data/1273885/000121390026108188/0001213900-26-108188-index.htm
4,BOBULSKY SUSAN,ADPT,2026-10-08,https://www.sec.gov/Archives/edgar/data/1820885/000182088526000025/0001820885-26-000025-index.htm
4,Balakrishnan Lavanya,ABAT,2026-10-08,https://www.sec.gov/Archives/edgar/data/2087435/000149315226046341/0001493152-26-046341-index.htm
4,Baltzer Rodney,DBHL,2026-10-08,https://www.sec.gov/Archives/edgar/data/2080757/000121390026108161/0001213900-26-108161-index.htm
4,Banfield William D.,RKT,2026-10-08,https://www.sec.gov/Archives/edgar/data/2028108/000180528426000117/0001805284-26-000117-index.htm
4,Banse Amy,LEN,2026-10-08,https://www.sec.gov/Archives/edgar/data/1550029/000119312526418151/0001193125-26-418151-index.htm
4,Beitzel Nina Andreya,FUNC,2026-10-08,https://www.sec.gov/Archives/edgar/data/2158355/000101410026000028/0001014100-26-000028-index.htm
4,Bender Shawn Robert,FUNC,2026-10-08,https://www.sec.gov/Archives/edgar/data/2158053/000101410026000026/0001014100-26-000026-index.htm
4,Berard Todd,BLFS,2026-10-08,https://www.sec.gov/Archives/edgar/data/1633186/000119312526418308/0001193125-26-418308-index.htm
4,Bloomingdale Richard W.,ASRV,2026-10-08,https://www.sec.gov/Archives/edgar/data/1985793/000070760526000072/0000707605-26-000072-index.htm
4,Boone Karen,CRWV,2026-10-08,https://www.sec.gov/Archives/edgar/data/1561290/000176962826000447/0001769628-26-000447-index.htm
4,Booth Richard Whitaker,,2026-10-08,https://www.sec.gov/Archives/edgar/data/1845014/000143510926000150/0001435109-26-000150-index.htm
4,Bradley Amy,ASRV,2026-10-08,https://www.sec.gov/Archives/edgar/data/1930501/000070760526000076/0000707605-26-000076-index.htm
4,Brainard David,EVER,2026-10-08,https://www.sec.gov/Archives/edgar/data/1840881/000119312526418041/0001193125-26-418041-index.htm
4,Brandon-Gordon Andrew Mark,PSKY,2026-10-08,https://www.sec.gov/Archives/edgar/data/2068632/000122520826008333/0001225208-26-008333-index.htm
4,Breithaupt Chantelle Yvette,ANET,2026-10-08,https://www.sec.gov/Archives/edgar/data/1850596/000159653226000239/0001596532-26-000239-index.htm
4,Brown Brian Michael,AVPT,2026-10-08,https://www.sec.gov/Archives/edgar/data/1865783/000143774926032381/0001437749-26-032381-index.htm
4,Brown Brian Nicholas,RKT,2026-10-08,https://www.sec.gov/Archives/edgar/data/1820672/000180528426000114/0001805284-26-000114-index.htm
4,CANYON CAPITAL ADVISORS LLC,CBL,2026-10-08,https://www.sec.gov/Archives/edgar/data/1074034/000119312526418127/0001193125-26-418127-index.htm
4,CAROLAN BRIAN,SAIL,2026-10-08,https://www.sec.gov/Archives/edgar/data/1279714/000127971426000031/0001279714-26-000031-index.htm
4,CHANG FRED FACHING,NEGG,2026-10-08,https://www.sec.gov/Archives/edgar/data/1869115/000147793226006133/0001477932-26-006133-index.htm
4,Cadwell Carlton M,RDGL,2026-10-08,https://www.sec.gov/Archives/edgar/data/1486807/000148680726000002/0001486807-26-000002-index.htm
4,Calkins Matthew W,APPN,2026-10-08,https://www.sec.gov/Archives/edgar/data/1309192/000130919226000013/0001309192-26-000013-index.htm
4,Campbell Bruce,WBD,2026-10-08,https://www.sec.gov/Archives/edgar/data/1421985/000143710726000083/0001437107-26-000083-index.htm
4,Cao Min,TSM,2026-10-08,https://www.sec.gov/Archives/edgar/data/2113031/000104617926000678/0001046179-26-000678-index.htm
4,Cardinale Gerald J.,PSKY,2026-10-08,https://www.sec.gov/Archives/edgar/data/1447258/000089534526000454/0000895345-26-000454-index.htm
4,Carrico Brian Allen,NRXS,2026-10-08,https://www.sec.gov/Archives/edgar/data/1959279/000149315226046382/0001493152-26-046382-index.htm
4,Carrico Thomas Joeseph,NRXS,2026-10-08,https://www.sec.gov/Archives/edgar/data/1959325/000149315226046381/0001493152-26-046381-index.htm
4,Catinazzo Thomas,RLAY,2026-10-08,https://www.sec.gov/Archives/edgar/data/1818261/000119312526418094/0001193125-26-418094-index.htm
4,Ceesay Abraham,RAPP,2026-10-08,https://www.sec.gov/Archives/edgar/data/1722140/000119312526417919/0001193125-26-417919-index.htm
4,Chang Tzonz-Sheng,TSM,2026-10-08,https://www.sec.gov/Archives/edgar/data/2113710/000104617926000676/0001046179-26-000676-index.htm
4,Chen Chih-Ho,TSM,2026-10-08,https://www.sec.gov/Archives/edgar/data/2114026/000104617926000672/0001046179-26-000672-index.htm
4,Chen Pei-Hung,TSM,2026-10-08,https://www.sec.gov/Archives/edgar/data/2114027/000104617926000673/0001046179-26-000673-index.htm
4,Chin Yung-Pei,TSM,2026-10-08,https://www.sec.gov/Archives/edgar/data/2117998/000104617926000677/0001046179-26-000677-index.htm
4,Chuang Juiping,TSM,2026-10-08,https://www.sec.gov/Archives/edgar/data/2114029/000104617926000674/0001046179-26-000674-index.htm
4,Chuang Tzu-Sou,TSM,2026-10-08,https://www.sec.gov/Archives/edgar/data/2114030/000104617926000679/0001046179-26-000679-index.htm
4,Cinelli Dennis,PSKY,2026-10-08,https://www.sec.gov/Archives/edgar/data/2085868/000122520826008334/0001225208-26-008334-index.htm
4,Compton Key,NOTE,2026-10-08,https://www.sec.gov/Archives/edgar/data/1937699/000119312526418023/0001193125-26-418023-index.htm
4,Connally Stan W,CCBG,2026-10-08,https://www.sec.gov/Archives/edgar/data/1498337/000149833726000010/0001498337-26-000010-index.htm
4,Control Empresarial de Capitales S.A. de C.V.,TALO,2026-10-08,https://www.sec.gov/Archives/edgar/data/1273693/000114036126039154/0001140361-26-039154-index.htm
4,Coste Catherine,BLFS,2026-10-08,https://www.sec.gov/Archives/edgar/data/1821432/000119312526418323/0001193125-26-418323-index.htm
4,Coy Travis Alan,,2026-10-08,https://www.sec.gov/Archives/edgar/data/1969524/000119312526418298/0001193125-26-418298-index.htm
4,Crippa Prado Carla Smith de Vasconcellos,ABEV,2026-10-08,https://www.sec.gov/Archives/edgar/data/2116095/000119312526418085/0001193125-26-418085-index.htm
4,Crowell Kimberly,CCBG,2026-10-08,https://www.sec.gov/Archives/edgar/data/1900198/000190019826000010/0001900198-26-000010-index.htm
4,Cumming Stephen,PENG,2026-10-08,https://www.sec.gov/Archives/edgar/data/1439598/000143959826000006/0001439598-26-000006-index.htm
4,Cutler Scott,HQY,2026-10-08,https://www.sec.gov/Archives/edgar/data/1715537/000171553726000018/0001715537-26-000018-index.htm
4,DE GREEF RODERICK,BLFS,2026-10-08,https://www.sec.gov/Archives/edgar/data/1241181/000119312526418321/0001193125-26-418321-index.htm
4,DEVIVO JOSEPH,BFLY,2026-10-08,https://www.sec.gov/Archives/edgar/data/1258790/000206483226000329/0002064832-26-000329-index.htm
4,Dageville Benoit,SNOW,2026-10-08,https://www.sec.gov/Archives/edgar/data/1821737/000182173726000016/0001821737-26-000016-index.htm
4,Dai Kun,UXIN,2026-10-08,https://www.sec.gov/Archives/edgar/data/1764279/000149315226046274/0001493152-26-046274-index.htm
4,Dallaire Seth,WMT,2026-10-08,https://www.sec.gov/Archives/edgar/data/2058309/000205830926000019/0002058309-26-000019-index.htm
4,Davenport Bonnie,CCBG,2026-10-08,https://www.sec.gov/Archives/edgar/data/1899064/000189906426000010/0001899064-26-000010-index.htm
4,Delrahim Makan,PSKY,2026-10-08,https://www.sec.gov/Archives/edgar/data/1856363/000122520826008335/0001225208-26-008335-index.htm
4,Donnell Paul,NOTE,2026-10-08,https://www.sec.gov/Archives/edgar/data/1939432/000119312526418030/0001193125-26-418030-index.htm
4,Douglass Brian Robb,RGEN,2026-10-08,https://www.sec.gov/Archives/edgar/data/2104618/000162828026065462/0001628280-26-065462-index.htm
4,DuRoss Amy,BLFS,2026-10-08,https://www.sec.gov/Archives/edgar/data/1854968/000119312526418325/0001193125-26-418325-index.htm
4,Eberwein Jeffrey E.,STRR,2026-10-08,https://www.sec.gov/Archives/edgar/data/1548312/000154831226000047/0001548312-26-000047-index.htm
4,Edwards Noah A.,RKT,2026-10-08,https://www.sec.gov/Archives/edgar/data/2017416/000180528426000115/0001805284-26-000115-index.htm
4,Eisenberg Anthony D.,ENHA,2026-10-08,https://www.sec.gov/Archives/edgar/data/1848367/000162828026065489/0001628280-26-065489-index.htm
4,Ellingson Rachel,BLFS,2026-10-08,https://www.sec.gov/Archives/edgar/data/1557271/000119312526418327/0001193125-26-418327-index.htm
4,Ellison David Ferris,PSKY,2026-10-08,https://www.sec.gov/Archives/edgar/data/2078052/000122520826008332/0001225208-26-008332-index.htm
4,FINUI DAVID A,ASRV,2026-10-08,https://www.sec.gov/Archives/edgar/data/1236014/000070760526000088/0000707605-26-000088-index.htm
4,FLATTUM DAVID C,PHK,2026-10-08,https://www.sec.gov/Archives/edgar/data/1201917/000120191726000005/0001201917-26-000005-index.htm
4,FLATTUM DAVID C,PDI,2026-10-08,https://www.sec.gov/Archives/edgar/data/1201917/000120191726000004/0001201917-26-000004-index.htm
4,Fang Shu-Hua,TSM,2026-10-08,https://www.sec.gov/Archives/edgar/data/2113698/000104617926000675/0001046179-26-000675-index.htm
4,Farrell Michael J.,RMD,2026-10-08,https://www.sec.gov/Archives/edgar/data/1485164/000094381926000085/0000943819-26-000085-index.htm
4,Feenan Paul,ARQQ,2026-10-08,https://www.sec.gov/Archives/edgar/data/1967068/000185969026000187/0001859690-26-000187-index.htm
4,Fezell Donald Richard JR,ABAT,2026-10-08,https://www.sec.gov/Archives/edgar/data/1917953/000149315226046337/0001493152-26-046337-index.htm
4,Fiore Michael Henry,HQY,2026-10-08,https://www.sec.gov/Archives/edgar/data/2016116/000201611626000024/0002016116-26-000024-index.htm
4,Fishman Adam J,TMS,2026-10-08,https://www.sec.gov/Archives/edgar/data/1504216/000119312526418245/0001193125-26-418245-index.htm
4,Fritz Gary M,MGM,2026-10-08,https://www.sec.gov/Archives/edgar/data/1460260/000078957026000099/0000789570-26-000099-index.htm
4,GOSWAMI JOYDEEP,BLFS,2026-10-08,https://www.sec.gov/Archives/edgar/data/1533115/000119312526418328/0001193125-26-418328-index.htm
4,Gallagher Carol Giltner,,2026-10-08,https://www.sec.gov/Archives/edgar/data/1329959/000119312526418292/0001193125-26-418292-index.htm
4,Galvez Jean-Marc,AMCR,2026-10-08,https://www.sec.gov/Archives/edgar/data/1694672/000169467226000004/0001694672-26-000004-index.htm
4,Gathright Michael,HQY,2026-10-08,https://www.sec.gov/Archives/edgar/data/2076763/000207676326000011/0002076763-26-000011-index.htm
4,Giacobbe Ken,CRS,2026-10-08,https://www.sec.gov/Archives/edgar/data/1688603/000168860326000007/0001688603-26-000007-index.htm
4,Gibson James R II,PACB,2026-10-08,https://www.sec.gov/Archives/edgar/data/1384133/000138413326000004/0001384133-26-000004-index.htm
4,Gilliam Theron I,LEN,2026-10-08,https://www.sec.gov/Archives/edgar/data/1495318/000119312526418158/0001193125-26-418158-index.htm
4,Gilmore Julie Ann,,2026-10-08,https://www.sec.gov/Archives/edgar/data/2155359/000119312526418291/0001193125-26-418291-index.htm
4,Girdwood Amy,WBD,2026-10-08,https://www.sec.gov/Archives/edgar/data/2060469/000206046926000006/0002060469-26-000006-index.htm
4,Gnanasambandam Chandrasekar,SAIL,2026-10-08,https://www.sec.gov/Archives/edgar/data/2058357/000205835726000033/0002058357-26-000033-index.htm
4,Goldman Tepper Leslie,DBHL,2026-10-08,https://www.sec.gov/Archives/edgar/data/2062355/000121390026108162/0001213900-26-108162-index.htm
4,Grant William E,CCBG,2026-10-08,https://www.sec.gov/Archives/edgar/data/1697005/000169700526000008/0001697005-26-000008-index.htm
4,Griffith Joseph H. IV,MASS,2026-10-08,https://www.sec.gov/Archives/edgar/data/1431531/000143153126000009/0001431531-26-000009-index.htm
4,Gryzlov Yury,GDYN,2026-10-08,https://www.sec.gov/Archives/edgar/data/1805673/000162828026065478/0001628280-26-065478-index.htm
4,Guerin Eric,RBA,2026-10-08,https://www.sec.gov/Archives/edgar/data/1841067/000119312526417841/0001193125-26-417841-index.htm
4,Guggina David W,WMT,2026-10-08,https://www.sec.gov/Archives/edgar/data/2110304/000211030426000023/0002110304-26-000023-index.htm
4,HART ANASTASIOS JOHN,CRS,2026-10-08,https://www.sec.gov/Archives/edgar/data/1768623/000176862326000008/0001768623-26-000008-index.htm
4,HAYNE RICHARD A,URBN,2026-10-08,https://www.sec.gov/Archives/edgar/data/940569/000119312526418034/0001193125-26-418034-index.htm
4,HAYNE RICHARD A,URBN,2026-10-08,https://www.sec.gov/Archives/edgar/data/940569/000119312526418032/0001193125-26-418032-index.htm
4,HENDRIX RICHARD J,TMS,2026-10-08,https://www.sec.gov/Archives/edgar/data/1218306/000119312526418256/0001193125-26-418256-index.htm
4,HICKMAN MARK,FBK,2026-10-08,https://www.sec.gov/Archives/edgar/data/1988473/000198847326000005/0001988473-26-000005-index.htm
4,HOFFMAN EMILY,IMMR,2026-10-08,https://www.sec.gov/Archives/edgar/data/1971820/000119312526418133/0001193125-26-418133-index.htm
4,HOLMES NED S,PB,2026-10-08,https://www.sec.gov/Archives/edgar/data/1136856/000119312526417595/0001193125-26-417595-index.htm
4,HORNBAKER RENEE J,DBHL,2026-10-08,https://www.sec.gov/Archives/edgar/data/1208752/000121390026108164/0001213900-26-108164-index.htm
4,HORNBUCKLE WILLIAM,MGM,2026-10-08,https://www.sec.gov/Archives/edgar/data/1183302/000078957026000097/0000789570-26-000097-index.htm
4,HUDSON SHERRILL W,LEN,2026-10-08,https://www.sec.gov/Archives/edgar/data/1208993/000119312526418168/0001193125-26-418168-index.htm
4,Halkyard Jonathan S,MGM,2026-10-08,https://www.sec.gov/Archives/edgar/data/1371536/000078957026000098/0000789570-26-000098-index.htm
4,Hall Bjorn,,2026-10-08,https://www.sec.gov/Archives/edgar/data/1799781/000121390026107756/0001213900-26-107756-index.htm
