company,ticker,filed_date,form,status,doc_url,offer_price
Elevation Acquisition Group Inc.,ELEV,2026-10-09,S-1/A,filed,https://www.sec.gov/Archives/edgar/data/2131124/000149315226046384/0001493152-26-046384-index.htm,
"PBT Land & Minerals, Inc.",,2026-10-09,S-1/A,filed,https://www.sec.gov/Archives/edgar/data/2142855/000121390026108148/0001213900-26-108148-index.htm,
"CITY THERAPEUTICS, INC.",CTY,2026-10-09,S-1/A,filed,https://www.sec.gov/Archives/edgar/data/2143850/000110465926114815/0001104659-26-114815-index.htm,
"Nexalin Technology, Inc.",NXL,2026-10-08,S-1/A,filed,https://www.sec.gov/Archives/edgar/data/1527352/000182912626010913/0001829126-26-010913-index.htm,
"CYABRA, INC.",CYAB,2026-10-08,S-1,filed,https://www.sec.gov/Archives/edgar/data/2032341/000121390026107694/0001213900-26-107694-index.htm,
Amaero Inc.,AMRO,2026-10-08,S-1/A,filed,https://www.sec.gov/Archives/edgar/data/2141616/000119312526417950/0001193125-26-417950-index.htm,
Calm Seas Acquisition Corp.,CSEA,2026-10-08,S-1/A,filed,https://www.sec.gov/Archives/edgar/data/2154056/000119312526417752/0001193125-26-417752-index.htm,
"Iambic Therapeutics, Inc.",,2026-10-08,S-1/A,filed,https://www.sec.gov/Archives/edgar/data/1997038/000119312526417416/0001193125-26-417416-index.htm,
Essential Minerals Acquisition Corp,EMAC,2026-10-08,S-1/A,filed,https://www.sec.gov/Archives/edgar/data/2143060/000118518526004657/0001185185-26-004657-index.htm,
Gravity Acquisition Corp.,GVAC,2026-10-08,S-1/A,filed,https://www.sec.gov/Archives/edgar/data/2123380/000118518526004642/0001185185-26-004642-index.htm,
Basel Medical Group Ltd,BMGL,2026-10-08,424B4,priced,https://www.sec.gov/Archives/edgar/data/2004489/000149315226046355/0001493152-26-046355-index.htm,1.33
"FireFly Robotics, Inc.",,2026-10-07,S-1,filed,https://www.sec.gov/Archives/edgar/data/1660851/000149315226046104/0001493152-26-046104-index.htm,
Elements Ventures Group Inc.,,2026-10-07,S-1/A,filed,https://www.sec.gov/Archives/edgar/data/1954227/000147793226006096/0001477932-26-006096-index.htm,
Harbour Island Acquisition Corp. I,HRIA,2026-10-07,S-1/A,filed,https://www.sec.gov/Archives/edgar/data/2131072/000121390026107627/0001213900-26-107627-index.htm,
VS Trust,,2026-10-07,S-1/A,filed,https://www.sec.gov/Archives/edgar/data/1793497/000121390026107622/0001213900-26-107622-index.htm,
"Retension Pharmaceuticals, Inc.",,2026-10-07,S-1/A,filed,https://www.sec.gov/Archives/edgar/data/2002988/000121390026107572/0001213900-26-107572-index.htm,
Decoy Therapeutics Inc.,DCOY,2026-10-07,S-1,filed,https://www.sec.gov/Archives/edgar/data/1615219/000119312526417053/0001193125-26-417053-index.htm,
"Centinel Spine Holdco, Inc.",,2026-10-07,S-1,filed,https://www.sec.gov/Archives/edgar/data/2132065/000110465926114375/0001104659-26-114375-index.htm,
"ACTUATE THERAPEUTICS, INC.",ACTU,2026-10-06,S-1,filed,https://www.sec.gov/Archives/edgar/data/1652935/000168316826007661/0001683168-26-007661-index.htm,
Fusemachines Inc.,,2026-10-06,S-1,filed,https://www.sec.gov/Archives/edgar/data/2033383/000149315226045995/0001493152-26-045995-index.htm,
Allarity Acquisition Corp.,ALLN,2026-10-06,S-1/A,filed,https://www.sec.gov/Archives/edgar/data/2141983/000149315226045923/0001493152-26-045923-index.htm,
NON INVASIVE MONITORING SYSTEMS INC /FL/,NIMU,2026-10-06,S-1/A,filed,https://www.sec.gov/Archives/edgar/data/720762/000149315226045892/0001493152-26-045892-index.htm,
Pluri Inc.,PLUR,2026-10-06,S-1,filed,https://www.sec.gov/Archives/edgar/data/1158780/000121390026107182/0001213900-26-107182-index.htm,
TANG CAPITAL ACQUISITION CORP.,,2026-10-06,S-1,filed,https://www.sec.gov/Archives/edgar/data/2151808/000119312526415765/0001193125-26-415765-index.htm,
GridAI Technologies Corp.,GRDX,2026-10-06,S-1/A,filed,https://www.sec.gov/Archives/edgar/data/1604191/000110465926114071/0001104659-26-114071-index.htm,
Winklevoss Zcash ETF,,2026-10-06,S-1,filed,https://www.sec.gov/Archives/edgar/data/2158471/000110465926113940/0001104659-26-113940-index.htm,
Pine Tree Acquisition Corp.,PAXG,2026-10-06,424B4,priced,https://www.sec.gov/Archives/edgar/data/2076561/000147793226006063/0001477932-26-006063-index.htm,10
"Lycia Therapeutics, Inc.",,2026-10-05,S-1,filed,https://www.sec.gov/Archives/edgar/data/1806540/000162828026064973/0001628280-26-064973-index.htm,
"Propanc Biopharma, Inc.",PPCB,2026-10-05,S-1,filed,https://www.sec.gov/Archives/edgar/data/1517681/000149315226045770/0001493152-26-045770-index.htm,
"Rothe Development, Inc.",,2026-10-05,S-1/A,filed,https://www.sec.gov/Archives/edgar/data/2108671/000149315226045717/0001493152-26-045717-index.htm,
Evolution Metals & Technologies Corp.,EMAT,2026-10-05,S-1,filed,https://www.sec.gov/Archives/edgar/data/1866226/000121390026106895/0001213900-26-106895-index.htm,
"Retension Pharmaceuticals, Inc.",,2026-10-05,S-1/A,filed,https://www.sec.gov/Archives/edgar/data/2002988/000121390026106636/0001213900-26-106636-index.htm,
"Neuro Spectrum Insights, Inc.",,2026-10-05,S-1/A,filed,https://www.sec.gov/Archives/edgar/data/2034588/000121390026106565/0001213900-26-106565-index.htm,
"TRex Bio, Inc.",,2026-10-05,S-1/A,filed,https://www.sec.gov/Archives/edgar/data/2139097/000119312526413060/0001193125-26-413060-index.htm,
New Iceland Arctic Acquisition Corp.,NIAA,2026-10-05,S-1/A,filed,https://www.sec.gov/Archives/edgar/data/2148245/000118518526004587/0001185185-26-004587-index.htm,
New Iceland Arctic Acquisition Corp.,NIAA,2026-10-05,S-1,filed,https://www.sec.gov/Archives/edgar/data/2148245/000118518526004569/0001185185-26-004569-index.htm,
Canary PEPE ETF,,2026-10-02,S-1/A,filed,https://www.sec.gov/Archives/edgar/data/2109686/000199937126022017/0001999371-26-022017-index.htm,
Sunshine Biopharma Inc.,,2026-10-02,S-1,filed,https://www.sec.gov/Archives/edgar/data/1402328/000168316826007581/0001683168-26-007581-index.htm,
Youmi Inc.,,2026-10-02,S-1/A,filed,https://www.sec.gov/Archives/edgar/data/2137360/000152013826000404/0001520138-26-000404-index.htm,
Vertical Data Inc.,VDTA,2026-10-02,S-1,filed,https://www.sec.gov/Archives/edgar/data/2033264/000149315226045574/0001493152-26-045574-index.htm,
HCW Biologics Inc.,HCWB,2026-10-02,S-1,filed,https://www.sec.gov/Archives/edgar/data/1828673/000149315226045532/0001493152-26-045532-index.htm,
Allarity Acquisition Corp.,ALLN,2026-10-02,S-1/A,filed,https://www.sec.gov/Archives/edgar/data/2141983/000149315226045457/0001493152-26-045457-index.htm,
"BioStem Technologies, Inc.",BSEM,2026-10-02,S-1,filed,https://www.sec.gov/Archives/edgar/data/1658678/000121390026106555/0001213900-26-106555-index.htm,
Arca Nova Acquisition Corp,,2026-10-02,S-1,filed,https://www.sec.gov/Archives/edgar/data/2139831/000121390026106185/0001213900-26-106185-index.htm,
T3 Defense Inc.,,2026-10-02,S-1/A,filed,https://www.sec.gov/Archives/edgar/data/1787518/000118518526004529/0001185185-26-004529-index.htm,
T3 Defense Inc.,,2026-10-02,S-1/A,filed,https://www.sec.gov/Archives/edgar/data/1787518/000118518526004526/0001185185-26-004526-index.htm,
GEORGIA BANKING CO INC,,2026-10-02,S-1,filed,https://www.sec.gov/Archives/edgar/data/1070965/000110465926113366/0001104659-26-113366-index.htm,
Southport Acquisition Corp. II,,2026-10-02,424B4,priced,https://www.sec.gov/Archives/edgar/data/2148436/000118518526004535/0001185185-26-004535-index.htm,10
CitroTech Inc.,CITR,2026-10-01,S-1/A,filed,https://www.sec.gov/Archives/edgar/data/894556/000168316826007510/0001683168-26-007510-index.htm,
Uranium Royalty Corp.,UROY,2026-10-01,S-1,filed,https://www.sec.gov/Archives/edgar/data/2143673/000149315226045386/0001493152-26-045386-index.htm,
"INTERPACE BIOSCIENCES, INC.",,2026-10-01,S-1/A,filed,https://www.sec.gov/Archives/edgar/data/1054102/000149315226045187/0001493152-26-045187-index.htm,
WhiteHawk Minerals Corp.,WHK,2026-10-01,S-1,filed,https://www.sec.gov/Archives/edgar/data/1921603/000119312526410790/0001193125-26-410790-index.htm,
"VSEE HEALTH, INC.",,2026-10-01,S-1,filed,https://www.sec.gov/Archives/edgar/data/1864531/000118518526004518/0001185185-26-004518-index.htm,
POP GLOBAL ACQUISITION Ltd,,2026-10-01,S-1,filed,https://www.sec.gov/Archives/edgar/data/2150455/000118518526004481/0001185185-26-004481-index.htm,
Essential Minerals Acquisition Corp,,2026-10-01,S-1/A,filed,https://www.sec.gov/Archives/edgar/data/2143060/000118518526004457/0001185185-26-004457-index.htm,
Accelevation Holdings Corp.,ACCV,2026-10-01,424B4,priced,https://www.sec.gov/Archives/edgar/data/2141406/000162828026064097/0001628280-26-064097-index.htm,18
"Ambitious Entertainment, Inc.",,2026-09-30,S-1/A,filed,https://www.sec.gov/Archives/edgar/data/1900851/000149315226045063/0001493152-26-045063-index.htm,
Laris Growth Acquisition Corp.,LARS,2026-09-30,S-1/A,filed,https://www.sec.gov/Archives/edgar/data/2140589/000121390026105340/0001213900-26-105340-index.htm,
Cryptex Digital Market Cap ETF,BAGZ,2026-09-30,S-1/A,filed,https://www.sec.gov/Archives/edgar/data/2115027/000121390026105231/0001213900-26-105231-index.htm,
BHAV Acquisition Corp II,,2026-09-30,S-1,filed,https://www.sec.gov/Archives/edgar/data/2142627/000121390026104979/0001213900-26-104979-index.htm,
"GEN Restaurant Group, Inc.",GENK,2026-09-30,S-1,filed,https://www.sec.gov/Archives/edgar/data/1891856/000119312526409268/0001193125-26-409268-index.htm,
SPACCircle Acquisition Corp.,SCQC,2026-09-30,S-1/A,filed,https://www.sec.gov/Archives/edgar/data/2131303/000118518526004412/0001185185-26-004412-index.htm,
NewGenIvf Group Ltd,,2026-09-30,424B4,priced,https://www.sec.gov/Archives/edgar/data/1981662/000121390026104917/0001213900-26-104917-index.htm,0.07
Pine Tree Acquisition Corp.,,2026-09-29,S-1/A,filed,https://www.sec.gov/Archives/edgar/data/2076561/000147793226005904/0001477932-26-005904-index.htm,
Velos Acquisition I Corp.,,2026-09-29,S-1/A,filed,https://www.sec.gov/Archives/edgar/data/2016072/000121390026104746/0001213900-26-104746-index.htm,
Bitari Inc,BIAI,2026-09-29,S-1/A,filed,https://www.sec.gov/Archives/edgar/data/2091680/000118518526004385/0001185185-26-004385-index.htm,
MNBS Acquisition Corp.,,2026-09-29,S-1,filed,https://www.sec.gov/Archives/edgar/data/2116517/000118518526004380/0001185185-26-004380-index.htm,
Londonla Inc.,,2026-09-28,S-1/A,filed,https://www.sec.gov/Archives/edgar/data/2146369/000209757026000030/0002097570-26-000030-index.htm,
Sadot Group Inc.,SDOT,2026-09-28,S-1/A,filed,https://www.sec.gov/Archives/edgar/data/1701756/000173112226001289/0001731122-26-001289-index.htm,
CitroTech Inc.,CITR,2026-09-28,S-1,filed,https://www.sec.gov/Archives/edgar/data/894556/000168316826007437/0001683168-26-007437-index.htm,
Youmi Inc.,,2026-09-28,S-1/A,filed,https://www.sec.gov/Archives/edgar/data/2137360/000152013826000397/0001520138-26-000397-index.htm,
Orange Street Acquisition Corp,,2026-09-28,S-1,filed,https://www.sec.gov/Archives/edgar/data/2155556/000149315226044503/0001493152-26-044503-index.htm,
SPECTRAL CAPITAL Corp,FCCN,2026-09-28,S-1/A,filed,https://www.sec.gov/Archives/edgar/data/1131903/000121390026104117/0001213900-26-104117-index.htm,
HMH Holding Inc,HMH,2026-09-28,S-1,filed,https://www.sec.gov/Archives/edgar/data/2021880/000119312526405527/0001193125-26-405527-index.htm,
Calm Seas Acquisition Corp.,,2026-09-28,S-1,filed,https://www.sec.gov/Archives/edgar/data/2154056/000119312526404122/0001193125-26-404122-index.htm,
"Encore Medical, Inc.",EMI,2026-09-28,S-1/A,filed,https://www.sec.gov/Archives/edgar/data/1838003/000110465926111104/0001104659-26-111104-index.htm,
"Rent the Runway, Inc.",RENT,2026-09-28,S-1/A,filed,https://www.sec.gov/Archives/edgar/data/1468327/000095010326014555/0000950103-26-014555-index.htm,
ROZE AI INC.,ROZE,2026-09-28,424B4,priced,https://www.sec.gov/Archives/edgar/data/2075335/000121390026104150/0001213900-26-104150-index.htm,
"ADARx Pharmaceuticals, Inc.",ADRX,2026-09-28,424B4,priced,https://www.sec.gov/Archives/edgar/data/1802369/000119312526403094/0001193125-26-403094-index.htm,17
Regenlab USA Inc.,,2026-09-25,S-1,filed,https://www.sec.gov/Archives/edgar/data/2084031/000182912626010431/0001829126-26-010431-index.htm,
Elevation Acquisition Group Inc.,ELEV,2026-09-25,S-1/A,filed,https://www.sec.gov/Archives/edgar/data/2131124/000149315226044388/0001493152-26-044388-index.htm,
"Ocean Power Technologies, Inc.",OPTT,2026-09-25,S-1/A,filed,https://www.sec.gov/Archives/edgar/data/1378140/000149315226044343/0001493152-26-044343-index.htm,
"INTERPACE BIOSCIENCES, INC.",,2026-09-25,S-1,filed,https://www.sec.gov/Archives/edgar/data/1054102/000149315226044208/0001493152-26-044208-index.htm,
"MED-X, INC.",,2026-09-25,S-1,filed,https://www.sec.gov/Archives/edgar/data/1620704/000147793226005809/0001477932-26-005809-index.htm,
TCGX Acquisition Corp. II,,2026-09-25,S-1,filed,https://www.sec.gov/Archives/edgar/data/2149916/000119312526402977/0001193125-26-402977-index.htm,
Star Fashion Culture Holdings Ltd,STFS,2026-09-25,424B4,priced,https://www.sec.gov/Archives/edgar/data/2003061/000121390026103256/0001213900-26-103256-index.htm,0.8
Bluerock Acquisition Corp. II,BRRK,2026-09-25,424B4,priced,https://www.sec.gov/Archives/edgar/data/2098410/000110465926111049/0001104659-26-111049-index.htm,10
Evmand Corp,,2026-09-24,S-1/A,filed,https://www.sec.gov/Archives/edgar/data/2136571/000213657126000005/0002136571-26-000005-index.htm,
Canary Staked INJ ETF,,2026-09-24,S-1/A,filed,https://www.sec.gov/Archives/edgar/data/2073616/000199937126021228/0001999371-26-021228-index.htm,
"FDCTECH, INC.",FDCT,2026-09-24,S-1/A,filed,https://www.sec.gov/Archives/edgar/data/1722731/000149315226044195/0001493152-26-044195-index.htm,
"KiNRG, Inc.",BYOP,2026-09-24,S-1/A,filed,https://www.sec.gov/Archives/edgar/data/95572/000121390026103116/0001213900-26-103116-index.htm,
"PBT Land & Minerals, Inc.",,2026-09-24,S-1/A,filed,https://www.sec.gov/Archives/edgar/data/2142855/000121390026103083/0001213900-26-103083-index.htm,
Evolution Metals & Technologies Corp.,EMAT,2026-09-24,S-1/A,filed,https://www.sec.gov/Archives/edgar/data/1866226/000121390026102787/0001213900-26-102787-index.htm,
Frazier Life Sciences Acquisition Corp. II,,2026-09-24,S-1,filed,https://www.sec.gov/Archives/edgar/data/2153598/000119312526399703/0001193125-26-399703-index.htm,
Southport Acquisition Corp. II,,2026-09-24,S-1/A,filed,https://www.sec.gov/Archives/edgar/data/2148436/000118518526004287/0001185185-26-004287-index.htm,
"CITY THERAPEUTICS, INC.",,2026-09-24,S-1,filed,https://www.sec.gov/Archives/edgar/data/2143850/000110465926110430/0001104659-26-110430-index.htm,
RUI Holdings Inc,,2026-09-24,424B4,priced,https://www.sec.gov/Archives/edgar/data/2094989/000118518526004253/0001185185-26-004253-index.htm,1
InnovAge Holding Corp.,INNV,2026-09-24,424B4,priced,https://www.sec.gov/Archives/edgar/data/1834376/000110465926110065/0001104659-26-110065-index.htm,0.2775
Wella Co,WELA,2026-09-23,S-1/A,filed,https://www.sec.gov/Archives/edgar/data/2125056/000162828026063205/0001628280-26-063205-index.htm,
"Creatd, Inc.",CRTD,2026-09-23,S-1/A,filed,https://www.sec.gov/Archives/edgar/data/1357671/000121390026102334/0001213900-26-102334-index.htm,
"ConnectM Technology Solutions, Inc.",CNTM,2026-09-23,S-1/A,filed,https://www.sec.gov/Archives/edgar/data/1895249/000110465926109830/0001104659-26-109830-index.htm,
Live Oak Acquisition Corp. VI,,2026-09-23,424B4,priced,https://www.sec.gov/Archives/edgar/data/2115191/000121390026102498/0001213900-26-102498-index.htm,10
"Glow Holdings, Inc.",GLOH,2026-09-22,S-1,filed,https://www.sec.gov/Archives/edgar/data/1114859/000168316826007288/0001683168-26-007288-index.htm,
Accelevation Holdings Corp.,ACCV,2026-09-22,S-1/A,filed,https://www.sec.gov/Archives/edgar/data/2141406/000162828026062945/0001628280-26-062945-index.htm,
"NewHydrogen, Inc.",NEWH,2026-09-22,S-1,filed,https://www.sec.gov/Archives/edgar/data/1371128/000149315226043738/0001493152-26-043738-index.htm,
AEI CapForce II Investment Corp,,2026-09-22,S-1/A,filed,https://www.sec.gov/Archives/edgar/data/1875655/000149315226043710/0001493152-26-043710-index.htm,
Boxlight Corp,BOXL,2026-09-22,S-1,filed,https://www.sec.gov/Archives/edgar/data/1624512/000121390026102276/0001213900-26-102276-index.htm,
"SeeQC, Inc.",SEQC,2026-09-22,S-1/A,filed,https://www.sec.gov/Archives/edgar/data/1779977/000121390026102075/0001213900-26-102075-index.htm,
Bluerock Acquisition Corp. II,BRRK,2026-09-22,S-1/A,filed,https://www.sec.gov/Archives/edgar/data/2098410/000110465926109546/0001104659-26-109546-index.htm,
"Veri MedTech Holdings, Inc.",VRHID,2026-09-22,S-1/A,filed,https://www.sec.gov/Archives/edgar/data/2078149/000109690626001407/0001096906-26-001407-index.htm,
Black Hawk Acquisition Corp,,2026-09-22,424B4,priced,https://www.sec.gov/Archives/edgar/data/2000775/000182912626010292/0001829126-26-010292-index.htm,10
"SB Energy, Inc.",SBE,2026-09-21,S-1/A,filed,https://www.sec.gov/Archives/edgar/data/2133037/000162828026062846/0001628280-26-062846-index.htm,
"Rothe Development, Inc.",,2026-09-21,S-1/A,filed,https://www.sec.gov/Archives/edgar/data/2108671/000149315226043509/0001493152-26-043509-index.htm,
Fast Finance Pay Corp.,FFPP,2026-09-21,S-1/A,filed,https://www.sec.gov/Archives/edgar/data/2109616/000149315226043424/0001493152-26-043424-index.htm,
ECOMINAS CORP.,ILXP,2026-09-21,S-1/A,filed,https://www.sec.gov/Archives/edgar/data/1115864/000147793226005725/0001477932-26-005725-index.htm,
Silicon Valley Acquisition Corp. II,,2026-09-21,S-1,filed,https://www.sec.gov/Archives/edgar/data/2145826/000121390026101822/0001213900-26-101822-index.htm,
"Iambic Therapeutics, Inc.",,2026-09-21,S-1,filed,https://www.sec.gov/Archives/edgar/data/1997038/000119312526396704/0001193125-26-396704-index.htm,
Oura Inc.,OURA,2026-09-21,S-1/A,filed,https://www.sec.gov/Archives/edgar/data/2133022/000119312526396051/0001193125-26-396051-index.htm,
"ADARx Pharmaceuticals, Inc.",,2026-09-21,S-1/A,filed,https://www.sec.gov/Archives/edgar/data/1802369/000119312526396007/0001193125-26-396007-index.htm,
"ConnectM Technology Solutions, Inc.",CNTM,2026-09-21,S-1/A,filed,https://www.sec.gov/Archives/edgar/data/1895249/000110465926109217/0001104659-26-109217-index.htm,
Orion180 Insurance Group Inc.,OIG,2026-09-21,424B4,priced,https://www.sec.gov/Archives/edgar/data/2124472/000162828026062794/0001628280-26-062794-index.htm,12
Leader's Advantage Acquisition Corp.,,2026-09-21,424B4,priced,https://www.sec.gov/Archives/edgar/data/2109823/000121390026101599/0001213900-26-101599-index.htm,10
"VME Companies, Inc.",,2026-09-18,S-1,filed,https://www.sec.gov/Archives/edgar/data/2113640/000157587226000653/0001575872-26-000653-index.htm,
"FullPAC, Inc.",GOTV,2026-09-18,S-1/A,filed,https://www.sec.gov/Archives/edgar/data/2076148/000149315226043417/0001493152-26-043417-index.htm,
"Greenwave Technology Solutions, Inc.",GWAV,2026-09-18,S-1,filed,https://www.sec.gov/Archives/edgar/data/1589149/000149315226043414/0001493152-26-043414-index.htm,
"Glucotrack, Inc.",GCTK,2026-09-18,S-1,filed,https://www.sec.gov/Archives/edgar/data/1506983/000149315226043195/0001493152-26-043195-index.htm,
Pine Tree Acquisition Corp.,,2026-09-18,S-1/A,filed,https://www.sec.gov/Archives/edgar/data/2076561/000147793226005673/0001477932-26-005673-index.htm,
Lakewood-Amedex Biotherapeutics Inc.,LABT,2026-09-18,S-1,filed,https://www.sec.gov/Archives/edgar/data/2079272/000121390026101512/0001213900-26-101512-index.htm,
"BioStem Technologies, Inc.",BSEM,2026-09-18,S-1,filed,https://www.sec.gov/Archives/edgar/data/1658678/000121390026101505/0001213900-26-101505-index.htm,
"Retension Pharmaceuticals, Inc.",,2026-09-18,S-1,filed,https://www.sec.gov/Archives/edgar/data/2002988/000121390026101499/0001213900-26-101499-index.htm,
21Shares Injective ETF,,2026-09-18,S-1/A,filed,https://www.sec.gov/Archives/edgar/data/2061622/000121390026101489/0001213900-26-101489-index.htm,
"Fold Holdings, Inc.",,2026-09-18,S-1,filed,https://www.sec.gov/Archives/edgar/data/1889123/000121390026101444/0001213900-26-101444-index.htm,
SPECTRAL CAPITAL Corp,FCCN,2026-09-18,S-1/A,filed,https://www.sec.gov/Archives/edgar/data/1131903/000121390026101431/0001213900-26-101431-index.htm,
Live Oak Acquisition Corp. VI,,2026-09-18,S-1/A,filed,https://www.sec.gov/Archives/edgar/data/2115191/000121390026101388/0001213900-26-101388-index.htm,
"TRex Bio, Inc.",,2026-09-18,S-1,filed,https://www.sec.gov/Archives/edgar/data/2139097/000119312526395671/0001193125-26-395671-index.htm,
"MapLight Therapeutics, Inc.",MPLT,2026-09-18,S-1/A,filed,https://www.sec.gov/Archives/edgar/data/1770069/000119312526395559/0001193125-26-395559-index.htm,
NSCALE Ltd,,2026-09-18,S-1,filed,https://www.sec.gov/Archives/edgar/data/2110365/000119312526395475/0001193125-26-395475-index.htm,
Amaero Inc.,,2026-09-18,S-1/A,filed,https://www.sec.gov/Archives/edgar/data/2141616/000119312526395150/0001193125-26-395150-index.htm,
"SmartKem, Inc.",SMTK,2026-09-18,S-1,filed,https://www.sec.gov/Archives/edgar/data/1817760/000110465926108965/0001104659-26-108965-index.htm,
"Veri MedTech Holdings, Inc.",VRHID,2026-09-18,S-1/A,filed,https://www.sec.gov/Archives/edgar/data/2078149/000109690626001390/0001096906-26-001390-index.htm,
"Electra Therapeutics, Inc.",ETRA,2026-09-18,424B4,priced,https://www.sec.gov/Archives/edgar/data/2088082/000119312526395670/0001193125-26-395670-index.htm,15
Haymaker Acquisition Corp V,HYAC,2026-09-18,424B4,priced,https://www.sec.gov/Archives/edgar/data/2111838/000119312526395319/0001193125-26-395319-index.htm,10
Sensei Harbor Corp.,,2026-09-17,S-1/A,filed,https://www.sec.gov/Archives/edgar/data/2112634/000168316826007209/0001683168-26-007209-index.htm,
NON INVASIVE MONITORING SYSTEMS INC /FL/,NIMU,2026-09-17,S-1/A,filed,https://www.sec.gov/Archives/edgar/data/720762/000149315226043137/0001493152-26-043137-index.htm,
"GeoVax Labs, Inc.",GOVX,2026-09-17,S-1,filed,https://www.sec.gov/Archives/edgar/data/832489/000143774926030676/0001437749-26-030676-index.htm,
"Alopexx, Inc.",,2026-09-17,S-1/A,filed,https://www.sec.gov/Archives/edgar/data/1880995/000121390026101026/0001213900-26-101026-index.htm,
Gravity Acquisition Corp.,GVAC,2026-09-17,S-1/A,filed,https://www.sec.gov/Archives/edgar/data/2123380/000118518526004107/0001185185-26-004107-index.htm,
"NuvOx Therapeutics, Inc.",NUOX,2026-09-16,S-1/A,filed,https://www.sec.gov/Archives/edgar/data/1966126/000121390026100586/0001213900-26-100586-index.htm,
Change Agents Corporation.,CHGA,2026-09-16,S-1/A,filed,https://www.sec.gov/Archives/edgar/data/1630212/000121390026100576/0001213900-26-100576-index.htm,
"Dror Ortho-Design, Inc.",DROR,2026-09-16,S-1/A,filed,https://www.sec.gov/Archives/edgar/data/1282980/000121390026100567/0001213900-26-100567-index.htm,
"CYABRA, INC.",CYAB,2026-09-16,S-1/A,filed,https://www.sec.gov/Archives/edgar/data/2032341/000121390026100260/0001213900-26-100260-index.htm,
Bitwise NEAR ETF,,2026-09-16,S-1/A,filed,https://www.sec.gov/Archives/edgar/data/2067111/000119312526393240/0001193125-26-393240-index.htm,
Lower Cross Acquisitions Corp,,2026-09-16,S-1,filed,https://www.sec.gov/Archives/edgar/data/2147457/000118518526004071/0001185185-26-004071-index.htm,
New Iceland Arctic Acquisition Corp.,,2026-09-16,S-1/A,filed,https://www.sec.gov/Archives/edgar/data/2148245/000118518526004057/0001185185-26-004057-index.htm,
Cuprina Holdings,CUPR,2026-09-16,424B4,priced,https://www.sec.gov/Archives/edgar/data/1995704/000149315226042872/0001493152-26-042872-index.htm,1.15
Canary Staked SEI ETF,,2026-09-15,S-1/A,filed,https://www.sec.gov/Archives/edgar/data/2066353/000199937126020568/0001999371-26-020568-index.htm,
"FDCTECH, INC.",FDCT,2026-09-15,S-1,filed,https://www.sec.gov/Archives/edgar/data/1722731/000149315226042707/0001493152-26-042707-index.htm,
Change Agents Corporation.,CHGA,2026-09-15,S-1/A,filed,https://www.sec.gov/Archives/edgar/data/1630212/000121390026100214/0001213900-26-100214-index.htm,
"Creatd, Inc.",CRTD,2026-09-15,S-1,filed,https://www.sec.gov/Archives/edgar/data/1357671/000121390026099866/0001213900-26-099866-index.htm,
"KiNRG, Inc.",,2026-09-15,S-1/A,filed,https://www.sec.gov/Archives/edgar/data/95572/000121390026099804/0001213900-26-099804-index.htm,
Amaero Inc.,,2026-09-15,S-1/A,filed,https://www.sec.gov/Archives/edgar/data/2141616/000119312526391284/0001193125-26-391284-index.htm,
Hyperliquid Strategies Inc,PURR,2026-09-15,S-1,filed,https://www.sec.gov/Archives/edgar/data/2078856/000119312526391097/0001193125-26-391097-index.htm,
Haymaker Acquisition Corp V,HYAC,2026-09-15,S-1/A,filed,https://www.sec.gov/Archives/edgar/data/2111838/000119312526391060/0001193125-26-391060-index.htm,
SPACCircle Acquisition Corp.,,2026-09-15,S-1,filed,https://www.sec.gov/Archives/edgar/data/2131303/000118518526004030/0001185185-26-004030-index.htm,
Bitari Inc,BIAI,2026-09-15,S-1/A,filed,https://www.sec.gov/Archives/edgar/data/2091680/000118518526004027/0001185185-26-004027-index.htm,
Oceanhawk Acquisition II Corp.,,2026-09-15,S-1,filed,https://www.sec.gov/Archives/edgar/data/2143038/000118518526004010/0001185185-26-004010-index.htm,
Verdera Energy Corp.,VUECF,2026-09-15,424B4,priced,https://www.sec.gov/Archives/edgar/data/2111453/000110465926107696/0001104659-26-107696-index.htm,0.15
"Bamboo Insurance Services, Inc.",BMB,2026-09-14,S-1/A,filed,https://www.sec.gov/Archives/edgar/data/2125355/000162828026061664/0001628280-26-061664-index.htm,
"Polar Power, Inc.",POLA,2026-09-14,S-1/A,filed,https://www.sec.gov/Archives/edgar/data/1622345/000149315226042616/0001493152-26-042616-index.htm,
Syra Health Corp,SYRA,2026-09-14,S-1,filed,https://www.sec.gov/Archives/edgar/data/1922335/000149315226042591/0001493152-26-042591-index.htm,
Little West Holdings Inc.,,2026-09-14,S-1/A,filed,https://www.sec.gov/Archives/edgar/data/2065821/000121390026099701/0001213900-26-099701-index.htm,
Leader's Advantage Acquisition Corp.,LEDR,2026-09-14,S-1/A,filed,https://www.sec.gov/Archives/edgar/data/2109823/000121390026099404/0001213900-26-099404-index.htm,
"ADARx Pharmaceuticals, Inc.",,2026-09-14,S-1/A,filed,https://www.sec.gov/Archives/edgar/data/1802369/000119312526390724/0001193125-26-390724-index.htm,
"Electra Therapeutics, Inc.",ETRA,2026-09-14,S-1/A,filed,https://www.sec.gov/Archives/edgar/data/2088082/000119312526389755/0001193125-26-389755-index.htm,
Eaglesky Acquisition Corp,,2026-09-14,S-1/A,filed,https://www.sec.gov/Archives/edgar/data/2143067/000118518526003965/0001185185-26-003965-index.htm,
"MFB Bancorp, Inc.",,2026-09-14,S-1,filed,https://www.sec.gov/Archives/edgar/data/2152813/000110465926107563/0001104659-26-107563-index.htm,
"Veri MedTech Holdings, Inc.",VRHID,2026-09-14,S-1/A,filed,https://www.sec.gov/Archives/edgar/data/2078149/000109690626001366/0001096906-26-001366-index.htm,
Laser Photonics Corp,LASE,2026-09-14,424B4,priced,https://www.sec.gov/Archives/edgar/data/1807887/000149315226042518/0001493152-26-042518-index.htm,0.75
FutureCore Acquisition Corp,,2026-09-11,S-1,filed,https://www.sec.gov/Archives/edgar/data/2142699/000182912626010047/0001829126-26-010047-index.htm,
Accelevation Holdings Corp.,ACCV,2026-09-11,S-1/A,filed,https://www.sec.gov/Archives/edgar/data/2141406/000162828026061542/0001628280-26-061542-index.htm,
DYADIC INTERNATIONAL INC,DYAI,2026-09-11,S-1,filed,https://www.sec.gov/Archives/edgar/data/1213809/000149315226042435/0001493152-26-042435-index.htm,
Gold Mountain Acquisition Corp.,GDMT,2026-09-11,S-1/A,filed,https://www.sec.gov/Archives/edgar/data/2105318/000149315226042376/0001493152-26-042376-index.htm,
Barrel Energy Inc.,BRLL,2026-09-11,S-1,filed,https://www.sec.gov/Archives/edgar/data/1631463/000147793226005542/0001477932-26-005542-index.htm,
Cryptex Digital Market Cap ETF,BAGZ,2026-09-11,S-1/A,filed,https://www.sec.gov/Archives/edgar/data/2115027/000121390026099328/0001213900-26-099328-index.htm,
"SeeQC, Inc.",SEQC,2026-09-11,S-1/A,filed,https://www.sec.gov/Archives/edgar/data/1779977/000121390026099300/0001213900-26-099300-index.htm,
"Eloxx Pharmaceuticals, Inc.",ELOX,2026-09-11,S-1,filed,https://www.sec.gov/Archives/edgar/data/1035354/000119312526389422/0001193125-26-389422-index.htm,
Haymaker Acquisition Corp V,HYAC,2026-09-11,S-1/A,filed,https://www.sec.gov/Archives/edgar/data/2111838/000119312526389409/0001193125-26-389409-index.htm,
"QVC Group, Inc.",QVCG,2026-09-11,S-1,filed,https://www.sec.gov/Archives/edgar/data/1254699/000110465926107125/0001104659-26-107125-index.htm,
"Rent the Runway, Inc.",RENT,2026-09-11,S-1,filed,https://www.sec.gov/Archives/edgar/data/1468327/000095010326013811/0000950103-26-013811-index.htm,
Elevation Acquisition Group Inc.,,2026-09-10,S-1,filed,https://www.sec.gov/Archives/edgar/data/2131124/000175392626001740/0001753926-26-001740-index.htm,
Rafex Gold Corp.,,2026-09-10,S-1,filed,https://www.sec.gov/Archives/edgar/data/2152921/000168316826007060/0001683168-26-007060-index.htm,
Allarity Acquisition Corp.,,2026-09-10,S-1,filed,https://www.sec.gov/Archives/edgar/data/2141983/000149315226042104/0001493152-26-042104-index.htm,
"VenHub Global, Inc.",VHUB,2026-09-10,S-1/A,filed,https://www.sec.gov/Archives/edgar/data/1972234/000121390026098864/0001213900-26-098864-index.htm,
"Hometown Financial Group, Inc./MD",,2026-09-10,S-1,filed,https://www.sec.gov/Archives/edgar/data/2152644/000119312526388025/0001193125-26-388025-index.htm,
"OLB GROUP, INC.",OLB,2026-09-10,S-1,filed,https://www.sec.gov/Archives/edgar/data/1314196/000118518526003902/0001185185-26-003902-index.htm,
iPower Inc.,IPW,2026-09-09,S-1/A,filed,https://www.sec.gov/Archives/edgar/data/1830072/000168316826007035/0001683168-26-007035-index.htm,
Orion180 Insurance Group Inc.,,2026-09-09,S-1/A,filed,https://www.sec.gov/Archives/edgar/data/2124472/000162828026061012/0001628280-26-061012-index.htm,
Laser Photonics Corp,LASE,2026-09-09,S-1/A,filed,https://www.sec.gov/Archives/edgar/data/1807887/000149315226041999/0001493152-26-041999-index.htm,
"AIxCrypto Holdings, Inc.",AIXC,2026-09-09,S-1/A,filed,https://www.sec.gov/Archives/edgar/data/1460702/000149315226041886/0001493152-26-041886-index.htm,
Laser Photonics Corp,LASE,2026-09-09,S-1/A,filed,https://www.sec.gov/Archives/edgar/data/1807887/000149315226041875/0001493152-26-041875-index.htm,
AfterNext Acquisition I Corp.,AFNX,2026-09-09,S-1/A,filed,https://www.sec.gov/Archives/edgar/data/2087035/000149315226041834/0001493152-26-041834-index.htm,
"SOBR Safe, Inc.",SOBR,2026-09-09,S-1,filed,https://www.sec.gov/Archives/edgar/data/1425627/000147793226005494/0001477932-26-005494-index.htm,
StableCoinX Inc.,,2026-09-09,S-1/A,filed,https://www.sec.gov/Archives/edgar/data/2080215/000121390026098438/0001213900-26-098438-index.htm,
Harbour Island Acquisition Corp. I,,2026-09-09,S-1,filed,https://www.sec.gov/Archives/edgar/data/2131072/000121390026098404/0001213900-26-098404-index.htm,
"MapLight Therapeutics, Inc.",MPLT,2026-09-09,S-1,filed,https://www.sec.gov/Archives/edgar/data/1770069/000119312526386648/0001193125-26-386648-index.htm,
Football Manager SPAC Inc.,,2026-09-09,S-1,filed,https://www.sec.gov/Archives/edgar/data/2133939/000110465926106403/0001104659-26-106403-index.htm,
Bluerock Acquisition Corp. II,,2026-09-09,S-1/A,filed,https://www.sec.gov/Archives/edgar/data/2098410/000110465926106379/0001104659-26-106379-index.htm,
"Securetech Innovations, Inc.",SCTH,2026-09-09,S-1,filed,https://www.sec.gov/Archives/edgar/data/1703157/000101738626000136/0001017386-26-000136-index.htm,
CDT Equity Inc.,,2026-09-08,S-1,filed,https://www.sec.gov/Archives/edgar/data/1896212/000149315226041808/0001493152-26-041808-index.htm,
"Ocean Power Technologies, Inc.",OPTT,2026-09-08,S-1,filed,https://www.sec.gov/Archives/edgar/data/1378140/000149315226041658/0001493152-26-041658-index.htm,
Evolution Metals & Technologies Corp.,EMAT,2026-09-08,S-1,filed,https://www.sec.gov/Archives/edgar/data/1866226/000121390026097822/0001213900-26-097822-index.htm,
Holtec Nuclear Corp,HNUC,2026-09-08,S-1/A,filed,https://www.sec.gov/Archives/edgar/data/2104277/000119312526384287/0001193125-26-384287-index.htm,
Southport Acquisition Corp. II,,2026-09-08,S-1/A,filed,https://www.sec.gov/Archives/edgar/data/2148436/000118518526003872/0001185185-26-003872-index.htm,
"Acurx Pharmaceuticals, Inc.",ACXP,2026-09-08,S-1,filed,https://www.sec.gov/Archives/edgar/data/1736243/000110465926105917/0001104659-26-105917-index.htm,
Albatross Acquisition Corp,ATAC,2026-09-04,S-1/A,filed,https://www.sec.gov/Archives/edgar/data/2135163/000182912626009779/0001829126-26-009779-index.htm,
CLEARONE INC,CLRO,2026-09-04,S-1/A,filed,https://www.sec.gov/Archives/edgar/data/840715/000175392626001724/0001753926-26-001724-index.htm,
"SB Energy, Inc.",,2026-09-04,S-1/A,filed,https://www.sec.gov/Archives/edgar/data/2133037/000162828026060761/0001628280-26-060761-index.htm,
Laser Photonics Corp,LASE,2026-09-04,S-1,filed,https://www.sec.gov/Archives/edgar/data/1807887/000149315226041613/0001493152-26-041613-index.htm,
"Rothe Development, Inc.",,2026-09-04,S-1,filed,https://www.sec.gov/Archives/edgar/data/2108671/000149315226041590/0001493152-26-041590-index.htm,
"AIxCrypto Holdings, Inc.",AIXC,2026-09-04,S-1/A,filed,https://www.sec.gov/Archives/edgar/data/1460702/000149315226041428/0001493152-26-041428-index.htm,
ECOMINAS CORP.,ILXP,2026-09-04,S-1/A,filed,https://www.sec.gov/Archives/edgar/data/1115864/000147793226005410/0001477932-26-005410-index.htm,
Game Your Game Inc.,GYGY,2026-09-04,S-1/A,filed,https://www.sec.gov/Archives/edgar/data/2111846/000121390026097734/0001213900-26-097734-index.htm,
Legion Capital Acquisition Corp.,,2026-09-04,S-1,filed,https://www.sec.gov/Archives/edgar/data/2151558/000121390026097368/0001213900-26-097368-index.htm,
"PBT Land & Minerals, Inc.",,2026-09-04,S-1/A,filed,https://www.sec.gov/Archives/edgar/data/2142855/000121390026097366/0001213900-26-097366-index.htm,
"ADARx Pharmaceuticals, Inc.",,2026-09-04,S-1,filed,https://www.sec.gov/Archives/edgar/data/1802369/000119312526383838/0001193125-26-383838-index.htm,
New Iceland Arctic Acquisition Corp.,,2026-09-04,S-1,filed,https://www.sec.gov/Archives/edgar/data/2148245/000118518526003850/0001185185-26-003850-index.htm,
"Nexalin Technology, Inc.",NXL,2026-09-03,S-1,filed,https://www.sec.gov/Archives/edgar/data/1527352/000182912626009723/0001829126-26-009723-index.htm,
T3 Defense Inc.,,2026-09-03,S-1,filed,https://www.sec.gov/Archives/edgar/data/1787518/000121390026097287/0001213900-26-097287-index.htm,
"VenHub Global, Inc.",VHUB,2026-09-03,S-1,filed,https://www.sec.gov/Archives/edgar/data/1972234/000121390026097253/0001213900-26-097253-index.htm,
Oura Inc.,,2026-09-03,S-1,filed,https://www.sec.gov/Archives/edgar/data/2133022/000119312526381855/0001193125-26-381855-index.htm,
T3 Defense Inc.,,2026-09-03,S-1,filed,https://www.sec.gov/Archives/edgar/data/1787518/000118518526003839/0001185185-26-003839-index.htm,
WeShop Holdings Ltd,WSHP,2026-09-03,424B4,priced,https://www.sec.gov/Archives/edgar/data/2048271/000149315226041390/0001493152-26-041390-index.htm,
Lianhe Sowell International Group Ltd,LHSW,2026-09-03,424B4,priced,https://www.sec.gov/Archives/edgar/data/2004024/000121390026096975/0001213900-26-096975-index.htm,1.44
Aptevo Therapeutics Inc.,APVO,2026-09-03,424B4,priced,https://www.sec.gov/Archives/edgar/data/1671584/000119312526381149/0001193125-26-381149-index.htm,428.4
Sensei Harbor Corp.,,2026-09-02,S-1/A,filed,https://www.sec.gov/Archives/edgar/data/2112634/000168316826006875/0001683168-26-006875-index.htm,
"Aura Consolidated Group, Inc.",,2026-09-02,S-1/A,filed,https://www.sec.gov/Archives/edgar/data/2055301/000162828026060183/0001628280-26-060183-index.htm,
Accelevation Holdings Corp.,,2026-09-02,S-1,filed,https://www.sec.gov/Archives/edgar/data/2141406/000162828026060083/0001628280-26-060083-index.htm,
"First Breach, Inc.",FBDT,2026-09-02,S-1,filed,https://www.sec.gov/Archives/edgar/data/1892704/000149315226041268/0001493152-26-041268-index.htm,
Haymaker Acquisition Corp V,HYAC,2026-09-02,S-1/A,filed,https://www.sec.gov/Archives/edgar/data/2111838/000119312526380080/0001193125-26-380080-index.htm,
"ENTRATA, INC.",ENT,2026-09-01,S-1/A,filed,https://www.sec.gov/Archives/edgar/data/2028464/000162828026059692/0001628280-26-059692-index.htm,
"SB Energy, Inc.",,2026-09-01,S-1,filed,https://www.sec.gov/Archives/edgar/data/2133037/000162828026059639/0001628280-26-059639-index.htm,
"FingerMotion, Inc.",FNGR,2026-09-01,S-1,filed,https://www.sec.gov/Archives/edgar/data/1602409/000149315226041059/0001493152-26-041059-index.htm,
"CYABRA, INC.",CYAB,2026-09-01,S-1/A,filed,https://www.sec.gov/Archives/edgar/data/2032341/000121390026096300/0001213900-26-096300-index.htm,
RainRock Acquisition Corp.,,2026-09-01,S-1,filed,https://www.sec.gov/Archives/edgar/data/2089787/000121390026095969/0001213900-26-095969-index.htm,
Advance JV Group Ltd,,2026-09-01,424B4,priced,https://www.sec.gov/Archives/edgar/data/2089447/000149315226040933/0001493152-26-040933-index.htm,2
Three Lions Acquisition Corp.,TLAC,2026-09-01,424B4,priced,https://www.sec.gov/Archives/edgar/data/2128462/000119312526378248/0001193125-26-378248-index.htm,10
La Beaute Inc.,,2026-08-31,S-1,filed,https://www.sec.gov/Archives/edgar/data/2151905/000215190526000001/0002151905-26-000001-index.htm,
Xiasan Dynasty Co,,2026-08-31,S-1,filed,https://www.sec.gov/Archives/edgar/data/2149773/000214977326000008/0002149773-26-000008-index.htm,
"LOGOOM TECHNOLOGIES, INC.",,2026-08-31,S-1,filed,https://www.sec.gov/Archives/edgar/data/2124913/000164033426001434/0001640334-26-001434-index.htm,
Wella Co,,2026-08-31,S-1,filed,https://www.sec.gov/Archives/edgar/data/2125056/000162828026059572/0001628280-26-059572-index.htm,
TECOGEN INC.,TGEN,2026-08-31,S-1/A,filed,https://www.sec.gov/Archives/edgar/data/1537435/000153743526000071/0001537435-26-000071-index.htm,
StableCoinX Inc.,,2026-08-31,S-1,filed,https://www.sec.gov/Archives/edgar/data/2080215/000121390026095808/0001213900-26-095808-index.htm,
"Tailored Brands, Inc. / DE",MENW,2026-08-31,S-1/A,filed,https://www.sec.gov/Archives/edgar/data/2045151/000121390026095715/0001213900-26-095715-index.htm,
"Onconetix, Inc.",ONCO,2026-08-31,S-1/A,filed,https://www.sec.gov/Archives/edgar/data/1782107/000121390026095703/0001213900-26-095703-index.htm,
Syntiant Corp.,SYTN,2026-08-31,S-1/A,filed,https://www.sec.gov/Archives/edgar/data/1718728/000119312526376166/0001193125-26-376166-index.htm,
GRAYBAR ELECTRIC CO INC,,2026-08-31,S-1,filed,https://www.sec.gov/Archives/edgar/data/205402/000020540226000041/0000205402-26-000041-index.htm,
"First Breach, Inc.",FBDT,2026-08-31,424B4,priced,https://www.sec.gov/Archives/edgar/data/1892704/000149315226040850/0001493152-26-040850-index.htm,
Inflection Point Acquisition Corp. VIII,,2026-08-31,424B4,priced,https://www.sec.gov/Archives/edgar/data/2146310/000121390026095396/0001213900-26-095396-index.htm,10
Sunshine Biopharma Inc.,,2026-08-28,S-1,filed,https://www.sec.gov/Archives/edgar/data/1402328/000168316826006779/0001683168-26-006779-index.htm,
"Bamboo Insurance Services, Inc.",,2026-08-28,S-1,filed,https://www.sec.gov/Archives/edgar/data/2125355/000162828026059433/0001628280-26-059433-index.htm,
"MOBIX LABS, INC",,2026-08-28,S-1,filed,https://www.sec.gov/Archives/edgar/data/1855467/000149315226040664/0001493152-26-040664-index.htm,
NextBoat Inc.,NXB,2026-08-28,S-1,filed,https://www.sec.gov/Archives/edgar/data/2067767/000149315226040650/0001493152-26-040650-index.htm,
HCW Biologics Inc.,HCWB,2026-08-28,S-1/A,filed,https://www.sec.gov/Archives/edgar/data/1828673/000149315226040618/0001493152-26-040618-index.htm,
"SeeQC, Inc.",SEQC,2026-08-28,S-1/A,filed,https://www.sec.gov/Archives/edgar/data/1779977/000121390026095175/0001213900-26-095175-index.htm,
"ADAPTIN BIO, INC.",APTN,2026-08-28,S-1,filed,https://www.sec.gov/Archives/edgar/data/1938571/000121390026095034/0001213900-26-095034-index.htm,
"Obsidian Therapeutics, Inc.",OBX,2026-08-28,S-1,filed,https://www.sec.gov/Archives/edgar/data/2130606/000119312526374729/0001193125-26-374729-index.htm,
Bitwise NEAR ETF,,2026-08-28,S-1/A,filed,https://www.sec.gov/Archives/edgar/data/2067111/000119312526374507/0001193125-26-374507-index.htm,
"Electra Therapeutics, Inc.",,2026-08-28,S-1,filed,https://www.sec.gov/Archives/edgar/data/2088082/000119312526374259/0001193125-26-374259-index.htm,
Amaero Inc.,,2026-08-28,S-1,filed,https://www.sec.gov/Archives/edgar/data/2141616/000119312526372368/0001193125-26-372368-index.htm,
Southport Acquisition Corp. II,,2026-08-28,S-1/A,filed,https://www.sec.gov/Archives/edgar/data/2148436/000118518526003758/0001185185-26-003758-index.htm,
Graf Industrial Corp. II,,2026-08-28,S-1,filed,https://www.sec.gov/Archives/edgar/data/2113088/000110465926103334/0001104659-26-103334-index.htm,
Giant Oak Acquisition Corp,,2026-08-28,S-1/A,filed,https://www.sec.gov/Archives/edgar/data/1858939/000110465926103090/0001104659-26-103090-index.htm,
Wellchange Holdings Co Ltd,WCT,2026-08-28,424B4,priced,https://www.sec.gov/Archives/edgar/data/1990251/000121390026094944/0001213900-26-094944-index.htm,0.15
Youmi Inc.,,2026-08-27,S-1/A,filed,https://www.sec.gov/Archives/edgar/data/2137360/000152013826000375/0001520138-26-000375-index.htm,
"Reliance Global Group, Inc.",EZRA,2026-08-27,S-1,filed,https://www.sec.gov/Archives/edgar/data/1812727/000149315226040436/0001493152-26-040436-index.htm,
"FullPAC, Inc.",,2026-08-27,S-1/A,filed,https://www.sec.gov/Archives/edgar/data/2076148/000149315226040434/0001493152-26-040434-index.htm,
"USBC, Inc.",USBC,2026-08-27,S-1/A,filed,https://www.sec.gov/Archives/edgar/data/1074828/000107482826000074/0001074828-26-000074-index.htm,
Republic Power Group Ltd,RPGL,2026-08-27,424B4,priced,https://www.sec.gov/Archives/edgar/data/1912884/000121390026094237/0001213900-26-094237-index.htm,4
Check-Cap Ltd,MBAI,2026-08-27,424B4,priced,https://www.sec.gov/Archives/edgar/data/1610590/000121390026094129/0001213900-26-094129-index.htm,6.5
Rainier Acquisition Corp,,2026-08-27,424B4,priced,https://www.sec.gov/Archives/edgar/data/2147219/000110465926102498/0001104659-26-102498-index.htm,10
COLONY BANKCORP INC,CBAN,2026-08-27,424B4,priced,https://www.sec.gov/Archives/edgar/data/711669/000110465926102490/0001104659-26-102490-index.htm,
RZ Wellness Ltd,,2026-08-26,S-1/A,filed,https://www.sec.gov/Archives/edgar/data/2130959/000213095926000007/0002130959-26-000007-index.htm,
"Dare Bioscience, Inc.",DARE,2026-08-26,S-1,filed,https://www.sec.gov/Archives/edgar/data/1401914/000149315226040265/0001493152-26-040265-index.htm,
Velos Acquisition I Corp.,,2026-08-26,S-1,filed,https://www.sec.gov/Archives/edgar/data/2016072/000121390026094011/0001213900-26-094011-index.htm,
"Starfighters Space, Inc.",FJET,2026-08-26,S-1/A,filed,https://www.sec.gov/Archives/edgar/data/1947016/000106299326004648/0001062993-26-004648-index.htm,
Southern Cross Acquisition II Corp.,SCAT,2026-08-26,424B4,priced,https://www.sec.gov/Archives/edgar/data/2133239/000192998026000507/0001929980-26-000507-index.htm,10
JATT III Acquisition Corp,,2026-08-26,424B4,priced,https://www.sec.gov/Archives/edgar/data/2145659/000121390026093949/0001213900-26-093949-index.htm,10
Sadot Group Inc.,SDOT,2026-08-25,S-1/A,filed,https://www.sec.gov/Archives/edgar/data/1701756/000173112226001141/0001731122-26-001141-index.htm,
"Ocean Power Technologies, Inc.",OPTT,2026-08-25,S-1,filed,https://www.sec.gov/Archives/edgar/data/1378140/000149315226040052/0001493152-26-040052-index.htm,
QDM International Inc.,QDMI,2026-08-25,S-1/A,filed,https://www.sec.gov/Archives/edgar/data/1094032/000121390026093210/0001213900-26-093210-index.htm,
Change Agents Corporation.,CHGA,2026-08-25,S-1/A,filed,https://www.sec.gov/Archives/edgar/data/1630212/000121390026093149/0001213900-26-093149-index.htm,
Enhanced Group Inc.,ENHA,2026-08-25,S-1,filed,https://www.sec.gov/Archives/edgar/data/1956439/000119312526364151/0001193125-26-364151-index.htm,
Haymaker Acquisition Corp V,,2026-08-25,S-1,filed,https://www.sec.gov/Archives/edgar/data/2111838/000119312526363922/0001193125-26-363922-index.htm,
"Polar Power, Inc.",POLA,2026-08-24,S-1,filed,https://www.sec.gov/Archives/edgar/data/1622345/000149315226039916/0001493152-26-039916-index.htm,
"Serina Therapeutics, Inc.",SER,2026-08-24,S-1,filed,https://www.sec.gov/Archives/edgar/data/1708599/000149315226039910/0001493152-26-039910-index.htm,
"NEXTNRG, INC.",NXXT,2026-08-24,S-1,filed,https://www.sec.gov/Archives/edgar/data/1817004/000149315226039888/0001493152-26-039888-index.htm,
Live Oak Acquisition Corp. VI,,2026-08-24,S-1,filed,https://www.sec.gov/Archives/edgar/data/2115191/000121390026093129/0001213900-26-093129-index.htm,
Inflection Point Acquisition Corp. VIII,,2026-08-24,S-1/A,filed,https://www.sec.gov/Archives/edgar/data/2146310/000121390026093109/0001213900-26-093109-index.htm,
Cryptex Digital Market Cap ETF,BAGZ,2026-08-24,S-1/A,filed,https://www.sec.gov/Archives/edgar/data/2115027/000121390026092828/0001213900-26-092828-index.htm,
Holtec Nuclear Corp,HNUC,2026-08-24,S-1/A,filed,https://www.sec.gov/Archives/edgar/data/2104277/000119312526361496/0001193125-26-361496-index.htm,
Essential Minerals Acquisition Corp,,2026-08-24,S-1,filed,https://www.sec.gov/Archives/edgar/data/2143060/000118518526003690/0001185185-26-003690-index.htm,
GridAI Technologies Corp.,GRDX,2026-08-24,S-1/A,filed,https://www.sec.gov/Archives/edgar/data/1604191/000110465926100274/0001104659-26-100274-index.htm,
Rainier Acquisition Corp,,2026-08-24,S-1/A,filed,https://www.sec.gov/Archives/edgar/data/2147219/000110465926099825/0001104659-26-099825-index.htm,
NFT Ltd,MI,2026-08-24,424B4,priced,https://www.sec.gov/Archives/edgar/data/1958713/000121390026092917/0001213900-26-092917-index.htm,4.6
"Aveanna Healthcare Holdings, Inc.",AVAH,2026-08-24,424B4,priced,https://www.sec.gov/Archives/edgar/data/1832332/000119312526361708/0001193125-26-361708-index.htm,
Albatross Acquisition Corp,ATAC,2026-08-21,S-1/A,filed,https://www.sec.gov/Archives/edgar/data/2135163/000182912626009225/0001829126-26-009225-index.htm,
BayFirst Financial Corp.,BAFN,2026-08-21,S-1/A,filed,https://www.sec.gov/Archives/edgar/data/1649739/000164973926000083/0001649739-26-000083-index.htm,
BayFirst Financial Corp.,BAFN,2026-08-21,S-1/A,filed,https://www.sec.gov/Archives/edgar/data/1649739/000164973926000082/0001649739-26-000082-index.htm,
"Alzamend Neuro, Inc.",ALZN,2026-08-21,S-1,filed,https://www.sec.gov/Archives/edgar/data/1677077/000121465926010726/0001214659-26-010726-index.htm,
Dune Acquisition Corp III,,2026-08-21,S-1/A,filed,https://www.sec.gov/Archives/edgar/data/2095476/000121390026092718/0001213900-26-092718-index.htm,
Game Your Game Inc.,GYGY,2026-08-21,S-1,filed,https://www.sec.gov/Archives/edgar/data/2111846/000121390026092695/0001213900-26-092695-index.htm,
Little West Holdings Inc.,,2026-08-21,S-1/A,filed,https://www.sec.gov/Archives/edgar/data/2065821/000121390026092565/0001213900-26-092565-index.htm,
"Tempest Therapeutics, Inc.",TPST,2026-08-21,S-1,filed,https://www.sec.gov/Archives/edgar/data/1544227/000119312526361240/0001193125-26-361240-index.htm,
"CoVolt Power, Inc.",,2026-08-21,S-1,filed,https://www.sec.gov/Archives/edgar/data/2131613/000119312526361190/0001193125-26-361190-index.htm,
Three Lions Acquisition Corp.,TLAC,2026-08-21,S-1/A,filed,https://www.sec.gov/Archives/edgar/data/2128462/000119312526361172/0001193125-26-361172-index.htm,
Aptevo Therapeutics Inc.,APVO,2026-08-21,S-1,filed,https://www.sec.gov/Archives/edgar/data/1671584/000119312526361103/0001193125-26-361103-index.htm,
Bitari Inc,,2026-08-21,S-1,filed,https://www.sec.gov/Archives/edgar/data/2091680/000118518526003678/0001185185-26-003678-index.htm,
"SPLASH BEVERAGE GROUP, INC.",SBEV,2026-08-20,S-1/A,filed,https://www.sec.gov/Archives/edgar/data/1553788/000173112226001117/0001731122-26-001117-index.htm,
BayFirst Financial Corp.,BAFN,2026-08-20,S-1/A,filed,https://www.sec.gov/Archives/edgar/data/1649739/000164973926000075/0001649739-26-000075-index.htm,
BayFirst Financial Corp.,BAFN,2026-08-20,S-1/A,filed,https://www.sec.gov/Archives/edgar/data/1649739/000164973926000074/0001649739-26-000074-index.htm,
Orion180 Insurance Group Inc.,,2026-08-20,S-1,filed,https://www.sec.gov/Archives/edgar/data/2124472/000162828026058231/0001628280-26-058231-index.htm,
ARC Group Acquisition II Corp.,,2026-08-20,S-1,filed,https://www.sec.gov/Archives/edgar/data/2073516/000149315226039519/0001493152-26-039519-index.htm,
SharonAI Holdings Inc.,,2026-08-20,S-1/A,filed,https://www.sec.gov/Archives/edgar/data/2068385/000149315226039475/0001493152-26-039475-index.htm,
HCW Biologics Inc.,HCWB,2026-08-20,S-1,filed,https://www.sec.gov/Archives/edgar/data/1828673/000149315226039452/0001493152-26-039452-index.htm,
"NEXGEL, INC.",,2026-08-20,S-1,filed,https://www.sec.gov/Archives/edgar/data/1468929/000149315226039421/0001493152-26-039421-index.htm,
NON INVASIVE MONITORING SYSTEMS INC /FL/,,2026-08-20,S-1/A,filed,https://www.sec.gov/Archives/edgar/data/720762/000149315226039323/0001493152-26-039323-index.htm,
Aptera Motors Corp,SEV,2026-08-20,424B4,priced,https://www.sec.gov/Archives/edgar/data/1786471/000149315226039508/0001493152-26-039508-index.htm,
"First Breach, Inc.",FBDT,2026-08-20,424B4,priced,https://www.sec.gov/Archives/edgar/data/1892704/000149315226039415/0001493152-26-039415-index.htm,1.6
"Aveanna Healthcare Holdings, Inc.",AVAH,2026-08-20,424B4,priced,https://www.sec.gov/Archives/edgar/data/1832332/000119312526359187/0001193125-26-359187-index.htm,
Andersen Group Inc.,ANDG,2026-08-20,424B4,priced,https://www.sec.gov/Archives/edgar/data/2065708/000119312526359181/0001193125-26-359181-index.htm,
Canary Staked TRX ETF,,2026-08-19,S-1/A,filed,https://www.sec.gov/Archives/edgar/data/2064768/000199937126018236/0001999371-26-018236-index.htm,
Southern Cross Acquisition II Corp.,SCAT,2026-08-19,S-1/A,filed,https://www.sec.gov/Archives/edgar/data/2133239/000192998026000479/0001929980-26-000479-index.htm,
"XCF Global, Inc.",SAFX,2026-08-19,S-1,filed,https://www.sec.gov/Archives/edgar/data/2019793/000149315226039112/0001493152-26-039112-index.htm,
NorthStrive Acquisition Corp I.,,2026-08-19,424B4,priced,https://www.sec.gov/Archives/edgar/data/2133719/000121390026091457/0001213900-26-091457-index.htm,10
Lyntris Inc.,LYNX,2026-08-19,424B4,priced,https://www.sec.gov/Archives/edgar/data/2132582/000119312526356916/0001193125-26-356916-index.htm,17.5
Alliance Laundry Holdings Inc.,ALH,2026-08-19,424B4,priced,https://www.sec.gov/Archives/edgar/data/1317685/000110465926098828/0001104659-26-098828-index.htm,23.5
Sensei Harbor Corp.,,2026-08-18,S-1/A,filed,https://www.sec.gov/Archives/edgar/data/2112634/000168316826006561/0001683168-26-006561-index.htm,
iPower Inc.,IPW,2026-08-18,S-1/A,filed,https://www.sec.gov/Archives/edgar/data/1830072/000168316826006558/0001683168-26-006558-index.htm,
Jaovi Inc.,,2026-08-18,S-1/A,filed,https://www.sec.gov/Archives/edgar/data/2144182/000168316826006549/0001683168-26-006549-index.htm,
"AIxCrypto Holdings, Inc.",AIXC,2026-08-18,S-1/A,filed,https://www.sec.gov/Archives/edgar/data/1460702/000149315226039049/0001493152-26-039049-index.htm,
SharonAI Holdings Inc.,,2026-08-18,S-1/A,filed,https://www.sec.gov/Archives/edgar/data/2068385/000149315226039014/0001493152-26-039014-index.htm,
Aptera Motors Corp,SEV,2026-08-18,S-1/A,filed,https://www.sec.gov/Archives/edgar/data/1786471/000149315226038839/0001493152-26-038839-index.htm,
"Freenome, Inc.",FRNM,2026-08-18,S-1,filed,https://www.sec.gov/Archives/edgar/data/2017526/000114036126033585/0001140361-26-033585-index.htm,
Karman Line Acquisition Corp.,XTER,2026-08-18,424B4,priced,https://www.sec.gov/Archives/edgar/data/2134856/000182912626009017/0001829126-26-009017-index.htm,10
"VARSAL TECH, INC.",VAT,2026-08-17,S-1/A,filed,https://www.sec.gov/Archives/edgar/data/2109801/000149315226038800/0001493152-26-038800-index.htm,
Rubber Leaf Inc,RLEA,2026-08-17,S-1/A,filed,https://www.sec.gov/Archives/edgar/data/1893657/000149315226038751/0001493152-26-038751-index.htm,
VS Trust,,2026-08-17,S-1,filed,https://www.sec.gov/Archives/edgar/data/1793497/000121390026090839/0001213900-26-090839-index.htm,
"Alopexx, Inc.",,2026-08-17,S-1/A,filed,https://www.sec.gov/Archives/edgar/data/1880995/000121390026090319/0001213900-26-090319-index.htm,
Andersen Group Inc.,ANDG,2026-08-17,S-1,filed,https://www.sec.gov/Archives/edgar/data/2065708/000119312526354017/0001193125-26-354017-index.htm,
Gravity Acquisition Corp.,,2026-08-17,S-1/A,filed,https://www.sec.gov/Archives/edgar/data/2123380/000118518526003563/0001185185-26-003563-index.htm,
Alliance Laundry Holdings Inc.,ALH,2026-08-17,S-1,filed,https://www.sec.gov/Archives/edgar/data/1317685/000110465926097534/0001104659-26-097534-index.htm,
"ABVC BIOPHARMA, INC.",ABVC,2026-08-17,424B4,priced,https://www.sec.gov/Archives/edgar/data/1173313/000121390026090779/0001213900-26-090779-index.htm,
"ABVC BIOPHARMA, INC.",ABVC,2026-08-17,424B4,priced,https://www.sec.gov/Archives/edgar/data/1173313/000121390026090778/0001213900-26-090778-index.htm,
"ABVC BIOPHARMA, INC.",ABVC,2026-08-17,424B4,priced,https://www.sec.gov/Archives/edgar/data/1173313/000121390026090777/0001213900-26-090777-index.htm,
"ABVC BIOPHARMA, INC.",ABVC,2026-08-17,424B4,priced,https://www.sec.gov/Archives/edgar/data/1173313/000121390026090775/0001213900-26-090775-index.htm,
BIOVIE INC.,,2026-08-14,S-1/A,filed,https://www.sec.gov/Archives/edgar/data/1580149/000152013826000350/0001520138-26-000350-index.htm,
Londian Wason New Energy Tech Inc.,,2026-08-14,424B4,priced,https://www.sec.gov/Archives/edgar/data/2006960/000119312526351136/0001193125-26-351136-index.htm,22
BayFirst Financial Corp.,BAFN,2026-08-13,S-1,filed,https://www.sec.gov/Archives/edgar/data/1649739/000164973926000056/0001649739-26-000056-index.htm,
ARC Group Securities Acquisition II,,2026-08-13,S-1/A,filed,https://www.sec.gov/Archives/edgar/data/2094710/000149315226037855/0001493152-26-037855-index.htm,
"Professional Diversity Network, Inc.",IPDN,2026-08-13,424B4,priced,https://www.sec.gov/Archives/edgar/data/1546296/000143774926027508/0001437749-26-027508-index.htm,0.28
"Thunder Bridge Capital Partners V, Ltd.",TBCV,2026-08-13,424B4,priced,https://www.sec.gov/Archives/edgar/data/2140030/000121390026089123/0001213900-26-089123-index.htm,10
SunScout Holding Ltd,SNSC,2026-08-13,424B4,priced,https://www.sec.gov/Archives/edgar/data/2101240/000121390026088617/0001213900-26-088617-index.htm,5
Silexion Therapeutics Corp,,2026-08-13,424B4,priced,https://www.sec.gov/Archives/edgar/data/2022416/000117891326004116/0001178913-26-004116-index.htm,0.65
CURIS INC,CRIS,2026-08-13,424B4,priced,https://www.sec.gov/Archives/edgar/data/1108205/000110820526000116/0001108205-26-000116-index.htm,1.5
SharonAI Holdings Inc.,,2026-08-12,S-1,filed,https://www.sec.gov/Archives/edgar/data/2068385/000149315226037453/0001493152-26-037453-index.htm,
BirchBioMed Inc.,,2026-08-12,S-1,filed,https://www.sec.gov/Archives/edgar/data/1670747/000149315226037435/0001493152-26-037435-index.htm,
Fast Finance Pay Corp.,,2026-08-12,S-1,filed,https://www.sec.gov/Archives/edgar/data/2109616/000149315226037415/0001493152-26-037415-index.htm,
SPECTRAL CAPITAL Corp,FCCN,2026-08-12,S-1/A,filed,https://www.sec.gov/Archives/edgar/data/1131903/000121390026088450/0001213900-26-088450-index.htm,
"Onconetix, Inc.",ONCO,2026-08-12,S-1,filed,https://www.sec.gov/Archives/edgar/data/1782107/000121390026087986/0001213900-26-087986-index.htm,
Lyntris Inc.,,2026-08-12,S-1/A,filed,https://www.sec.gov/Archives/edgar/data/2132582/000119312526346328/0001193125-26-346328-index.htm,
GX Acquisition Corp. III/Cayman,,2026-08-12,S-1/A,filed,https://www.sec.gov/Archives/edgar/data/2145409/000118518526003452/0001185185-26-003452-index.htm,
"Advasa Holdings, Inc.",ADBT,2026-08-12,424B4,priced,https://www.sec.gov/Archives/edgar/data/2084227/000149315226037407/0001493152-26-037407-index.htm,
"Vogenx, Inc.",VOGX,2026-08-12,424B4,priced,https://www.sec.gov/Archives/edgar/data/1903784/000118518526003448/0001185185-26-003448-index.htm,13
Karman Line Acquisition Corp.,XTER,2026-08-11,S-1/A,filed,https://www.sec.gov/Archives/edgar/data/2134856/000182912626008622/0001829126-26-008622-index.htm,
"Aura Consolidated Group, Inc.",,2026-08-11,S-1,filed,https://www.sec.gov/Archives/edgar/data/2055301/000162828026055463/0001628280-26-055463-index.htm,
SharonAI Holdings Inc.,,2026-08-11,S-1/A,filed,https://www.sec.gov/Archives/edgar/data/2068385/000149315226037203/0001493152-26-037203-index.htm,
"AMERICAN BATTERY MATERIALS, INC.",BLTH,2026-08-11,S-1/A,filed,https://www.sec.gov/Archives/edgar/data/1487718/000149315226037118/0001493152-26-037118-index.htm,
NorthStrive Acquisition Corp I.,,2026-08-11,S-1/A,filed,https://www.sec.gov/Archives/edgar/data/2133719/000121390026087889/0001213900-26-087889-index.htm,
"FTC Solar, Inc.",FTCI,2026-08-11,S-1,filed,https://www.sec.gov/Archives/edgar/data/1828161/000121390026087398/0001213900-26-087398-index.htm,
DATA I/O CORP,DAIO,2026-08-11,S-1/A,filed,https://www.sec.gov/Archives/edgar/data/351998/000119312526344149/0001193125-26-344149-index.htm,
"YOUNEEQAI TECHNICAL SERVICES, INC.",,2026-08-11,S-1,filed,https://www.sec.gov/Archives/edgar/data/1976923/000106594926000044/0001065949-26-000044-index.htm,
"Janus Living, Inc.",JAN,2026-08-11,424B4,priced,https://www.sec.gov/Archives/edgar/data/2100805/000110465926094083/0001104659-26-094083-index.htm,29
CLEARONE INC,CLRO,2026-08-10,S-1,filed,https://www.sec.gov/Archives/edgar/data/840715/000175392626001386/0001753926-26-001386-index.htm,
Agassi Sports Entertainment Corp.,AASP,2026-08-10,S-1/A,filed,https://www.sec.gov/Archives/edgar/data/930245/000149315226036891/0001493152-26-036891-index.htm,
AfterNext Acquisition I Corp.,,2026-08-10,S-1/A,filed,https://www.sec.gov/Archives/edgar/data/2087035/000149315226036726/0001493152-26-036726-index.htm,
Inflection Point Acquisition Corp. VIII,,2026-08-10,S-1,filed,https://www.sec.gov/Archives/edgar/data/2146310/000121390026086901/0001213900-26-086901-index.htm,
JATT III Acquisition Corp,,2026-08-10,S-1,filed,https://www.sec.gov/Archives/edgar/data/2145659/000121390026086864/0001213900-26-086864-index.htm,
GigCapital10 Corp.,,2026-08-10,S-1,filed,https://www.sec.gov/Archives/edgar/data/2149294/000119312526342742/0001193125-26-342742-index.htm,
"Gores Holdings XII, Inc.",,2026-08-10,S-1,filed,https://www.sec.gov/Archives/edgar/data/2147267/000119312526342392/0001193125-26-342392-index.htm,
Lyntris Inc.,,2026-08-10,S-1/A,filed,https://www.sec.gov/Archives/edgar/data/2132582/000119312526341244/0001193125-26-341244-index.htm,
"Vogenx, Inc.",VOGX,2026-08-10,S-1/A,filed,https://www.sec.gov/Archives/edgar/data/1903784/000118518526003353/0001185185-26-003353-index.htm,
Eaglesky Acquisition Corp,,2026-08-10,S-1,filed,https://www.sec.gov/Archives/edgar/data/2143067/000118518526003340/0001185185-26-003340-index.htm,
Silexion Therapeutics Corp,,2026-08-10,S-1/A,filed,https://www.sec.gov/Archives/edgar/data/2022416/000117891326004003/0001178913-26-004003-index.htm,
CURIS INC,CRIS,2026-08-10,S-1,filed,https://www.sec.gov/Archives/edgar/data/1108205/000110820526000109/0001108205-26-000109-index.htm,
"Encore Medical, Inc.",EMI,2026-08-10,S-1/A,filed,https://www.sec.gov/Archives/edgar/data/1838003/000110465926093252/0001104659-26-093252-index.htm,
Southern Cross Acquisition II Corp.,SCAT,2026-08-07,S-1/A,filed,https://www.sec.gov/Archives/edgar/data/2133239/000192998026000423/0001929980-26-000423-index.htm,
"SPLASH BEVERAGE GROUP, INC.",SBEV,2026-08-07,S-1,filed,https://www.sec.gov/Archives/edgar/data/1553788/000173112226001026/0001731122-26-001026-index.htm,
"Veradermics, Inc",MANE,2026-08-07,S-1,filed,https://www.sec.gov/Archives/edgar/data/1827635/000162828026054921/0001628280-26-054921-index.htm,
"DataMeds AI, Inc.",MEDS,2026-08-07,S-1,filed,https://www.sec.gov/Archives/edgar/data/2030763/000149315226036665/0001493152-26-036665-index.htm,
Aptera Motors Corp,SEV,2026-08-07,S-1,filed,https://www.sec.gov/Archives/edgar/data/1786471/000149315226036568/0001493152-26-036568-index.htm,
"First Breach, Inc.",FBDT,2026-08-07,S-1/A,filed,https://www.sec.gov/Archives/edgar/data/1892704/000149315226036554/0001493152-26-036554-index.htm,
"My Size, Inc.",MYSZ,2026-08-07,S-1,filed,https://www.sec.gov/Archives/edgar/data/1211805/000149315226036499/0001493152-26-036499-index.htm,
Ionetix Corp / DE /,,2026-08-07,S-1,filed,https://www.sec.gov/Archives/edgar/data/2108121/000121390026086823/0001213900-26-086823-index.htm,
Change Agents Corporation.,CHGA,2026-08-07,S-1,filed,https://www.sec.gov/Archives/edgar/data/1630212/000121390026086806/0001213900-26-086806-index.htm,
"BioStem Technologies, Inc.",BSEM,2026-08-07,S-1/A,filed,https://www.sec.gov/Archives/edgar/data/1658678/000121390026086804/0001213900-26-086804-index.htm,
PRESIDIO PRODUCTION Co,,2026-08-07,S-1/A,filed,https://www.sec.gov/Archives/edgar/data/2083125/000121390026086640/0001213900-26-086640-index.htm,
"KiNRG, Inc.",,2026-08-07,S-1,filed,https://www.sec.gov/Archives/edgar/data/95572/000121390026086369/0001213900-26-086369-index.htm,
Lucens Capital Acquisition Corp I,,2026-08-07,S-1,filed,https://www.sec.gov/Archives/edgar/data/2143156/000121390026086320/0001213900-26-086320-index.htm,
Danneskjold & Galt Acquisition Co,,2026-08-07,S-1,filed,https://www.sec.gov/Archives/edgar/data/2088286/000118518526003333/0001185185-26-003333-index.htm,
Southport Acquisition Corp. II,,2026-08-07,S-1,filed,https://www.sec.gov/Archives/edgar/data/2148436/000118518526003326/0001185185-26-003326-index.htm,
Silexion Therapeutics Corp,,2026-08-07,S-1,filed,https://www.sec.gov/Archives/edgar/data/2022416/000117891326003961/0001178913-26-003961-index.htm,
OceanLight Acquisition Corp,OCLT,2026-08-07,424B4,priced,https://www.sec.gov/Archives/edgar/data/2137679/000182912626008478/0001829126-26-008478-index.htm,10
Pinnacle Acquisition Corp,PNAQ,2026-08-07,424B4,priced,https://www.sec.gov/Archives/edgar/data/2123955/000121390026086694/0001213900-26-086694-index.htm,10
Ticketplus Ltd.,TP,2026-08-07,424B4,priced,https://www.sec.gov/Archives/edgar/data/2104296/000121390026086641/0001213900-26-086641-index.htm,8
iSpecimen Inc.,ISPC,2026-08-07,424B4,priced,https://www.sec.gov/Archives/edgar/data/1558569/000121390026086434/0001213900-26-086434-index.htm,1.3
"Latigo Biotherapeutics, Inc.",LTGO,2026-08-07,424B4,priced,https://www.sec.gov/Archives/edgar/data/2056611/000119312526340329/0001193125-26-340329-index.htm,18
"BlossomHill Therapeutics, Inc.",BLSM,2026-08-07,424B4,priced,https://www.sec.gov/Archives/edgar/data/1839970/000119312526340215/0001193125-26-340215-index.htm,16
BIOVIE INC.,,2026-08-06,S-1/A,filed,https://www.sec.gov/Archives/edgar/data/1580149/000152013826000313/0001520138-26-000313-index.htm,
JONES SODA CO.,JSDA,2026-08-06,S-1,filed,https://www.sec.gov/Archives/edgar/data/1083522/000149315226036411/0001493152-26-036411-index.htm,
"Ambitious Entertainment, Inc.",,2026-08-06,S-1/A,filed,https://www.sec.gov/Archives/edgar/data/1900851/000149315226036294/0001493152-26-036294-index.htm,
"Global Interactive Technologies, Inc.",GITS,2026-08-06,S-1/A,filed,https://www.sec.gov/Archives/edgar/data/1911545/000149315226036273/0001493152-26-036273-index.htm,
AfterNext Acquisition I Corp.,,2026-08-06,S-1/A,filed,https://www.sec.gov/Archives/edgar/data/2087035/000149315226036233/0001493152-26-036233-index.htm,
"Alternus Clean Energy, Inc.",,2026-08-06,S-1,filed,https://www.sec.gov/Archives/edgar/data/1883984/000143774926025994/0001437749-26-025994-index.htm,
"Thunder Bridge Capital Partners V, Ltd.",TBCV,2026-08-06,S-1/A,filed,https://www.sec.gov/Archives/edgar/data/2140030/000121390026085876/0001213900-26-085876-index.htm,
Rainier Acquisition Corp,,2026-08-06,S-1,filed,https://www.sec.gov/Archives/edgar/data/2147219/000110465926092088/0001104659-26-092088-index.htm,
"Braveheart Bio, Inc.",BRVE,2026-08-06,424B4,priced,https://www.sec.gov/Archives/edgar/data/2131524/000162828026054354/0001628280-26-054354-index.htm,18
TCGX Acquisition Corp.,,2026-08-06,424B4,priced,https://www.sec.gov/Archives/edgar/data/2137965/000119312526336098/0001193125-26-336098-index.htm,10
"VERDE RESOURCES, INC.",VRDR,2026-08-05,S-1/A,filed,https://www.sec.gov/Archives/edgar/data/1506929/000149315226036178/0001493152-26-036178-index.htm,
SPECTRAL CAPITAL Corp,FCCN,2026-08-05,S-1/A,filed,https://www.sec.gov/Archives/edgar/data/1131903/000121390026085798/0001213900-26-085798-index.htm,
Pinnacle Acquisition Corp,PNAQ,2026-08-05,S-1/A,filed,https://www.sec.gov/Archives/edgar/data/2123955/000121390026085313/0001213900-26-085313-index.htm,
Leader's Advantage Acquisition Corp.,LEDR,2026-08-05,S-1/A,filed,https://www.sec.gov/Archives/edgar/data/2109823/000121390026085297/0001213900-26-085297-index.htm,
Gravity Acquisition Corp.,,2026-08-05,S-1,filed,https://www.sec.gov/Archives/edgar/data/2123380/000118518526003277/0001185185-26-003277-index.htm,
BNB PLUS CORP.,BNBX,2026-08-05,S-1,filed,https://www.sec.gov/Archives/edgar/data/744452/000110465926091228/0001104659-26-091228-index.htm,
ARC Group Securities Acquisition I,,2026-08-05,424B4,priced,https://www.sec.gov/Archives/edgar/data/2094712/000149315226036100/0001493152-26-036100-index.htm,10
"Attovia Therapeutics, Inc.",ATTO,2026-08-05,424B4,priced,https://www.sec.gov/Archives/edgar/data/2058707/000119312526334997/0001193125-26-334997-index.htm,17
Hall Chadwick Acquisition Corp II,HCAX,2026-08-04,S-1/A,filed,https://www.sec.gov/Archives/edgar/data/2130219/000182912626008335/0001829126-26-008335-index.htm,
Crestone Strategic Capital Acquisition Corp,CSCM,2026-08-04,S-1/A,filed,https://www.sec.gov/Archives/edgar/data/2136449/000149315226036009/0001493152-26-036009-index.htm,
"Attovia Therapeutics, Inc.",ATTO,2026-08-04,S-1/A,filed,https://www.sec.gov/Archives/edgar/data/2058707/000119312526331510/0001193125-26-331510-index.htm,
"Latigo Biotherapeutics, Inc.",LTGO,2026-08-04,S-1/A,filed,https://www.sec.gov/Archives/edgar/data/2056611/000119312526331205/0001193125-26-331205-index.htm,
Luminous Acquisition,,2026-08-04,S-1,filed,https://www.sec.gov/Archives/edgar/data/2148196/000118518526003252/0001185185-26-003252-index.htm,
Elong Power Holding Ltd.,ELPW,2026-08-04,424B4,priced,https://www.sec.gov/Archives/edgar/data/2015691/000149315226035945/0001493152-26-035945-index.htm,0.12
Republic Power Group Ltd,RPGL,2026-08-04,424B4,priced,https://www.sec.gov/Archives/edgar/data/1912884/000121390026085063/0001213900-26-085063-index.htm,1
BOA Acquisition Corp. II,,2026-08-04,424B4,priced,https://www.sec.gov/Archives/edgar/data/2080216/000119312526333135/0001193125-26-333135-index.htm,10
Albatross Acquisition Corp,ATAC,2026-08-03,S-1/A,filed,https://www.sec.gov/Archives/edgar/data/2135163/000182912626008252/0001829126-26-008252-index.htm,
JONES SODA CO.,JSDA,2026-08-03,S-1/A,filed,https://www.sec.gov/Archives/edgar/data/1083522/000149315226035842/0001493152-26-035842-index.htm,
"First Breach, Inc.",FBDT,2026-08-03,S-1/A,filed,https://www.sec.gov/Archives/edgar/data/1892704/000149315226035840/0001493152-26-035840-index.htm,
AEI CapForce II Investment Corp,,2026-08-03,S-1/A,filed,https://www.sec.gov/Archives/edgar/data/1875655/000149315226035799/0001493152-26-035799-index.htm,
1776 Acquisition Corp,,2026-08-03,S-1,filed,https://www.sec.gov/Archives/edgar/data/2115818/000121390026084648/0001213900-26-084648-index.htm,
"Matternet, Inc.",,2026-08-03,S-1/A,filed,https://www.sec.gov/Archives/edgar/data/2075109/000121390026084193/0001213900-26-084193-index.htm,
Lyntris Inc.,,2026-08-03,S-1/A,filed,https://www.sec.gov/Archives/edgar/data/2132582/000119312526330874/0001193125-26-330874-index.htm,
Bitwise NEAR ETF,,2026-08-03,S-1/A,filed,https://www.sec.gov/Archives/edgar/data/2067111/000119312526329988/0001193125-26-329988-index.htm,
"Latigo Biotherapeutics, Inc.",LTGO,2026-08-03,S-1/A,filed,https://www.sec.gov/Archives/edgar/data/2056611/000119312526329431/0001193125-26-329431-index.htm,
"BlossomHill Therapeutics, Inc.",BLSM,2026-08-03,S-1/A,filed,https://www.sec.gov/Archives/edgar/data/1839970/000119312526329416/0001193125-26-329416-index.htm,
GX Acquisition Corp. III/Cayman,,2026-08-03,S-1,filed,https://www.sec.gov/Archives/edgar/data/2145409/000118518526003214/0001185185-26-003214-index.htm,
East West Ave Acquisition Corp.,EWAV,2026-08-03,424B4,priced,https://www.sec.gov/Archives/edgar/data/2100704/000149315226035717/0001493152-26-035717-index.htm,10
Evmand Corp,,2026-07-31,S-1,filed,https://www.sec.gov/Archives/edgar/data/2136571/000213657126000003/0002136571-26-000003-index.htm,
Securitize Corp.,SECZ,2026-07-31,S-1,filed,https://www.sec.gov/Archives/edgar/data/2094496/000162828026051182/0001628280-26-051182-index.htm,
BIOVIE INC.,,2026-07-31,S-1/A,filed,https://www.sec.gov/Archives/edgar/data/1580149/000152013826000299/0001520138-26-000299-index.htm,
Agassi Sports Entertainment Corp.,AASP,2026-07-31,S-1,filed,https://www.sec.gov/Archives/edgar/data/930245/000149315226035640/0001493152-26-035640-index.htm,
SharonAI Holdings Inc.,,2026-07-31,S-1,filed,https://www.sec.gov/Archives/edgar/data/2068385/000149315226035629/0001493152-26-035629-index.htm,
AfterNext Acquisition I Corp.,,2026-07-31,S-1/A,filed,https://www.sec.gov/Archives/edgar/data/2087035/000149315226035587/0001493152-26-035587-index.htm,
"SHF Holdings, Inc.",,2026-07-31,S-1,filed,https://www.sec.gov/Archives/edgar/data/1854963/000149315226035525/0001493152-26-035525-index.htm,
"SHF Holdings, Inc.",,2026-07-31,S-1/A,filed,https://www.sec.gov/Archives/edgar/data/1854963/000149315226035522/0001493152-26-035522-index.htm,
"Moleculin Biotech, Inc.",MBRX,2026-07-31,S-1/A,filed,https://www.sec.gov/Archives/edgar/data/1659617/000143774926025130/0001437749-26-025130-index.htm,
"Flash Sports & Media Holdings, Inc.",FLZH,2026-07-31,S-1/A,filed,https://www.sec.gov/Archives/edgar/data/1706524/000121390026083989/0001213900-26-083989-index.htm,
"Creatd, Inc.",CRTD,2026-07-31,S-1/A,filed,https://www.sec.gov/Archives/edgar/data/1357671/000121390026083954/0001213900-26-083954-index.htm,
"CYABRA, INC.",CYAB,2026-07-31,S-1,filed,https://www.sec.gov/Archives/edgar/data/2032341/000121390026083475/0001213900-26-083475-index.htm,
Bitwise NEAR ETF,,2026-07-31,S-1/A,filed,https://www.sec.gov/Archives/edgar/data/2067111/000119312526328801/0001193125-26-328801-index.htm,
DATA I/O CORP,DAIO,2026-07-31,S-1,filed,https://www.sec.gov/Archives/edgar/data/351998/000119312526328766/0001193125-26-328766-index.htm,
"VivoSim Labs, INC.",VIVS,2026-07-31,S-1,filed,https://www.sec.gov/Archives/edgar/data/1497253/000119312526328613/0001193125-26-328613-index.htm,
TCGX Acquisition Corp.,,2026-07-31,S-1/A,filed,https://www.sec.gov/Archives/edgar/data/2137965/000119312526328576/0001193125-26-328576-index.htm,
GridAI Technologies Corp.,GRDX,2026-07-31,S-1/A,filed,https://www.sec.gov/Archives/edgar/data/1604191/000110465926089198/0001104659-26-089198-index.htm,
Churchill Capital Corp XIII,XIII,2026-07-31,424B4,priced,https://www.sec.gov/Archives/edgar/data/2114229/000121390026083832/0001213900-26-083832-index.htm,10
"Apnimed, Inc.",APMD,2026-07-31,424B4,priced,https://www.sec.gov/Archives/edgar/data/1745648/000119312526328422/0001193125-26-328422-index.htm,16
Jersey Mike's Subs Inc.,JMKE,2026-07-31,424B4,priced,https://www.sec.gov/Archives/edgar/data/2127043/000119312526326453/0001193125-26-326453-index.htm,23
MobbQuest Inc.,,2026-07-30,S-1/A,filed,https://www.sec.gov/Archives/edgar/data/2109817/000210981726000008/0002109817-26-000008-index.htm,
Hall Chadwick Acquisition Corp II,HCAX,2026-07-30,S-1/A,filed,https://www.sec.gov/Archives/edgar/data/2130219/000182912626008117/0001829126-26-008117-index.htm,
"Braveheart Bio, Inc.",BRVE,2026-07-30,S-1/A,filed,https://www.sec.gov/Archives/edgar/data/2131524/000162828026050756/0001628280-26-050756-index.htm,
"POWERDYNE INTERNATIONAL, INC.",PWDY,2026-07-30,S-1/A,filed,https://www.sec.gov/Archives/edgar/data/1435617/000149315226035488/0001493152-26-035488-index.htm,
Gold Mountain Acquisition Corp.,GDMT,2026-07-30,S-1/A,filed,https://www.sec.gov/Archives/edgar/data/2105318/000149315226035448/0001493152-26-035448-index.htm,
Laser Photonics Corp,LASE,2026-07-30,S-1,filed,https://www.sec.gov/Archives/edgar/data/1807887/000149315226035437/0001493152-26-035437-index.htm,
"Moleculin Biotech, Inc.",MBRX,2026-07-30,S-1/A,filed,https://www.sec.gov/Archives/edgar/data/1659617/000143774926025100/0001437749-26-025100-index.htm,
PRESIDIO PRODUCTION Co,,2026-07-30,S-1,filed,https://www.sec.gov/Archives/edgar/data/2083125/000121390026082963/0001213900-26-082963-index.htm,
"Neuro Spectrum Insights, Inc.",,2026-07-30,S-1/A,filed,https://www.sec.gov/Archives/edgar/data/2034588/000121390026082953/0001213900-26-082953-index.htm,
Reformation Inc.,REF,2026-07-30,424B4,priced,https://www.sec.gov/Archives/edgar/data/1787117/000110465926088733/0001104659-26-088733-index.htm,15
SIERRA INTERNATIONAL NETWORK INC,,2026-07-29,S-1,filed,https://www.sec.gov/Archives/edgar/data/2011617/000201161726000016/0002011617-26-000016-index.htm,
"Global Interactive Technologies, Inc.",GITS,2026-07-29,S-1,filed,https://www.sec.gov/Archives/edgar/data/1911545/000149315226035245/0001493152-26-035245-index.htm,
Beneficient,,2026-07-29,S-1,filed,https://www.sec.gov/Archives/edgar/data/1775734/000149315226035225/0001493152-26-035225-index.htm,
"FullPAC, Inc.",,2026-07-29,S-1/A,filed,https://www.sec.gov/Archives/edgar/data/2076148/000149315226035201/0001493152-26-035201-index.htm,
ARC Group Securities Acquisition I,,2026-07-29,S-1/A,filed,https://www.sec.gov/Archives/edgar/data/2094712/000149315226035157/0001493152-26-035157-index.htm,
ECOMINAS CORP.,ILXP,2026-07-29,S-1,filed,https://www.sec.gov/Archives/edgar/data/1115864/000147793226004590/0001477932-26-004590-index.htm,
"Moleculin Biotech, Inc.",MBRX,2026-07-29,S-1,filed,https://www.sec.gov/Archives/edgar/data/1659617/000143774926024774/0001437749-26-024774-index.htm,
"BioStem Technologies, Inc.",BSEM,2026-07-29,S-1,filed,https://www.sec.gov/Archives/edgar/data/1658678/000121390026082719/0001213900-26-082719-index.htm,
"PBT Land & Minerals, Inc.",,2026-07-29,S-1,filed,https://www.sec.gov/Archives/edgar/data/2142855/000121390026082502/0001213900-26-082502-index.htm,
Teamshares Inc,,2026-07-29,S-1,filed,https://www.sec.gov/Archives/edgar/data/2048951/000119312526324170/0001193125-26-324170-index.htm,
"Attovia Therapeutics, Inc.",ATTO,2026-07-29,S-1/A,filed,https://www.sec.gov/Archives/edgar/data/2058707/000119312526323618/0001193125-26-323618-index.htm,
"Vogenx, Inc.",VOGX,2026-07-29,S-1/A,filed,https://www.sec.gov/Archives/edgar/data/1903784/000118518526003162/0001185185-26-003162-index.htm,
IMC Rare Earths Ltd,IMC,2026-07-29,424B4,priced,https://www.sec.gov/Archives/edgar/data/2098395/000149315226035207/0001493152-26-035207-index.htm,
Game Your Game Inc.,GYGY,2026-07-29,424B4,priced,https://www.sec.gov/Archives/edgar/data/2111846/000121390026082494/0001213900-26-082494-index.htm,
Sadot Group Inc.,SDOT,2026-07-28,S-1,filed,https://www.sec.gov/Archives/edgar/data/1701756/000173112226000980/0001731122-26-000980-index.htm,
Youmi Inc.,,2026-07-28,S-1/A,filed,https://www.sec.gov/Archives/edgar/data/2137360/000152013826000281/0001520138-26-000281-index.htm,
"Polar Power, Inc.",POLA,2026-07-28,S-1,filed,https://www.sec.gov/Archives/edgar/data/1622345/000149315226035002/0001493152-26-035002-index.htm,
"Professional Diversity Network, Inc.",IPDN,2026-07-28,S-1/A,filed,https://www.sec.gov/Archives/edgar/data/1546296/000143774926024678/0001437749-26-024678-index.htm,
Dune Acquisition Corp III,,2026-07-28,S-1/A,filed,https://www.sec.gov/Archives/edgar/data/2095476/000121390026081909/0001213900-26-081909-index.htm,
Sinda Ltd.,SIND,2026-07-28,S-1,filed,https://www.sec.gov/Archives/edgar/data/2096861/000114036126029787/0001140361-26-029787-index.htm,
Catalyst Acquisition Corp.,CATL,2026-07-28,424B4,priced,https://www.sec.gov/Archives/edgar/data/2104391/000121390026081980/0001213900-26-081980-index.htm,10
Everbright Digital Holding Ltd.,EDHL,2026-07-28,424B4,priced,https://www.sec.gov/Archives/edgar/data/2024876/000121390026081939/0001213900-26-081939-index.htm,1.88
C3is Inc.,CISS,2026-07-28,424B4,priced,https://www.sec.gov/Archives/edgar/data/1951067/000119312526318972/0001193125-26-318972-index.htm,0.52
Ionic Digital Inc.,,2026-07-28,424B4,priced,https://www.sec.gov/Archives/edgar/data/2007691/000118518526003152/0001185185-26-003152-index.htm,
Watu Metals Acquisition Corp,,2026-07-27,S-1/A,filed,https://www.sec.gov/Archives/edgar/data/2115659/000182912626007852/0001829126-26-007852-index.htm,
Karman Line Acquisition Corp.,,2026-07-27,S-1,filed,https://www.sec.gov/Archives/edgar/data/2134856/000182912626007847/0001829126-26-007847-index.htm,
Spin AI Inc.,,2026-07-27,S-1/A,filed,https://www.sec.gov/Archives/edgar/data/2139511/000168316826005776/0001683168-26-005776-index.htm,
Sensei Harbor Corp.,,2026-07-27,S-1/A,filed,https://www.sec.gov/Archives/edgar/data/2112634/000168316826005775/0001683168-26-005775-index.htm,
"AIxCrypto Holdings, Inc.",AIXC,2026-07-27,S-1,filed,https://www.sec.gov/Archives/edgar/data/1460702/000149315226034816/0001493152-26-034816-index.htm,
BOA Acquisition Corp. II,,2026-07-27,S-1/A,filed,https://www.sec.gov/Archives/edgar/data/2080216/000119312526318212/0001193125-26-318212-index.htm,
"Apnimed, Inc.",APMD,2026-07-27,S-1/A,filed,https://www.sec.gov/Archives/edgar/data/1745648/000119312526316811/0001193125-26-316811-index.htm,
Market Technology Acquisition Corp,MTAK,2026-07-27,424B4,priced,https://www.sec.gov/Archives/edgar/data/2133136/000121390026081597/0001213900-26-081597-index.htm,
"Scribe Therapeutics, Inc.",SCTX,2026-07-27,424B4,priced,https://www.sec.gov/Archives/edgar/data/1853921/000119312526316503/0001193125-26-316503-index.htm,
Canary Staked TRX ETF,,2026-07-24,S-1/A,filed,https://www.sec.gov/Archives/edgar/data/2064768/000199937126015859/0001999371-26-015859-index.htm,
"POWERDYNE INTERNATIONAL, INC.",PWDY,2026-07-24,S-1,filed,https://www.sec.gov/Archives/edgar/data/1435617/000149315226034628/0001493152-26-034628-index.htm,
"INVO Fertility, Inc.",IVF,2026-07-24,S-1,filed,https://www.sec.gov/Archives/edgar/data/1417926/000149315226034621/0001493152-26-034621-index.htm,
AEI CapForce II Investment Corp,,2026-07-24,S-1/A,filed,https://www.sec.gov/Archives/edgar/data/1875655/000149315226034547/0001493152-26-034547-index.htm,
EvoAir Holdings Inc.,EVOH,2026-07-24,S-1/A,filed,https://www.sec.gov/Archives/edgar/data/1700844/000149315226034502/0001493152-26-034502-index.htm,
K2 Capital Acquisition II Corp.,,2026-07-24,S-1,filed,https://www.sec.gov/Archives/edgar/data/2145384/000121390026081485/0001213900-26-081485-index.htm,
Cryptex Digital Market Cap ETF,BAGZ,2026-07-24,S-1/A,filed,https://www.sec.gov/Archives/edgar/data/2115027/000121390026081379/0001213900-26-081379-index.htm,
Little West Holdings Inc.,,2026-07-24,S-1/A,filed,https://www.sec.gov/Archives/edgar/data/2065821/000121390026081199/0001213900-26-081199-index.htm,
SunPower Inc.,,2026-07-24,S-1,filed,https://www.sec.gov/Archives/edgar/data/1838987/000121390026081056/0001213900-26-081056-index.htm,
"Jaguar Health, Inc.",JAGX,2026-07-24,S-1/A,filed,https://www.sec.gov/Archives/edgar/data/1585608/000119312526315711/0001193125-26-315711-index.htm,
"CTT PHARMACEUTICAL HOLDINGS, INC.",CTTH,2026-07-24,S-1/A,filed,https://www.sec.gov/Archives/edgar/data/1035422/000117152026000192/0001171520-26-000192-index.htm,
Bluerock Acquisition Corp. II,,2026-07-24,S-1,filed,https://www.sec.gov/Archives/edgar/data/2098410/000110465926086682/0001104659-26-086682-index.htm,
Pelican Acquisition II Corp,PLCI,2026-07-24,424B4,priced,https://www.sec.gov/Archives/edgar/data/2122392/000182912626007833/0001829126-26-007833-index.htm,
Innovative Eyewear Inc,,2026-07-23,S-1,filed,https://www.sec.gov/Archives/edgar/data/1808377/000182912626007808/0001829126-26-007808-index.htm,
"AMERICAN BATTERY MATERIALS, INC.",BLTH,2026-07-23,S-1/A,filed,https://www.sec.gov/Archives/edgar/data/1487718/000149315226034421/0001493152-26-034421-index.htm,
"SYNTEC OPTICS HOLDINGS, INC.",,2026-07-23,S-1,filed,https://www.sec.gov/Archives/edgar/data/1866816/000149315226034282/0001493152-26-034282-index.htm,
authID Inc.,AUID,2026-07-23,S-1/A,filed,https://www.sec.gov/Archives/edgar/data/1534154/000121390026080882/0001213900-26-080882-index.htm,
Lyntris Inc.,,2026-07-23,S-1,filed,https://www.sec.gov/Archives/edgar/data/2132582/000119312526314602/0001193125-26-314602-index.htm,
"Narragansett Bancorp, Inc.",NARA,2026-07-23,S-1/A,filed,https://www.sec.gov/Archives/edgar/data/2138186/000119312526313847/0001193125-26-313847-index.htm,
Enhanced Group Inc.,ENHA,2026-07-23,S-1,filed,https://www.sec.gov/Archives/edgar/data/1956439/000119312526312793/0001193125-26-312793-index.htm,
Reformation Inc.,REF,2026-07-23,S-1/A,filed,https://www.sec.gov/Archives/edgar/data/1787117/000110465926086075/0001104659-26-086075-index.htm,
"VARSAL TECH, INC.",VAT,2026-07-22,S-1/A,filed,https://www.sec.gov/Archives/edgar/data/2109801/000149315226034129/0001493152-26-034129-index.htm,
Pinnacle Acquisition Corp,,2026-07-22,S-1,filed,https://www.sec.gov/Archives/edgar/data/2123955/000121390026080433/0001213900-26-080433-index.htm,
Market Technology Acquisition Corp,MTAK,2026-07-22,S-1/A,filed,https://www.sec.gov/Archives/edgar/data/2133136/000121390026080237/0001213900-26-080237-index.htm,
NorthStrive Acquisition Corp I.,,2026-07-22,S-1,filed,https://www.sec.gov/Archives/edgar/data/2133719/000121390026080207/0001213900-26-080207-index.htm,
"Mitesco, Inc.",MITI,2026-07-22,S-1/A,filed,https://www.sec.gov/Archives/edgar/data/802257/000118518526003092/0001185185-26-003092-index.htm,
Avalanche Treasury Corp,AVAT,2026-07-22,S-1/A,filed,https://www.sec.gov/Archives/edgar/data/2092446/000110465926085808/0001104659-26-085808-index.htm,
"Starfighters Space, Inc.",FJET,2026-07-22,S-1/A,filed,https://www.sec.gov/Archives/edgar/data/1947016/000106299326003771/0001062993-26-003771-index.htm,
KIDZ AI Inc.,,2026-07-22,424B4,priced,https://www.sec.gov/Archives/edgar/data/2022308/000147793226004453/0001477932-26-004453-index.htm,
ARC Group Securities Acquisition II,,2026-07-21,S-1/A,filed,https://www.sec.gov/Archives/edgar/data/2094710/000149315226034055/0001493152-26-034055-index.htm,
Pine Tree Acquisition Corp.,,2026-07-21,S-1/A,filed,https://www.sec.gov/Archives/edgar/data/2076561/000147793226004429/0001477932-26-004429-index.htm,
"HNO International, Inc.",HNOI,2026-07-21,S-1,filed,https://www.sec.gov/Archives/edgar/data/1342916/000134291626000047/0001342916-26-000047-index.htm,
BOA Acquisition Corp. II,,2026-07-21,S-1/A,filed,https://www.sec.gov/Archives/edgar/data/2080216/000119312526309670/0001193125-26-309670-index.htm,
Hyperliquid Strategies Inc,PURR,2026-07-21,S-1/A,filed,https://www.sec.gov/Archives/edgar/data/2078856/000119312526309340/0001193125-26-309340-index.htm,
Southern Cross Acquisition I Corp.,NCO,2026-07-21,424B4,priced,https://www.sec.gov/Archives/edgar/data/2116230/000192998026000373/0001929980-26-000373-index.htm,
B&R Technology Merger Corp.,BRTM,2026-07-21,424B4,priced,https://www.sec.gov/Archives/edgar/data/2131350/000119312526310471/0001193125-26-310471-index.htm,
PDS Biotechnology Corp,PDSB,2026-07-21,424B4,priced,https://www.sec.gov/Archives/edgar/data/1472091/000114036126029135/0001140361-26-029135-index.htm,
RZ Wellness Ltd,,2026-07-20,S-1,filed,https://www.sec.gov/Archives/edgar/data/2130959/000213095926000005/0002130959-26-000005-index.htm,
Londonla Inc.,,2026-07-20,S-1,filed,https://www.sec.gov/Archives/edgar/data/2146369/000209757026000028/0002097570-26-000028-index.htm,
Spin AI Inc.,,2026-07-20,S-1/A,filed,https://www.sec.gov/Archives/edgar/data/2139511/000168316826005649/0001683168-26-005649-index.htm,
NON INVASIVE MONITORING SYSTEMS INC /FL/,NIMU,2026-07-20,S-1,filed,https://www.sec.gov/Archives/edgar/data/720762/000149315226033920/0001493152-26-033920-index.htm,
Agape ATP Corp,ATPC,2026-07-20,S-1/A,filed,https://www.sec.gov/Archives/edgar/data/1713210/000149315226033881/0001493152-26-033881-index.htm,
"FreeCast, Inc.",CAST,2026-07-20,S-1/A,filed,https://www.sec.gov/Archives/edgar/data/1633369/000121390026079417/0001213900-26-079417-index.htm,
SPECTRAL CAPITAL Corp,FCCN,2026-07-20,S-1,filed,https://www.sec.gov/Archives/edgar/data/1131903/000121390026079360/0001213900-26-079360-index.htm,
Game Your Game Inc.,GYGY,2026-07-20,S-1/A,filed,https://www.sec.gov/Archives/edgar/data/2111846/000121390026079281/0001213900-26-079281-index.htm,
Grayscale Worldcoin ETF,,2026-07-20,S-1,filed,https://www.sec.gov/Archives/edgar/data/2145351/000119312526308957/0001193125-26-308957-index.htm,
TCGX Acquisition Corp.,,2026-07-20,S-1,filed,https://www.sec.gov/Archives/edgar/data/2137965/000119312526308950/0001193125-26-308950-index.htm,
"Scribe Therapeutics, Inc.",SCTX,2026-07-20,S-1/A,filed,https://www.sec.gov/Archives/edgar/data/1853921/000119312526308330/0001193125-26-308330-index.htm,
Jersey Mike's Subs Inc.,JMKE,2026-07-20,S-1/A,filed,https://www.sec.gov/Archives/edgar/data/2127043/000119312526308260/0001193125-26-308260-index.htm,
Reformation Inc.,REF,2026-07-20,S-1/A,filed,https://www.sec.gov/Archives/edgar/data/1787117/000110465926084856/0001104659-26-084856-index.htm,
Agencia Comercial Spirits Ltd.,AGCC,2026-07-20,424B4,priced,https://www.sec.gov/Archives/edgar/data/2060016/000121390026079442/0001213900-26-079442-index.htm,
Elements Ventures Group Inc.,,2026-07-17,S-1,filed,https://www.sec.gov/Archives/edgar/data/1954227/000209757026000025/0002097570-26-000025-index.htm,
"Valion Bio, Inc.",VBIO,2026-07-17,S-1,filed,https://www.sec.gov/Archives/edgar/data/1787740/000168316826005613/0001683168-26-005613-index.htm,
BIOVIE INC.,,2026-07-17,S-1,filed,https://www.sec.gov/Archives/edgar/data/1580149/000152013826000276/0001520138-26-000276-index.htm,
"ALPHA MODUS HOLDINGS, INC.",,2026-07-17,S-1,filed,https://www.sec.gov/Archives/edgar/data/1862463/000149315226033808/0001493152-26-033808-index.htm,
"Propanc Biopharma, Inc.",PPCB,2026-07-17,S-1,filed,https://www.sec.gov/Archives/edgar/data/1517681/000149315226033807/0001493152-26-033807-index.htm,
"Banzai International, Inc.",,2026-07-17,S-1/A,filed,https://www.sec.gov/Archives/edgar/data/1826011/000149315226033806/0001493152-26-033806-index.htm,
"Our Bond, Inc.",OBAI,2026-07-17,S-1,filed,https://www.sec.gov/Archives/edgar/data/1756064/000149315226033754/0001493152-26-033754-index.htm,
Artificial Intelligence Technology Solutions Inc.,AITX,2026-07-17,S-1,filed,https://www.sec.gov/Archives/edgar/data/1498148/000149315226033613/0001493152-26-033613-index.htm,
Arterior Solutions Corp,,2026-07-17,S-1/A,filed,https://www.sec.gov/Archives/edgar/data/2133770/000147793226004374/0001477932-26-004374-index.htm,
"Creatd, Inc.",CRTD,2026-07-17,S-1/A,filed,https://www.sec.gov/Archives/edgar/data/1357671/000121390026079266/0001213900-26-079266-index.htm,
"NuvOx Therapeutics, Inc.",,2026-07-17,S-1,filed,https://www.sec.gov/Archives/edgar/data/1966126/000121390026079095/0001213900-26-079095-index.htm,
iSpecimen Inc.,ISPC,2026-07-17,S-1/A,filed,https://www.sec.gov/Archives/edgar/data/1558569/000121390026078869/0001213900-26-078869-index.htm,
"Latigo Biotherapeutics, Inc.",,2026-07-17,S-1,filed,https://www.sec.gov/Archives/edgar/data/2056611/000119312526307306/0001193125-26-307306-index.htm,
"BlossomHill Therapeutics, Inc.",,2026-07-17,S-1,filed,https://www.sec.gov/Archives/edgar/data/1839970/000119312526306506/0001193125-26-306506-index.htm,
AMR Resources Acquisition Corp.,AMAC,2026-07-17,424B4,priced,https://www.sec.gov/Archives/edgar/data/2110119/000121390026079231/0001213900-26-079231-index.htm,
"Nuburu, Inc.",,2026-07-17,424B4,priced,https://www.sec.gov/Archives/edgar/data/1814215/000119312526306867/0001193125-26-306867-index.htm,
"AMERICAN BATTERY MATERIALS, INC.",BLTH,2026-07-16,S-1/A,filed,https://www.sec.gov/Archives/edgar/data/1487718/000149315226033562/0001493152-26-033562-index.htm,
"SHF Holdings, Inc.",,2026-07-16,S-1/A,filed,https://www.sec.gov/Archives/edgar/data/1854963/000149315226033547/0001493152-26-033547-index.htm,
"Banzai International, Inc.",,2026-07-16,S-1,filed,https://www.sec.gov/Archives/edgar/data/1826011/000149315226033423/0001493152-26-033423-index.htm,
KIDZ AI Inc.,,2026-07-16,S-1/A,filed,https://www.sec.gov/Archives/edgar/data/2022308/000147793226004332/0001477932-26-004332-index.htm,
Phalanx Acquisition Corp I,,2026-07-16,S-1,filed,https://www.sec.gov/Archives/edgar/data/2086549/000121390026078705/0001213900-26-078705-index.htm,
"FreeCast, Inc.",CAST,2026-07-16,S-1,filed,https://www.sec.gov/Archives/edgar/data/1633369/000121390026078459/0001213900-26-078459-index.htm,
"Jaguar Health, Inc.",JAGX,2026-07-16,S-1,filed,https://www.sec.gov/Archives/edgar/data/1585608/000119312526304988/0001193125-26-304988-index.htm,
"Jaguar Health, Inc.",JAGX,2026-07-16,S-1,filed,https://www.sec.gov/Archives/edgar/data/1585608/000119312526304985/0001193125-26-304985-index.htm,
"Standard Nuclear, Inc.",STDN,2026-07-16,424B4,priced,https://www.sec.gov/Archives/edgar/data/2086716/000121390026078747/0001213900-26-078747-index.htm,
"Csquare, Inc.",CSQR,2026-07-16,424B4,priced,https://www.sec.gov/Archives/edgar/data/2105398/000110465926084293/0001104659-26-084293-index.htm,
"Braveheart Bio, Inc.",,2026-07-15,S-1,filed,https://www.sec.gov/Archives/edgar/data/2131524/000162828026048213/0001628280-26-048213-index.htm,
ARC Group Securities Acquisition I,,2026-07-15,S-1/A,filed,https://www.sec.gov/Archives/edgar/data/2094712/000149315226033301/0001493152-26-033301-index.htm,
authID Inc.,AUID,2026-07-15,S-1,filed,https://www.sec.gov/Archives/edgar/data/1534154/000121390026078329/0001213900-26-078329-index.htm,
Churchill Capital Corp XIII,,2026-07-15,S-1,filed,https://www.sec.gov/Archives/edgar/data/2114229/000121390026078277/0001213900-26-078277-index.htm,
"Standard Nuclear, Inc.",STDN,2026-07-15,S-1/A,filed,https://www.sec.gov/Archives/edgar/data/2086716/000121390026078128/0001213900-26-078128-index.htm,
"Vogenx, Inc.",,2026-07-15,S-1,filed,https://www.sec.gov/Archives/edgar/data/1903784/000118518526002985/0001185185-26-002985-index.htm,
"Encore Medical, Inc.",EMI,2026-07-15,S-1/A,filed,https://www.sec.gov/Archives/edgar/data/1838003/000110465926083917/0001104659-26-083917-index.htm,
"QumulusAI, Inc.",QMLS,2026-07-15,424B4,priced,https://www.sec.gov/Archives/edgar/data/2084026/000143774926023622/0001437749-26-023622-index.htm,
Jones Ventures INTL Acquisition1 Corp,JONE,2026-07-15,424B4,priced,https://www.sec.gov/Archives/edgar/data/2129056/000121390026078066/0001213900-26-078066-index.htm,
Jones Ventures INTL Acquisition1 Corp,JONE,2026-07-15,424B4,priced,https://www.sec.gov/Archives/edgar/data/2129056/000121390026078062/0001213900-26-078062-index.htm,
"AEON Biopharma, Inc.",AEON,2026-07-15,424B4,priced,https://www.sec.gov/Archives/edgar/data/1837607/000110465926083680/0001104659-26-083680-index.htm,
QUANTUM CORP /DE/,QMCO,2026-07-14,S-1,filed,https://www.sec.gov/Archives/edgar/data/709283/000162828026048062/0001628280-26-048062-index.htm,
"FullPAC, Inc.",,2026-07-14,S-1/A,filed,https://www.sec.gov/Archives/edgar/data/2076148/000149315226033216/0001493152-26-033216-index.htm,
Crestone Strategic Capital Acquisition Corp,CSCM,2026-07-14,S-1/A,filed,https://www.sec.gov/Archives/edgar/data/2136449/000149315226033152/0001493152-26-033152-index.htm,
"Hartford Creative Group, Inc.",HFUS,2026-07-14,S-1/A,filed,https://www.sec.gov/Archives/edgar/data/1482554/000149315226033095/0001493152-26-033095-index.htm,
"Attovia Therapeutics, Inc.",,2026-07-14,S-1,filed,https://www.sec.gov/Archives/edgar/data/2058707/000119312526303256/0001193125-26-303256-index.htm,
Morgan Stanley Ethereum Trust,,2026-07-14,S-1/A,filed,https://www.sec.gov/Archives/edgar/data/2103976/000110465926083477/0001104659-26-083477-index.htm,
Morgan Stanley Solana Trust,,2026-07-14,S-1/A,filed,https://www.sec.gov/Archives/edgar/data/2103547/000110465926083475/0001104659-26-083475-index.htm,
Material Resource Acquisition Corp.,,2026-07-13,S-1,filed,https://www.sec.gov/Archives/edgar/data/2136360/000213636026000003/0002136360-26-000003-index.htm,
Nexentis Technologies Inc.,NXTS,2026-07-13,S-1,filed,https://www.sec.gov/Archives/edgar/data/1789192/000149315226033026/0001493152-26-033026-index.htm,
"Advasa Holdings, Inc.",ADBT,2026-07-13,S-1/A,filed,https://www.sec.gov/Archives/edgar/data/2084227/000149315226032985/0001493152-26-032985-index.htm,
"Starton Holdings, Inc.",STA,2026-07-13,S-1/A,filed,https://www.sec.gov/Archives/edgar/data/2049977/000121390026077653/0001213900-26-077653-index.htm,
Avalon GloboCare Corp.,ALBT,2026-07-13,S-1,filed,https://www.sec.gov/Archives/edgar/data/1630212/000121390026077307/0001213900-26-077307-index.htm,
Syntiant Corp.,,2026-07-13,S-1/A,filed,https://www.sec.gov/Archives/edgar/data/1718728/000119312526302144/0001193125-26-302144-index.htm,
"Nuburu, Inc.",BURU,2026-07-13,S-1,filed,https://www.sec.gov/Archives/edgar/data/1814215/000119312526301451/0001193125-26-301451-index.htm,
Ionic Digital Inc.,,2026-07-13,S-1/A,filed,https://www.sec.gov/Archives/edgar/data/2007691/000118518526002919/0001185185-26-002919-index.htm,
"CTT PHARMACEUTICAL HOLDINGS, INC.",CTTH,2026-07-13,S-1/A,filed,https://www.sec.gov/Archives/edgar/data/1035422/000117152026000172/0001171520-26-000172-index.htm,
"USBC, Inc.",USBC,2026-07-13,S-1/A,filed,https://www.sec.gov/Archives/edgar/data/1074828/000107482826000052/0001074828-26-000052-index.htm,
Elong Power Holding Ltd.,ELPW,2026-07-13,424B4,priced,https://www.sec.gov/Archives/edgar/data/2015691/000149315226032975/0001493152-26-032975-index.htm,
Research Alliance Corp IV,RACD,2026-07-13,424B4,priced,https://www.sec.gov/Archives/edgar/data/2137777/000119312526301373/0001193125-26-301373-index.htm,
Bravalo Corp,,2026-07-10,S-1/A,filed,https://www.sec.gov/Archives/edgar/data/2112460/000211246026000013/0002112460-26-000013-index.htm,
Pelican Acquisition II Corp,PLCI,2026-07-10,S-1/A,filed,https://www.sec.gov/Archives/edgar/data/2122392/000182912626007507/0001829126-26-007507-index.htm,
iPower Inc.,IPW,2026-07-10,S-1,filed,https://www.sec.gov/Archives/edgar/data/1830072/000168316826005462/0001683168-26-005462-index.htm,
Laser Photonics Corp,LASE,2026-07-10,S-1,filed,https://www.sec.gov/Archives/edgar/data/1807887/000149315226032879/0001493152-26-032879-index.htm,
"SMITH MICRO SOFTWARE, INC.",SMSI,2026-07-10,S-1,filed,https://www.sec.gov/Archives/edgar/data/948708/000143774926023324/0001437749-26-023324-index.htm,
"Healthcare Triangle, Inc.",HCTI,2026-07-10,S-1,filed,https://www.sec.gov/Archives/edgar/data/1839285/000121390026077268/0001213900-26-077268-index.htm,
"Neuro Spectrum Insights, Inc.",,2026-07-10,S-1/A,filed,https://www.sec.gov/Archives/edgar/data/2034588/000121390026077259/0001213900-26-077259-index.htm,
"Corvex, Inc.",MOVE,2026-07-10,S-1,filed,https://www.sec.gov/Archives/edgar/data/1734750/000121390026077253/0001213900-26-077253-index.htm,
"Tailored Brands, Inc. / DE",,2026-07-10,S-1,filed,https://www.sec.gov/Archives/edgar/data/2045151/000121390026077111/0001213900-26-077111-index.htm,
Market Technology Acquisition Corp,MTAK,2026-07-10,S-1/A,filed,https://www.sec.gov/Archives/edgar/data/2133136/000121390026076891/0001213900-26-076891-index.htm,
Holtec Nuclear Corp,,2026-07-10,S-1,filed,https://www.sec.gov/Archives/edgar/data/2104277/000119312526301023/0001193125-26-301023-index.htm,
"Scribe Therapeutics, Inc.",,2026-07-10,S-1/A,filed,https://www.sec.gov/Archives/edgar/data/1853921/000119312526300994/0001193125-26-300994-index.htm,
Decoy Therapeutics Inc.,DCOY,2026-07-10,S-1,filed,https://www.sec.gov/Archives/edgar/data/1615219/000119312526300954/0001193125-26-300954-index.htm,
"Apnimed, Inc.",,2026-07-10,S-1,filed,https://www.sec.gov/Archives/edgar/data/1745648/000119312526300909/0001193125-26-300909-index.htm,
"UNIVERSAL SAFETY PRODUCTS, INC.",UUU,2026-07-10,S-1,filed,https://www.sec.gov/Archives/edgar/data/102109/000110465926082673/0001104659-26-082673-index.htm,
Avalanche Treasury Corp,AVAT,2026-07-10,S-1,filed,https://www.sec.gov/Archives/edgar/data/2092446/000110465926082644/0001104659-26-082644-index.htm,
Mercator Acquisition Corp.,,2026-07-10,424B4,priced,https://www.sec.gov/Archives/edgar/data/2106436/000121390026076921/0001213900-26-076921-index.htm,
SK hynix Inc.,SKHY,2026-07-10,424B4,priced,https://www.sec.gov/Archives/edgar/data/2120882/000119312526299963/0001193125-26-299963-index.htm,
Southern Cross Acquisition II Corp.,,2026-07-09,S-1,filed,https://www.sec.gov/Archives/edgar/data/2133239/000192998026000317/0001929980-26-000317-index.htm,
OceanLight Acquisition Corp,OCLT,2026-07-09,S-1/A,filed,https://www.sec.gov/Archives/edgar/data/2137679/000182912626007426/0001829126-26-007426-index.htm,
"Zapata Quantum, Inc.",,2026-07-09,S-1/A,filed,https://www.sec.gov/Archives/edgar/data/1843714/000168316826005402/0001683168-26-005402-index.htm,
Jaovi Inc.,,2026-07-09,S-1,filed,https://www.sec.gov/Archives/edgar/data/2144182/000168316826005398/0001683168-26-005398-index.htm,
"MOBIX LABS, INC",,2026-07-09,S-1/A,filed,https://www.sec.gov/Archives/edgar/data/1855467/000149315226032710/0001493152-26-032710-index.htm,
Leef Brands Inc.,LEEEF,2026-07-09,S-1,filed,https://www.sec.gov/Archives/edgar/data/1711141/000149315226032565/0001493152-26-032565-index.htm,
Jones Ventures INTL Acquisition1 Corp,JONE,2026-07-09,S-1/A,filed,https://www.sec.gov/Archives/edgar/data/2129056/000121390026076752/0001213900-26-076752-index.htm,
BOA Acquisition Corp. II,,2026-07-09,S-1/A,filed,https://www.sec.gov/Archives/edgar/data/2080216/000119312526299584/0001193125-26-299584-index.htm,
"Mitesco, Inc.",MITI,2026-07-09,S-1,filed,https://www.sec.gov/Archives/edgar/data/802257/000118518526002867/0001185185-26-002867-index.htm,
GridAI Technologies Corp.,GRDX,2026-07-09,S-1/A,filed,https://www.sec.gov/Archives/edgar/data/1604191/000110465926082306/0001104659-26-082306-index.htm,
"AEON Biopharma, Inc.",AEON,2026-07-09,S-1/A,filed,https://www.sec.gov/Archives/edgar/data/1837607/000110465926082167/0001104659-26-082167-index.htm,
"Gloo Holdings, Inc.",GLOO,2026-07-09,424B4,priced,https://www.sec.gov/Archives/edgar/data/2069785/000119312526299756/0001193125-26-299756-index.htm,
Columbus Circle Capital Corp III,CCCT,2026-07-09,424B4,priced,https://www.sec.gov/Archives/edgar/data/2123471/000118518526002864/0001185185-26-002864-index.htm,
Columbus Circle Capital Corp III,CCCT,2026-07-09,424B4,priced,https://www.sec.gov/Archives/edgar/data/2123471/000118518526002862/0001185185-26-002862-index.htm,
OneMedNet Corp,,2026-07-08,S-1/A,filed,https://www.sec.gov/Archives/edgar/data/1849380/000149315226032512/0001493152-26-032512-index.htm,
AfterNext Acquisition I Corp.,,2026-07-08,S-1/A,filed,https://www.sec.gov/Archives/edgar/data/2087035/000149315226032427/0001493152-26-032427-index.htm,
Texas Precious Metals Trust,,2026-07-08,S-1/A,filed,https://www.sec.gov/Archives/edgar/data/2087989/000143774926023040/0001437749-26-023040-index.htm,
Texas Precious Metals Trust,,2026-07-08,S-1/A,filed,https://www.sec.gov/Archives/edgar/data/2087989/000143774926023037/0001437749-26-023037-index.htm,
Evolution Metals & Technologies Corp.,EMAT,2026-07-08,S-1,filed,https://www.sec.gov/Archives/edgar/data/1866226/000121390026076202/0001213900-26-076202-index.htm,
Samos Energy Acquisition Corp,SAMO,2026-07-08,S-1/A,filed,https://www.sec.gov/Archives/edgar/data/2125567/000121390026076151/0001213900-26-076151-index.htm,
Catalyst Acquisition Corp.,,2026-07-08,S-1,filed,https://www.sec.gov/Archives/edgar/data/2104391/000121390026076132/0001213900-26-076132-index.htm,
Research Alliance Corp IV,RACD,2026-07-08,S-1/A,filed,https://www.sec.gov/Archives/edgar/data/2137777/000119312526298633/0001193125-26-298633-index.htm,
"AEON Biopharma, Inc.",AEON,2026-07-08,S-1,filed,https://www.sec.gov/Archives/edgar/data/1837607/000110465926081860/0001104659-26-081860-index.htm,
Freedom Metals Acquisition Corp.,FDMM,2026-07-08,424B4,priced,https://www.sec.gov/Archives/edgar/data/2129659/000121390026076386/0001213900-26-076386-index.htm,
Luvulis Corp,,2026-07-07,S-1/A,filed,https://www.sec.gov/Archives/edgar/data/2123169/000212316926000008/0002123169-26-000008-index.htm,
"VisionWave Holdings, Inc.",,2026-07-07,S-1/A,filed,https://www.sec.gov/Archives/edgar/data/2038439/000173112226000921/0001731122-26-000921-index.htm,
"Ambitious Entertainment, Inc.",,2026-07-07,S-1/A,filed,https://www.sec.gov/Archives/edgar/data/1900851/000149315226032371/0001493152-26-032371-index.htm,
"Professional Diversity Network, Inc.",IPDN,2026-07-07,S-1/A,filed,https://www.sec.gov/Archives/edgar/data/1546296/000143774926022940/0001437749-26-022940-index.htm,
"Standard Nuclear, Inc.",STDN,2026-07-07,S-1/A,filed,https://www.sec.gov/Archives/edgar/data/2086716/000121390026075742/0001213900-26-075742-index.htm,
Intercont,NCT,2026-07-07,424B4,priced,https://www.sec.gov/Archives/edgar/data/2018529/000121390026075881/0001213900-26-075881-index.htm,
Bleichroeder Acquisition Corp. III,BCCQ,2026-07-07,424B4,priced,https://www.sec.gov/Archives/edgar/data/2128045/000121390026075753/0001213900-26-075753-index.htm,
"Phoenix Energy One, LLC",,2026-07-07,424B4,priced,https://www.sec.gov/Archives/edgar/data/1818643/000119312526297648/0001193125-26-297648-index.htm,
"Catheter Precision, Inc.",VTAK,2026-07-06,S-1/A,filed,https://www.sec.gov/Archives/edgar/data/1716621/000143774926022592/0001437749-26-022592-index.htm,
iSpecimen Inc.,ISPC,2026-07-06,S-1/A,filed,https://www.sec.gov/Archives/edgar/data/1558569/000121390026075593/0001213900-26-075593-index.htm,
Jones Ventures INTL Acquisition1 Corp,JONE,2026-07-06,S-1/A,filed,https://www.sec.gov/Archives/edgar/data/2129056/000121390026075567/0001213900-26-075567-index.htm,
Syntiant Corp.,,2026-07-06,S-1,filed,https://www.sec.gov/Archives/edgar/data/1718728/000119312526296426/0001193125-26-296426-index.htm,
"Gloo Holdings, Inc.",GLOO,2026-07-06,S-1/A,filed,https://www.sec.gov/Archives/edgar/data/2069785/000119312526295575/0001193125-26-295575-index.htm,
"Csquare, Inc.",CSQR,2026-07-06,S-1/A,filed,https://www.sec.gov/Archives/edgar/data/2105398/000110465926080556/0001104659-26-080556-index.htm,
"USBC, Inc.",USBC,2026-07-06,S-1/A,filed,https://www.sec.gov/Archives/edgar/data/1074828/000107482826000044/0001074828-26-000044-index.htm,
Idaho Copper Corp,,2026-07-06,424B4,priced,https://www.sec.gov/Archives/edgar/data/1263364/000149315226032040/0001493152-26-032040-index.htm,
Viking Acquisition Corp. II,,2026-07-06,424B4,priced,https://www.sec.gov/Archives/edgar/data/2139246/000121390026075135/0001213900-26-075135-index.htm,
Dear Industrial Gas Inc,,2026-07-02,S-1,filed,https://www.sec.gov/Archives/edgar/data/2134914/000213491426000001/0002134914-26-000001-index.htm,
"TRIC Global, Inc.",,2026-07-02,S-1/A,filed,https://www.sec.gov/Archives/edgar/data/2124122/000212412226000012/0002124122-26-000012-index.htm,
Gold Mountain Acquisition Corp.,,2026-07-02,S-1,filed,https://www.sec.gov/Archives/edgar/data/2105318/000149315226031978/0001493152-26-031978-index.htm,
"Cycurion, Inc.",,2026-07-02,S-1,filed,https://www.sec.gov/Archives/edgar/data/1868419/000149315226031976/0001493152-26-031976-index.htm,
Boost Run Inc.,,2026-07-02,S-1,filed,https://www.sec.gov/Archives/edgar/data/2090646/000149315226031923/0001493152-26-031923-index.htm,
Laris Growth Acquisition Corp.,,2026-07-02,S-1,filed,https://www.sec.gov/Archives/edgar/data/2140589/000121390026075107/0001213900-26-075107-index.htm,
Peraso Inc.,PRSO,2026-07-02,S-1,filed,https://www.sec.gov/Archives/edgar/data/890394/000121390026075105/0001213900-26-075105-index.htm,
Mercator Acquisition Corp.,MRCO,2026-07-02,S-1/A,filed,https://www.sec.gov/Archives/edgar/data/2106436/000121390026074947/0001213900-26-074947-index.htm,
B&R Technology Merger Corp.,,2026-07-02,S-1,filed,https://www.sec.gov/Archives/edgar/data/2131350/000119312526294964/0001193125-26-294964-index.htm,
"Scribe Therapeutics, Inc.",,2026-07-02,S-1,filed,https://www.sec.gov/Archives/edgar/data/1853921/000119312526294804/0001193125-26-294804-index.htm,
Jersey Mike's Subs Inc.,,2026-07-02,S-1,filed,https://www.sec.gov/Archives/edgar/data/2127043/000119312526293830/0001193125-26-293830-index.htm,
Bitwise NEAR ETF,,2026-07-02,S-1/A,filed,https://www.sec.gov/Archives/edgar/data/2067111/000119312526293745/0001193125-26-293745-index.htm,
"Cyber Enviro-Tech, Inc.",CETI,2026-07-02,S-1,filed,https://www.sec.gov/Archives/edgar/data/1935092/000107997326000891/0001079973-26-000891-index.htm,
"Neutron Holdings, Inc.",LIME,2026-07-02,424B4,priced,https://www.sec.gov/Archives/edgar/data/1699963/000162828026046635/0001628280-26-046635-index.htm,
Osprey Acquisition Corp. III,,2026-07-02,424B4,priced,https://www.sec.gov/Archives/edgar/data/2113481/000121390026074446/0001213900-26-074446-index.htm,
"Forgent Power Solutions, Inc.",FPS,2026-07-02,424B4,priced,https://www.sec.gov/Archives/edgar/data/2080126/000119312526294982/0001193125-26-294982-index.htm,
"ITG, Inc./DE/",ITG,2026-07-02,424B4,priced,https://www.sec.gov/Archives/edgar/data/2110117/000119312526292853/0001193125-26-292853-index.htm,
Meridian3 Industrials Acquisition Corp,MIAC,2026-07-02,424B4,priced,https://www.sec.gov/Archives/edgar/data/2136530/000110465926080405/0001104659-26-080405-index.htm,
Asia AI Group Inc,,2026-07-01,S-1,filed,https://www.sec.gov/Archives/edgar/data/2141084/000214108426000001/0002141084-26-000001-index.htm,
AETHLON MEDICAL INC,AEMD,2026-07-01,S-1/A,filed,https://www.sec.gov/Archives/edgar/data/882291/000168316826005219/0001683168-26-005219-index.htm,
AETHLON MEDICAL INC,AEMD,2026-07-01,S-1/A,filed,https://www.sec.gov/Archives/edgar/data/882291/000168316826005203/0001683168-26-005203-index.htm,
"Stewards, Inc.",SWRD,2026-07-01,S-1/A,filed,https://www.sec.gov/Archives/edgar/data/1795851/000166357726000199/0001663577-26-000199-index.htm,
OneMedNet Corp,,2026-07-01,S-1,filed,https://www.sec.gov/Archives/edgar/data/1849380/000149315226031598/0001493152-26-031598-index.htm,
"VARSAL TECH, INC.",VAT,2026-07-01,S-1/A,filed,https://www.sec.gov/Archives/edgar/data/2109801/000149315226031369/0001493152-26-031369-index.htm,
"QumulusAI, Inc.",QMLS,2026-07-01,S-1/A,filed,https://www.sec.gov/Archives/edgar/data/2084026/000143774926022277/0001437749-26-022277-index.htm,
ACTELIS NETWORKS INC,ASNS,2026-07-01,S-1,filed,https://www.sec.gov/Archives/edgar/data/1141284/000121390026074416/0001213900-26-074416-index.htm,
"VenHub Global, Inc.",VHUB,2026-07-01,S-1/A,filed,https://www.sec.gov/Archives/edgar/data/1972234/000121390026074328/0001213900-26-074328-index.htm,
Freedom Metals Acquisition Corp.,FDMM,2026-07-01,S-1/A,filed,https://www.sec.gov/Archives/edgar/data/2129659/000121390026074033/0001213900-26-074033-index.htm,
Three Lions Acquisition Corp.,,2026-07-01,S-1,filed,https://www.sec.gov/Archives/edgar/data/2128462/000119312526290930/0001193125-26-290930-index.htm,
"Encore Medical, Inc.",EMI,2026-07-01,S-1/A,filed,https://www.sec.gov/Archives/edgar/data/1838003/000110465926079489/0001104659-26-079489-index.htm,
GreenVector Holdings Ltd,GRVT,2026-07-01,424B4,priced,https://www.sec.gov/Archives/edgar/data/2078037/000149315226031463/0001493152-26-031463-index.htm,
Bending Spoons S.p.A.,BSP,2026-07-01,424B4,priced,https://www.sec.gov/Archives/edgar/data/2004711/000110465926079884/0001104659-26-079884-index.htm,
Bravalo Corp,,2026-06-30,S-1/A,filed,https://www.sec.gov/Archives/edgar/data/2112460/000211246026000011/0002112460-26-000011-index.htm,
Sensei Harbor Corp.,,2026-06-30,S-1/A,filed,https://www.sec.gov/Archives/edgar/data/2112634/000168316826005186/0001683168-26-005186-index.htm,
AMASS BRANDS,AMSS,2026-06-30,S-1,filed,https://www.sec.gov/Archives/edgar/data/1851491/000157587226000454/0001575872-26-000454-index.htm,
Idaho Copper Corp,COPR,2026-06-30,S-1/A,filed,https://www.sec.gov/Archives/edgar/data/1263364/000149315226031165/0001493152-26-031165-index.htm,
ARC Group Securities Acquisition I,,2026-06-30,S-1/A,filed,https://www.sec.gov/Archives/edgar/data/2094712/000149315226031152/0001493152-26-031152-index.htm,
Game Your Game Inc.,GYGY,2026-06-30,S-1/A,filed,https://www.sec.gov/Archives/edgar/data/2111846/000121390026073841/0001213900-26-073841-index.htm,
"Flash Sports & Media Holdings, Inc.",,2026-06-30,S-1,filed,https://www.sec.gov/Archives/edgar/data/1706524/000121390026073793/0001213900-26-073793-index.htm,
"Matternet, Inc.",,2026-06-30,S-1,filed,https://www.sec.gov/Archives/edgar/data/2075109/000121390026073335/0001213900-26-073335-index.htm,
Viking Acquisition Corp. II,VII,2026-06-30,S-1/A,filed,https://www.sec.gov/Archives/edgar/data/2139246/000121390026073322/0001213900-26-073322-index.htm,
SunPower Inc.,,2026-06-30,S-1,filed,https://www.sec.gov/Archives/edgar/data/1838987/000121390026073268/0001213900-26-073268-index.htm,
Factorial Energy Inc.,,2026-06-30,S-1,filed,https://www.sec.gov/Archives/edgar/data/2049662/000110465926079324/0001104659-26-079324-index.htm,
"Tenon Medical, Inc.",,2026-06-30,424B4,priced,https://www.sec.gov/Archives/edgar/data/1560293/000121390026073848/0001213900-26-073848-index.htm,
Ares Acquisition Corp III,AAC,2026-06-30,424B4,priced,https://www.sec.gov/Archives/edgar/data/2128115/000110465926079331/0001104659-26-079331-index.htm,
Youmi Inc.,,2026-06-29,S-1/A,filed,https://www.sec.gov/Archives/edgar/data/2137360/000152013826000256/0001520138-26-000256-index.htm,
"AMERICAN BATTERY MATERIALS, INC.",BLTH,2026-06-29,S-1/A,filed,https://www.sec.gov/Archives/edgar/data/1487718/000149315226031133/0001493152-26-031133-index.htm,
KIDZ AI Inc.,,2026-06-29,S-1,filed,https://www.sec.gov/Archives/edgar/data/2022308/000147793226004060/0001477932-26-004060-index.htm,
"QumulusAI, Inc.",QMLS,2026-06-29,S-1/A,filed,https://www.sec.gov/Archives/edgar/data/2084026/000143774926022020/0001437749-26-022020-index.htm,
Capstone Holding Corp.,CAPS,2026-06-29,S-1,filed,https://www.sec.gov/Archives/edgar/data/887151/000143774926021892/0001437749-26-021892-index.htm,
Capstone Holding Corp.,CAPS,2026-06-29,S-1,filed,https://www.sec.gov/Archives/edgar/data/887151/000143774926021891/0001437749-26-021891-index.htm,
AMR Resources Acquisition Corp.,,2026-06-29,S-1/A,filed,https://www.sec.gov/Archives/edgar/data/2110119/000121390026073226/0001213900-26-073226-index.htm,
"SeeQC, Inc.",SEQC,2026-06-29,S-1,filed,https://www.sec.gov/Archives/edgar/data/1779977/000121390026073222/0001213900-26-073222-index.htm,
BiomX Inc.,PHGE,2026-06-29,S-1,filed,https://www.sec.gov/Archives/edgar/data/1739174/000121390026073197/0001213900-26-073197-index.htm,
"Forgent Power Solutions, Inc.",FPS,2026-06-29,S-1,filed,https://www.sec.gov/Archives/edgar/data/2080126/000119312526288605/0001193125-26-288605-index.htm,
Ionic Digital Inc.,,2026-06-29,S-1,filed,https://www.sec.gov/Archives/edgar/data/2007691/000118518526002704/0001185185-26-002704-index.htm,
"CTT PHARMACEUTICAL HOLDINGS, INC.",CTTH,2026-06-29,S-1/A,filed,https://www.sec.gov/Archives/edgar/data/1035422/000117152026000162/0001171520-26-000162-index.htm,
"Exyn Technologies, Inc.",,2026-06-29,S-1,filed,https://www.sec.gov/Archives/edgar/data/1960355/000110465926078960/0001104659-26-078960-index.htm,
Meridian3 Industrials Acquisition Corp,MIAC,2026-06-29,S-1/A,filed,https://www.sec.gov/Archives/edgar/data/2136530/000110465926078781/0001104659-26-078781-index.htm,
"TEN Holdings, Inc.",XHLD,2026-06-29,424B4,priced,https://www.sec.gov/Archives/edgar/data/2030954/000149315226031078/0001493152-26-031078-index.htm,
Sinda Ltd.,SIND,2026-06-29,424B4,priced,https://www.sec.gov/Archives/edgar/data/2096861/000114036126026625/0001140361-26-026625-index.htm,
Akari Therapeutics Plc,AKTX,2026-06-26,S-1/A,filed,https://www.sec.gov/Archives/edgar/data/1541157/000149315226030330/0001493152-26-030330-index.htm,
"JUPITER NEUROSCIENCES, INC.",JUNS,2026-06-26,S-1,filed,https://www.sec.gov/Archives/edgar/data/1679628/000149315226030312/0001493152-26-030312-index.htm,
Idaho Copper Corp,COPR,2026-06-26,S-1/A,filed,https://www.sec.gov/Archives/edgar/data/1263364/000149315226030213/0001493152-26-030213-index.htm,
"CREATIVE MEDICAL TECHNOLOGY HOLDINGS, INC.",CELZ,2026-06-26,S-1/A,filed,https://www.sec.gov/Archives/edgar/data/1187953/000147793226004044/0001477932-26-004044-index.htm,
"Professional Diversity Network, Inc.",IPDN,2026-06-26,S-1,filed,https://www.sec.gov/Archives/edgar/data/1546296/000143774926021738/0001437749-26-021738-index.htm,
AMR Resources Acquisition Corp.,,2026-06-26,S-1,filed,https://www.sec.gov/Archives/edgar/data/2110119/000121390026072712/0001213900-26-072712-index.htm,
"Alopexx, Inc.",,2026-06-26,S-1/A,filed,https://www.sec.gov/Archives/edgar/data/1880995/000121390026072480/0001213900-26-072480-index.htm,
"Tenon Medical, Inc.",,2026-06-26,S-1/A,filed,https://www.sec.gov/Archives/edgar/data/1560293/000121390026072460/0001213900-26-072460-index.htm,
"ITG, Inc./DE/",ITG,2026-06-26,S-1/A,filed,https://www.sec.gov/Archives/edgar/data/2110117/000119312526285598/0001193125-26-285598-index.htm,
Columbus Circle Capital Corp III,CCCT,2026-06-26,S-1/A,filed,https://www.sec.gov/Archives/edgar/data/2123471/000118518526002689/0001185185-26-002689-index.htm,
Z Squared Inc.,ZSQR,2026-06-26,S-1,filed,https://www.sec.gov/Archives/edgar/data/1759186/000118518526002685/0001185185-26-002685-index.htm,
Futurewave Acquisition Corp,FWAC,2026-06-26,424B4,priced,https://www.sec.gov/Archives/edgar/data/2116105/000182912626006890/0001829126-26-006890-index.htm,
DSC Holdings Ltd.,,2026-06-26,424B4,priced,https://www.sec.gov/Archives/edgar/data/1966041/000121390026072276/0001213900-26-072276-index.htm,
DPC Holdings Ltd,DPC,2026-06-26,424B4,priced,https://www.sec.gov/Archives/edgar/data/2107018/000110465926077968/0001104659-26-077968-index.htm,
MobbQuest Inc.,,2026-06-25,S-1/A,filed,https://www.sec.gov/Archives/edgar/data/2109817/000210981726000006/0002109817-26-000006-index.htm,
Canary Staked INJ ETF,,2026-06-25,S-1/A,filed,https://www.sec.gov/Archives/edgar/data/2073616/000199937126013516/0001999371-26-013516-index.htm,
"Vivakor, Inc.",VIVK,2026-06-25,S-1/A,filed,https://www.sec.gov/Archives/edgar/data/1450704/000182912626006843/0001829126-26-006843-index.htm,
LINCOLN BANCORP /IA/,,2026-06-25,S-1,filed,https://www.sec.gov/Archives/edgar/data/906205/000162828026045588/0001628280-26-045588-index.htm,
"Hartford Creative Group, Inc.",HFUS,2026-06-25,S-1,filed,https://www.sec.gov/Archives/edgar/data/1482554/000149315226030172/0001493152-26-030172-index.htm,
"Advasa Holdings, Inc.",ADBT,2026-06-25,S-1/A,filed,https://www.sec.gov/Archives/edgar/data/2084227/000149315226030005/0001493152-26-030005-index.htm,
Gameverse Interactive Corp,,2026-06-25,S-1/A,filed,https://www.sec.gov/Archives/edgar/data/2017541/000149315226029982/0001493152-26-029982-index.htm,
"CREATIVE MEDICAL TECHNOLOGY HOLDINGS, INC.",CELZ,2026-06-25,S-1,filed,https://www.sec.gov/Archives/edgar/data/1187953/000147793226004010/0001477932-26-004010-index.htm,
Arterior Solutions Corp,,2026-06-25,S-1/A,filed,https://www.sec.gov/Archives/edgar/data/2133770/000147793226003992/0001477932-26-003992-index.htm,
Texas Precious Metals Trust,,2026-06-25,S-1/A,filed,https://www.sec.gov/Archives/edgar/data/2087989/000143774926021713/0001437749-26-021713-index.htm,
Texas Precious Metals Trust,,2026-06-25,S-1/A,filed,https://www.sec.gov/Archives/edgar/data/2087989/000143774926021706/0001437749-26-021706-index.htm,
"Track Group, Inc.",TRCK,2026-06-25,S-1,filed,https://www.sec.gov/Archives/edgar/data/1045942/000143774926021596/0001437749-26-021596-index.htm,
T3 Defense Inc.,,2026-06-25,S-1/A,filed,https://www.sec.gov/Archives/edgar/data/1787518/000121390026072134/0001213900-26-072134-index.htm,
Cryptex Digital Market Cap ETF,BAGZ,2026-06-25,S-1/A,filed,https://www.sec.gov/Archives/edgar/data/2115027/000121390026071931/0001213900-26-071931-index.htm,
Hyperliquid Strategies Inc,PURR,2026-06-25,S-1/A,filed,https://www.sec.gov/Archives/edgar/data/2078856/000119312526283059/0001193125-26-283059-index.htm,
"Phoenix Energy One, LLC",,2026-06-25,S-1/A,filed,https://www.sec.gov/Archives/edgar/data/1818643/000119312526282889/0001193125-26-282889-index.htm,
Reformation Inc.,,2026-06-25,S-1,filed,https://www.sec.gov/Archives/edgar/data/1787117/000110465926077832/0001104659-26-077832-index.htm,
"Csquare, Inc.",CSQR,2026-06-25,S-1/A,filed,https://www.sec.gov/Archives/edgar/data/2105398/000110465926077451/0001104659-26-077451-index.htm,
Boumarang Inc.,,2026-06-25,S-1/A,filed,https://www.sec.gov/Archives/edgar/data/2034161/000109690626000990/0001096906-26-000990-index.htm,
Alpex Acquisition Corp,,2026-06-25,424B4,priced,https://www.sec.gov/Archives/edgar/data/2125551/000121390026072089/0001213900-26-072089-index.htm,
Cardinal Infrastructure Group Inc.,CDNL,2026-06-25,424B4,priced,https://www.sec.gov/Archives/edgar/data/2079999/000121390026072043/0001213900-26-072043-index.htm,
"Ambiq Micro, Inc.",AMBQ,2026-06-25,424B4,priced,https://www.sec.gov/Archives/edgar/data/1500412/000119312526281376/0001193125-26-281376-index.htm,
Cartesian Growth Corp IV,CGCF,2026-06-25,424B4,priced,https://www.sec.gov/Archives/edgar/data/2126043/000118518526002653/0001185185-26-002653-index.htm,
Canary Staked TRX ETF,,2026-06-24,S-1/A,filed,https://www.sec.gov/Archives/edgar/data/2064768/000199937126013365/0001999371-26-013365-index.htm,
Viking Acquisition Corp. II,VII,2026-06-24,S-1/A,filed,https://www.sec.gov/Archives/edgar/data/2139246/000121390026071585/0001213900-26-071585-index.htm,
iSpecimen Inc.,ISPC,2026-06-24,S-1,filed,https://www.sec.gov/Archives/edgar/data/1558569/000121390026071550/0001213900-26-071550-index.htm,
Hoya Acquisition Corp. I,,2026-06-24,S-1,filed,https://www.sec.gov/Archives/edgar/data/2140700/000121390026071220/0001213900-26-071220-index.htm,
Sinda Ltd.,SIND,2026-06-24,S-1/A,filed,https://www.sec.gov/Archives/edgar/data/2096861/000114036126026259/0001140361-26-026259-index.htm,
"Liminatus Pharma, Inc.",,2026-06-24,S-1,filed,https://www.sec.gov/Archives/edgar/data/1971387/000110465926076958/0001104659-26-076958-index.htm,
Luvulis Corp,,2026-06-23,S-1/A,filed,https://www.sec.gov/Archives/edgar/data/2123169/000212316926000006/0002123169-26-000006-index.htm,
Spin AI Inc.,,2026-06-23,S-1,filed,https://www.sec.gov/Archives/edgar/data/2139511/000168316826005056/0001683168-26-005056-index.htm,
CopperTech Metals Inc.,CUX,2026-06-23,S-1/A,filed,https://www.sec.gov/Archives/edgar/data/2093018/000157587226000437/0001575872-26-000437-index.htm,
"TEN Holdings, Inc.",XHLD,2026-06-23,S-1/A,filed,https://www.sec.gov/Archives/edgar/data/2030954/000149315226029720/0001493152-26-029720-index.htm,
Sinda Ltd.,SIND,2026-06-23,S-1/A,filed,https://www.sec.gov/Archives/edgar/data/2096861/000114036126026079/0001140361-26-026079-index.htm,
AIAI Holdings Corp,AIAI,2026-06-23,424B4,priced,https://www.sec.gov/Archives/edgar/data/2096362/000149315226029830/0001493152-26-029830-index.htm,
"Gores Holdings XI, Inc.",GHXI,2026-06-23,424B4,priced,https://www.sec.gov/Archives/edgar/data/2086438/000119312526279710/0001193125-26-279710-index.htm,
AETHLON MEDICAL INC,AEMD,2026-06-22,S-1,filed,https://www.sec.gov/Archives/edgar/data/882291/000168316826005003/0001683168-26-005003-index.htm,
"Neutron Holdings, Inc.",LIME,2026-06-22,S-1/A,filed,https://www.sec.gov/Archives/edgar/data/1699963/000162828026044471/0001628280-26-044471-index.htm,
"Ambitious Entertainment, Inc.",,2026-06-22,S-1/A,filed,https://www.sec.gov/Archives/edgar/data/1900851/000149315226029643/0001493152-26-029643-index.htm,
"MOBIX LABS, INC",,2026-06-22,S-1,filed,https://www.sec.gov/Archives/edgar/data/1855467/000149315226029436/0001493152-26-029436-index.htm,
"Catheter Precision, Inc.",VTAK,2026-06-22,S-1,filed,https://www.sec.gov/Archives/edgar/data/1716621/000143774926021318/0001437749-26-021318-index.htm,
"VenHub Global, Inc.",VHUB,2026-06-22,S-1,filed,https://www.sec.gov/Archives/edgar/data/1972234/000121390026070716/0001213900-26-070716-index.htm,
"Nauticus Robotics, Inc.",,2026-06-22,S-1/A,filed,https://www.sec.gov/Archives/edgar/data/1849820/000121390026070704/0001213900-26-070704-index.htm,
"Tenon Medical, Inc.",,2026-06-22,S-1,filed,https://www.sec.gov/Archives/edgar/data/1560293/000121390026070685/0001213900-26-070685-index.htm,
Cardinal Infrastructure Group Inc.,CDNL,2026-06-22,S-1,filed,https://www.sec.gov/Archives/edgar/data/2079999/000121390026070633/0001213900-26-070633-index.htm,
"Creatd, Inc.",CRTD,2026-06-22,S-1,filed,https://www.sec.gov/Archives/edgar/data/1357671/000121390026070464/0001213900-26-070464-index.htm,
"Gloo Holdings, Inc.",GLOO,2026-06-22,S-1,filed,https://www.sec.gov/Archives/edgar/data/2069785/000119312526277637/0001193125-26-277637-index.htm,
"Ambiq Micro, Inc.",AMBQ,2026-06-22,S-1,filed,https://www.sec.gov/Archives/edgar/data/1500412/000119312526276706/0001193125-26-276706-index.htm,
"ITG, Inc./DE/",ITG,2026-06-22,S-1/A,filed,https://www.sec.gov/Archives/edgar/data/2110117/000119312526276672/0001193125-26-276672-index.htm,
Sinda Ltd.,SIND,2026-06-22,S-1/A,filed,https://www.sec.gov/Archives/edgar/data/2096861/000114036126025837/0001140361-26-025837-index.htm,
DPC Holdings Ltd,DPC,2026-06-22,S-1/A,filed,https://www.sec.gov/Archives/edgar/data/2107018/000110465926076488/0001104659-26-076488-index.htm,
DPC Holdings Ltd,DPC,2026-06-22,S-1/A,filed,https://www.sec.gov/Archives/edgar/data/2107018/000110465926075932/0001104659-26-075932-index.htm,
Boumarang Inc.,,2026-06-22,S-1/A,filed,https://www.sec.gov/Archives/edgar/data/2034161/000109690626000972/0001096906-26-000972-index.htm,
Wilco 63 Corp,WLCO,2026-06-22,424B4,priced,https://www.sec.gov/Archives/edgar/data/2101470/000121390026070283/0001213900-26-070283-index.htm,
OceanLight Acquisition Corp,,2026-06-18,S-1/A,filed,https://www.sec.gov/Archives/edgar/data/2137679/000182912626006632/0001829126-26-006632-index.htm,
"OZOP ENERGY SOLUTIONS, INC.",OZSC,2026-06-18,S-1,filed,https://www.sec.gov/Archives/edgar/data/1679817/000149315226029376/0001493152-26-029376-index.htm,
HCW Biologics Inc.,HCWB,2026-06-18,S-1/A,filed,https://www.sec.gov/Archives/edgar/data/1828673/000149315226029235/0001493152-26-029235-index.htm,
AIM ImmunoTech Inc.,AIM,2026-06-18,S-1,filed,https://www.sec.gov/Archives/edgar/data/946644/000149315226029193/0001493152-26-029193-index.htm,
Bleichroeder Acquisition Corp. III,,2026-06-18,S-1,filed,https://www.sec.gov/Archives/edgar/data/2128045/000121390026070217/0001213900-26-070217-index.htm,
"Standard Nuclear, Inc.",,2026-06-18,S-1,filed,https://www.sec.gov/Archives/edgar/data/2086716/000121390026070215/0001213900-26-070215-index.htm,
Morgan Stanley Solana Trust,,2026-06-18,S-1/A,filed,https://www.sec.gov/Archives/edgar/data/2103547/000110465926075843/0001104659-26-075843-index.htm,
Morgan Stanley Ethereum Trust,,2026-06-18,S-1/A,filed,https://www.sec.gov/Archives/edgar/data/2103976/000110465926075838/0001104659-26-075838-index.htm,
CIMG Inc.,CIMG,2026-06-18,424B4,priced,https://www.sec.gov/Archives/edgar/data/1527613/000149315226029327/0001493152-26-029327-index.htm,
"bioAffinity Technologies, Inc.",,2026-06-18,424B4,priced,https://www.sec.gov/Archives/edgar/data/1712762/000149315226029206/0001493152-26-029206-index.htm,
Texas Ventures Acquisition IV Corp,TVIV,2026-06-18,424B4,priced,https://www.sec.gov/Archives/edgar/data/2096755/000121390026070224/0001213900-26-070224-index.htm,
"Kardigan, Inc.",KARD,2026-06-18,424B4,priced,https://www.sec.gov/Archives/edgar/data/2123613/000119312526276096/0001193125-26-276096-index.htm,
"First Carolina Financial Services, Inc.",FCBM,2026-06-18,424B4,priced,https://www.sec.gov/Archives/edgar/data/1531193/000114036126025790/0001140361-26-025790-index.htm,
"DEEP FISSION, INC.",FISN,2026-06-18,424B4,priced,https://www.sec.gov/Archives/edgar/data/1918102/000110465926075763/0001104659-26-075763-index.htm,
Albatross Acquisition Corp,,2026-06-17,S-1,filed,https://www.sec.gov/Archives/edgar/data/2135163/000182912626006553/0001829126-26-006553-index.htm,
Idaho Copper Corp,COPR,2026-06-17,S-1/A,filed,https://www.sec.gov/Archives/edgar/data/1263364/000149315226029066/0001493152-26-029066-index.htm,
"ConnectM Technology Solutions, Inc.",CNTM,2026-06-17,S-1/A,filed,https://www.sec.gov/Archives/edgar/data/1895249/000110465926074787/0001104659-26-074787-index.htm,
"Tianci International, Inc.",CIIT,2026-06-17,424B4,priced,https://www.sec.gov/Archives/edgar/data/1557798/000168316826004899/0001683168-26-004899-index.htm,
Pattern Group Inc.,PTRN,2026-06-17,424B4,priced,https://www.sec.gov/Archives/edgar/data/1811935/000162828026043986/0001628280-26-043986-index.htm,
"Cantor Equity Partners VII, Inc.",CAES,2026-06-17,424B4,priced,https://www.sec.gov/Archives/edgar/data/2087965/000121390026069612/0001213900-26-069612-index.htm,
Perceptive Capital Solutions Corp,PCSC,2026-06-17,424B4,priced,https://www.sec.gov/Archives/edgar/data/2017526/000114036126025588/0001140361-26-025588-index.htm,
T. Rowe Price Active Crypto ETF,,2026-06-16,S-1/A,filed,https://www.sec.gov/Archives/edgar/data/2089855/000199937126012919/0001999371-26-012919-index.htm,
Pelican Acquisition II Corp,,2026-06-16,S-1/A,filed,https://www.sec.gov/Archives/edgar/data/2122392/000182912626006527/0001829126-26-006527-index.htm,
OceanLight Acquisition Corp,,2026-06-16,S-1,filed,https://www.sec.gov/Archives/edgar/data/2137679/000182912626006500/0001829126-26-006500-index.htm,
"bioAffinity Technologies, Inc.",,2026-06-16,S-1/A,filed,https://www.sec.gov/Archives/edgar/data/1712762/000149315226028877/0001493152-26-028877-index.htm,
Market Technology Acquisition Corp,,2026-06-16,S-1,filed,https://www.sec.gov/Archives/edgar/data/2133136/000121390026069333/0001213900-26-069333-index.htm,
"Flash Sports & Media Holdings, Inc.",UGRO,2026-06-16,S-1/A,filed,https://www.sec.gov/Archives/edgar/data/1706524/000121390026069301/0001213900-26-069301-index.htm,
Hyperliquid Strategies Inc,PURR,2026-06-16,S-1/A,filed,https://www.sec.gov/Archives/edgar/data/2078856/000119312526272886/0001193125-26-272886-index.htm,
"CTT PHARMACEUTICAL HOLDINGS, INC.",CTTH,2026-06-16,S-1/A,filed,https://www.sec.gov/Archives/edgar/data/1035422/000117152026000144/0001171520-26-000144-index.htm,
"Csquare, Inc.",,2026-06-16,S-1,filed,https://www.sec.gov/Archives/edgar/data/2105398/000110465926074624/0001104659-26-074624-index.htm,
Boumarang Inc.,,2026-06-16,S-1/A,filed,https://www.sec.gov/Archives/edgar/data/2034161/000109690626000960/0001096906-26-000960-index.htm,
Yorkville International Capital Corp.,YICC,2026-06-16,424B4,priced,https://www.sec.gov/Archives/edgar/data/2130386/000110465926074584/0001104659-26-074584-index.htm,
"DarkPulse, Inc.",DPLS,2026-06-15,S-1,filed,https://www.sec.gov/Archives/edgar/data/866439/000168316826004839/0001683168-26-004839-index.htm,
Pattern Group Inc.,PTRN,2026-06-15,S-1,filed,https://www.sec.gov/Archives/edgar/data/1811935/000162828026043014/0001628280-26-043014-index.htm,
"AMERICAN BATTERY MATERIALS, INC.",BLTH,2026-06-15,S-1/A,filed,https://www.sec.gov/Archives/edgar/data/1487718/000149315226028620/0001493152-26-028620-index.htm,
Osprey Acquisition Corp. III,,2026-06-15,S-1,filed,https://www.sec.gov/Archives/edgar/data/2113481/000121390026068811/0001213900-26-068811-index.htm,
Bridge III Acquisition Ltd,BDDD,2026-06-15,S-1/A,filed,https://www.sec.gov/Archives/edgar/data/2133836/000121390026068607/0001213900-26-068607-index.htm,
Leader's Advantage Acquisition Corp.,,2026-06-15,S-1,filed,https://www.sec.gov/Archives/edgar/data/2109823/000121390026068419/0001213900-26-068419-index.htm,
"Hadron Energy, Inc.",,2026-06-15,S-1,filed,https://www.sec.gov/Archives/edgar/data/2023730/000119312526271293/0001193125-26-271293-index.htm,
Decoy Therapeutics Inc.,DCOY,2026-06-15,S-1,filed,https://www.sec.gov/Archives/edgar/data/1615219/000119312526269891/0001193125-26-269891-index.htm,
DPC Holdings Ltd,DPC,2026-06-15,S-1/A,filed,https://www.sec.gov/Archives/edgar/data/2107018/000110465926073752/0001104659-26-073752-index.htm,
Southern Cross Acquisition I Corp.,,2026-06-12,S-1,filed,https://www.sec.gov/Archives/edgar/data/2116230/000192998026000257/0001929980-26-000257-index.htm,
"SPLASH BEVERAGE GROUP, INC.",,2026-06-12,S-1,filed,https://www.sec.gov/Archives/edgar/data/1553788/000173112226000846/0001731122-26-000846-index.htm,
"Tianci International, Inc.",CIIT,2026-06-12,S-1/A,filed,https://www.sec.gov/Archives/edgar/data/1557798/000168316826004818/0001683168-26-004818-index.htm,
"Stewards, Inc.",SWRD,2026-06-12,S-1/A,filed,https://www.sec.gov/Archives/edgar/data/1795851/000166357726000189/0001663577-26-000189-index.htm,
"bioAffinity Technologies, Inc.",,2026-06-12,S-1,filed,https://www.sec.gov/Archives/edgar/data/1712762/000149315226028507/0001493152-26-028507-index.htm,
Lantern Pharma Inc.,LTRN,2026-06-12,S-1,filed,https://www.sec.gov/Archives/edgar/data/1763950/000149315226028460/0001493152-26-028460-index.htm,
"First Breach, Inc.",FBDT,2026-06-12,S-1/A,filed,https://www.sec.gov/Archives/edgar/data/1892704/000149315226028434/0001493152-26-028434-index.htm,
CIMG Inc.,CIMG,2026-06-12,S-1/A,filed,https://www.sec.gov/Archives/edgar/data/1527613/000149315226028336/0001493152-26-028336-index.htm,
Samos Energy Acquisition Corp,,2026-06-12,S-1,filed,https://www.sec.gov/Archives/edgar/data/2125567/000121390026068402/0001213900-26-068402-index.htm,
Solidion Technology Inc.,STI,2026-06-12,S-1,filed,https://www.sec.gov/Archives/edgar/data/1881551/000121390026068372/0001213900-26-068372-index.htm,
Game Your Game Inc.,,2026-06-12,S-1,filed,https://www.sec.gov/Archives/edgar/data/2111846/000121390026068371/0001213900-26-068371-index.htm,
"Thunder Bridge Capital Partners V, Ltd.",,2026-06-12,S-1,filed,https://www.sec.gov/Archives/edgar/data/2140030/000121390026068341/0001213900-26-068341-index.htm,
Grayscale Near Trust,NEAR,2026-06-12,S-1/A,filed,https://www.sec.gov/Archives/edgar/data/2025000/000119312526269337/0001193125-26-269337-index.htm,
"Narragansett Bancorp, Inc.",,2026-06-12,S-1,filed,https://www.sec.gov/Archives/edgar/data/2138186/000119312526269038/0001193125-26-269038-index.htm,
"First Carolina Financial Services, Inc.",FCBM,2026-06-12,S-1/A,filed,https://www.sec.gov/Archives/edgar/data/1531193/000114036126024973/0001140361-26-024973-index.htm,
Ares Acquisition Corp III,,2026-06-12,S-1,filed,https://www.sec.gov/Archives/edgar/data/2128115/000110465926073478/0001104659-26-073478-index.htm,
SPACE EXPLORATION TECHNOLOGIES CORP,SPCX,2026-06-12,424B4,priced,https://www.sec.gov/Archives/edgar/data/1181412/000162828026042639/0001628280-26-042639-index.htm,
Bravalo Corp,,2026-06-11,S-1/A,filed,https://www.sec.gov/Archives/edgar/data/2112460/000211246026000009/0002112460-26-000009-index.htm,
Pelican Acquisition II Corp,,2026-06-11,S-1,filed,https://www.sec.gov/Archives/edgar/data/2122392/000182912626006339/0001829126-26-006339-index.htm,
Cardiff Lexington Corp,CDIX,2026-06-11,S-1,filed,https://www.sec.gov/Archives/edgar/data/811222/000168316826004763/0001683168-26-004763-index.htm,
"ENTRATA, INC.",ENT,2026-06-11,S-1/A,filed,https://www.sec.gov/Archives/edgar/data/2028464/000162828026042574/0001628280-26-042574-index.htm,
"FingerMotion, Inc.",FNGR,2026-06-11,S-1,filed,https://www.sec.gov/Archives/edgar/data/1602409/000152013826000232/0001520138-26-000232-index.htm,
Viking Acquisition Corp. II,,2026-06-11,S-1,filed,https://www.sec.gov/Archives/edgar/data/2139246/000121390026067909/0001213900-26-067909-index.htm,
"urban-gro, Inc.",UGRO,2026-06-11,S-1/A,filed,https://www.sec.gov/Archives/edgar/data/1706524/000121390026067900/0001213900-26-067900-index.htm,
"Kardigan, Inc.",KARD,2026-06-11,S-1/A,filed,https://www.sec.gov/Archives/edgar/data/2123613/000119312526266629/0001193125-26-266629-index.htm,
"Forbright, Inc.",FRBT,2026-06-11,424B4,priced,https://www.sec.gov/Archives/edgar/data/1925062/000162828026042580/0001628280-26-042580-index.htm,
RMG ML Sports Holdings,,2026-06-11,424B4,priced,https://www.sec.gov/Archives/edgar/data/2104879/000121390026067558/0001213900-26-067558-index.htm,
OFA Group,OFAL,2026-06-10,S-1,filed,https://www.sec.gov/Archives/edgar/data/2036307/000149315226028000/0001493152-26-028000-index.htm,
"QumulusAI, Inc.",QMLS,2026-06-10,S-1/A,filed,https://www.sec.gov/Archives/edgar/data/2084026/000143774926020200/0001437749-26-020200-index.htm,
iShares Bitcoin Premium Income ETF,,2026-06-10,S-1/A,filed,https://www.sec.gov/Archives/edgar/data/2089969/000143774926020066/0001437749-26-020066-index.htm,
American Ventures Acquisition Corp. I,,2026-06-10,S-1,filed,https://www.sec.gov/Archives/edgar/data/2111009/000121390026066994/0001213900-26-066994-index.htm,
"Swarmer, Inc",SWMR,2026-06-10,S-1,filed,https://www.sec.gov/Archives/edgar/data/2092574/000110465926072392/0001104659-26-072392-index.htm,
"DEEP FISSION, INC.",FISN,2026-06-10,S-1/A,filed,https://www.sec.gov/Archives/edgar/data/1918102/000110465926072286/0001104659-26-072286-index.htm,
Ocean Capital Acquisition Corp,,2026-06-10,424B4,priced,https://www.sec.gov/Archives/edgar/data/1926314/000149315226028056/0001493152-26-028056-index.htm,
JAB Acquisition Corp I,JAB,2026-06-10,424B4,priced,https://www.sec.gov/Archives/edgar/data/2128739/000121390026067360/0001213900-26-067360-index.htm,
"Parabilis Medicines, Inc.",PBLS,2026-06-10,424B4,priced,https://www.sec.gov/Archives/edgar/data/1657677/000119312526265983/0001193125-26-265983-index.htm,
"ERock, Inc.",EROC,2026-06-10,424B4,priced,https://www.sec.gov/Archives/edgar/data/2110029/000119312526265898/0001193125-26-265898-index.htm,
"Pharmaceutical Resource Technology, Inc.",,2026-06-09,S-1/A,filed,https://www.sec.gov/Archives/edgar/data/1865759/000147793226003701/0001477932-26-003701-index.htm,
Texas Ventures Acquisition IV Corp,TVIV,2026-06-09,S-1/A,filed,https://www.sec.gov/Archives/edgar/data/2096755/000121390026066790/0001213900-26-066790-index.htm,
"Cantor Equity Partners VII, Inc.",CAES,2026-06-09,S-1/A,filed,https://www.sec.gov/Archives/edgar/data/2087965/000121390026066499/0001213900-26-066499-index.htm,
"Starton Holdings, Inc.",STA,2026-06-09,S-1/A,filed,https://www.sec.gov/Archives/edgar/data/2049977/000121390026066466/0001213900-26-066466-index.htm,
"Onconetix, Inc.",ONCO,2026-06-09,S-1,filed,https://www.sec.gov/Archives/edgar/data/1782107/000121390026066400/0001213900-26-066400-index.htm,
"WOLFSPEED, INC.",WOLF,2026-06-09,S-1,filed,https://www.sec.gov/Archives/edgar/data/895419/000119312526263909/0001193125-26-263909-index.htm,
"Parabilis Medicines, Inc.",PBLS,2026-06-09,S-1/A,filed,https://www.sec.gov/Archives/edgar/data/1657677/000119312526262880/0001193125-26-262880-index.htm,
Z Squared Inc.,ZSQR,2026-06-09,S-1,filed,https://www.sec.gov/Archives/edgar/data/1759186/000118518526002439/0001185185-26-002439-index.htm,
"Veri MedTech Holdings, Inc.",VRHI,2026-06-09,S-1/A,filed,https://www.sec.gov/Archives/edgar/data/2078149/000109690626000927/0001096906-26-000927-index.htm,
"Starfighters Space, Inc.",FJET,2026-06-09,S-1,filed,https://www.sec.gov/Archives/edgar/data/1947016/000106299326003129/0001062993-26-003129-index.htm,
Real Messenger Corp,,2026-06-09,424B4,priced,https://www.sec.gov/Archives/edgar/data/1983324/000149315226027814/0001493152-26-027814-index.htm,
Snow Rothschild Acquisition Corp.,ISNR,2026-06-09,424B4,priced,https://www.sec.gov/Archives/edgar/data/2123475/000121390026066805/0001213900-26-066805-index.htm,
WhiteHawk Income Corp,WHK,2026-06-09,424B4,priced,https://www.sec.gov/Archives/edgar/data/1921603/000119312526264014/0001193125-26-264014-index.htm,
"Eloxx Pharmaceuticals, Inc.",ELOX,2026-06-09,424B4,priced,https://www.sec.gov/Archives/edgar/data/1035354/000119312526263914/0001193125-26-263914-index.htm,
Palermo Technologies Inc.,,2026-06-08,S-1/A,filed,https://www.sec.gov/Archives/edgar/data/2101355/000209757026000020/0002097570-26-000020-index.htm,
"Forbright, Inc.",FRBT,2026-06-08,S-1/A,filed,https://www.sec.gov/Archives/edgar/data/1925062/000162828026041472/0001628280-26-041472-index.htm,
AIM ImmunoTech Inc.,AIM,2026-06-08,S-1,filed,https://www.sec.gov/Archives/edgar/data/946644/000149315226027714/0001493152-26-027714-index.htm,
Agape ATP Corp,ATPC,2026-06-08,S-1,filed,https://www.sec.gov/Archives/edgar/data/1713210/000149315226027669/0001493152-26-027669-index.htm,
HCW Biologics Inc.,HCWB,2026-06-08,S-1,filed,https://www.sec.gov/Archives/edgar/data/1828673/000149315226027656/0001493152-26-027656-index.htm,
AParadise II Acquisition Corp.,APBD,2026-06-08,S-1,filed,https://www.sec.gov/Archives/edgar/data/2114463/000121390026066301/0001213900-26-066301-index.htm,
Spring Valley Acquisition Corp. V,,2026-06-08,S-1,filed,https://www.sec.gov/Archives/edgar/data/2138170/000121390026065988/0001213900-26-065988-index.htm,
Research Alliance Corp IV,RACD,2026-06-08,S-1,filed,https://www.sec.gov/Archives/edgar/data/2137777/000119312526262052/0001193125-26-262052-index.htm,
Cartesian Growth Corp IV,,2026-06-08,S-1,filed,https://www.sec.gov/Archives/edgar/data/2126043/000118518526002415/0001185185-26-002415-index.htm,
"First Carolina Financial Services, Inc.",FCBM,2026-06-08,S-1/A,filed,https://www.sec.gov/Archives/edgar/data/1531193/000114036126024359/0001140361-26-024359-index.htm,
"BlockchAIn Digital Infrastructure, Inc.",AIB,2026-06-08,424B4,priced,https://www.sec.gov/Archives/edgar/data/2070542/000121390026065972/0001213900-26-065972-index.htm,
"Nuwellis, Inc.",NUWE,2026-06-08,424B4,priced,https://www.sec.gov/Archives/edgar/data/1506492/000114036126024372/0001140361-26-024372-index.htm,
Grayscale Canton ETF,,2026-06-05,S-1,filed,https://www.sec.gov/Archives/edgar/data/2138284/000213828426000003/0002138284-26-000003-index.htm,
"Zapata Quantum, Inc.",,2026-06-05,S-1,filed,https://www.sec.gov/Archives/edgar/data/1843714/000168316826004579/0001683168-26-004579-index.htm,
East West Ave Acquisition Corp.,EWAV,2026-06-05,S-1/A,filed,https://www.sec.gov/Archives/edgar/data/2100704/000149315226027546/0001493152-26-027546-index.htm,
SharonAI Holdings Inc.,,2026-06-05,S-1,filed,https://www.sec.gov/Archives/edgar/data/2068385/000149315226027509/0001493152-26-027509-index.htm,
AEI CapForce II Investment Corp,,2026-06-05,S-1/A,filed,https://www.sec.gov/Archives/edgar/data/1875655/000149315226027440/0001493152-26-027440-index.htm,
"Banzai International, Inc.",,2026-06-05,S-1,filed,https://www.sec.gov/Archives/edgar/data/1826011/000149315226027350/0001493152-26-027350-index.htm,
Alpex Acquisition Corp,,2026-06-05,S-1/A,filed,https://www.sec.gov/Archives/edgar/data/2125551/000121390026065805/0001213900-26-065805-index.htm,
JAB Acquisition Corp I,JAB,2026-06-05,S-1/A,filed,https://www.sec.gov/Archives/edgar/data/2128739/000121390026065763/0001213900-26-065763-index.htm,
JAB Acquisition Corp I,JAB,2026-06-05,S-1/A,filed,https://www.sec.gov/Archives/edgar/data/2128739/000121390026065480/0001213900-26-065480-index.htm,
RMG ML Sports Holdings,,2026-06-05,S-1/A,filed,https://www.sec.gov/Archives/edgar/data/2104879/000121390026065429/0001213900-26-065429-index.htm,
"ITG, Inc./DE/",ITG,2026-06-05,S-1,filed,https://www.sec.gov/Archives/edgar/data/2110117/000119312526259828/0001193125-26-259828-index.htm,
"ERock, Inc.",EROC,2026-06-05,S-1/A,filed,https://www.sec.gov/Archives/edgar/data/2110029/000119312526258942/0001193125-26-258942-index.htm,
WhiteHawk Income Corp,WHK,2026-06-05,S-1/A,filed,https://www.sec.gov/Archives/edgar/data/1921603/000119312526258901/0001193125-26-258901-index.htm,
Sinda Ltd.,SIND,2026-06-05,S-1,filed,https://www.sec.gov/Archives/edgar/data/2096861/000114036126024304/0001140361-26-024304-index.htm,
Yorkville International Capital Corp.,YICC,2026-06-05,S-1/A,filed,https://www.sec.gov/Archives/edgar/data/2130386/000110465926070647/0001104659-26-070647-index.htm,
Quantinuum Inc.,QNT,2026-06-05,424B4,priced,https://www.sec.gov/Archives/edgar/data/2110105/000162828026041003/0001628280-26-041003-index.htm,
LIQTECH INTERNATIONAL INC,LIQT,2026-06-05,424B4,priced,https://www.sec.gov/Archives/edgar/data/1307579/000143774926019738/0001437749-26-019738-index.htm,
FutureCorp Space Acquisition 1,FTRA,2026-06-05,424B4,priced,https://www.sec.gov/Archives/edgar/data/2131853/000121390026065927/0001213900-26-065927-index.htm,
AEVEX Corp.,AVEX,2026-06-05,424B4,priced,https://www.sec.gov/Archives/edgar/data/2096300/000119312526258295/0001193125-26-258295-index.htm,
Sunshine Silver Mining & Refining Co,SSMR,2026-06-05,424B4,priced,https://www.sec.gov/Archives/edgar/data/2091017/000114036126024037/0001140361-26-024037-index.htm,
Futurewave Acquisition Corp,FWAC,2026-06-04,S-1/A,filed,https://www.sec.gov/Archives/edgar/data/2116105/000182912626006058/0001829126-26-006058-index.htm,
Watu Metals Acquisition Corp,,2026-06-04,S-1,filed,https://www.sec.gov/Archives/edgar/data/2115659/000182912626006023/0001829126-26-006023-index.htm,
Idaho Copper Corp,COPR,2026-06-04,S-1/A,filed,https://www.sec.gov/Archives/edgar/data/1263364/000149315226027323/0001493152-26-027323-index.htm,
Gameverse Interactive Corp,,2026-06-04,S-1/A,filed,https://www.sec.gov/Archives/edgar/data/2017541/000149315226027320/0001493152-26-027320-index.htm,
"SHF Holdings, Inc.",,2026-06-04,S-1/A,filed,https://www.sec.gov/Archives/edgar/data/1854963/000149315226027258/0001493152-26-027258-index.htm,
"ROKIT America, Inc.",RKAM,2026-06-04,S-1/A,filed,https://www.sec.gov/Archives/edgar/data/2087716/000147793226003627/0001477932-26-003627-index.htm,
T3 Defense Inc.,,2026-06-04,S-1,filed,https://www.sec.gov/Archives/edgar/data/1787518/000121390026065394/0001213900-26-065394-index.htm,
"Eloxx Pharmaceuticals, Inc.",ELOX,2026-06-04,S-1/A,filed,https://www.sec.gov/Archives/edgar/data/1035354/000119312526257750/0001193125-26-257750-index.htm,
"Parabilis Medicines, Inc.",PBLS,2026-06-04,S-1/A,filed,https://www.sec.gov/Archives/edgar/data/1657677/000119312526256398/0001193125-26-256398-index.htm,
"Nuwellis, Inc.",NUWE,2026-06-04,S-1/A,filed,https://www.sec.gov/Archives/edgar/data/1506492/000114036126023964/0001140361-26-023964-index.htm,
Meridian3 Industrials Acquisition Corp,MIAC,2026-06-04,S-1,filed,https://www.sec.gov/Archives/edgar/data/2136530/000110465926070583/0001104659-26-070583-index.htm,
FOCUS UNIVERSAL INC.,FCUV,2026-06-04,424B4,priced,https://www.sec.gov/Archives/edgar/data/1590418/000168316826004516/0001683168-26-004516-index.htm,
"Algorhythm Holdings, Inc.",RIME,2026-06-04,424B4,priced,https://www.sec.gov/Archives/edgar/data/923601/000149315226027278/0001493152-26-027278-index.htm,
Long Table Growth Corp.,LTGR,2026-06-04,424B4,priced,https://www.sec.gov/Archives/edgar/data/2104177/000121390026065344/0001213900-26-065344-index.htm,
"InterPrivate Investment Partners V, Inc.",IPV,2026-06-04,424B4,priced,https://www.sec.gov/Archives/edgar/data/2105274/000121390026065230/0001213900-26-065230-index.htm,
"Liftoff Mobile, Inc.",LFTO,2026-06-04,424B4,priced,https://www.sec.gov/Archives/edgar/data/1850351/000119312526257410/0001193125-26-257410-index.htm,
INNIO N.V.,INIO,2026-06-04,424B4,priced,https://www.sec.gov/Archives/edgar/data/2109150/000119312526256992/0001193125-26-256992-index.htm,
"Applied Aerospace & Defense, Inc.",AADX,2026-06-04,424B4,priced,https://www.sec.gov/Archives/edgar/data/2118195/000119312526256356/0001193125-26-256356-index.htm,
SPACE EXPLORATION TECHNOLOGIES CORP,SPCX,2026-06-03,S-1/A,filed,https://www.sec.gov/Archives/edgar/data/1181412/000162828026040364/0001628280-26-040364-index.htm,
"NEXTNRG, INC.",NXXT,2026-06-03,S-1,filed,https://www.sec.gov/Archives/edgar/data/1817004/000149315226027137/0001493152-26-027137-index.htm,
"TEN Holdings, Inc.",XHLD,2026-06-03,S-1/A,filed,https://www.sec.gov/Archives/edgar/data/2030954/000149315226027129/0001493152-26-027129-index.htm,
Rubber Leaf Inc,RLEA,2026-06-03,S-1/A,filed,https://www.sec.gov/Archives/edgar/data/1893657/000149315226027102/0001493152-26-027102-index.htm,
East West Ave Acquisition Corp.,EWAV,2026-06-03,S-1/A,filed,https://www.sec.gov/Archives/edgar/data/2100704/000149315226026951/0001493152-26-026951-index.htm,
Texas Precious Metals Trust,,2026-06-03,S-1/A,filed,https://www.sec.gov/Archives/edgar/data/2087989/000143774926019444/0001437749-26-019444-index.htm,
Texas Precious Metals Trust,,2026-06-03,S-1/A,filed,https://www.sec.gov/Archives/edgar/data/2087989/000143774926019436/0001437749-26-019436-index.htm,
"BlockchAIn Digital Infrastructure, Inc.",AIB,2026-06-03,S-1/A,filed,https://www.sec.gov/Archives/edgar/data/2070542/000121390026064725/0001213900-26-064725-index.htm,
Norient Acquisition,NORT,2026-06-03,S-1,filed,https://www.sec.gov/Archives/edgar/data/2135939/000121390026064339/0001213900-26-064339-index.htm,
"Gores Holdings XI, Inc.",GHXI,2026-06-03,S-1,filed,https://www.sec.gov/Archives/edgar/data/2086438/000119312526255548/0001193125-26-255548-index.htm,
Grayscale BNB ETF,GBNB,2026-06-03,S-1/A,filed,https://www.sec.gov/Archives/edgar/data/2106762/000119312526254665/0001193125-26-254665-index.htm,
Aeon Acquisition I Corp.,AESP,2026-06-03,424B4,priced,https://www.sec.gov/Archives/edgar/data/2082526/000149315226027037/0001493152-26-027037-index.htm,
Keystone Acquisition Corp.,KEYY,2026-06-03,424B4,priced,https://www.sec.gov/Archives/edgar/data/2102771/000121390026064746/0001213900-26-064746-index.htm,
AmperCap Acquisition Co,APMC,2026-06-03,424B4,priced,https://www.sec.gov/Archives/edgar/data/2101393/000118518526002324/0001185185-26-002324-index.htm,
"Janus Living, Inc.",JAN,2026-06-03,424B4,priced,https://www.sec.gov/Archives/edgar/data/2100805/000110465926070188/0001104659-26-070188-index.htm,
Futurewave Acquisition Corp,FWAC,2026-06-02,S-1/A,filed,https://www.sec.gov/Archives/edgar/data/2116105/000182912626005938/0001829126-26-005938-index.htm,
"Tianci International, Inc.",CIIT,2026-06-02,S-1,filed,https://www.sec.gov/Archives/edgar/data/1557798/000168316826004448/0001683168-26-004448-index.htm,
"Forbright, Inc.",FRBT,2026-06-02,S-1/A,filed,https://www.sec.gov/Archives/edgar/data/1925062/000162828026039673/0001628280-26-039673-index.htm,
CopperTech Metals Inc.,CUX,2026-06-02,S-1,filed,https://www.sec.gov/Archives/edgar/data/2093018/000157587226000392/0001575872-26-000392-index.htm,
"FullPAC, Inc.",,2026-06-02,S-1,filed,https://www.sec.gov/Archives/edgar/data/2076148/000149315226026911/0001493152-26-026911-index.htm,
CIMG Inc.,CIMG,2026-06-02,S-1/A,filed,https://www.sec.gov/Archives/edgar/data/1527613/000149315226026896/0001493152-26-026896-index.htm,
"Cantor Equity Partners VII, Inc.",CAES,2026-06-02,S-1/A,filed,https://www.sec.gov/Archives/edgar/data/2087965/000121390026064209/0001213900-26-064209-index.htm,
FutureCorp Space Acquisition 1,FTRA,2026-06-02,S-1/A,filed,https://www.sec.gov/Archives/edgar/data/2131853/000121390026064137/0001213900-26-064137-index.htm,
"BlockchAIn Digital Infrastructure, Inc.",AIB,2026-06-02,S-1,filed,https://www.sec.gov/Archives/edgar/data/2070542/000121390026063747/0001213900-26-063747-index.htm,
"Phoenix Energy One, LLC",,2026-06-02,S-1,filed,https://www.sec.gov/Archives/edgar/data/1818643/000119312526253767/0001193125-26-253767-index.htm,
"Liftoff Mobile, Inc.",LFTO,2026-06-02,S-1/A,filed,https://www.sec.gov/Archives/edgar/data/1850351/000119312526253016/0001193125-26-253016-index.htm,
WhiteHawk Income Corp,WHK,2026-06-02,S-1/A,filed,https://www.sec.gov/Archives/edgar/data/1921603/000119312526252895/0001193125-26-252895-index.htm,
"Veri MedTech Holdings, Inc.",VRHI,2026-06-02,S-1/A,filed,https://www.sec.gov/Archives/edgar/data/2078149/000109690626000909/0001096906-26-000909-index.htm,
Constellation Energy Corp,CEG,2026-06-02,424B4,priced,https://www.sec.gov/Archives/edgar/data/1868275/000110465926069201/0001104659-26-069201-index.htm,
"Stewards, Inc.",SWRD,2026-06-01,S-1/A,filed,https://www.sec.gov/Archives/edgar/data/1795851/000166357726000181/0001663577-26-000181-index.htm,
"GoPro, Inc.",GPRO,2026-06-01,S-1/A,filed,https://www.sec.gov/Archives/edgar/data/1500435/000162828026039299/0001628280-26-039299-index.htm,
Quantinuum Inc.,QNT,2026-06-01,S-1/A,filed,https://www.sec.gov/Archives/edgar/data/2110105/000162828026039286/0001628280-26-039286-index.htm,
SPACE EXPLORATION TECHNOLOGIES CORP,SPCX,2026-06-01,S-1/A,filed,https://www.sec.gov/Archives/edgar/data/1181412/000162828026039276/0001628280-26-039276-index.htm,
Rubber Leaf Inc,RLEA,2026-06-01,S-1/A,filed,https://www.sec.gov/Archives/edgar/data/1893657/000149315226026640/0001493152-26-026640-index.htm,
"TEN Holdings, Inc.",XHLD,2026-06-01,S-1/A,filed,https://www.sec.gov/Archives/edgar/data/2030954/000149315226026485/0001493152-26-026485-index.htm,
"Eloxx Pharmaceuticals, Inc.",ELOX,2026-06-01,S-1/A,filed,https://www.sec.gov/Archives/edgar/data/1035354/000119312526251655/0001193125-26-251655-index.htm,
AEVEX Corp.,AVEX,2026-06-01,S-1,filed,https://www.sec.gov/Archives/edgar/data/2096300/000119312526251569/0001193125-26-251569-index.htm,
Grayscale Hyperliquid Staking ETF,HYPG,2026-06-01,S-1/A,filed,https://www.sec.gov/Archives/edgar/data/2107730/000119312526250471/0001193125-26-250471-index.htm,
"Safepoint Holdings, Inc.",SFPT,2026-06-01,S-1/A,filed,https://www.sec.gov/Archives/edgar/data/1653827/000119312526249947/0001193125-26-249947-index.htm,
"ERock, Inc.",EROC,2026-06-01,S-1/A,filed,https://www.sec.gov/Archives/edgar/data/2110029/000119312526249668/0001193125-26-249668-index.htm,
INNIO Holding GmbH,INIO,2026-06-01,S-1/A,filed,https://www.sec.gov/Archives/edgar/data/2109150/000119312526249005/0001193125-26-249005-index.htm,
Innovative Digital Investors Acquisition Corp.,IDIA,2026-06-01,S-1/A,filed,https://www.sec.gov/Archives/edgar/data/1997389/000110465926068822/0001104659-26-068822-index.htm,
Boumarang Inc.,,2026-06-01,S-1/A,filed,https://www.sec.gov/Archives/edgar/data/2034161/000109690626000901/0001096906-26-000901-index.htm,
Zhongchao Inc.,ZCMD,2026-06-01,424B4,priced,https://www.sec.gov/Archives/edgar/data/1785566/000121390026063256/0001213900-26-063256-index.htm,
Tribeca Strategic Acquisition Corp.,BID,2026-06-01,424B4,priced,https://www.sec.gov/Archives/edgar/data/2094919/000121390026063058/0001213900-26-063058-index.htm,
"GENERATION INCOME PROPERTIES, INC.",,2026-06-01,424B4,priced,https://www.sec.gov/Archives/edgar/data/1651721/000119312526250992/0001193125-26-250992-index.htm,
"Forgent Power Solutions, Inc.",FPS,2026-06-01,424B4,priced,https://www.sec.gov/Archives/edgar/data/2080126/000119312526249223/0001193125-26-249223-index.htm,
Firefly Aerospace Inc.,FLY,2026-06-01,424B4,priced,https://www.sec.gov/Archives/edgar/data/1860160/000119312526249159/0001193125-26-249159-index.htm,
Palermo Technologies Inc.,,2026-05-29,S-1/A,filed,https://www.sec.gov/Archives/edgar/data/2101355/000209757026000018/0002097570-26-000018-index.htm,
"Kodiak AI, Inc.",,2026-05-29,S-1,filed,https://www.sec.gov/Archives/edgar/data/1853138/000162828026039200/0001628280-26-039200-index.htm,
"BullFrog AI Holdings, Inc.",,2026-05-29,S-1,filed,https://www.sec.gov/Archives/edgar/data/1829247/000149315226026390/0001493152-26-026390-index.htm,
"BIOVENTRIX, INC.",,2026-05-29,S-1/A,filed,https://www.sec.gov/Archives/edgar/data/1283259/000149315226026355/0001493152-26-026355-index.htm,
iShares Bitcoin Premium Income ETF,,2026-05-29,S-1/A,filed,https://www.sec.gov/Archives/edgar/data/2089969/000143774926018892/0001437749-26-018892-index.htm,
Wilco 63 Corp,WLCO,2026-05-29,S-1,filed,https://www.sec.gov/Archives/edgar/data/2101470/000121390026062973/0001213900-26-062973-index.htm,
HealthLynked Corp,HLYK,2026-05-29,S-1/A,filed,https://www.sec.gov/Archives/edgar/data/1680139/000121390026062879/0001213900-26-062879-index.htm,
Long Table Growth Corp.,LTGR,2026-05-29,S-1/A,filed,https://www.sec.gov/Archives/edgar/data/2104177/000121390026062817/0001213900-26-062817-index.htm,
JAB Acquisition Corp I,JAB,2026-05-29,S-1/A,filed,https://www.sec.gov/Archives/edgar/data/2128739/000121390026062789/0001213900-26-062789-index.htm,
Bridge III Acquisition Ltd,BDDD,2026-05-29,S-1,filed,https://www.sec.gov/Archives/edgar/data/2133836/000121390026062594/0001213900-26-062594-index.htm,
Grayscale Hyperliquid Staking ETF,HYPG,2026-05-29,S-1/A,filed,https://www.sec.gov/Archives/edgar/data/2107730/000119312526248888/0001193125-26-248888-index.htm,
"Liftoff Mobile, Inc.",LFTO,2026-05-29,S-1/A,filed,https://www.sec.gov/Archives/edgar/data/1850351/000119312526247996/0001193125-26-247996-index.htm,
"CTT PHARMACEUTICAL HOLDINGS, INC.",CTTH,2026-05-29,S-1/A,filed,https://www.sec.gov/Archives/edgar/data/1035422/000117152026000117/0001171520-26-000117-index.htm,
"Nuwellis, Inc.",NUWE,2026-05-29,S-1/A,filed,https://www.sec.gov/Archives/edgar/data/1506492/000114036126023354/0001140361-26-023354-index.htm,
"Cellectar Biosciences, Inc.",CLRB,2026-05-29,S-1/A,filed,https://www.sec.gov/Archives/edgar/data/1279704/000110465926067933/0001104659-26-067933-index.htm,
"SOLV Energy, Inc.",MWH,2026-05-29,424B4,priced,https://www.sec.gov/Archives/edgar/data/2065636/000119312526248671/0001193125-26-248671-index.htm,
GOLDMAN SACHS GROUP INC,,2026-05-29,424B4,priced,https://www.sec.gov/Archives/edgar/data/886982/000119312526247269/0001193125-26-247269-index.htm,
Sensei Harbor Corp.,,2026-05-28,S-1/A,filed,https://www.sec.gov/Archives/edgar/data/2112634/000168316826004336/0001683168-26-004336-index.htm,
"ENTRATA, INC.",ENT,2026-05-28,S-1,filed,https://www.sec.gov/Archives/edgar/data/2028464/000162828026038608/0001628280-26-038608-index.htm,
Youmi Inc.,,2026-05-28,S-1,filed,https://www.sec.gov/Archives/edgar/data/2137360/000152013826000188/0001520138-26-000188-index.htm,
LIQTECH INTERNATIONAL INC,LIQT,2026-05-28,S-1/A,filed,https://www.sec.gov/Archives/edgar/data/1307579/000143774926018645/0001437749-26-018645-index.htm,
Keystone Acquisition Corp.,KEYY,2026-05-28,S-1/A,filed,https://www.sec.gov/Archives/edgar/data/2102771/000121390026062203/0001213900-26-062203-index.htm,
Grayscale Hyperliquid Staking ETF,GHYP,2026-05-28,S-1/A,filed,https://www.sec.gov/Archives/edgar/data/2107730/000119312526243167/0001193125-26-243167-index.htm,
Dravica Corp,,2026-05-28,S-1/A,filed,https://www.sec.gov/Archives/edgar/data/2106607/000117152026000115/0001171520-26-000115-index.htm,
GridAI Technologies Corp.,GRDX,2026-05-28,S-1,filed,https://www.sec.gov/Archives/edgar/data/1604191/000110465926067071/0001104659-26-067071-index.htm,
DISCIPLINED GROWTH ACQUISITION Corp,DGAC,2026-05-28,424B4,priced,https://www.sec.gov/Archives/edgar/data/2111038/000118518526002141/0001185185-26-002141-index.htm,
Luvulis Corp,,2026-05-27,S-1/A,filed,https://www.sec.gov/Archives/edgar/data/2123169/000212316926000004/0002123169-26-000004-index.htm,
Futurewave Acquisition Corp,FWAC,2026-05-27,S-1/A,filed,https://www.sec.gov/Archives/edgar/data/2116105/000182912626005680/0001829126-26-005680-index.htm,
"Algorhythm Holdings, Inc.",RIME,2026-05-27,S-1/A,filed,https://www.sec.gov/Archives/edgar/data/923601/000149315226025427/0001493152-26-025427-index.htm,
"First Breach, Inc.",FBDT,2026-05-27,S-1/A,filed,https://www.sec.gov/Archives/edgar/data/1892704/000149315226025360/0001493152-26-025360-index.htm,
LIQTECH INTERNATIONAL INC,LIQT,2026-05-27,S-1,filed,https://www.sec.gov/Archives/edgar/data/1307579/000143774926018425/0001437749-26-018425-index.htm,
"InterPrivate Investment Partners V, Inc.",IPV,2026-05-27,S-1/A,filed,https://www.sec.gov/Archives/edgar/data/2105274/000121390026061612/0001213900-26-061612-index.htm,
"Ealixir, Inc.",EAXR,2026-05-27,S-1/A,filed,https://www.sec.gov/Archives/edgar/data/832370/000121390026061557/0001213900-26-061557-index.htm,
"urban-gro, Inc.",UGRO,2026-05-27,S-1,filed,https://www.sec.gov/Archives/edgar/data/1706524/000121390026061273/0001213900-26-061273-index.htm,
"Parabilis Medicines, Inc.",,2026-05-27,S-1/A,filed,https://www.sec.gov/Archives/edgar/data/1657677/000119312526242067/0001193125-26-242067-index.htm,
Quantinuum Inc.,QNT,2026-05-26,S-1/A,filed,https://www.sec.gov/Archives/edgar/data/2110105/000162828026037917/0001628280-26-037917-index.htm,
"VARSAL TECH, INC.",VAT,2026-05-26,S-1,filed,https://www.sec.gov/Archives/edgar/data/2109801/000149315226025296/0001493152-26-025296-index.htm,
"AMERICAN BATTERY MATERIALS, INC.",BLTH,2026-05-26,S-1/A,filed,https://www.sec.gov/Archives/edgar/data/1487718/000149315226025276/0001493152-26-025276-index.htm,
Crestone Strategic Capital Acquisition Corp,CSCM,2026-05-26,S-1,filed,https://www.sec.gov/Archives/edgar/data/2136449/000149315226025267/0001493152-26-025267-index.htm,
"GeoVax Labs, Inc.",GOVX,2026-05-26,S-1,filed,https://www.sec.gov/Archives/edgar/data/832489/000143774926018320/0001437749-26-018320-index.htm,
Amesite Inc.,AMST,2026-05-26,S-1/A,filed,https://www.sec.gov/Archives/edgar/data/1807166/000121390026061026/0001213900-26-061026-index.htm,
Collab Z Inc.,CLBZ,2026-05-26,S-1/A,filed,https://www.sec.gov/Archives/edgar/data/2050338/000121390026060720/0001213900-26-060720-index.htm,
SunPower Inc.,,2026-05-26,S-1,filed,https://www.sec.gov/Archives/edgar/data/1838987/000121390026060695/0001213900-26-060695-index.htm,
SunPower Inc.,,2026-05-26,S-1,filed,https://www.sec.gov/Archives/edgar/data/1838987/000121390026060694/0001213900-26-060694-index.htm,
"Forgent Power Solutions, Inc.",FPS,2026-05-26,S-1,filed,https://www.sec.gov/Archives/edgar/data/2080126/000119312526239485/0001193125-26-239485-index.htm,
"SOLV Energy, Inc.",MWH,2026-05-26,S-1,filed,https://www.sec.gov/Archives/edgar/data/2065636/000119312526239368/0001193125-26-239368-index.htm,
"Kardigan, Inc.",KARD,2026-05-26,S-1,filed,https://www.sec.gov/Archives/edgar/data/2123613/000119312526239298/0001193125-26-239298-index.htm,
Firefly Aerospace Inc.,FLY,2026-05-26,S-1,filed,https://www.sec.gov/Archives/edgar/data/1860160/000119312526239249/0001193125-26-239249-index.htm,
"Safepoint Holdings, Inc.",SFPT,2026-05-26,S-1/A,filed,https://www.sec.gov/Archives/edgar/data/1653827/000119312526237987/0001193125-26-237987-index.htm,
WhiteHawk Income Corp,WHK,2026-05-26,S-1/A,filed,https://www.sec.gov/Archives/edgar/data/1921603/000119312526237902/0001193125-26-237902-index.htm,
INNIO Holding GmbH,INIO,2026-05-26,S-1/A,filed,https://www.sec.gov/Archives/edgar/data/2109150/000119312526237848/0001193125-26-237848-index.htm,
"Applied Aerospace & Defense, Inc.",AADX,2026-05-26,S-1/A,filed,https://www.sec.gov/Archives/edgar/data/2118195/000119312526237828/0001193125-26-237828-index.htm,
"ERock, Inc.",EROC,2026-05-26,S-1/A,filed,https://www.sec.gov/Archives/edgar/data/2110029/000119312526237760/0001193125-26-237760-index.htm,
Columbus Circle Capital Corp III,CCCT,2026-05-26,S-1,filed,https://www.sec.gov/Archives/edgar/data/2123471/000118518526002099/0001185185-26-002099-index.htm,
Sunshine Silver Mining & Refining Co,SSMR,2026-05-26,S-1/A,filed,https://www.sec.gov/Archives/edgar/data/2091017/000114036126022717/0001140361-26-022717-index.htm,
DPC Holdings Ltd,DPC,2026-05-26,S-1,filed,https://www.sec.gov/Archives/edgar/data/2107018/000110465926066058/0001104659-26-066058-index.htm,
BurTech Acquisition Corp II,BRKH,2026-05-26,424B4,priced,https://www.sec.gov/Archives/edgar/data/2098707/000121390026060733/0001213900-26-060733-index.htm,
Medline Inc.,MDLN,2026-05-26,424B4,priced,https://www.sec.gov/Archives/edgar/data/2046386/000119312526239247/0001193125-26-239247-index.htm,
"Vivakor, Inc.",VIVK,2026-05-22,S-1/A,filed,https://www.sec.gov/Archives/edgar/data/1450704/000182912626005622/0001829126-26-005622-index.htm,
iQSTEL Inc,IQST,2026-05-22,S-1,filed,https://www.sec.gov/Archives/edgar/data/1527702/000166357726000163/0001663577-26-000163-index.htm,
"Flux Power Holdings, Inc.",FLUX,2026-05-22,S-1,filed,https://www.sec.gov/Archives/edgar/data/1083743/000149315226025047/0001493152-26-025047-index.htm,
Ocean Capital Acquisition Corp,,2026-05-22,S-1/A,filed,https://www.sec.gov/Archives/edgar/data/1926314/000149315226024926/0001493152-26-024926-index.htm,
"Pharmaceutical Resource Technology, Inc.",,2026-05-22,S-1/A,filed,https://www.sec.gov/Archives/edgar/data/1865759/000147793226003401/0001477932-26-003401-index.htm,
LGL GROUP INC,LGL,2026-05-22,S-1/A,filed,https://www.sec.gov/Archives/edgar/data/61004/000143774926018259/0001437749-26-018259-index.htm,
"Cantor Equity Partners VII, Inc.",CAES,2026-05-22,S-1,filed,https://www.sec.gov/Archives/edgar/data/2087965/000121390026060659/0001213900-26-060659-index.htm,
Snow Rothschild Acquisition Corp.,,2026-05-22,S-1,filed,https://www.sec.gov/Archives/edgar/data/2123475/000121390026060334/0001213900-26-060334-index.htm,
Alpex Acquisition Corp,,2026-05-22,S-1/A,filed,https://www.sec.gov/Archives/edgar/data/2125551/000121390026060264/0001213900-26-060264-index.htm,
Tribeca Strategic Acquisition Corp.,BID,2026-05-22,S-1/A,filed,https://www.sec.gov/Archives/edgar/data/2094919/000121390026060242/0001213900-26-060242-index.htm,
Grayscale HYPE ETF,GHYP,2026-05-22,S-1/A,filed,https://www.sec.gov/Archives/edgar/data/2107730/000119312526237193/0001193125-26-237193-index.htm,
Hyperliquid Strategies Inc,PURR,2026-05-22,S-1,filed,https://www.sec.gov/Archives/edgar/data/2078856/000119312526234992/0001193125-26-234992-index.htm,
AmperCap Acquisition Co,APMC,2026-05-22,S-1/A,filed,https://www.sec.gov/Archives/edgar/data/2101393/000118518526002068/0001185185-26-002068-index.htm,
"Nuwellis, Inc.",NUWE,2026-05-22,S-1,filed,https://www.sec.gov/Archives/edgar/data/1506492/000114036126022629/0001140361-26-022629-index.htm,
"First Carolina Financial Services, Inc.",FCBM,2026-05-22,S-1,filed,https://www.sec.gov/Archives/edgar/data/1531193/000114036126022539/0001140361-26-022539-index.htm,
FortuneX Acquisition Corp,FXAC,2026-05-22,424B4,priced,https://www.sec.gov/Archives/edgar/data/2121703/000182912626005633/0001829126-26-005633-index.htm,
Peace Acquisition Corp.,PECE,2026-05-22,424B4,priced,https://www.sec.gov/Archives/edgar/data/2088626/000149315226024922/0001493152-26-024922-index.htm,
Oceanhawk Acquisition Corp.,OHAC,2026-05-22,424B4,priced,https://www.sec.gov/Archives/edgar/data/2090787/000121390026060247/0001213900-26-060247-index.htm,
BTECH Corp,BTECH,2026-05-21,S-1,filed,https://www.sec.gov/Archives/edgar/data/2086775/000182912626005549/0001829126-26-005549-index.htm,
"Direct Digital Holdings, Inc.",DRCT,2026-05-21,S-1/A,filed,https://www.sec.gov/Archives/edgar/data/1880613/000162828026037397/0001628280-26-037397-index.htm,
"Azitra, Inc.",AZTR,2026-05-21,S-1,filed,https://www.sec.gov/Archives/edgar/data/1701478/000149315226024849/0001493152-26-024849-index.htm,
WhiteHawk Income Corp,WHK,2026-05-21,S-1/A,filed,https://www.sec.gov/Archives/edgar/data/1921603/000119312526233140/0001193125-26-233140-index.htm,
Innovative Digital Investors Acquisition Corp.,,2026-05-21,S-1/A,filed,https://www.sec.gov/Archives/edgar/data/1997389/000110465926064950/0001104659-26-064950-index.htm,
BRAINSTORM CELL THERAPEUTICS INC.,BCLI,2026-05-21,S-1,filed,https://www.sec.gov/Archives/edgar/data/1137883/000110465926064628/0001104659-26-064628-index.htm,
"Lincoln International, Inc.",LCLN,2026-05-21,424B4,priced,https://www.sec.gov/Archives/edgar/data/1925283/000162828026037044/0001628280-26-037044-index.htm,
Aperture AC,APUR,2026-05-21,424B4,priced,https://www.sec.gov/Archives/edgar/data/2093524/000121390026060082/0001213900-26-060082-index.htm,
Rubico Inc.,RUBI,2026-05-21,424B4,priced,https://www.sec.gov/Archives/edgar/data/1943421/000117184326003602/0001171843-26-003602-index.htm,
SPACE EXPLORATION TECHNOLOGIES CORP,SPCX,2026-05-20,S-1,filed,https://www.sec.gov/Archives/edgar/data/1181412/000162828026036936/0001628280-26-036936-index.htm,
"Picard Medical, Inc.",PMI,2026-05-20,S-1,filed,https://www.sec.gov/Archives/edgar/data/2030617/000143774926017949/0001437749-26-017949-index.htm,
FutureCorp Space Acquisition 1,,2026-05-20,S-1,filed,https://www.sec.gov/Archives/edgar/data/2131853/000121390026059156/0001213900-26-059156-index.htm,
Medline Inc.,MDLN,2026-05-20,S-1,filed,https://www.sec.gov/Archives/edgar/data/2046386/000119312526231691/0001193125-26-231691-index.htm,
DISCIPLINED GROWTH ACQUISITION Corp,DGAC,2026-05-20,S-1/A,filed,https://www.sec.gov/Archives/edgar/data/2111038/000118518526001950/0001185185-26-001950-index.htm,
Innovative Digital Investors Acquisition Corp.,,2026-05-20,S-1/A,filed,https://www.sec.gov/Archives/edgar/data/1997389/000110465926064247/0001104659-26-064247-index.htm,
"DEEP FISSION, INC.",FISN,2026-05-20,S-1,filed,https://www.sec.gov/Archives/edgar/data/1918102/000110465926064074/0001104659-26-064074-index.htm,
Morgan Stanley Solana Trust,,2026-05-20,S-1/A,filed,https://www.sec.gov/Archives/edgar/data/2103547/000110465926064065/0001104659-26-064065-index.htm,
Morgan Stanley Ethereum Trust,,2026-05-20,S-1/A,filed,https://www.sec.gov/Archives/edgar/data/2103976/000110465926064059/0001104659-26-064059-index.htm,
Amanat Acquisition Corp.,AMAN,2026-05-20,424B4,priced,https://www.sec.gov/Archives/edgar/data/2112457/000121390026059197/0001213900-26-059197-index.htm,
Research Alliance Corp III,RACC,2026-05-20,424B4,priced,https://www.sec.gov/Archives/edgar/data/2118032/000119312526232525/0001193125-26-232525-index.htm,
Optimi Health Corp.,,2026-05-20,424B4,priced,https://www.sec.gov/Archives/edgar/data/2027329/000119312526231760/0001193125-26-231760-index.htm,
FortuneX Acquisition Corp,FXAC,2026-05-19,S-1/A,filed,https://www.sec.gov/Archives/edgar/data/2121703/000182912626005427/0001829126-26-005427-index.htm,
ARC Group Securities Acquisition I,,2026-05-19,S-1/A,filed,https://www.sec.gov/Archives/edgar/data/2094712/000149315226024278/0001493152-26-024278-index.htm,
East West Ave Acquisition Corp.,EWAV,2026-05-19,S-1/A,filed,https://www.sec.gov/Archives/edgar/data/2100704/000149315226024274/0001493152-26-024274-index.htm,
Arterior Solutions Corp,,2026-05-19,S-1,filed,https://www.sec.gov/Archives/edgar/data/2133770/000147793226003315/0001477932-26-003315-index.htm,
"InterPrivate Investment Partners V, Inc.",IPV,2026-05-19,S-1/A,filed,https://www.sec.gov/Archives/edgar/data/2105274/000121390026059138/0001213900-26-059138-index.htm,
JAB Acquisition Corp I,,2026-05-19,S-1,filed,https://www.sec.gov/Archives/edgar/data/2128739/000121390026059104/0001213900-26-059104-index.htm,
Oceanhawk Acquisition Corp.,OHAC,2026-05-19,S-1/A,filed,https://www.sec.gov/Archives/edgar/data/2090787/000121390026058915/0001213900-26-058915-index.htm,
"Next Bridge Hydrocarbons, Inc.",,2026-05-19,S-1/A,filed,https://www.sec.gov/Archives/edgar/data/1936756/000119983526000176/0001199835-26-000176-index.htm,
"Parabilis Medicines, Inc.",,2026-05-19,S-1,filed,https://www.sec.gov/Archives/edgar/data/1657677/000119312526230994/0001193125-26-230994-index.htm,
Innovative Digital Investors Acquisition Corp.,,2026-05-19,S-1/A,filed,https://www.sec.gov/Archives/edgar/data/1997389/000110465926063967/0001104659-26-063967-index.htm,
"Cellectar Biosciences, Inc.",CLRB,2026-05-19,S-1,filed,https://www.sec.gov/Archives/edgar/data/1279704/000110465926063918/0001104659-26-063918-index.htm,
Sunshine Biopharma Inc.,,2026-05-19,424B4,priced,https://www.sec.gov/Archives/edgar/data/1402328/000168316826004098/0001683168-26-004098-index.htm,
Aeon Acquisition I Corp.,AESP,2026-05-18,S-1/A,filed,https://www.sec.gov/Archives/edgar/data/2082526/000149315226024251/0001493152-26-024251-index.htm,
Gameverse Interactive Corp,,2026-05-18,S-1/A,filed,https://www.sec.gov/Archives/edgar/data/2017541/000149315226024210/0001493152-26-024210-index.htm,
"Vaxart, Inc.",VXRT,2026-05-18,S-1/A,filed,https://www.sec.gov/Archives/edgar/data/72444/000143774926017489/0001437749-26-017489-index.htm,
Berto Acquisition Corp. II,GUAC,2026-05-18,424B4,priced,https://www.sec.gov/Archives/edgar/data/2081515/000182912626005386/0001829126-26-005386-index.htm,
AMASS BRANDS,AMSS,2026-05-18,424B4,priced,https://www.sec.gov/Archives/edgar/data/1851491/000157587226000343/0001575872-26-000343-index.htm,
Elong Power Holding Ltd.,ELPW,2026-05-18,424B4,priced,https://www.sec.gov/Archives/edgar/data/2015691/000149315226024119/0001493152-26-024119-index.htm,
VIDA Global Inc.,VIDA,2026-05-18,424B4,priced,https://www.sec.gov/Archives/edgar/data/1973062/000149315226024106/0001493152-26-024106-index.htm,
VIDA Global Inc.,VIDA,2026-05-18,424B4,priced,https://www.sec.gov/Archives/edgar/data/1973062/000149315226024102/0001493152-26-024102-index.htm,
DUKE Robotics Corp.,DUKR,2026-05-18,424B4,priced,https://www.sec.gov/Archives/edgar/data/1638911/000121390026058180/0001213900-26-058180-index.htm,
DUKE Robotics Corp.,DUKR,2026-05-18,424B4,priced,https://www.sec.gov/Archives/edgar/data/1638911/000121390026058179/0001213900-26-058179-index.htm,
Patriot Acquisition Corp./CI,PTAC,2026-05-18,424B4,priced,https://www.sec.gov/Archives/edgar/data/2099095/000121390026058156/0001213900-26-058156-index.htm,
"TRIC Global, Inc.",,2026-05-15,S-1/A,filed,https://www.sec.gov/Archives/edgar/data/2124122/000212412226000010/0002124122-26-000010-index.htm,
Palermo Technologies Inc.,,2026-05-15,S-1/A,filed,https://www.sec.gov/Archives/edgar/data/2101355/000209757026000016/0002097570-26-000016-index.htm,
T. Rowe Price Active Crypto ETF,,2026-05-15,S-1/A,filed,https://www.sec.gov/Archives/edgar/data/2089855/000199937126010860/0001999371-26-010860-index.htm,
Canary Staked TRX ETF,,2026-05-15,S-1/A,filed,https://www.sec.gov/Archives/edgar/data/2064768/000199937126010857/0001999371-26-010857-index.htm,
VanEck BNB ETF,,2026-05-15,S-1/A,filed,https://www.sec.gov/Archives/edgar/data/2066824/000162828026035722/0001628280-26-035722-index.htm,
"Forbright, Inc.",,2026-05-15,S-1,filed,https://www.sec.gov/Archives/edgar/data/1925062/000162828026035713/0001628280-26-035713-index.htm,
"BIOVENTRIX, INC.",,2026-05-15,S-1/A,filed,https://www.sec.gov/Archives/edgar/data/1283259/000149315226023752/0001493152-26-023752-index.htm,
"Ambitious Entertainment, Inc.",,2026-05-15,S-1,filed,https://www.sec.gov/Archives/edgar/data/1900851/000149315226023581/0001493152-26-023581-index.htm,
Freedom Metals Acquisition Corp.,,2026-05-15,S-1,filed,https://www.sec.gov/Archives/edgar/data/2129659/000121390026057976/0001213900-26-057976-index.htm,
Synergy CHC Corp.,SNYR,2026-05-15,S-1,filed,https://www.sec.gov/Archives/edgar/data/1562733/000121390026057939/0001213900-26-057939-index.htm,
Jones Ventures INTL Acquisition1 Corp,,2026-05-15,S-1,filed,https://www.sec.gov/Archives/edgar/data/2129056/000121390026057072/0001213900-26-057072-index.htm,
Grayscale BNB ETF,GBNB,2026-05-15,S-1/A,filed,https://www.sec.gov/Archives/edgar/data/2106762/000119312526227224/0001193125-26-227224-index.htm,
"ERock, Inc.",,2026-05-15,S-1,filed,https://www.sec.gov/Archives/edgar/data/2110029/000119312526227199/0001193125-26-227199-index.htm,
"Micware Co., Ltd.",MWC,2026-05-15,424B4,priced,https://www.sec.gov/Archives/edgar/data/2083526/000182912626005249/0001829126-26-005249-index.htm,
Energy Transition Special Opportunities,,2026-05-15,424B4,priced,https://www.sec.gov/Archives/edgar/data/2085932/000121390026057807/0001213900-26-057807-index.htm,
Iron Dome Acquisition I Corp.,IDAC,2026-05-15,424B4,priced,https://www.sec.gov/Archives/edgar/data/2090441/000121390026057787/0001213900-26-057787-index.htm,
Blackstone Digital Infrastructure Trust Inc.,BXDC,2026-05-15,424B4,priced,https://www.sec.gov/Archives/edgar/data/2100161/000119312526225090/0001193125-26-225090-index.htm,
"Exyn Technologies, Inc.",EXYN,2026-05-15,424B4,priced,https://www.sec.gov/Archives/edgar/data/1960355/000110465926062711/0001104659-26-062711-index.htm,
XORTX Therapeutics Inc.,XRTX,2026-05-15,424B4,priced,https://www.sec.gov/Archives/edgar/data/1729214/000110465926062030/0001104659-26-062030-index.htm,
"Vivakor, Inc.",VIVK,2026-05-14,S-1,filed,https://www.sec.gov/Archives/edgar/data/1450704/000182912626005248/0001829126-26-005248-index.htm,
"Lincoln International, Inc.",LCLN,2026-05-14,S-1/A,filed,https://www.sec.gov/Archives/edgar/data/1925283/000162828026035230/0001628280-26-035230-index.htm,
"QumulusAI, Inc.",QMLS,2026-05-14,S-1/A,filed,https://www.sec.gov/Archives/edgar/data/2084026/000143774926017093/0001437749-26-017093-index.htm,
LGL GROUP INC,LGL,2026-05-14,S-1,filed,https://www.sec.gov/Archives/edgar/data/61004/000143774926017079/0001437749-26-017079-index.htm,
Amanat Acquisition Corp.,AMAN,2026-05-14,S-1/A,filed,https://www.sec.gov/Archives/edgar/data/2112457/000121390026056558/0001213900-26-056558-index.htm,
Energy Transition Special Opportunities,ETSS,2026-05-14,S-1/A,filed,https://www.sec.gov/Archives/edgar/data/2085932/000121390026056174/0001213900-26-056174-index.htm,
Yorkville International Capital Corp.,,2026-05-14,S-1,filed,https://www.sec.gov/Archives/edgar/data/2130386/000110465926061345/0001104659-26-061345-index.htm,
Cerebras Systems Inc.,CBRS,2026-05-14,424B4,priced,https://www.sec.gov/Archives/edgar/data/2021728/000162828026035214/0001628280-26-035214-index.htm,
Neptune Insurance Holdings Inc.,NP,2026-05-14,424B4,priced,https://www.sec.gov/Archives/edgar/data/2067129/000162828026035207/0001628280-26-035207-index.htm,
Fervo Energy Co,FRVO,2026-05-14,424B4,priced,https://www.sec.gov/Archives/edgar/data/1853868/000162828026034849/0001628280-26-034849-index.htm,
AIAI Holdings Corp,AIAI,2026-05-14,424B4,priced,https://www.sec.gov/Archives/edgar/data/2096362/000149315226022855/0001493152-26-022855-index.htm,
Tecnoglass Inc.,TGLS,2026-05-14,424B4,priced,https://www.sec.gov/Archives/edgar/data/1534675/000149315226022850/0001493152-26-022850-index.htm,
GSR V Acquisition Corp.,GSRV,2026-05-14,424B4,priced,https://www.sec.gov/Archives/edgar/data/2111762/000121390026056703/0001213900-26-056703-index.htm,
Lakewood-Amedex Biotherapeutics Inc.,LABT,2026-05-14,424B4,priced,https://www.sec.gov/Archives/edgar/data/2079272/000121390026056648/0001213900-26-056648-index.htm,
Breeze Acquisition Corp. II,BREZ,2026-05-14,424B4,priced,https://www.sec.gov/Archives/edgar/data/2095443/000121390026056033/0001213900-26-056033-index.htm,
"EagleRock Land, LLC",EROK,2026-05-14,424B4,priced,https://www.sec.gov/Archives/edgar/data/2104882/000119312526224302/0001193125-26-224302-index.htm,
GMR Solutions Inc.,GMRS,2026-05-14,424B4,priced,https://www.sec.gov/Archives/edgar/data/1898718/000110465926060835/0001104659-26-060835-index.htm,
"Cortigent, Inc.",CRGT,2026-05-13,S-1/A,filed,https://www.sec.gov/Archives/edgar/data/1958489/000175392626000840/0001753926-26-000840-index.htm,
Texas Precious Metals Trust,,2026-05-13,S-1/A,filed,https://www.sec.gov/Archives/edgar/data/2087989/000143774926016791/0001437749-26-016791-index.htm,
Texas Precious Metals Trust,,2026-05-13,S-1/A,filed,https://www.sec.gov/Archives/edgar/data/2087989/000143774926016759/0001437749-26-016759-index.htm,
"Nauticus Robotics, Inc.",,2026-05-13,S-1,filed,https://www.sec.gov/Archives/edgar/data/1849820/000121390026055464/0001213900-26-055464-index.htm,
Research Alliance Corp III,RACC,2026-05-13,S-1/A,filed,https://www.sec.gov/Archives/edgar/data/2118032/000119312526220331/0001193125-26-220331-index.htm,
Dravica Corp,,2026-05-13,S-1/A,filed,https://www.sec.gov/Archives/edgar/data/2106607/000117152026000090/0001171520-26-000090-index.htm,
CEL SCI CORP,CVM,2026-05-13,424B4,priced,https://www.sec.gov/Archives/edgar/data/725363/000165495426004757/0001654954-26-004757-index.htm,
Berto Acquisition Corp. II,GUAC,2026-05-12,S-1/A,filed,https://www.sec.gov/Archives/edgar/data/2081515/000182912626005001/0001829126-26-005001-index.htm,
Sunshine Biopharma Inc.,,2026-05-12,S-1,filed,https://www.sec.gov/Archives/edgar/data/1402328/000168316826003726/0001683168-26-003726-index.htm,
Tidewise Acquisition Corp,,2026-05-12,S-1,filed,https://www.sec.gov/Archives/edgar/data/2129595/000149315226022460/0001493152-26-022460-index.htm,
Amesite Inc.,AMST,2026-05-12,S-1,filed,https://www.sec.gov/Archives/edgar/data/1807166/000121390026055211/0001213900-26-055211-index.htm,
GSR V Acquisition Corp.,GSRV,2026-05-12,S-1/A,filed,https://www.sec.gov/Archives/edgar/data/2111762/000121390026054867/0001213900-26-054867-index.htm,
DUKE Robotics Corp.,DUKR,2026-05-12,S-1/A,filed,https://www.sec.gov/Archives/edgar/data/1638911/000121390026054784/0001213900-26-054784-index.htm,
APEIRON ACQUISITION VEHICLE I,APN,2026-05-12,S-1/A,filed,https://www.sec.gov/Archives/edgar/data/2085795/000121390026054683/0001213900-26-054683-index.htm,
"Next Bridge Hydrocarbons, Inc.",,2026-05-12,S-1/A,filed,https://www.sec.gov/Archives/edgar/data/1936756/000119983526000138/0001199835-26-000138-index.htm,
Grayscale Aave Trust,AAVE,2026-05-12,S-1/A,filed,https://www.sec.gov/Archives/edgar/data/2040120/000119312526219381/0001193125-26-219381-index.htm,
GMR Solutions Inc.,GMRS,2026-05-12,S-1/A,filed,https://www.sec.gov/Archives/edgar/data/1898718/000110465926059089/0001104659-26-059089-index.htm,
DentonX Inc,,2026-05-12,424B4,priced,https://www.sec.gov/Archives/edgar/data/2093375/000209337526000010/0002093375-26-000010-index.htm,
Bravalo Corp,,2026-05-11,S-1/A,filed,https://www.sec.gov/Archives/edgar/data/2112460/000211246026000007/0002112460-26-000007-index.htm,
Enhanced Group Inc.,,2026-05-11,S-1,filed,https://www.sec.gov/Archives/edgar/data/1956439/000162828026033674/0001628280-26-033674-index.htm,
Neptune Insurance Holdings Inc.,NP,2026-05-11,S-1,filed,https://www.sec.gov/Archives/edgar/data/2067129/000162828026033573/0001628280-26-033573-index.htm,
Cerebras Systems Inc.,CBRS,2026-05-11,S-1/A,filed,https://www.sec.gov/Archives/edgar/data/2021728/000162828026033143/0001628280-26-033143-index.htm,
"Lincoln International, Inc.",LCLN,2026-05-11,S-1/A,filed,https://www.sec.gov/Archives/edgar/data/1925283/000162828026033128/0001628280-26-033128-index.htm,
Fervo Energy Co,FRVO,2026-05-11,S-1/A,filed,https://www.sec.gov/Archives/edgar/data/1853868/000162828026033127/0001628280-26-033127-index.htm,
Idaho Copper Corp,COPR,2026-05-11,S-1/A,filed,https://www.sec.gov/Archives/edgar/data/1263364/000149315226022155/0001493152-26-022155-index.htm,
Iron Dome Acquisition I Corp.,IDAC,2026-05-11,S-1/A,filed,https://www.sec.gov/Archives/edgar/data/2090441/000121390026054599/0001213900-26-054599-index.htm,
Virtuix Holdings Inc.,VTIX,2026-05-11,S-1,filed,https://www.sec.gov/Archives/edgar/data/1606242/000121390026054471/0001213900-26-054471-index.htm,
Patriot Acquisition Corp./CI,,2026-05-11,S-1/A,filed,https://www.sec.gov/Archives/edgar/data/2099095/000121390026054455/0001213900-26-054455-index.htm,
INNIO Holding GmbH,,2026-05-11,S-1,filed,https://www.sec.gov/Archives/edgar/data/2109150/000119312526216625/0001193125-26-216625-index.htm,
Grayscale HYPE ETF,GHYP,2026-05-11,S-1/A,filed,https://www.sec.gov/Archives/edgar/data/2107730/000119312526215888/0001193125-26-215888-index.htm,
WhiteHawk Income Corp,,2026-05-11,S-1,filed,https://www.sec.gov/Archives/edgar/data/1921603/000119312526215605/0001193125-26-215605-index.htm,
"EagleRock Land, LLC",EROK,2026-05-11,S-1/A,filed,https://www.sec.gov/Archives/edgar/data/2104882/000119312526215584/0001193125-26-215584-index.htm,
DISCIPLINED GROWTH ACQUISITION Corp,DGAC,2026-05-11,S-1/A,filed,https://www.sec.gov/Archives/edgar/data/2111038/000118518526001772/0001185185-26-001772-index.htm,
Sunshine Silver Mining & Refining Co,,2026-05-11,S-1,filed,https://www.sec.gov/Archives/edgar/data/2091017/000114036126020608/0001140361-26-020608-index.htm,
"Rhinebeck Bancorp, Inc.",RBKB,2026-05-11,S-1/A,filed,https://www.sec.gov/Archives/edgar/data/1751783/000110465926058600/0001104659-26-058600-index.htm,
"Exyn Technologies, Inc.",EXYN,2026-05-11,S-1/A,filed,https://www.sec.gov/Archives/edgar/data/1960355/000110465926058285/0001104659-26-058285-index.htm,
PRUCO LIFE INSURANCE CO,,2026-05-11,S-1/A,filed,https://www.sec.gov/Archives/edgar/data/777917/000077791726000076/0000777917-26-000076-index.htm,
Conexeu Sciences Inc.,,2026-05-11,424B4,priced,https://www.sec.gov/Archives/edgar/data/2066836/000106299326002473/0001062993-26-002473-index.htm,
Canary Staked CRO ETF,,2026-05-08,S-1/A,filed,https://www.sec.gov/Archives/edgar/data/2069288/000199937126010358/0001999371-26-010358-index.htm,
FortuneX Acquisition Corp,FXAC,2026-05-08,S-1/A,filed,https://www.sec.gov/Archives/edgar/data/2121703/000182912626004810/0001829126-26-004810-index.htm,
Quantinuum Inc.,,2026-05-08,S-1,filed,https://www.sec.gov/Archives/edgar/data/2110105/000162828026032836/0001628280-26-032836-index.htm,
