member,party,office,ticker,asset,type,direction,amount_range,transaction_date,filing_date,days_late,doc_url
"Case, Hon. Ed",D,HI01,AAPL,Apple Inc. - Common Stock,ST,buy,"$1,001 - $15,000",2026-08-13,2026-08-18,5,https://disclosures-clerk.house.gov/public_disc/ptr-pdfs/2026/20035275.pdf
"Menefee, Hon. Christian D.",,TX18,PINS,"Pinterest, Inc. Class A Common Stock",ST,sell_full,"$15,001 - $50,000",2026-08-07,2026-08-07,0,https://disclosures-clerk.house.gov/public_disc/ptr-pdfs/2026/20035157.pdf
"Cohen, Hon. Steve",D,TN09,,U.S. Tres Bill Int. Rate 0.00% Mat 8/5/2027,GS,buy,"$100,001 - $250,000",2026-08-06,2026-08-17,11,https://disclosures-clerk.house.gov/public_disc/ptr-pdfs/2026/20035235.pdf
"Rulli, Hon. Michael",R,OH06,CCI,Crown Castle Inc. Common Stock,ST,sell_full,"$1,001 - $15,000",2026-08-06,2026-08-07,1,https://disclosures-clerk.house.gov/public_disc/ptr-pdfs/2026/20035147.pdf
"Cohen, Hon. Steve",D,TN09,,DEP ACT/365 4.200% MAT 8/11/2027,CS,buy,"$100,001 - $250,000",2026-08-05,2026-08-17,12,https://disclosures-clerk.house.gov/public_disc/ptr-pdfs/2026/20035235.pdf
"Hern, Hon. Kevin",R,OK01,OGN,Organon & Co. Common Stock,ST,sell_full,"$1,001 - $15,000",2026-08-05,2026-08-12,7,https://disclosures-clerk.house.gov/public_disc/ptr-pdfs/2026/20035196.pdf
"Hern, Hon. Kevin",R,OK01,VSNT,"Versant Media Group, Inc. - Class A Common Stock",ST,sell_full,"$1,001 - $15,000",2026-08-05,2026-08-12,7,https://disclosures-clerk.house.gov/public_disc/ptr-pdfs/2026/20035196.pdf
"Hern, Hon. Kevin",R,OK01,CMCSA,Comcast Corporation - Class A Common Stock,ST,sell_full,"$1,001 - $15,000",2026-08-05,2026-08-10,5,https://disclosures-clerk.house.gov/public_disc/ptr-pdfs/2026/20035134.pdf
"Hern, Hon. Kevin",R,OK01,DEO,Diageo plc Common Stock,ST,sell_full,"$1,001 - $15,000",2026-08-05,2026-08-10,5,https://disclosures-clerk.house.gov/public_disc/ptr-pdfs/2026/20035134.pdf
"Hern, Hon. Kevin",R,OK01,EL,"Estee Lauder Companies, Inc.",ST,sell_full,"$1,001 - $15,000",2026-08-05,2026-08-10,5,https://disclosures-clerk.house.gov/public_disc/ptr-pdfs/2026/20035134.pdf
"Hern, Hon. Kevin",R,OK01,KVUE,Kenvue Inc. Common Stock,ST,sell_full,"$1,001 - $15,000",2026-08-05,2026-08-10,5,https://disclosures-clerk.house.gov/public_disc/ptr-pdfs/2026/20035134.pdf
"Hern, Hon. Kevin",R,OK01,MDLZ,"Mondelez International, Inc. - Class A Common Stock",ST,sell_full,"$1,001 - $15,000",2026-08-05,2026-08-10,5,https://disclosures-clerk.house.gov/public_disc/ptr-pdfs/2026/20035134.pdf
"Hern, Hon. Kevin",R,OK01,OGN,Organon & Co. Common Stock,ST,sell_full,"$1,001 - $15,000",2026-08-05,2026-08-10,5,https://disclosures-clerk.house.gov/public_disc/ptr-pdfs/2026/20035134.pdf
"Hern, Hon. Kevin",R,OK01,VSNT,"Versant Media Group, Inc. - Class A Common Stock",ST,sell_full,"$1,001 - $15,000",2026-08-05,2026-08-10,5,https://disclosures-clerk.house.gov/public_disc/ptr-pdfs/2026/20035134.pdf
"McGuire, Hon. John J Mr, III",R,VA05,PANW,"Palo Alto Networks, Inc.",ST,sell_partial,"$1,001 - $15,000",2026-07-31,2026-08-10,10,https://disclosures-clerk.house.gov/public_disc/ptr-pdfs/2026/20035180.pdf
"Delaney, Hon. April McClain",,MD06,CHRW,"C.H. Robinson Worldwide, Inc. - Common Stock",ST,buy,"$15,001 - $50,000",2026-07-31,2026-08-03,3,https://disclosures-clerk.house.gov/public_disc/ptr-pdfs/2026/20035118.pdf
"Delaney, Hon. April McClain",,MD06,CPAY,"Corpay, Inc. Common Stock",ST,sell_partial,"$1,001 - $15,000",2026-07-31,2026-08-03,3,https://disclosures-clerk.house.gov/public_disc/ptr-pdfs/2026/20035118.pdf
"Delaney, Hon. April McClain",,MD06,FWONK,Liberty Media Corporation - Series C Liberty Formula One Common Stock,ST,buy,"$15,001 - $50,000",2026-07-31,2026-08-03,3,https://disclosures-clerk.house.gov/public_disc/ptr-pdfs/2026/20035118.pdf
"Delaney, Hon. April McClain",,MD06,LTH,"Life Time Group Holdings, Inc. Common Stock",ST,buy,"$15,001 - $50,000",2026-07-31,2026-08-03,3,https://disclosures-clerk.house.gov/public_disc/ptr-pdfs/2026/20035118.pdf
"Delaney, Hon. April McClain",,MD06,STE,STERIS plc,ST,sell_partial,"$1,001 - $15,000",2026-07-31,2026-08-03,3,https://disclosures-clerk.house.gov/public_disc/ptr-pdfs/2026/20035118.pdf
"Peters, Hon. Scott H.",D,CA50,,"Pittsburgh, CA Successor Agency",GS,buy,"$50,001 - $100,000",2026-07-30,2026-08-17,18,https://disclosures-clerk.house.gov/public_disc/ptr-pdfs/2026/20035191.pdf
"McCormick, Hon. Richard Dean Dr",,GA06,ABT,Abbott Laboratories Common Stock,ST,sell_full,"$1,001 - $15,000",2026-07-30,2026-08-14,15,https://disclosures-clerk.house.gov/public_disc/ptr-pdfs/2026/20035204.pdf
"McCormick, Hon. Richard Dean Dr",,GA06,APD,"Air Products and Chemicals, Inc. Common Stock",ST,sell_full,"$1,001 - $15,000",2026-07-30,2026-08-14,15,https://disclosures-clerk.house.gov/public_disc/ptr-pdfs/2026/20035204.pdf
"McCormick, Hon. Richard Dean Dr",,GA06,AWK,"American Water Works Company, Inc. Common Stock",ST,sell_full,"$1,001 - $15,000",2026-07-30,2026-08-14,15,https://disclosures-clerk.house.gov/public_disc/ptr-pdfs/2026/20035204.pdf
"McCormick, Hon. Richard Dean Dr",,GA06,ADI,"Analog Devices, Inc. - Common Stock",ST,sell_full,"$1,001 - $15,000",2026-07-30,2026-08-14,15,https://disclosures-clerk.house.gov/public_disc/ptr-pdfs/2026/20035204.pdf
"McCormick, Hon. Richard Dean Dr",,GA06,AAPL,Apple Inc. - Common Stock,ST,sell_full,"$1,001 - $15,000",2026-07-30,2026-08-14,15,https://disclosures-clerk.house.gov/public_disc/ptr-pdfs/2026/20035204.pdf
"McCormick, Hon. Richard Dean Dr",,GA06,ADP,"Automatic Data Processing, Inc. - Common Stock",ST,sell_full,"$1,001 - $15,000",2026-07-30,2026-08-14,15,https://disclosures-clerk.house.gov/public_disc/ptr-pdfs/2026/20035204.pdf
"McCormick, Hon. Richard Dean Dr",,GA06,BRK.B,Berkshire Hathaway Inc. New Common Stock,ST,buy,"$1,001 - $15,000",2026-07-30,2026-08-14,15,https://disclosures-clerk.house.gov/public_disc/ptr-pdfs/2026/20035204.pdf
"McCormick, Hon. Richard Dean Dr",,GA06,BLK,"BlackRock, Inc. Common Stock",ST,sell_full,"$1,001 - $15,000",2026-07-30,2026-08-14,15,https://disclosures-clerk.house.gov/public_disc/ptr-pdfs/2026/20035204.pdf
"McCormick, Hon. Richard Dean Dr",,GA06,CSCO,"Cisco Systems, Inc. - Common Stock",ST,sell_full,"$1,001 - $15,000",2026-07-30,2026-08-14,15,https://disclosures-clerk.house.gov/public_disc/ptr-pdfs/2026/20035204.pdf
"McCormick, Hon. Richard Dean Dr",,GA06,COST,Costco Wholesale Corporation - Common Stock,ST,sell_full,"$1,001 - $15,000",2026-07-30,2026-08-14,15,https://disclosures-clerk.house.gov/public_disc/ptr-pdfs/2026/20035204.pdf
"McCormick, Hon. Richard Dean Dr",,GA06,EMR,Emerson Electric Company Common Stock,ST,sell_full,"$1,001 - $15,000",2026-07-30,2026-08-14,15,https://disclosures-clerk.house.gov/public_disc/ptr-pdfs/2026/20035204.pdf
"McCormick, Hon. Richard Dean Dr",,GA06,HD,"Home Depot, Inc.",ST,sell_full,"$1,001 - $15,000",2026-07-30,2026-08-14,15,https://disclosures-clerk.house.gov/public_disc/ptr-pdfs/2026/20035204.pdf
"McCormick, Hon. Richard Dean Dr",,GA06,ITW,Illinois Tool Works Inc. Common Stock,ST,sell_full,"$1,001 - $15,000",2026-07-30,2026-08-14,15,https://disclosures-clerk.house.gov/public_disc/ptr-pdfs/2026/20035204.pdf
"McCormick, Hon. Richard Dean Dr",,GA06,ICE,Intercontinental Exchange Inc. Common Stock,ST,sell_full,"$1,001 - $15,000",2026-07-30,2026-08-14,15,https://disclosures-clerk.house.gov/public_disc/ptr-pdfs/2026/20035204.pdf
"McCormick, Hon. Richard Dean Dr",,GA06,JNJ,Johnson & Johnson Common Stock,ST,sell_full,"$1,001 - $15,000",2026-07-30,2026-08-14,15,https://disclosures-clerk.house.gov/public_disc/ptr-pdfs/2026/20035204.pdf
"McCormick, Hon. Richard Dean Dr",,GA06,LHX,"L3Harris Technologies, Inc. Common Stock",ST,sell_full,"$1,001 - $15,000",2026-07-30,2026-08-14,15,https://disclosures-clerk.house.gov/public_disc/ptr-pdfs/2026/20035204.pdf
"McCormick, Hon. Richard Dean Dr",,GA06,MCD,McDonald's Corporation Common Stock,ST,sell_full,"$1,001 - $15,000",2026-07-30,2026-08-14,15,https://disclosures-clerk.house.gov/public_disc/ptr-pdfs/2026/20035204.pdf
"McCormick, Hon. Richard Dean Dr",,GA06,MDT,Medtronic plc. Ordinary Shares,ST,sell_full,"$1,001 - $15,000",2026-07-30,2026-08-14,15,https://disclosures-clerk.house.gov/public_disc/ptr-pdfs/2026/20035204.pdf
"McCormick, Hon. Richard Dean Dr",,GA06,MSFT,Microsoft Corporation - Common Stock,ST,sell_full,"$1,001 - $15,000",2026-07-30,2026-08-14,15,https://disclosures-clerk.house.gov/public_disc/ptr-pdfs/2026/20035204.pdf
"McCormick, Hon. Richard Dean Dr",,GA06,NEE,"NextEra Energy, Inc. Common Stock",ST,sell_full,"$1,001 - $15,000",2026-07-30,2026-08-14,15,https://disclosures-clerk.house.gov/public_disc/ptr-pdfs/2026/20035204.pdf
"McCormick, Hon. Richard Dean Dr",,GA06,PEP,"Pepsico, Inc.",ST,sell_full,"$1,001 - $15,000",2026-07-30,2026-08-14,15,https://disclosures-clerk.house.gov/public_disc/ptr-pdfs/2026/20035204.pdf
"McCormick, Hon. Richard Dean Dr",,GA06,,Procter & Gamble Company (PG),ST,sell_full,"$1,001 - $15,000",2026-07-30,2026-08-14,15,https://disclosures-clerk.house.gov/public_disc/ptr-pdfs/2026/20035204.pdf
"McCormick, Hon. Richard Dean Dr",,GA06,O,Realty Income Corporation Common Stock,ST,sell_full,"$1,001 - $15,000",2026-07-30,2026-08-14,15,https://disclosures-clerk.house.gov/public_disc/ptr-pdfs/2026/20035204.pdf
"McCormick, Hon. Richard Dean Dr",,GA06,UNH,UnitedHealth Group Incorporated Common Stock,ST,sell_full,"$1,001 - $15,000",2026-07-30,2026-08-14,15,https://disclosures-clerk.house.gov/public_disc/ptr-pdfs/2026/20035204.pdf
"McCormick, Hon. Richard Dean Dr",,GA06,V,Visa Inc.,ST,sell_full,"$1,001 - $15,000",2026-07-30,2026-08-14,15,https://disclosures-clerk.house.gov/public_disc/ptr-pdfs/2026/20035204.pdf
"McCormick, Hon. Richard Dean Dr",,GA06,WMT,Walmart Inc. - Common Stock,ST,sell_full,"$1,001 - $15,000",2026-07-30,2026-08-14,15,https://disclosures-clerk.house.gov/public_disc/ptr-pdfs/2026/20035204.pdf
"Delaney, Hon. April McClain",,MD06,BWXT,"BWX Technologies, Inc. Common Stock",ST,buy,"$1,001 - $15,000",2026-07-30,2026-08-03,4,https://disclosures-clerk.house.gov/public_disc/ptr-pdfs/2026/20035118.pdf
"Delaney, Hon. April McClain",,MD06,CPAY,"Corpay, Inc. Common Stock",ST,sell_partial,"$1,001 - $15,000",2026-07-30,2026-08-03,4,https://disclosures-clerk.house.gov/public_disc/ptr-pdfs/2026/20035118.pdf
"Delaney, Hon. April McClain",,MD06,ENTG,"Entegris, Inc. - Common Stock",ST,buy,"$1,001 - $15,000",2026-07-30,2026-08-03,4,https://disclosures-clerk.house.gov/public_disc/ptr-pdfs/2026/20035118.pdf
"Delaney, Hon. April McClain",,MD06,LTH,"Life Time Group Holdings, Inc. Common Stock",ST,buy,"$1,001 - $15,000",2026-07-30,2026-08-03,4,https://disclosures-clerk.house.gov/public_disc/ptr-pdfs/2026/20035118.pdf
"Delaney, Hon. April McClain",,MD06,SCI,Service Corporation International Common Stock,ST,sell_partial,"$1,001 - $15,000",2026-07-30,2026-08-03,4,https://disclosures-clerk.house.gov/public_disc/ptr-pdfs/2026/20035118.pdf
"Delaney, Hon. April McClain",,MD06,SGI,Somnigroup International Inc. Common Stock,ST,buy,"$15,001 - $50,000",2026-07-30,2026-08-03,4,https://disclosures-clerk.house.gov/public_disc/ptr-pdfs/2026/20035118.pdf
"Delaney, Hon. April McClain",,MD06,FWONK,Liberty Media Corporation - Series C Liberty Formula One Common Stock,ST,buy,"$1,001 - $15,000",2026-07-29,2026-08-03,5,https://disclosures-clerk.house.gov/public_disc/ptr-pdfs/2026/20035118.pdf
"Delaney, Hon. April McClain",,MD06,LTH,"Life Time Group Holdings, Inc. Common Stock",ST,buy,"$1,001 - $15,000",2026-07-29,2026-08-03,5,https://disclosures-clerk.house.gov/public_disc/ptr-pdfs/2026/20035118.pdf
"Delaney, Hon. April McClain",,MD06,MKL,Markel Group Inc. Common Stock,ST,sell_partial,"$1,001 - $15,000",2026-07-29,2026-08-03,5,https://disclosures-clerk.house.gov/public_disc/ptr-pdfs/2026/20035118.pdf
"Delaney, Hon. April McClain",,MD06,STE,STERIS plc,ST,sell_partial,"$1,001 - $15,000",2026-07-29,2026-08-03,5,https://disclosures-clerk.house.gov/public_disc/ptr-pdfs/2026/20035118.pdf
"Peters, Hon. Scott H.",D,CA50,,Smash Capital Fund II LP,OT,buy,"$50,001 - $100,000",2026-07-28,2026-08-17,20,https://disclosures-clerk.house.gov/public_disc/ptr-pdfs/2026/20035191.pdf
"Peters, Hon. Scott H.",D,CA50,,U.S. Treasury Bill,GS,sell_partial,"$15,001 - $50,000",2026-07-28,2026-08-17,20,https://disclosures-clerk.house.gov/public_disc/ptr-pdfs/2026/20035191.pdf
"Peters, Hon. Scott H.",D,CA50,,U.S. Treasury Bill,GS,sell_partial,"$50,001 - $100,000",2026-07-28,2026-08-17,20,https://disclosures-clerk.house.gov/public_disc/ptr-pdfs/2026/20035191.pdf
"Salazar, Hon. Maria Elvira",R,FL27,BRK.B,Berkshire Hathaway Inc. New Common Stock,ST,buy,"$1,001 - $15,000",2026-07-28,2026-08-07,10,https://disclosures-clerk.house.gov/public_disc/ptr-pdfs/2026/20035138.pdf
"Salazar, Hon. Maria Elvira",R,FL27,BRK.B,Berkshire Hathaway Inc. New Common Stock,ST,buy,"$15,001 - $50,000",2026-07-28,2026-08-07,10,https://disclosures-clerk.house.gov/public_disc/ptr-pdfs/2026/20035138.pdf
"Salazar, Hon. Maria Elvira",R,FL27,CARR,Carrier Global Corporation Common Stock,ST,sell_full,"$15,001 - $50,000",2026-07-28,2026-08-07,10,https://disclosures-clerk.house.gov/public_disc/ptr-pdfs/2026/20035138.pdf
"Salazar, Hon. Maria Elvira",R,FL27,CARR,Carrier Global Corporation Common Stock,ST,sell_full,"$1,001 - $15,000",2026-07-28,2026-08-07,10,https://disclosures-clerk.house.gov/public_disc/ptr-pdfs/2026/20035138.pdf
"Delaney, Hon. April McClain",,MD06,CHRW,"C.H. Robinson Worldwide, Inc. - Common Stock",ST,buy,"$1,001 - $15,000",2026-07-28,2026-08-03,6,https://disclosures-clerk.house.gov/public_disc/ptr-pdfs/2026/20035118.pdf
"Delaney, Hon. April McClain",,MD06,CLH,"Clean Harbors, Inc. Common Stock",ST,sell_partial,"$1,001 - $15,000",2026-07-28,2026-08-03,6,https://disclosures-clerk.house.gov/public_disc/ptr-pdfs/2026/20035118.pdf
"Delaney, Hon. April McClain",,MD06,CPAY,"Corpay, Inc. Common Stock",ST,sell_partial,"$1,001 - $15,000",2026-07-28,2026-08-03,6,https://disclosures-clerk.house.gov/public_disc/ptr-pdfs/2026/20035118.pdf
"Delaney, Hon. April McClain",,MD06,FWONK,Liberty Media Corporation - Series C Liberty Formula One Common Stock,ST,buy,"$15,001 - $50,000",2026-07-28,2026-08-03,6,https://disclosures-clerk.house.gov/public_disc/ptr-pdfs/2026/20035118.pdf
"Delaney, Hon. April McClain",,MD06,LTH,"Life Time Group Holdings, Inc. Common Stock",ST,buy,"$1,001 - $15,000",2026-07-28,2026-08-03,6,https://disclosures-clerk.house.gov/public_disc/ptr-pdfs/2026/20035118.pdf
"Delaney, Hon. April McClain",,MD06,MKL,Markel Group Inc. Common Stock,ST,sell_partial,"$1,001 - $15,000",2026-07-28,2026-08-03,6,https://disclosures-clerk.house.gov/public_disc/ptr-pdfs/2026/20035118.pdf
"Delaney, Hon. April McClain",,MD06,TDG,Transdigm Group Incorporated Common Stock,ST,buy,"$1,001 - $15,000",2026-07-28,2026-08-03,6,https://disclosures-clerk.house.gov/public_disc/ptr-pdfs/2026/20035118.pdf
"Delaney, Hon. April McClain",,MD06,WAB,Westinghouse Air Brake Technologies Corporation Common Stock,ST,sell_partial,"$1,001 - $15,000",2026-07-28,2026-08-03,6,https://disclosures-clerk.house.gov/public_disc/ptr-pdfs/2026/20035118.pdf
"Peters, Hon. Scott H.",D,CA50,,U.S. Treasury Bill,GS,buy,"$50,001 - $100,000",2026-07-27,2026-08-17,21,https://disclosures-clerk.house.gov/public_disc/ptr-pdfs/2026/20035191.pdf
"Delaney, Hon. April McClain",,MD06,BWXT,"BWX Technologies, Inc. Common Stock",ST,buy,"$1,001 - $15,000",2026-07-27,2026-08-03,7,https://disclosures-clerk.house.gov/public_disc/ptr-pdfs/2026/20035118.pdf
"Delaney, Hon. April McClain",,MD06,CHRW,"C.H. Robinson Worldwide, Inc. - Common Stock",ST,buy,"$15,001 - $50,000",2026-07-27,2026-08-03,7,https://disclosures-clerk.house.gov/public_disc/ptr-pdfs/2026/20035118.pdf
"Delaney, Hon. April McClain",,MD06,CLH,"Clean Harbors, Inc. Common Stock",ST,sell_partial,"$1,001 - $15,000",2026-07-27,2026-08-03,7,https://disclosures-clerk.house.gov/public_disc/ptr-pdfs/2026/20035118.pdf
"Delaney, Hon. April McClain",,MD06,LTH,"Life Time Group Holdings, Inc. Common Stock",ST,buy,"$1,001 - $15,000",2026-07-27,2026-08-03,7,https://disclosures-clerk.house.gov/public_disc/ptr-pdfs/2026/20035118.pdf
"Delaney, Hon. April McClain",,MD06,MKL,Markel Group Inc. Common Stock,ST,sell_partial,"$1,001 - $15,000",2026-07-27,2026-08-03,7,https://disclosures-clerk.house.gov/public_disc/ptr-pdfs/2026/20035118.pdf
"Delaney, Hon. April McClain",,MD06,SCI,Service Corporation International Common Stock,ST,sell_partial,"$1,001 - $15,000",2026-07-27,2026-08-03,7,https://disclosures-clerk.house.gov/public_disc/ptr-pdfs/2026/20035118.pdf
"Delaney, Hon. April McClain",,MD06,STE,STERIS plc,ST,sell_partial,"$1,001 - $15,000",2026-07-27,2026-08-03,7,https://disclosures-clerk.house.gov/public_disc/ptr-pdfs/2026/20035118.pdf
"Delaney, Hon. April McClain",,MD06,TSCO,Tractor Supply Company - Common Stock,ST,sell_partial,"$15,001 - $50,000",2026-07-27,2026-08-03,7,https://disclosures-clerk.house.gov/public_disc/ptr-pdfs/2026/20035118.pdf
"Beyer, Hon. Donald Sternoff, Jr",D,VA08,,Tri-Creek 5.00% 7/15/33,GS,buy,"$50,001 - $100,000",2026-07-27,2026-08-01,5,https://disclosures-clerk.house.gov/public_disc/ptr-pdfs/2026/20035106.pdf
"Peters, Hon. Scott H.",D,CA50,,Los Angeles CA GO UTX,GS,sell_partial,"$500,001 - $1,000,000",2026-07-24,2026-08-17,24,https://disclosures-clerk.house.gov/public_disc/ptr-pdfs/2026/20035191.pdf
"Peters, Hon. Scott H.",D,CA50,,Los Angeles CA IMPT SCH,GS,sell_full,"$50,001 - $100,000",2026-07-24,2026-08-17,24,https://disclosures-clerk.house.gov/public_disc/ptr-pdfs/2026/20035191.pdf
"Peters, Hon. Scott H.",D,CA50,,Los Angeles CA IMPTSch,GS,sell_full,"$500,001 - $1,000,000",2026-07-24,2026-08-17,24,https://disclosures-clerk.house.gov/public_disc/ptr-pdfs/2026/20035191.pdf
"Gottheimer, Hon. Josh",D,NJ05,GOOGM,Share of Series A Mandatory Convertible Preferred Stock,ST,buy,"$1,001 - $15,000",2026-07-24,2026-08-10,17,https://disclosures-clerk.house.gov/public_disc/ptr-pdfs/2026/20035186.pdf
"Gottheimer, Hon. Josh",D,NJ05,GOOGN,Share of Series B Mandatory Convertible Preferred Stock,ST,buy,"$1,001 - $15,000",2026-07-24,2026-08-10,17,https://disclosures-clerk.house.gov/public_disc/ptr-pdfs/2026/20035186.pdf
"Hern, Hon. Kevin",R,OK01,,GOVERNMENTAL BLDG 05.00000% 09/01/2030,GS,buy,"$50,001 - $100,000",2026-07-24,2026-08-10,17,https://disclosures-clerk.house.gov/public_disc/ptr-pdfs/2026/20035134.pdf
"Hern, Hon. Kevin",R,OK01,,TULSA CNTY OKLA INDPT SCH DIST NO 02.00000% 09/01/2026,GS,buy,"$100,001 - $250,000",2026-07-24,2026-08-10,17,https://disclosures-clerk.house.gov/public_disc/ptr-pdfs/2026/20035134.pdf
"Taylor, Hon. David J.",R,OH02,AVGO,Broadcom Inc. - Common Stock,ST,buy,"$1,001 - $15,000",2026-07-24,2026-08-06,13,https://disclosures-clerk.house.gov/public_disc/ptr-pdfs/2026/20035146.pdf
"Taylor, Hon. David J.",R,OH02,FITB,Fifth Third Bancorp - Common Stock,ST,sell_full,"$1,001 - $15,000",2026-07-24,2026-08-06,13,https://disclosures-clerk.house.gov/public_disc/ptr-pdfs/2026/20035146.pdf
"Taylor, Hon. David J.",R,OH02,FITB,Fifth Third Bancorp - Common Stock,ST,sell_full,"$1,001 - $15,000",2026-07-24,2026-08-06,13,https://disclosures-clerk.house.gov/public_disc/ptr-pdfs/2026/20035146.pdf
"Taylor, Hon. David J.",R,OH02,,Kroger Company (KR),ST,buy,"$1,001 - $15,000",2026-07-24,2026-08-06,13,https://disclosures-clerk.house.gov/public_disc/ptr-pdfs/2026/20035146.pdf
"Taylor, Hon. David J.",R,OH02,,Kroger Company (KR),ST,buy,"$1,001 - $15,000",2026-07-24,2026-08-06,13,https://disclosures-clerk.house.gov/public_disc/ptr-pdfs/2026/20035146.pdf
"Taylor, Hon. David J.",R,OH02,MPC,Marathon Petroleum Corporation Common Stock,ST,sell_full,"$1,001 - $15,000",2026-07-24,2026-08-06,13,https://disclosures-clerk.house.gov/public_disc/ptr-pdfs/2026/20035146.pdf
"Taylor, Hon. David J.",R,OH02,MPC,Marathon Petroleum Corporation Common Stock,ST,sell_full,"$1,001 - $15,000",2026-07-24,2026-08-06,13,https://disclosures-clerk.house.gov/public_disc/ptr-pdfs/2026/20035146.pdf
"Taylor, Hon. David J.",R,OH02,MSFT,Microsoft Corporation - Common Stock,ST,buy,"$1,001 - $15,000",2026-07-24,2026-08-06,13,https://disclosures-clerk.house.gov/public_disc/ptr-pdfs/2026/20035146.pdf
"Taylor, Hon. David J.",R,OH02,MSFT,Microsoft Corporation - Common Stock,ST,buy,"$1,001 - $15,000",2026-07-24,2026-08-06,13,https://disclosures-clerk.house.gov/public_disc/ptr-pdfs/2026/20035146.pdf
"Delaney, Hon. April McClain",,MD06,BWXT,"BWX Technologies, Inc. Common Stock",ST,buy,"$15,001 - $50,000",2026-07-24,2026-08-03,10,https://disclosures-clerk.house.gov/public_disc/ptr-pdfs/2026/20035118.pdf
"Delaney, Hon. April McClain",,MD06,CHRW,"C.H. Robinson Worldwide, Inc. - Common Stock",ST,buy,"$1,001 - $15,000",2026-07-24,2026-08-03,10,https://disclosures-clerk.house.gov/public_disc/ptr-pdfs/2026/20035118.pdf
"Delaney, Hon. April McClain",,MD06,CLH,"Clean Harbors, Inc. Common Stock",ST,sell_partial,"$1,001 - $15,000",2026-07-24,2026-08-03,10,https://disclosures-clerk.house.gov/public_disc/ptr-pdfs/2026/20035118.pdf
"Delaney, Hon. April McClain",,MD06,FWONK,Liberty Media Corporation - Series C Liberty Formula One Common Stock,ST,buy,"$15,001 - $50,000",2026-07-24,2026-08-03,10,https://disclosures-clerk.house.gov/public_disc/ptr-pdfs/2026/20035118.pdf
"Delaney, Hon. April McClain",,MD06,LTH,"Life Time Group Holdings, Inc. Common Stock",ST,buy,"$15,001 - $50,000",2026-07-24,2026-08-03,10,https://disclosures-clerk.house.gov/public_disc/ptr-pdfs/2026/20035118.pdf
"Delaney, Hon. April McClain",,MD06,MKL,Markel Group Inc. Common Stock,ST,sell_partial,"$1,001 - $15,000",2026-07-24,2026-08-03,10,https://disclosures-clerk.house.gov/public_disc/ptr-pdfs/2026/20035118.pdf
"Delaney, Hon. April McClain",,MD06,MLM,"Martin Marietta Materials, Inc. Common Stock",ST,buy,"$15,001 - $50,000",2026-07-24,2026-08-03,10,https://disclosures-clerk.house.gov/public_disc/ptr-pdfs/2026/20035118.pdf
"Delaney, Hon. April McClain",,MD06,STE,STERIS plc,ST,sell_partial,"$1,001 - $15,000",2026-07-24,2026-08-03,10,https://disclosures-clerk.house.gov/public_disc/ptr-pdfs/2026/20035118.pdf
"Sessions, Hon. Pete",R,TX17,ARCC,Ares Capital Corporation - Closed End Fund,ST,sell_full,"$1,001 - $15,000",2026-07-24,2026-07-24,0,https://disclosures-clerk.house.gov/public_disc/ptr-pdfs/2026/20035068.pdf
"Peters, Hon. Scott H.",D,CA50,,U.S. Treasury Bill,GS,sell_partial,"$50,001 - $100,000",2026-07-23,2026-08-17,25,https://disclosures-clerk.house.gov/public_disc/ptr-pdfs/2026/20035191.pdf
"DelBene, Hon. Suzan K.",D,WA01,,Rate Unltd Tax BLDG Ref BDS Ser. 2024B,GS,buy,"$250,001 - $500,000",2026-07-23,2026-08-11,19,https://disclosures-clerk.house.gov/public_disc/ptr-pdfs/2026/20035175.pdf
"Gottheimer, Hon. Josh",D,NJ05,GOOGN,Share of Series B Mandatory Convertible Preferred Stock,ST,buy,"$1,001 - $15,000",2026-07-23,2026-08-10,18,https://disclosures-clerk.house.gov/public_disc/ptr-pdfs/2026/20035186.pdf
"Gottheimer, Hon. Josh",D,NJ05,CCI,Crown Castle Inc. Common Stock,ST,sell_full,"$1,001 - $15,000",2026-07-23,2026-08-10,18,https://disclosures-clerk.house.gov/public_disc/ptr-pdfs/2026/20035186.pdf
"Delaney, Hon. April McClain",,MD06,HUBB,Hubbell Inc Common Stock,ST,buy,"$15,001 - $50,000",2026-07-23,2026-08-03,11,https://disclosures-clerk.house.gov/public_disc/ptr-pdfs/2026/20035118.pdf
"Delaney, Hon. April McClain",,MD06,FWONK,Liberty Media Corporation - Series C Liberty Formula One Common Stock,ST,buy,"$15,001 - $50,000",2026-07-23,2026-08-03,11,https://disclosures-clerk.house.gov/public_disc/ptr-pdfs/2026/20035118.pdf
"Delaney, Hon. April McClain",,MD06,VIK,Viking Holdings Ltd Ordinary Shares,ST,sell_partial,"$1,001 - $15,000",2026-07-23,2026-08-03,11,https://disclosures-clerk.house.gov/public_disc/ptr-pdfs/2026/20035118.pdf
"Delaney, Hon. April McClain",,MD06,WAB,Westinghouse Air Brake Technologies Corporation Common Stock,ST,sell_partial,"$15,001 - $50,000",2026-07-23,2026-08-03,11,https://disclosures-clerk.house.gov/public_disc/ptr-pdfs/2026/20035118.pdf
"Kean, Hon. Thomas H., Jr",R,NJ07,GOOGL,Alphabet Inc. - Class A Common Stock,ST,sell_partial,"$1,001 - $15,000",2026-07-22,2026-08-18,27,https://disclosures-clerk.house.gov/public_disc/ptr-pdfs/2026/20035273.pdf
"Kean, Hon. Thomas H., Jr",R,NJ07,SYK,Stryker Corporation Common Stock,ST,sell_partial,"$1,001 - $15,000",2026-07-22,2026-08-18,27,https://disclosures-clerk.house.gov/public_disc/ptr-pdfs/2026/20035273.pdf
"Peters, Hon. Scott H.",D,CA50,,Charlotte-Meckle HLTH,GS,sell_full,"$250,001 - $500,000",2026-07-22,2026-08-17,26,https://disclosures-clerk.house.gov/public_disc/ptr-pdfs/2026/20035191.pdf
"Peters, Hon. Scott H.",D,CA50,,"Valo Ventures GP II, LP",OT,buy,"$15,001 - $50,000",2026-07-22,2026-08-17,26,https://disclosures-clerk.house.gov/public_disc/ptr-pdfs/2026/20035191.pdf
"Delaney, Hon. April McClain",,MD06,FWONK,Liberty Media Corporation - Series C Liberty Formula One Common Stock,ST,buy,"$1,001 - $15,000",2026-07-22,2026-08-03,12,https://disclosures-clerk.house.gov/public_disc/ptr-pdfs/2026/20035118.pdf
"Miller, Hon. Max",R,OH07,,"Opportunity Fund II (GLAS Funds, LP)",HN,buy,"$1,001 - $15,000",2026-07-22,2026-07-26,4,https://disclosures-clerk.house.gov/public_disc/ptr-pdfs/2026/20035075.pdf
"Delaney, Hon. April McClain",,MD06,LTH,"Life Time Group Holdings, Inc. Common Stock",ST,buy,"$1,001 - $15,000",2026-07-21,2026-08-03,13,https://disclosures-clerk.house.gov/public_disc/ptr-pdfs/2026/20035118.pdf
"Delaney, Hon. April McClain",,MD06,LYV,"Live Nation Entertainment, Inc. Common Stock",ST,sell_partial,"$1,001 - $15,000",2026-07-21,2026-08-03,13,https://disclosures-clerk.house.gov/public_disc/ptr-pdfs/2026/20035118.pdf
"Liccardo, Hon. Sam T.",D,CA16,NVDA,NVIDIA Corporation - Common Stock,ST,sell_partial,"$15,001 - $50,000",2026-07-21,2026-07-27,6,https://disclosures-clerk.house.gov/public_disc/ptr-pdfs/2026/20034736.pdf
"Gottheimer, Hon. Josh",D,NJ05,NICE,Shares each representing one Ordinary Share,ST,buy,"$1,001 - $15,000",2026-07-20,2026-08-10,21,https://disclosures-clerk.house.gov/public_disc/ptr-pdfs/2026/20035186.pdf
"Gottheimer, Hon. Josh",D,NJ05,SAIL,"SailPoint Technologies Holdings, Inc.",ST,buy,"$1,001 - $15,000",2026-07-20,2026-08-10,21,https://disclosures-clerk.house.gov/public_disc/ptr-pdfs/2026/20035186.pdf
"Delaney, Hon. April McClain",,MD06,CHRW,"C.H. Robinson Worldwide, Inc. - Common Stock",ST,buy,"$1,001 - $15,000",2026-07-20,2026-08-03,14,https://disclosures-clerk.house.gov/public_disc/ptr-pdfs/2026/20035118.pdf
"Delaney, Hon. April McClain",,MD06,LTH,"Life Time Group Holdings, Inc. Common Stock",ST,buy,"$1,001 - $15,000",2026-07-20,2026-08-03,14,https://disclosures-clerk.house.gov/public_disc/ptr-pdfs/2026/20035118.pdf
"Delaney, Hon. April McClain",,MD06,LYV,"Live Nation Entertainment, Inc. Common Stock",ST,sell_partial,"$1,001 - $15,000",2026-07-20,2026-08-03,14,https://disclosures-clerk.house.gov/public_disc/ptr-pdfs/2026/20035118.pdf
"Delaney, Hon. April McClain",,MD06,MLM,"Martin Marietta Materials, Inc. Common Stock",ST,buy,"$1,001 - $15,000",2026-07-20,2026-08-03,14,https://disclosures-clerk.house.gov/public_disc/ptr-pdfs/2026/20035118.pdf
"Delaney, Hon. April McClain",,MD06,SCI,Service Corporation International Common Stock,ST,sell_partial,"$1,001 - $15,000",2026-07-20,2026-08-03,14,https://disclosures-clerk.house.gov/public_disc/ptr-pdfs/2026/20035118.pdf
"Latta, Hon. Robert E.",R,OH05,FMAO,"Farmers & Merchants Bancorp, Inc.",ST,buy,"$1,001 - $15,000",2026-07-20,2026-07-24,4,https://disclosures-clerk.house.gov/public_disc/ptr-pdfs/2026/20035065.pdf
"Himes, Hon. James A.",D,CT04,BAC,Bank of America Corporation Common Stock,ST,sell_full,"$1,001 - $15,000",2026-07-20,2026-07-20,0,https://disclosures-clerk.house.gov/public_disc/ptr-pdfs/2026/20035047.pdf
"Himes, Hon. James A.",D,CT04,XOM,ExxonMobil Holdings Corporation Common Stock,ST,sell_full,"$15,001 - $50,000",2026-07-20,2026-07-20,0,https://disclosures-clerk.house.gov/public_disc/ptr-pdfs/2026/20035047.pdf
"Himes, Hon. James A.",D,CT04,HD,"Home Depot, Inc.",ST,sell_full,"$15,001 - $50,000",2026-07-20,2026-07-20,0,https://disclosures-clerk.house.gov/public_disc/ptr-pdfs/2026/20035047.pdf
"Kelly, Hon. Mike",R,PA16,ABT,Abbott Laboratories Common Stock,ST,sell_full,"$1,001 - $15,000",2026-07-17,2026-08-12,26,https://disclosures-clerk.house.gov/public_disc/ptr-pdfs/2026/20035203.pdf
"Kelly, Hon. Mike",R,PA16,PEP,"Pepsico, Inc.",ST,sell_full,"$15,001 - $50,000",2026-07-17,2026-08-12,26,https://disclosures-clerk.house.gov/public_disc/ptr-pdfs/2026/20035203.pdf
"Kelly, Hon. Mike",R,PA16,,Walt Disney Company (DIS),ST,sell_full,"$1,001 - $15,000",2026-07-17,2026-08-12,26,https://disclosures-clerk.house.gov/public_disc/ptr-pdfs/2026/20035203.pdf
"Kelly, Hon. Mike",R,PA16,,California Cmnty Choice Fing & Clean Ener 5% due 10/1/2034%,GS,buy,"$50,001 - $100,000",2026-07-17,2026-08-12,26,https://disclosures-clerk.house.gov/public_disc/ptr-pdfs/2026/20035209.pdf
"Gottheimer, Hon. Josh",D,NJ05,GTLS,"Chart Industries, Inc.",ST,sell_full,"$1,001 - $15,000",2026-07-17,2026-08-10,24,https://disclosures-clerk.house.gov/public_disc/ptr-pdfs/2026/20035186.pdf
"Gottheimer, Hon. Josh",D,NJ05,MNST,Monster Beverage Corporation - Common Stock,ST,buy,"$1,001 - $15,000",2026-07-17,2026-08-10,24,https://disclosures-clerk.house.gov/public_disc/ptr-pdfs/2026/20035186.pdf
"Hern, Hon. Kevin",R,OK01,,LAWTON OKLA GO BDS SER. 2019 02.00000% 12/01/2027,GS,buy,"$15,001 - $50,000",2026-07-17,2026-08-10,24,https://disclosures-clerk.house.gov/public_disc/ptr-pdfs/2026/20035134.pdf
"Hern, Hon. Kevin",R,OK01,,OKLAHOMA CNTY OKLA FIN AUTH LEASE REV 03.00000% 12/01/2028,GS,buy,"$15,001 - $50,000",2026-07-17,2026-08-10,24,https://disclosures-clerk.house.gov/public_disc/ptr-pdfs/2026/20035134.pdf
"Taylor, Hon. David J.",R,OH02,GOOGL,Alphabet Inc. - Class A Common Stock,ST,buy,"$1,001 - $15,000",2026-07-17,2026-08-06,20,https://disclosures-clerk.house.gov/public_disc/ptr-pdfs/2026/20035146.pdf
"Delaney, Hon. April McClain",,MD06,CPAY,"Corpay, Inc. Common Stock",ST,sell_partial,"$1,001 - $15,000",2026-07-17,2026-08-03,17,https://disclosures-clerk.house.gov/public_disc/ptr-pdfs/2026/20035118.pdf
"Delaney, Hon. April McClain",,MD06,LTH,"Life Time Group Holdings, Inc. Common Stock",ST,buy,"$1,001 - $15,000",2026-07-17,2026-08-03,17,https://disclosures-clerk.house.gov/public_disc/ptr-pdfs/2026/20035118.pdf
"Delaney, Hon. April McClain",,MD06,MLM,"Martin Marietta Materials, Inc. Common Stock",ST,buy,"$1,001 - $15,000",2026-07-17,2026-08-03,17,https://disclosures-clerk.house.gov/public_disc/ptr-pdfs/2026/20035118.pdf
"Delaney, Hon. April McClain",,MD06,SCI,Service Corporation International Common Stock,ST,sell_partial,"$1,001 - $15,000",2026-07-17,2026-08-03,17,https://disclosures-clerk.house.gov/public_disc/ptr-pdfs/2026/20035118.pdf
"Gottheimer, Hon. Josh",D,NJ05,IBM,International Business Machines Corporation Common Stock,ST,sell_full,"$1,001 - $15,000",2026-07-16,2026-08-10,25,https://disclosures-clerk.house.gov/public_disc/ptr-pdfs/2026/20035186.pdf
"Gottheimer, Hon. Josh",D,NJ05,PANW,"Palo Alto Networks, Inc.",ST,buy,"$1,001 - $15,000",2026-07-16,2026-08-10,25,https://disclosures-clerk.house.gov/public_disc/ptr-pdfs/2026/20035186.pdf
"Delaney, Hon. April McClain",,MD06,CPAY,"Corpay, Inc. Common Stock",ST,sell_partial,"$1,001 - $15,000",2026-07-16,2026-08-03,18,https://disclosures-clerk.house.gov/public_disc/ptr-pdfs/2026/20035118.pdf
"Gottheimer, Hon. Josh",D,NJ05,CRWD,"CrowdStrike Holdings, Inc. - Class A Common Stock",ST,buy,"$1,001 - $15,000",2026-07-15,2026-08-10,26,https://disclosures-clerk.house.gov/public_disc/ptr-pdfs/2026/20035186.pdf
"Gottheimer, Hon. Josh",D,NJ05,IBM,International Business Machines Corporation Common Stock,ST,sell_partial,"$1,001 - $15,000",2026-07-15,2026-08-10,26,https://disclosures-clerk.house.gov/public_disc/ptr-pdfs/2026/20035186.pdf
"McGuire, Hon. John J Mr, III",R,VA05,AMAT,"Applied Materials, Inc. - Common Stock",ST,buy,"$1,001 - $15,000",2026-07-15,2026-08-10,26,https://disclosures-clerk.house.gov/public_disc/ptr-pdfs/2026/20035180.pdf
"McClain, Hon. Lisa",R,MI09,,Saronic Technologies,PS,buy,"$50,001 - $100,000",2026-07-15,2026-08-05,21,https://disclosures-clerk.house.gov/public_disc/ptr-pdfs/2026/20035131.pdf
"Delaney, Hon. April McClain",,MD06,CPAY,"Corpay, Inc. Common Stock",ST,sell_partial,"$1,001 - $15,000",2026-07-15,2026-08-03,19,https://disclosures-clerk.house.gov/public_disc/ptr-pdfs/2026/20035118.pdf
"Allen, Hon. Richard W.",R,GA12,ABT,Abbott Laboratories Common Stock,ST,sell_full,"$15,001 - $50,000",2026-07-14,2026-08-18,35,https://disclosures-clerk.house.gov/public_disc/ptr-pdfs/2026/20035260.pdf
"Allen, Hon. Richard W.",R,GA12,AMD,"Advanced Micro Devices, Inc.",ST,buy,"$1,001 - $15,000",2026-07-14,2026-08-18,35,https://disclosures-clerk.house.gov/public_disc/ptr-pdfs/2026/20035260.pdf
"Allen, Hon. Richard W.",R,GA12,AVGO,Broadcom Inc. - Common Stock,ST,buy,"$1,001 - $15,000",2026-07-14,2026-08-18,35,https://disclosures-clerk.house.gov/public_disc/ptr-pdfs/2026/20035260.pdf
"Gottheimer, Hon. Josh",D,NJ05,FN,Fabrinet Ordinary Shares,ST,sell_full,"$1,001 - $15,000",2026-07-14,2026-08-10,27,https://disclosures-clerk.house.gov/public_disc/ptr-pdfs/2026/20035186.pdf
"McGuire, Hon. John J Mr, III",R,VA05,BLK,"BlackRock, Inc. Common Stock",ST,sell_full,"$1,001 - $15,000",2026-07-14,2026-08-10,27,https://disclosures-clerk.house.gov/public_disc/ptr-pdfs/2026/20035180.pdf
"Dingell, Hon. Debbie",D,MI06,,FHLMC 30 YR GOLD RQ0128,GS,buy,"$15,001 - $50,000",2026-07-14,2026-07-22,8,https://disclosures-clerk.house.gov/public_disc/ptr-pdfs/2026/20035048.pdf
"Yakym, Hon. Rudy C., III",R,IN02,,"Treasury Bill (3-Month, Matures 10/15/2026)",GS,buy,"$15,001 - $50,000",2026-07-13,2026-07-13,0,https://disclosures-clerk.house.gov/public_disc/ptr-pdfs/2026/20034984.pdf
"McGuire, Hon. John J Mr, III",R,VA05,BLK,"BlackRock, Inc. Common Stock",ST,sell_partial,"$1,001 - $15,000",2026-07-10,2026-08-10,31,https://disclosures-clerk.house.gov/public_disc/ptr-pdfs/2026/20035180.pdf
"Fields, Cleo",D,LA06,TSM,Taiwan Semiconductor Manufacturing Company Ltd.,ST,buy,"$1,001 - $15,000",2026-07-10,2026-07-30,20,https://disclosures-clerk.house.gov/public_disc/ptr-pdfs/2026/20035023.pdf
"Newhouse, Hon. Dan",R,WA04,ACN,Accenture plc Class A Ordinary Shares,ST,buy,"$1,001 - $15,000",2026-07-10,2026-07-17,7,https://disclosures-clerk.house.gov/public_disc/ptr-pdfs/2026/20034998.pdf
"Newhouse, Hon. Dan",R,WA04,ADBE,Adobe Inc. - Common Stock,ST,sell_full,"$1,001 - $15,000",2026-07-10,2026-07-17,7,https://disclosures-clerk.house.gov/public_disc/ptr-pdfs/2026/20034998.pdf
"Newhouse, Hon. Dan",R,WA04,AMD,"Advanced Micro Devices, Inc.",ST,sell_partial,"$1,001 - $15,000",2026-07-10,2026-07-17,7,https://disclosures-clerk.house.gov/public_disc/ptr-pdfs/2026/20034998.pdf
"Newhouse, Hon. Dan",R,WA04,GOOGL,Alphabet Inc. - Class A Common Stock,ST,sell_partial,"$1,001 - $15,000",2026-07-10,2026-07-17,7,https://disclosures-clerk.house.gov/public_disc/ptr-pdfs/2026/20034998.pdf
"Newhouse, Hon. Dan",R,WA04,AMCR,Amcor plc Ordinary Shares,ST,buy,"$1,001 - $15,000",2026-07-10,2026-07-17,7,https://disclosures-clerk.house.gov/public_disc/ptr-pdfs/2026/20034998.pdf
"Newhouse, Hon. Dan",R,WA04,APH,Amphenol Corporation Common Stock,ST,buy,"$1,001 - $15,000",2026-07-10,2026-07-17,7,https://disclosures-clerk.house.gov/public_disc/ptr-pdfs/2026/20034998.pdf
"Newhouse, Hon. Dan",R,WA04,AMAT,"Applied Materials, Inc. - Common Stock",ST,sell_partial,"$1,001 - $15,000",2026-07-10,2026-07-17,7,https://disclosures-clerk.house.gov/public_disc/ptr-pdfs/2026/20034998.pdf
"Newhouse, Hon. Dan",R,WA04,ANET,"Arista Networks, Inc. Common Stock",ST,buy,"$1,001 - $15,000",2026-07-10,2026-07-17,7,https://disclosures-clerk.house.gov/public_disc/ptr-pdfs/2026/20034998.pdf
"Newhouse, Hon. Dan",R,WA04,COST,Costco Wholesale Corporation - Common Stock,ST,buy,"$1,001 - $15,000",2026-07-10,2026-07-17,7,https://disclosures-clerk.house.gov/public_disc/ptr-pdfs/2026/20034998.pdf
"Newhouse, Hon. Dan",R,WA04,CSX,CSX Corporation,ST,sell_partial,"$1,001 - $15,000",2026-07-10,2026-07-17,7,https://disclosures-clerk.house.gov/public_disc/ptr-pdfs/2026/20034998.pdf
"Newhouse, Hon. Dan",R,WA04,DE,Deere & Company Common Stock,ST,sell_partial,"$1,001 - $15,000",2026-07-10,2026-07-17,7,https://disclosures-clerk.house.gov/public_disc/ptr-pdfs/2026/20034998.pdf
"Newhouse, Hon. Dan",R,WA04,DUK,Duke Energy Corporation,ST,buy,"$1,001 - $15,000",2026-07-10,2026-07-17,7,https://disclosures-clerk.house.gov/public_disc/ptr-pdfs/2026/20034998.pdf
"Newhouse, Hon. Dan",R,WA04,LLY,Eli Lilly and Company Common Stock,ST,sell_partial,"$1,001 - $15,000",2026-07-10,2026-07-17,7,https://disclosures-clerk.house.gov/public_disc/ptr-pdfs/2026/20034998.pdf
"Newhouse, Hon. Dan",R,WA04,FIS,"Fidelity National Information Services, Inc. Common Stock",ST,buy,"$1,001 - $15,000",2026-07-10,2026-07-17,7,https://disclosures-clerk.house.gov/public_disc/ptr-pdfs/2026/20034998.pdf
"Newhouse, Hon. Dan",R,WA04,FE,FirstEnergy Corp. Common Stock,ST,buy,"$1,001 - $15,000",2026-07-10,2026-07-17,7,https://disclosures-clerk.house.gov/public_disc/ptr-pdfs/2026/20034998.pdf
"Newhouse, Hon. Dan",R,WA04,FMC,FMC Corporation Common Stock,ST,sell_full,"$1,001 - $15,000",2026-07-10,2026-07-17,7,https://disclosures-clerk.house.gov/public_disc/ptr-pdfs/2026/20034998.pdf
"Newhouse, Hon. Dan",R,WA04,FTNT,"Fortinet, Inc. - Common Stock",ST,sell_partial,"$1,001 - $15,000",2026-07-10,2026-07-17,7,https://disclosures-clerk.house.gov/public_disc/ptr-pdfs/2026/20034998.pdf
"Newhouse, Hon. Dan",R,WA04,HONAV,Honeywell Aerospace Inc. - Common Stock,ST,sell_partial,"$1,001 - $15,000",2026-07-10,2026-07-17,7,https://disclosures-clerk.house.gov/public_disc/ptr-pdfs/2026/20034998.pdf
"Newhouse, Hon. Dan",R,WA04,HON,Honeywell International Inc.,ST,buy,"$1,001 - $15,000",2026-07-10,2026-07-17,7,https://disclosures-clerk.house.gov/public_disc/ptr-pdfs/2026/20034998.pdf
"Newhouse, Hon. Dan",R,WA04,INTU,Intuit Inc. - Common Stock,ST,sell_full,"$1,001 - $15,000",2026-07-10,2026-07-17,7,https://disclosures-clerk.house.gov/public_disc/ptr-pdfs/2026/20034998.pdf
"Newhouse, Hon. Dan",R,WA04,MGA,"Magna International, Inc. Common Stock",ST,sell_partial,"$1,001 - $15,000",2026-07-10,2026-07-17,7,https://disclosures-clerk.house.gov/public_disc/ptr-pdfs/2026/20034998.pdf
"Newhouse, Hon. Dan",R,WA04,MPC,Marathon Petroleum Corporation Common Stock,ST,sell_partial,"$1,001 - $15,000",2026-07-10,2026-07-17,7,https://disclosures-clerk.house.gov/public_disc/ptr-pdfs/2026/20034998.pdf
"Newhouse, Hon. Dan",R,WA04,MU,"Micron Technology, Inc. - Common Stock",ST,buy,"$1,001 - $15,000",2026-07-10,2026-07-17,7,https://disclosures-clerk.house.gov/public_disc/ptr-pdfs/2026/20034998.pdf
"Newhouse, Hon. Dan",R,WA04,MS,Morgan Stanley Common Stock,ST,buy,"$1,001 - $15,000",2026-07-10,2026-07-17,7,https://disclosures-clerk.house.gov/public_disc/ptr-pdfs/2026/20034998.pdf
"Newhouse, Hon. Dan",R,WA04,NVDA,NVIDIA Corporation - Common Stock,ST,sell_partial,"$1,001 - $15,000",2026-07-10,2026-07-17,7,https://disclosures-clerk.house.gov/public_disc/ptr-pdfs/2026/20034998.pdf
"Newhouse, Hon. Dan",R,WA04,PANW,"Palo Alto Networks, Inc.",ST,sell_partial,"$1,001 - $15,000",2026-07-10,2026-07-17,7,https://disclosures-clerk.house.gov/public_disc/ptr-pdfs/2026/20034998.pdf
"Newhouse, Hon. Dan",R,WA04,HSY,The Hershey Company Common Stock,ST,sell_full,"$1,001 - $15,000",2026-07-10,2026-07-17,7,https://disclosures-clerk.house.gov/public_disc/ptr-pdfs/2026/20034998.pdf
"Newhouse, Hon. Dan",R,WA04,TMO,Thermo Fisher Scientific Inc Common Stock,ST,sell_full,"$1,001 - $15,000",2026-07-10,2026-07-17,7,https://disclosures-clerk.house.gov/public_disc/ptr-pdfs/2026/20034998.pdf
"Newhouse, Hon. Dan",R,WA04,UBER,"Uber Technologies, Inc. Common Stock",ST,buy,"$1,001 - $15,000",2026-07-10,2026-07-17,7,https://disclosures-clerk.house.gov/public_disc/ptr-pdfs/2026/20034998.pdf
"Newhouse, Hon. Dan",R,WA04,UPS,"United Parcel Service, Inc. Common Stock",ST,sell_full,"$1,001 - $15,000",2026-07-10,2026-07-17,7,https://disclosures-clerk.house.gov/public_disc/ptr-pdfs/2026/20034998.pdf
"Newhouse, Hon. Dan",R,WA04,UNH,UnitedHealth Group Incorporated Common Stock,ST,sell_full,"$1,001 - $15,000",2026-07-10,2026-07-17,7,https://disclosures-clerk.house.gov/public_disc/ptr-pdfs/2026/20034998.pdf
"Kean, Hon. Thomas H., Jr",R,NJ07,AMZN,"Amazon.com, Inc. - Common Stock",ST,buy,"$1,001 - $15,000",2026-07-08,2026-08-18,41,https://disclosures-clerk.house.gov/public_disc/ptr-pdfs/2026/20035273.pdf
"Kean, Hon. Thomas H., Jr",R,NJ07,TOST,"Toast, Inc. Class A Common Stock",ST,buy,"$1,001 - $15,000",2026-07-08,2026-08-18,41,https://disclosures-clerk.house.gov/public_disc/ptr-pdfs/2026/20035273.pdf
"Delaney, Hon. April McClain",,MD06,ENTG,"Entegris, Inc. - Common Stock",ST,buy,"$1,001 - $15,000",2026-07-08,2026-08-03,26,https://disclosures-clerk.house.gov/public_disc/ptr-pdfs/2026/20035118.pdf
"Delaney, Hon. April McClain",,MD06,SCI,Service Corporation International Common Stock,ST,sell_partial,"$1,001 - $15,000",2026-07-08,2026-08-03,26,https://disclosures-clerk.house.gov/public_disc/ptr-pdfs/2026/20035118.pdf
"Larsen, Hon. Rick",D,WA02,ABT,Abbott Laboratories Common Stock,ST,sell_full,"$1,001 - $15,000",2026-07-08,2026-07-12,4,https://disclosures-clerk.house.gov/public_disc/ptr-pdfs/2026/20034977.pdf
"Larsen, Hon. Rick",D,WA02,APH,Amphenol Corporation Common Stock,ST,buy,"$1,001 - $15,000",2026-07-08,2026-07-12,4,https://disclosures-clerk.house.gov/public_disc/ptr-pdfs/2026/20034977.pdf
"Larsen, Hon. Rick",D,WA02,MCK,McKesson Corporation Common Stock,ST,buy,"$1,001 - $15,000",2026-07-08,2026-07-12,4,https://disclosures-clerk.house.gov/public_disc/ptr-pdfs/2026/20034977.pdf
"Larsen, Hon. Rick",D,WA02,SPGI,S&P Global Inc. Common Stock,ST,sell_full,"$1,001 - $15,000",2026-07-08,2026-07-12,4,https://disclosures-clerk.house.gov/public_disc/ptr-pdfs/2026/20034977.pdf
"Kean, Hon. Thomas H., Jr",R,NJ07,EQT,EQT Corporation Common Stock,ST,buy,"$1,001 - $15,000",2026-07-07,2026-08-18,42,https://disclosures-clerk.house.gov/public_disc/ptr-pdfs/2026/20035273.pdf
"Kean, Hon. Thomas H., Jr",R,NJ07,ESAB,ESAB Corporation Common Stock,ST,buy,"$1,001 - $15,000",2026-07-07,2026-08-18,42,https://disclosures-clerk.house.gov/public_disc/ptr-pdfs/2026/20035273.pdf
"McGuire, Hon. John",R,VA05,BLK,"BlackRock, Inc. Common Stock",ST,sell_partial,"$1,001 - $15,000",2026-07-07,2026-07-08,1,https://disclosures-clerk.house.gov/public_disc/ptr-pdfs/2026/20034942.pdf
"Lee, Hon. Laurel",R,FL15,,Nokia Corporation Sponsored American Depositary Shares (NOK),OP,sell_full,"$1,001 - $15,000",2026-07-06,2026-07-19,13,https://disclosures-clerk.house.gov/public_disc/ptr-pdfs/2026/20034694.pdf
"Lee, Hon. Laurel",R,FL15,,Nokia Corporation Sponsored American Depositary Shares (NOK),OP,sell_full,"$1,001 - $15,000",2026-07-06,2026-07-19,13,https://disclosures-clerk.house.gov/public_disc/ptr-pdfs/2026/20034694.pdf
"Delaney, Hon. April McClain",,MD06,SCI,Service Corporation International Common Stock,ST,sell_partial,"$1,001 - $15,000",2026-07-02,2026-08-03,32,https://disclosures-clerk.house.gov/public_disc/ptr-pdfs/2026/20035118.pdf
"Peters, Hon. Scott H.",D,CA50,,Los Angeles Cnty CA TRANs,GS,buy,"$100,001 - $250,000",2026-07-01,2026-08-17,47,https://disclosures-clerk.house.gov/public_disc/ptr-pdfs/2026/20035191.pdf
"Bresnahan, Hon. Rob",R,PA08,,US Treasury Note 06/30/27,GS,buy,"$15,001 - $50,000",2026-07-01,2026-08-12,42,https://disclosures-clerk.house.gov/public_disc/ptr-pdfs/2026/20035216.pdf
"Kelly, Hon. Mike",R,PA16,,Florida St Hsg Fin Corp Rev 3% due 7/1/52,GS,sell_partial,"$1,001 - $15,000",2026-07-01,2026-08-12,42,https://disclosures-clerk.house.gov/public_disc/ptr-pdfs/2026/20035203.pdf
"Rulli, Hon. Michael",R,OH06,LLY,Eli Lilly and Company Common Stock,ST,sell_full,"$1,001 - $15,000",2026-07-01,2026-08-07,37,https://disclosures-clerk.house.gov/public_disc/ptr-pdfs/2026/20035147.pdf
"Rulli, Hon. Michael",R,OH06,KLAC,KLA Corporation - Common Stock,ST,buy,"$1,001 - $15,000",2026-07-01,2026-08-07,37,https://disclosures-clerk.house.gov/public_disc/ptr-pdfs/2026/20035147.pdf
"Salazar, Hon. Maria Elvira",R,FL27,CB,Chubb Limited Common Stock,ST,buy,"$15,001 - $50,000",2026-07-01,2026-08-07,37,https://disclosures-clerk.house.gov/public_disc/ptr-pdfs/2026/20035138.pdf
"Salazar, Hon. Maria Elvira",R,FL27,CB,Chubb Limited Common Stock,ST,buy,"$15,001 - $50,000",2026-07-01,2026-08-07,37,https://disclosures-clerk.house.gov/public_disc/ptr-pdfs/2026/20035138.pdf
"Doggett, Hon. Lloyd",D,TX37,,Coca-Cola Company (KO),ST,buy,"$1,001 - $15,000",2026-07-01,2026-08-05,35,https://disclosures-clerk.house.gov/public_disc/ptr-pdfs/2026/20035136.pdf
"Lee, Hon. Susie",D,NV03,FLL,"Full House Resorts, Inc. - Common Stock",ST,sell_partial,"$1,001 - $15,000",2026-07-01,2026-07-08,7,https://disclosures-clerk.house.gov/public_disc/ptr-pdfs/2026/20034790.pdf
"Keating, Hon. William R.",D,MA09,,CAPITAL ONE FINL CORP NOTE 7.62400% 10/30/2031,CS,buy,"$1,001 - $15,000",2026-06-30,2026-08-13,44,https://disclosures-clerk.house.gov/public_disc/ptr-pdfs/2026/20034898.pdf
"Keating, Hon. William R.",D,MA09,,HCA INC. NOTE CALL MAKE WHOLE 5.62500% 09/01/2028,CS,buy,"$15,001 - $50,000",2026-06-30,2026-08-13,44,https://disclosures-clerk.house.gov/public_disc/ptr-pdfs/2026/20034898.pdf
"Biggs, Hon. Sheri",R,SC03,,Oaktree Strategic Credit Fund Class S,OT,buy,"$1,001 - $15,000",2026-06-30,2026-07-27,27,https://disclosures-clerk.house.gov/public_disc/ptr-pdfs/2026/20035007.pdf
"Kean, Hon. Thomas H., Jr",R,NJ07,ADI,"Analog Devices, Inc. - Common Stock",ST,sell_partial,"$1,001 - $15,000",2026-06-30,2026-07-15,15,https://disclosures-clerk.house.gov/public_disc/ptr-pdfs/2026/20035003.pdf
"Foxx, Hon. Virginia",R,NC05,,D Cumulative Perpetual Redeemable Preferred Stock (EFC$D),ST,buy,"$1,001 - $15,000",2026-06-30,2026-07-10,10,https://disclosures-clerk.house.gov/public_disc/ptr-pdfs/2026/20034895.pdf
"Wittman, Hon. Robert J.",R,VA01,CCI,Crown Castle Inc. Common Stock,ST,sell_full,"$1,001 - $15,000",2026-06-30,2026-07-10,10,https://disclosures-clerk.house.gov/public_disc/ptr-pdfs/2026/20034916.pdf
"Cisneros, Hon. Gilbert",D,CA31,AGX,"Argan, Inc. Common Stock",ST,buy,"$15,001 - $50,000",2026-06-30,2026-07-02,2,https://disclosures-clerk.house.gov/public_disc/ptr-pdfs/2026/20034906.pdf
"Cisneros, Hon. Gilbert",D,CA31,BOOT,"Boot Barn Holdings, Inc. Common Stock",ST,buy,"$1,001 - $15,000",2026-06-30,2026-07-02,2,https://disclosures-clerk.house.gov/public_disc/ptr-pdfs/2026/20034906.pdf
"Cisneros, Hon. Gilbert",D,CA31,BRCM,Broadcom Corporation - Class A,ST,sell_partial,"$1,001 - $15,000",2026-06-30,2026-07-02,2,https://disclosures-clerk.house.gov/public_disc/ptr-pdfs/2026/20034906.pdf
"Cisneros, Hon. Gilbert",D,CA31,CDRE,"Cadre Holdings, Inc. Common Stock",ST,buy,"$1,001 - $15,000",2026-06-30,2026-07-02,2,https://disclosures-clerk.house.gov/public_disc/ptr-pdfs/2026/20034906.pdf
"Cisneros, Hon. Gilbert",D,CA31,CBZ,"CBIZ, Inc. Common Stock",ST,sell_full,"$1,001 - $15,000",2026-06-30,2026-07-02,2,https://disclosures-clerk.house.gov/public_disc/ptr-pdfs/2026/20034906.pdf
"Cisneros, Hon. Gilbert",D,CA31,CECO,CECO Environmental Corp. - Common Stock,ST,buy,"$1,001 - $15,000",2026-06-30,2026-07-02,2,https://disclosures-clerk.house.gov/public_disc/ptr-pdfs/2026/20034906.pdf
"Cisneros, Hon. Gilbert",D,CA31,CRDO,Credo Technology Group Holding Ltd - Ordinary Shares,ST,sell_partial,"$1,001 - $15,000",2026-06-30,2026-07-02,2,https://disclosures-clerk.house.gov/public_disc/ptr-pdfs/2026/20034906.pdf
"Cisneros, Hon. Gilbert",D,CA31,CYTK,"Cytokinetics, Incorporated - Common Stock",ST,buy,"$1,001 - $15,000",2026-06-30,2026-07-02,2,https://disclosures-clerk.house.gov/public_disc/ptr-pdfs/2026/20034906.pdf
"Cisneros, Hon. Gilbert",D,CA31,HQY,"HealthEquity, Inc. - Common Stock",ST,buy,"$1,001 - $15,000",2026-06-30,2026-07-02,2,https://disclosures-clerk.house.gov/public_disc/ptr-pdfs/2026/20034906.pdf
"Cisneros, Hon. Gilbert",D,CA31,MCHP,Microchip Technology Incorporated - Common Stock,ST,buy,"$1,001 - $15,000",2026-06-30,2026-07-02,2,https://disclosures-clerk.house.gov/public_disc/ptr-pdfs/2026/20034906.pdf
"Cisneros, Hon. Gilbert",D,CA31,RBC,RBC Bearings Incorporated Common Stock,ST,sell_partial,"$1,001 - $15,000",2026-06-30,2026-07-02,2,https://disclosures-clerk.house.gov/public_disc/ptr-pdfs/2026/20034906.pdf
"Cisneros, Hon. Gilbert",D,CA31,SMTC,Semtech Corporation - Common Stock,ST,sell_partial,"$1,001 - $15,000",2026-06-30,2026-07-02,2,https://disclosures-clerk.house.gov/public_disc/ptr-pdfs/2026/20034906.pdf
"Cisneros, Hon. Gilbert",D,CA31,SFTBF,SOFTBANK GROUP CORP,ST,sell_full,"$1,001 - $15,000",2026-06-30,2026-07-02,2,https://disclosures-clerk.house.gov/public_disc/ptr-pdfs/2026/20034906.pdf
"Cisneros, Hon. Gilbert",D,CA31,TCBI,"Texas Capital Bancshares, Inc. - Common Stock",ST,buy,"$1,001 - $15,000",2026-06-30,2026-07-02,2,https://disclosures-clerk.house.gov/public_disc/ptr-pdfs/2026/20034906.pdf
"Cisneros, Hon. Gilbert",D,CA31,TXRH,"Texas Roadhouse, Inc. - Common Stock",ST,buy,"$1,001 - $15,000",2026-06-30,2026-07-02,2,https://disclosures-clerk.house.gov/public_disc/ptr-pdfs/2026/20034906.pdf
"Cisneros, Hon. Gilbert",D,CA31,DSGX,The Descartes Systems Group Inc. - Common Stock,ST,buy,"$1,001 - $15,000",2026-06-30,2026-07-02,2,https://disclosures-clerk.house.gov/public_disc/ptr-pdfs/2026/20034906.pdf
"Rulli, Hon. Michael",R,OH06,GOOGL,Alphabet Inc. - Class A Common Stock,ST,buy,"$1,001 - $15,000",2026-06-29,2026-08-07,39,https://disclosures-clerk.house.gov/public_disc/ptr-pdfs/2026/20035147.pdf
"Kean, Hon. Thomas H., Jr",R,NJ07,JNJ,Johnson & Johnson Common Stock,ST,sell_partial,"$1,001 - $15,000",2026-06-29,2026-07-15,16,https://disclosures-clerk.house.gov/public_disc/ptr-pdfs/2026/20035003.pdf
"Kean, Hon. Thomas H., Jr",R,NJ07,MKL,Markel Group Inc. Common Stock,ST,sell_partial,"$1,001 - $15,000",2026-06-29,2026-07-15,16,https://disclosures-clerk.house.gov/public_disc/ptr-pdfs/2026/20035003.pdf
"Kean, Hon. Thomas H., Jr",R,NJ07,SPGI,S&P Global Inc. Common Stock,ST,sell_partial,"$1,001 - $15,000",2026-06-29,2026-07-15,16,https://disclosures-clerk.house.gov/public_disc/ptr-pdfs/2026/20035003.pdf
"Fields, Cleo",D,LA06,NVDA,NVIDIA Corporation - Common Stock,ST,buy,"$1,001 - $15,000",2026-06-26,2026-07-16,20,https://disclosures-clerk.house.gov/public_disc/ptr-pdfs/2026/20034894.pdf
"Fields, Cleo",D,LA06,NVDA,NVIDIA Corporation - Common Stock,ST,buy,"$1,001 - $15,000",2026-06-26,2026-07-16,20,https://disclosures-clerk.house.gov/public_disc/ptr-pdfs/2026/20034894.pdf
"Fields, Cleo",D,LA06,NVDA,NVIDIA Corporation - Common Stock,ST,buy,"$1,001 - $15,000",2026-06-26,2026-07-16,20,https://disclosures-clerk.house.gov/public_disc/ptr-pdfs/2026/20034894.pdf
"Peters, Hon. Scott H.",D,CA50,,Charlotte-Meckle HLTH,GS,buy,"$250,001 - $500,000",2026-06-26,2026-07-10,14,https://disclosures-clerk.house.gov/public_disc/ptr-pdfs/2026/20034911.pdf
"Peters, Hon. Scott H.",D,CA50,,Form Energy,OL,buy,"$250,001 - $500,000",2026-06-26,2026-07-10,14,https://disclosures-clerk.house.gov/public_disc/ptr-pdfs/2026/20034911.pdf
"Rulli, Hon. Michael",R,OH06,GOOGL,Alphabet Inc. - Class A Common Stock,ST,buy,"$1,001 - $15,000",2026-06-25,2026-08-07,43,https://disclosures-clerk.house.gov/public_disc/ptr-pdfs/2026/20035147.pdf
"Rulli, Hon. Michael",R,OH06,AMZN,"Amazon.com, Inc. - Common Stock",ST,sell_full,"$1,001 - $15,000",2026-06-25,2026-08-07,43,https://disclosures-clerk.house.gov/public_disc/ptr-pdfs/2026/20035147.pdf
"Rulli, Hon. Michael",R,OH06,AAPL,Apple Inc. - Common Stock,ST,sell_full,"$1,001 - $15,000",2026-06-25,2026-08-07,43,https://disclosures-clerk.house.gov/public_disc/ptr-pdfs/2026/20035147.pdf
"Rulli, Hon. Michael",R,OH06,MU,"Micron Technology, Inc. - Common Stock",ST,buy,"$1,001 - $15,000",2026-06-25,2026-08-07,43,https://disclosures-clerk.house.gov/public_disc/ptr-pdfs/2026/20035147.pdf
"Rulli, Hon. Michael",R,OH06,MSFT,Microsoft Corporation - Common Stock,ST,sell_full,"$1,001 - $15,000",2026-06-25,2026-08-07,43,https://disclosures-clerk.house.gov/public_disc/ptr-pdfs/2026/20035147.pdf
"Rulli, Hon. Michael",R,OH06,NVDA,NVIDIA Corporation - Common Stock,ST,buy,"$1,001 - $15,000",2026-06-25,2026-08-07,43,https://disclosures-clerk.house.gov/public_disc/ptr-pdfs/2026/20035147.pdf
"Peters, Hon. Scott H.",D,CA50,,U.S. Treasury Bill,GS,sell_partial,"$250,001 - $500,000",2026-06-25,2026-07-10,15,https://disclosures-clerk.house.gov/public_disc/ptr-pdfs/2026/20034911.pdf
"Kean, Hon. Thomas H., Jr",R,NJ07,GOOGL,Alphabet Inc. - Class A Common Stock,ST,sell_partial,"$15,001 - $50,000",2026-06-24,2026-07-15,21,https://disclosures-clerk.house.gov/public_disc/ptr-pdfs/2026/20035003.pdf
"Kean, Hon. Thomas H., Jr",R,NJ07,ESAB,ESAB Corporation Common Stock,ST,buy,"$1,001 - $15,000",2026-06-24,2026-07-15,21,https://disclosures-clerk.house.gov/public_disc/ptr-pdfs/2026/20035003.pdf
"Peters, Hon. Scott H.",D,CA50,,Allocate Alpha Fund II LP,OT,buy,"$15,001 - $50,000",2026-06-24,2026-07-10,16,https://disclosures-clerk.house.gov/public_disc/ptr-pdfs/2026/20034911.pdf
"Peters, Hon. Scott H.",D,CA50,,Allocate Premier Access Fund,OT,buy,"$15,001 - $50,000",2026-06-24,2026-07-10,16,https://disclosures-clerk.house.gov/public_disc/ptr-pdfs/2026/20034911.pdf
"Peters, Hon. Scott H.",D,CA50,,Dublin CA UNIF SCH DIST,GS,sell_full,"$100,001 - $250,000",2026-06-24,2026-07-10,16,https://disclosures-clerk.house.gov/public_disc/ptr-pdfs/2026/20034911.pdf
"Peters, Hon. Scott H.",D,CA50,,San Juan CA UNI GO UTX,GS,buy,"$50,001 - $100,000",2026-06-24,2026-07-10,16,https://disclosures-clerk.house.gov/public_disc/ptr-pdfs/2026/20034911.pdf
"Cisneros, Hon. Gilbert",D,CA31,,"Los Angeles, CA Tax & Revenue Anticipation Notes",GS,buy,"$100,001 - $250,000",2026-06-24,2026-07-02,8,https://disclosures-clerk.house.gov/public_disc/ptr-pdfs/2026/20034906.pdf
"Cisneros, Hon. Gilbert",D,CA31,VLTO,Veralto Corp Common Stock,ST,buy,"$1,001 - $15,000",2026-06-24,2026-07-02,8,https://disclosures-clerk.house.gov/public_disc/ptr-pdfs/2026/20034906.pdf
"Kean, Hon. Thomas H., Jr",R,NJ07,ESAB,ESAB Corporation Common Stock,ST,buy,"$1,001 - $15,000",2026-06-22,2026-07-15,23,https://disclosures-clerk.house.gov/public_disc/ptr-pdfs/2026/20035003.pdf
"Wagner, Hon. Ann",R,MO02,,KKR Private Equity Conglomerate LLC Class I,HN,buy,"$250,001 - $500,000",2026-06-22,2026-07-02,10,https://disclosures-clerk.house.gov/public_disc/ptr-pdfs/2026/20034915.pdf
"Morrison, Hon. Kelly Louise",D,MN03,,Andersen Corporation,OL,sell_partial,"$100,001 - $250,000",2026-06-19,2026-07-09,20,https://disclosures-clerk.house.gov/public_disc/ptr-pdfs/2026/20034806.pdf
"Moskowitz, Hon. Jared",D,FL23,AMAT,"Applied Materials, Inc. - Common Stock",ST,buy,"$1,001 - $15,000",2026-06-18,2026-07-26,38,https://disclosures-clerk.house.gov/public_disc/ptr-pdfs/2026/20034963.pdf
"Moskowitz, Hon. Jared",D,FL23,AMAT,"Applied Materials, Inc. - Common Stock",ST,buy,"$1,001 - $15,000",2026-06-18,2026-07-26,38,https://disclosures-clerk.house.gov/public_disc/ptr-pdfs/2026/20034963.pdf
"Moskowitz, Hon. Jared",D,FL23,AMAT,"Applied Materials, Inc. - Common Stock",ST,buy,"$1,001 - $15,000",2026-06-18,2026-07-26,38,https://disclosures-clerk.house.gov/public_disc/ptr-pdfs/2026/20034963.pdf
"Foxx, Hon. Virginia",R,NC05,ARLP,Common Units Representing Limited Partnership Interests,ST,sell_partial,"$15,001 - $50,000",2026-06-18,2026-07-10,22,https://disclosures-clerk.house.gov/public_disc/ptr-pdfs/2026/20034895.pdf
"Foxx, Hon. Virginia",R,NC05,,D Cumulative Perpetual Redeemable Preferred Stock (EFC$D),ST,sell_partial,"$15,001 - $50,000",2026-06-18,2026-07-10,22,https://disclosures-clerk.house.gov/public_disc/ptr-pdfs/2026/20034895.pdf
"Peters, Hon. Scott H.",D,CA50,,Smash Capital Fund II LP,OT,buy,"$100,001 - $250,000",2026-06-18,2026-07-10,22,https://disclosures-clerk.house.gov/public_disc/ptr-pdfs/2026/20034911.pdf
"Doggett, Hon. Lloyd",D,TX37,HD,"Home Depot, Inc.",ST,buy,"$1,001 - $15,000",2026-06-18,2026-07-06,18,https://disclosures-clerk.house.gov/public_disc/ptr-pdfs/2026/20034923.pdf
"Cisneros, Hon. Gilbert",D,CA31,SPCX,Space Exploration Technologies Corp. - Class A Common Stock,ST,buy,"$1,001 - $15,000",2026-06-18,2026-07-02,14,https://disclosures-clerk.house.gov/public_disc/ptr-pdfs/2026/20034906.pdf
"Cisneros, Hon. Gilbert",D,CA31,SPOT,Spotify Technology S.A. Ordinary Shares,ST,sell_full,"$1,001 - $15,000",2026-06-18,2026-07-02,14,https://disclosures-clerk.house.gov/public_disc/ptr-pdfs/2026/20034906.pdf
"Beyer, Hon. Donald Sternoff, Jr",D,VA08,,Virginia Commlth 5.00% 09/15/29,GS,buy,"$50,001 - $100,000",2026-06-18,2026-07-01,13,https://disclosures-clerk.house.gov/public_disc/ptr-pdfs/2026/20034891.pdf
"Moskowitz, Hon. Jared",D,FL23,HCA,"HCA Healthcare, Inc. Common Stock",ST,buy,"$1,001 - $15,000",2026-06-17,2026-07-26,39,https://disclosures-clerk.house.gov/public_disc/ptr-pdfs/2026/20034963.pdf
"Moskowitz, Hon. Jared",D,FL23,HCA,"HCA Healthcare, Inc. Common Stock",ST,buy,"$1,001 - $15,000",2026-06-17,2026-07-26,39,https://disclosures-clerk.house.gov/public_disc/ptr-pdfs/2026/20034963.pdf
"Moskowitz, Hon. Jared",D,FL23,HD,"Home Depot, Inc.",ST,buy,"$1,001 - $15,000",2026-06-17,2026-07-26,39,https://disclosures-clerk.house.gov/public_disc/ptr-pdfs/2026/20034963.pdf
"Moskowitz, Hon. Jared",D,FL23,META,"Meta Platforms, Inc. - Class A Common Stock",ST,buy,"$1,001 - $15,000",2026-06-17,2026-07-26,39,https://disclosures-clerk.house.gov/public_disc/ptr-pdfs/2026/20034963.pdf
"Moskowitz, Hon. Jared",D,FL23,META,"Meta Platforms, Inc. - Class A Common Stock",ST,buy,"$1,001 - $15,000",2026-06-17,2026-07-26,39,https://disclosures-clerk.house.gov/public_disc/ptr-pdfs/2026/20034963.pdf
"Moskowitz, Hon. Jared",D,FL23,MSFT,Microsoft Corporation - Common Stock,ST,buy,"$1,001 - $15,000",2026-06-17,2026-07-26,39,https://disclosures-clerk.house.gov/public_disc/ptr-pdfs/2026/20034963.pdf
"Moskowitz, Hon. Jared",D,FL23,MSFT,Microsoft Corporation - Common Stock,ST,buy,"$1,001 - $15,000",2026-06-17,2026-07-26,39,https://disclosures-clerk.house.gov/public_disc/ptr-pdfs/2026/20034963.pdf
"Moskowitz, Hon. Jared",D,FL23,MNST,Monster Beverage Corporation - Common Stock,ST,buy,"$1,001 - $15,000",2026-06-17,2026-07-26,39,https://disclosures-clerk.house.gov/public_disc/ptr-pdfs/2026/20034963.pdf
"Moskowitz, Hon. Jared",D,FL23,MNST,Monster Beverage Corporation - Common Stock,ST,buy,"$1,001 - $15,000",2026-06-17,2026-07-26,39,https://disclosures-clerk.house.gov/public_disc/ptr-pdfs/2026/20034963.pdf
"Moskowitz, Hon. Jared",D,FL23,SPGI,S&P Global Inc. Common Stock,ST,sell_full,"$1,001 - $15,000",2026-06-17,2026-07-26,39,https://disclosures-clerk.house.gov/public_disc/ptr-pdfs/2026/20034963.pdf
"Moskowitz, Hon. Jared",D,FL23,SPGI,S&P Global Inc. Common Stock,ST,sell_full,"$1,001 - $15,000",2026-06-17,2026-07-26,39,https://disclosures-clerk.house.gov/public_disc/ptr-pdfs/2026/20034963.pdf
"Moskowitz, Hon. Jared",D,FL23,SPGI,S&P Global Inc. Common Stock,ST,sell_full,"$1,001 - $15,000",2026-06-17,2026-07-26,39,https://disclosures-clerk.house.gov/public_disc/ptr-pdfs/2026/20034963.pdf
"Kean, Hon. Thomas H., Jr",R,NJ07,GIL,"Gildan Activewear, Inc. Class A Sub. Vot. Common Stock",ST,sell_full,"$1,001 - $15,000",2026-06-17,2026-07-15,28,https://disclosures-clerk.house.gov/public_disc/ptr-pdfs/2026/20035003.pdf
"Kean, Hon. Thomas H., Jr",R,NJ07,,U.S. Treasury Note 3.875% 6/15/2028,GS,buy,"$15,001 - $50,000",2026-06-17,2026-07-15,28,https://disclosures-clerk.house.gov/public_disc/ptr-pdfs/2026/20035003.pdf
"Wasserman Schultz, Hon. Debbie",D,FL25,ICHR,Ichor Holdings - Ordinary Shares,ST,sell_full,"$2,722+",2026-06-17,2026-07-14,27,https://disclosures-clerk.house.gov/public_disc/ptr-pdfs/2026/20034999.pdf
"Delaney, Hon. April McClain",,MD06,HUBB,Hubbell Inc Common Stock,ST,buy,"$1,001 - $15,000",2026-06-17,2026-07-07,20,https://disclosures-clerk.house.gov/public_disc/ptr-pdfs/2026/20034932.pdf
"Gottheimer, Hon. Josh",D,NJ05,NTDOY,Nintendo Co Ltd ADR,ST,sell_partial,"$1,001 - $15,000",2026-06-17,2026-07-07,20,https://disclosures-clerk.house.gov/public_disc/ptr-pdfs/2026/20034938.pdf
"Lee, Hon. Laurel",R,FL15,,GE Aerospace Common Stock (GE),OP,sell_full,"$1,001 - $15,000",2026-06-16,2026-07-19,33,https://disclosures-clerk.house.gov/public_disc/ptr-pdfs/2026/20034694.pdf
"Clark, Hon. Katherine M.",D,MA05,,UNITED STATES TREAS SER AF- 2027; 4.125%; Due 10/31/2027,GS,buy,"$15,001 - $50,000",2026-06-16,2026-07-14,28,https://disclosures-clerk.house.gov/public_disc/ptr-pdfs/2026/20034892.pdf
"Clark, Hon. Katherine M.",D,MA05,,UNITED STATES TREAS SER AF- 2027; 4.125%; Due 10/31/2027,GS,buy,"$50,001 - $100,000",2026-06-16,2026-07-14,28,https://disclosures-clerk.house.gov/public_disc/ptr-pdfs/2026/20034892.pdf
"Clark, Hon. Katherine M.",D,MA05,,UNITED STATES TREAS SER AJ- 2028; 4.25%; Due 01/15/2028,GS,buy,"$50,001 - $100,000",2026-06-16,2026-07-14,28,https://disclosures-clerk.house.gov/public_disc/ptr-pdfs/2026/20034892.pdf
"Clark, Hon. Katherine M.",D,MA05,,UNITED STATES TREAS SER AJ- 2028; 4.25%; Due 01/15/2028,GS,buy,"$15,001 - $50,000",2026-06-16,2026-07-14,28,https://disclosures-clerk.house.gov/public_disc/ptr-pdfs/2026/20034892.pdf
"Clark, Hon. Katherine M.",D,MA05,,UNITED STATES TREAS SER AK- 2028; 4.25%; Due 02/15/2028,GS,buy,"$15,001 - $50,000",2026-06-16,2026-07-14,28,https://disclosures-clerk.house.gov/public_disc/ptr-pdfs/2026/20034892.pdf
"Clark, Hon. Katherine M.",D,MA05,,UNITED STATES TREAS SER AK- 2028; 4.25%; Due 02/15/2028,GS,buy,"$50,001 - $100,000",2026-06-16,2026-07-14,28,https://disclosures-clerk.house.gov/public_disc/ptr-pdfs/2026/20034892.pdf
"Clark, Hon. Katherine M.",D,MA05,,UNITED STATES TREAS SER AV- 2027; 4.0%; Due 12/15/2027,GS,buy,"$15,001 - $50,000",2026-06-16,2026-07-14,28,https://disclosures-clerk.house.gov/public_disc/ptr-pdfs/2026/20034892.pdf
"Clark, Hon. Katherine M.",D,MA05,,UNITED STATES TREAS SER AV- 2027; 4.0%; Due 12/15/2027,GS,buy,"$15,001 - $50,000",2026-06-16,2026-07-14,28,https://disclosures-clerk.house.gov/public_disc/ptr-pdfs/2026/20034892.pdf
"Cisneros, Hon. Gilbert",D,CA31,ABT,Abbott Laboratories Common Stock,ST,buy,"$1,001 - $15,000",2026-06-16,2026-07-02,16,https://disclosures-clerk.house.gov/public_disc/ptr-pdfs/2026/20034906.pdf
"Cisneros, Hon. Gilbert",D,CA31,ACN,Accenture plc Class A Ordinary Shares,ST,buy,"$1,001 - $15,000",2026-06-16,2026-07-02,16,https://disclosures-clerk.house.gov/public_disc/ptr-pdfs/2026/20034906.pdf
"Cisneros, Hon. Gilbert",D,CA31,ADP,"Automatic Data Processing, Inc. - Common Stock",ST,buy,"$1,001 - $15,000",2026-06-16,2026-07-02,16,https://disclosures-clerk.house.gov/public_disc/ptr-pdfs/2026/20034906.pdf
"Cisneros, Hon. Gilbert",D,CA31,CME,CME Group Inc. - Class A Common Stock,ST,sell_partial,"$1,001 - $15,000",2026-06-16,2026-07-02,16,https://disclosures-clerk.house.gov/public_disc/ptr-pdfs/2026/20034906.pdf
"Cisneros, Hon. Gilbert",D,CA31,COIN,"Coinbase Global, Inc. - Class A Common Stock",ST,sell_full,"$1,001 - $15,000",2026-06-16,2026-07-02,16,https://disclosures-clerk.house.gov/public_disc/ptr-pdfs/2026/20034906.pdf
"Cisneros, Hon. Gilbert",D,CA31,CMCSA,Comcast Corporation - Class A Common Stock,ST,buy,"$1,001 - $15,000",2026-06-16,2026-07-02,16,https://disclosures-clerk.house.gov/public_disc/ptr-pdfs/2026/20034906.pdf
"Cisneros, Hon. Gilbert",D,CA31,CAG,"ConAgra Brands, Inc. Common Stock",ST,sell_full,"$15,001 - $50,000",2026-06-16,2026-07-02,16,https://disclosures-clerk.house.gov/public_disc/ptr-pdfs/2026/20034906.pdf
"Cisneros, Hon. Gilbert",D,CA31,EA,Electronic Arts Inc. - Common Stock,ST,buy,"$1,001 - $15,000",2026-06-16,2026-07-02,16,https://disclosures-clerk.house.gov/public_disc/ptr-pdfs/2026/20034906.pdf
"Cisneros, Hon. Gilbert",D,CA31,FIS,"Fidelity National Information Services, Inc. Common Stock",ST,buy,"$1,001 - $15,000",2026-06-16,2026-07-02,16,https://disclosures-clerk.house.gov/public_disc/ptr-pdfs/2026/20034906.pdf
"Cisneros, Hon. Gilbert",D,CA31,FOX,Fox Corporation - Class B Common Stock,ST,sell_full,"$1,001 - $15,000",2026-06-16,2026-07-02,16,https://disclosures-clerk.house.gov/public_disc/ptr-pdfs/2026/20034906.pdf
"Cisneros, Hon. Gilbert",D,CA31,GIS,"General Mills, Inc. Common Stock",ST,buy,"$1,001 - $15,000",2026-06-16,2026-07-02,16,https://disclosures-clerk.house.gov/public_disc/ptr-pdfs/2026/20034906.pdf
"Cisneros, Hon. Gilbert",D,CA31,GDDY,GoDaddy Inc. Class A Common Stock,ST,sell_full,"$1,001 - $15,000",2026-06-16,2026-07-02,16,https://disclosures-clerk.house.gov/public_disc/ptr-pdfs/2026/20034906.pdf
"Cisneros, Hon. Gilbert",D,CA31,JKHY,"Jack Henry & Associates, Inc. - Common Stock",ST,buy,"$1,001 - $15,000",2026-06-16,2026-07-02,16,https://disclosures-clerk.house.gov/public_disc/ptr-pdfs/2026/20034906.pdf
"Cisneros, Hon. Gilbert",D,CA31,KVUE,Kenvue Inc. Common Stock,ST,buy,"$1,001 - $15,000",2026-06-16,2026-07-02,16,https://disclosures-clerk.house.gov/public_disc/ptr-pdfs/2026/20034906.pdf
"Cisneros, Hon. Gilbert",D,CA31,MSFT,Microsoft Corporation - Common Stock,ST,sell_partial,"$15,001 - $50,000",2026-06-16,2026-07-02,16,https://disclosures-clerk.house.gov/public_disc/ptr-pdfs/2026/20034906.pdf
"Cisneros, Hon. Gilbert",D,CA31,PGR,Progressive Corporation,ST,buy,"$1,001 - $15,000",2026-06-16,2026-07-02,16,https://disclosures-clerk.house.gov/public_disc/ptr-pdfs/2026/20034906.pdf
"Cisneros, Hon. Gilbert",D,CA31,STRL,"Sterling Infrastructure, Inc. - Common Stock",ST,sell_partial,"$15,001 - $50,000",2026-06-16,2026-07-02,16,https://disclosures-clerk.house.gov/public_disc/ptr-pdfs/2026/20034906.pdf
"Cisneros, Hon. Gilbert",D,CA31,TTD,"The Trade Desk, Inc. - Class A Common Stock",ST,sell_full,"$1,001 - $15,000",2026-06-16,2026-07-02,16,https://disclosures-clerk.house.gov/public_disc/ptr-pdfs/2026/20034906.pdf
"Cisneros, Hon. Gilbert",D,CA31,VRSK,"Verisk Analytics, Inc. - Common Stock",ST,buy,"$1,001 - $15,000",2026-06-16,2026-07-02,16,https://disclosures-clerk.house.gov/public_disc/ptr-pdfs/2026/20034906.pdf
"Cisneros, Hon. Gilbert",D,CA31,ZTS,Zoetis Inc. Class A Common Stock,ST,buy,"$1,001 - $15,000",2026-06-16,2026-07-02,16,https://disclosures-clerk.house.gov/public_disc/ptr-pdfs/2026/20034906.pdf
"Van Epps, Hon. Matthew Robert",R,TN07,GOOGL,Alphabet Inc. - Class A Common Stock,ST,sell_full,"$1,001 - $15,000",2026-06-16,2026-06-17,1,https://disclosures-clerk.house.gov/public_disc/ptr-pdfs/2026/20034807.pdf
"Van Epps, Hon. Matthew Robert",R,TN07,AMZN,"Amazon.com, Inc. - Common Stock",ST,sell_full,"$1,001 - $15,000",2026-06-16,2026-06-17,1,https://disclosures-clerk.house.gov/public_disc/ptr-pdfs/2026/20034807.pdf
"Van Epps, Hon. Matthew Robert",R,TN07,AAPL,Apple Inc. - Common Stock,ST,sell_full,"$1,001 - $15,000",2026-06-16,2026-06-17,1,https://disclosures-clerk.house.gov/public_disc/ptr-pdfs/2026/20034807.pdf
"Van Epps, Hon. Matthew Robert",R,TN07,XOM,Exxon Mobil Corporation Common Stock,ST,sell_full,"$1,001 - $15,000",2026-06-16,2026-06-17,1,https://disclosures-clerk.house.gov/public_disc/ptr-pdfs/2026/20034807.pdf
"Van Epps, Hon. Matthew Robert",R,TN07,GE,GE Aerospace Common Stock,ST,sell_full,"$1,001 - $15,000",2026-06-16,2026-06-17,1,https://disclosures-clerk.house.gov/public_disc/ptr-pdfs/2026/20034807.pdf
"Van Epps, Hon. Matthew Robert",R,TN07,GEV,GE Vernova Inc. Common Stock,ST,sell_full,"$1,001 - $15,000",2026-06-16,2026-06-17,1,https://disclosures-clerk.house.gov/public_disc/ptr-pdfs/2026/20034807.pdf
"Van Epps, Hon. Matthew Robert",R,TN07,INTC,Intel Corporation - Common Stock,ST,sell_full,"$1,001 - $15,000",2026-06-16,2026-06-17,1,https://disclosures-clerk.house.gov/public_disc/ptr-pdfs/2026/20034807.pdf
"Van Epps, Hon. Matthew Robert",R,TN07,IBM,International Business Machines Corporation Common Stock,ST,sell_full,"$1,001 - $15,000",2026-06-16,2026-06-17,1,https://disclosures-clerk.house.gov/public_disc/ptr-pdfs/2026/20034807.pdf
"Van Epps, Hon. Matthew Robert",R,TN07,META,"Meta Platforms, Inc. - Class A Common Stock",ST,sell_full,"$1,001 - $15,000",2026-06-16,2026-06-17,1,https://disclosures-clerk.house.gov/public_disc/ptr-pdfs/2026/20034807.pdf
"Van Epps, Hon. Matthew Robert",R,TN07,MSFT,Microsoft Corporation - Common Stock,ST,sell_full,"$1,001 - $15,000",2026-06-16,2026-06-17,1,https://disclosures-clerk.house.gov/public_disc/ptr-pdfs/2026/20034807.pdf
"Van Epps, Hon. Matthew Robert",R,TN07,NVDA,NVIDIA Corporation - Common Stock,ST,sell_full,"$1,001 - $15,000",2026-06-16,2026-06-17,1,https://disclosures-clerk.house.gov/public_disc/ptr-pdfs/2026/20034807.pdf
"Van Epps, Hon. Matthew Robert",R,TN07,LUV,Southwest Airlines Company Common Stock,ST,sell_full,"$1,001 - $15,000",2026-06-16,2026-06-17,1,https://disclosures-clerk.house.gov/public_disc/ptr-pdfs/2026/20034807.pdf
"Van Epps, Hon. Matthew Robert",R,TN07,TPR,"Tapestry, Inc. Common Stock",ST,sell_full,"$15,001 - $50,000",2026-06-16,2026-06-17,1,https://disclosures-clerk.house.gov/public_disc/ptr-pdfs/2026/20034807.pdf
"Timmons, Hon. William R., IV",R,SC04,,SpaceX (SPCX),OT,buy,"$50,001 - $100,000",2026-06-15,2026-07-19,34,https://disclosures-clerk.house.gov/public_disc/ptr-pdfs/2026/20022577.pdf
"Timmons, Hon. William R., IV",R,SC04,,2000164887 SpaceX (SPCX),OT,buy,"$50,001 - $100,000",2026-06-15,2026-07-19,34,https://disclosures-clerk.house.gov/public_disc/ptr-pdfs/2026/20035042.pdf
"Jackson, Hon. Jonathan",D,IL01,HLT,Hilton Worldwide Holdings Inc. Common Stock,ST,buy,"$1,001 - $15,000",2026-06-15,2026-07-15,30,https://disclosures-clerk.house.gov/public_disc/ptr-pdfs/2026/20034908.pdf
"Jackson, Hon. Jonathan",D,IL01,MCK,McKesson Corporation Common Stock,ST,sell_full,"$1,001 - $15,000",2026-06-15,2026-07-15,30,https://disclosures-clerk.house.gov/public_disc/ptr-pdfs/2026/20034908.pdf
"Jackson, Hon. Jonathan",D,IL01,SPHR,Sphere Entertainment Co. Class A Common Stock,ST,buy,"$1,001 - $15,000",2026-06-15,2026-07-15,30,https://disclosures-clerk.house.gov/public_disc/ptr-pdfs/2026/20034908.pdf
"McGuire, Hon. John",R,VA05,SPCX,Space Exploration Technologies Corp. - Class A Common Stock,ST,buy,"$1,001 - $15,000",2026-06-15,2026-07-08,23,https://disclosures-clerk.house.gov/public_disc/ptr-pdfs/2026/20034942.pdf
"Delaney, Hon. April McClain",,MD06,MIDD,The Middleby Corporation - Common Stock,ST,sell_partial,"$1,001 - $15,000",2026-06-15,2026-07-07,22,https://disclosures-clerk.house.gov/public_disc/ptr-pdfs/2026/20034932.pdf
"Delaney, Hon. April McClain",,MD06,WAB,Westinghouse Air Brake Technologies Corporation Common Stock,ST,sell_partial,"$1,001 - $15,000",2026-06-15,2026-07-07,22,https://disclosures-clerk.house.gov/public_disc/ptr-pdfs/2026/20034932.pdf
"Salazar, Hon. Maria Elvira",R,FL27,VOYG,"Voyager Technologies, Inc. Class A Common Stock",ST,buy,"$15,001 - $50,000",2026-06-15,2026-07-07,22,https://disclosures-clerk.house.gov/public_disc/ptr-pdfs/2026/20034928.pdf
"Meuser, Hon. Daniel",R,PA09,SPCX,Space Exploration Technologies Corp. - Class A Common Stock,ST,buy,"$15,001 - $50,000",2026-06-15,2026-07-02,17,https://disclosures-clerk.house.gov/public_disc/ptr-pdfs/2026/20034774.pdf
"Taylor, Hon. David J.",R,OH02,CVX,Chevron Corporation Common Stock,ST,buy,"$1,001 - $15,000",2026-06-15,2026-07-01,16,https://disclosures-clerk.house.gov/public_disc/ptr-pdfs/2026/20034897.pdf
"Taylor, Hon. David J.",R,OH02,IBP,"Installed Building Products, Inc. Common Stock",ST,buy,"$1,001 - $15,000",2026-06-15,2026-07-01,16,https://disclosures-clerk.house.gov/public_disc/ptr-pdfs/2026/20034897.pdf
"Fields, Cleo",D,LA06,GOOG,Alphabet Inc. - Class C Capital Stock,ST,buy,"$1,001 - $15,000",2026-06-15,2026-06-26,11,https://disclosures-clerk.house.gov/public_disc/ptr-pdfs/2026/20034800.pdf
"Moskowitz, Hon. Jared",D,FL23,SPCX,Space Exploration Technologies Corp. - Class A Common Stock,ST,buy,"$1,001 - $15,000",2026-06-12,2026-07-26,44,https://disclosures-clerk.house.gov/public_disc/ptr-pdfs/2026/20034963.pdf
"James, Hon. John",R,MI10,SPCX,Space Exploration Technologies Corp.,OT,buy,"$15,001 - $50,000",2026-06-12,2026-07-12,30,https://disclosures-clerk.house.gov/public_disc/ptr-pdfs/2026/20034949.pdf
"McCormick, Hon. Richard Dean Dr",,GA06,ABT,Abbott Laboratories Common Stock,ST,buy,"$1,001 - $15,000",2026-06-12,2026-07-09,27,https://disclosures-clerk.house.gov/public_disc/ptr-pdfs/2026/20034954.pdf
"McCormick, Hon. Richard Dean Dr",,GA06,ABT,Abbott Laboratories Common Stock,ST,buy,"$1,001 - $15,000",2026-06-12,2026-07-09,27,https://disclosures-clerk.house.gov/public_disc/ptr-pdfs/2026/20034954.pdf
"McCormick, Hon. Richard Dean Dr",,GA06,ADI,"Analog Devices, Inc. - Common Stock",ST,sell_partial,"$1,001 - $15,000",2026-06-12,2026-07-09,27,https://disclosures-clerk.house.gov/public_disc/ptr-pdfs/2026/20034954.pdf
"McCormick, Hon. Richard Dean Dr",,GA06,ADI,"Analog Devices, Inc. - Common Stock",ST,sell_partial,"$1,001 - $15,000",2026-06-12,2026-07-09,27,https://disclosures-clerk.house.gov/public_disc/ptr-pdfs/2026/20034954.pdf
"McCormick, Hon. Richard Dean Dr",,GA06,BLK,"BlackRock, Inc. Common Stock",ST,sell_partial,"$1,001 - $15,000",2026-06-12,2026-07-09,27,https://disclosures-clerk.house.gov/public_disc/ptr-pdfs/2026/20034954.pdf
"McCormick, Hon. Richard Dean Dr",,GA06,CSCO,"Cisco Systems, Inc. - Common Stock",ST,sell_partial,"$1,001 - $15,000",2026-06-12,2026-07-09,27,https://disclosures-clerk.house.gov/public_disc/ptr-pdfs/2026/20034954.pdf
"McCormick, Hon. Richard Dean Dr",,GA06,CSCO,"Cisco Systems, Inc. - Common Stock",ST,sell_partial,"$1,001 - $15,000",2026-06-12,2026-07-09,27,https://disclosures-clerk.house.gov/public_disc/ptr-pdfs/2026/20034954.pdf
"McCormick, Hon. Richard Dean Dr",,GA06,ICE,Intercontinental Exchange Inc. Common Stock,ST,buy,"$1,001 - $15,000",2026-06-12,2026-07-09,27,https://disclosures-clerk.house.gov/public_disc/ptr-pdfs/2026/20034954.pdf
"McCormick, Hon. Richard Dean Dr",,GA06,IMCB,Ishares Morningstar ETF Mid Cap,OT,sell_partial,"$1,001 - $15,000",2026-06-12,2026-07-09,27,https://disclosures-clerk.house.gov/public_disc/ptr-pdfs/2026/20034954.pdf
"McCormick, Hon. Richard Dean Dr",,GA06,LHX,"L3Harris Technologies, Inc. Common Stock",ST,buy,"$1,001 - $15,000",2026-06-12,2026-07-09,27,https://disclosures-clerk.house.gov/public_disc/ptr-pdfs/2026/20034954.pdf
"McCormick, Hon. Richard Dean Dr",,GA06,LHX,"L3Harris Technologies, Inc. Common Stock",ST,buy,"$1,001 - $15,000",2026-06-12,2026-07-09,27,https://disclosures-clerk.house.gov/public_disc/ptr-pdfs/2026/20034954.pdf
"McCormick, Hon. Richard Dean Dr",,GA06,,State Street SPDR ETF Portfolio S&P 600 Small (SPSM),OT,sell_partial,"$1,001 - $15,000",2026-06-12,2026-07-09,27,https://disclosures-clerk.house.gov/public_disc/ptr-pdfs/2026/20034954.pdf
"McCormick, Hon. Richard Dean Dr",,GA06,UNH,UnitedHealth Group Incorporated Common Stock,ST,sell_partial,"$1,001 - $15,000",2026-06-12,2026-07-09,27,https://disclosures-clerk.house.gov/public_disc/ptr-pdfs/2026/20034954.pdf
"McCormick, Hon. Richard Dean Dr",,GA06,UNH,UnitedHealth Group Incorporated Common Stock,ST,sell_partial,"$1,001 - $15,000",2026-06-12,2026-07-09,27,https://disclosures-clerk.house.gov/public_disc/ptr-pdfs/2026/20034954.pdf
"McCormick, Hon. Richard Dean Dr",,GA06,MGK,Vanguard Mega Cap Growth ETF,OT,sell_partial,"$1,001 - $15,000",2026-06-12,2026-07-09,27,https://disclosures-clerk.house.gov/public_disc/ptr-pdfs/2026/20034954.pdf
"Delaney, Hon. April McClain",,MD06,CNM,"Core & Main, Inc. Class A Common Stock",ST,sell_partial,"$1,001 - $15,000",2026-06-12,2026-07-07,25,https://disclosures-clerk.house.gov/public_disc/ptr-pdfs/2026/20034932.pdf
"Delaney, Hon. April McClain",,MD06,CPAY,"Corpay, Inc. Common Stock",ST,sell_partial,"$1,001 - $15,000",2026-06-12,2026-07-07,25,https://disclosures-clerk.house.gov/public_disc/ptr-pdfs/2026/20034932.pdf
"Delaney, Hon. April McClain",,MD06,LYV,"Live Nation Entertainment, Inc. Common Stock",ST,sell_partial,"$1,001 - $15,000",2026-06-12,2026-07-07,25,https://disclosures-clerk.house.gov/public_disc/ptr-pdfs/2026/20034932.pdf
"Delaney, Hon. April McClain",,MD06,MIDD,The Middleby Corporation - Common Stock,ST,sell_partial,"$1,001 - $15,000",2026-06-12,2026-07-07,25,https://disclosures-clerk.house.gov/public_disc/ptr-pdfs/2026/20034932.pdf
"Delaney, Hon. April McClain",,MD06,WAB,Westinghouse Air Brake Technologies Corporation Common Stock,ST,sell_partial,"$1,001 - $15,000",2026-06-12,2026-07-07,25,https://disclosures-clerk.house.gov/public_disc/ptr-pdfs/2026/20034932.pdf
"Doggett, Hon. Lloyd",D,TX37,PPG,"PPG Industries, Inc. Common Stock",ST,buy,"$1,001 - $15,000",2026-06-12,2026-07-06,24,https://disclosures-clerk.house.gov/public_disc/ptr-pdfs/2026/20034923.pdf
"Peters, Hon. Scott H.",D,CA50,,"New York, NY City COMB TX",GS,buy,"$500,001 - $1,000,000",2026-06-11,2026-07-10,29,https://disclosures-clerk.house.gov/public_disc/ptr-pdfs/2026/20034911.pdf
"Peters, Hon. Scott H.",D,CA50,,U.S. Treasury Bill,GS,sell_partial,"$50,001 - $100,000",2026-06-11,2026-07-10,29,https://disclosures-clerk.house.gov/public_disc/ptr-pdfs/2026/20034911.pdf
"Cisneros, Hon. Gilbert",D,CA31,FSV,FirstService Corporation - Common Shares,ST,buy,"$1,001 - $15,000",2026-06-11,2026-07-02,21,https://disclosures-clerk.house.gov/public_disc/ptr-pdfs/2026/20034906.pdf
"Cisneros, Hon. Gilbert",D,CA31,LPLA,LPL Financial Holdings Inc. - Common Stock,ST,buy,"$1,001 - $15,000",2026-06-11,2026-07-02,21,https://disclosures-clerk.house.gov/public_disc/ptr-pdfs/2026/20034906.pdf
"Fields, Cleo",D,LA06,MSFT,Microsoft Corporation - Common Stock,ST,buy,"$1,001 - $15,000",2026-06-11,2026-06-26,15,https://disclosures-clerk.house.gov/public_disc/ptr-pdfs/2026/20034800.pdf
"Fields, Cleo",D,LA06,MSFT,Microsoft Corporation - Common Stock,ST,buy,"$1,001 - $15,000",2026-06-11,2026-06-26,15,https://disclosures-clerk.house.gov/public_disc/ptr-pdfs/2026/20034800.pdf
"Menefee, Hon. Christian D.",,TX18,PINS,"Pinterest, Inc. Class A Common Stock",ST,sell_full,"$15,001 - $50,000",2026-06-11,2026-06-01,-10,https://disclosures-clerk.house.gov/public_disc/ptr-pdfs/2026/20034099.pdf
"Allen, Hon. Richard W.",R,GA12,INTU,Intuit Inc. - Common Stock,ST,sell_full,"$15,001 - $50,000",2026-06-10,2026-07-15,35,https://disclosures-clerk.house.gov/public_disc/ptr-pdfs/2026/20034945.pdf
"Delaney, Hon. April McClain",,MD06,WAB,Westinghouse Air Brake Technologies Corporation Common Stock,ST,sell_partial,"$1,001 - $15,000",2026-06-10,2026-07-07,27,https://disclosures-clerk.house.gov/public_disc/ptr-pdfs/2026/20034932.pdf
"Gottheimer, Hon. Josh",D,NJ05,INSM,Insmed Incorporated - Common Stock,ST,sell_partial,"$1,001 - $15,000",2026-06-10,2026-07-07,27,https://disclosures-clerk.house.gov/public_disc/ptr-pdfs/2026/20034938.pdf
"Doggett, Hon. Lloyd",D,TX37,IBM,International Business Machines Corporation Common Stock,ST,buy,"$1,001 - $15,000",2026-06-10,2026-07-06,26,https://disclosures-clerk.house.gov/public_disc/ptr-pdfs/2026/20034923.pdf
"Cisneros, Hon. Gilbert",D,CA31,LLY,Eli Lilly and Company Common Stock,ST,buy,"$50,001 - $100,000",2026-06-10,2026-07-02,22,https://disclosures-clerk.house.gov/public_disc/ptr-pdfs/2026/20034906.pdf
"Cisneros, Hon. Gilbert",D,CA31,MELI,"MercadoLibre, Inc. - Common Stock",ST,buy,"$15,001 - $50,000",2026-06-10,2026-07-02,22,https://disclosures-clerk.house.gov/public_disc/ptr-pdfs/2026/20034906.pdf
"Cisneros, Hon. Gilbert",D,CA31,MTN,"Vail Resorts, Inc. Common Stock",ST,buy,"$15,001 - $50,000",2026-06-10,2026-07-02,22,https://disclosures-clerk.house.gov/public_disc/ptr-pdfs/2026/20034906.pdf
"Wagner, Hon. Ann",R,MO02,,PARTNERS GROUP PRIVATE EQUITY MASTER FD LLC UNIT CL I,HN,sell_full,"$15,001 - $50,000",2026-06-10,2026-07-02,22,https://disclosures-clerk.house.gov/public_disc/ptr-pdfs/2026/20034915.pdf
"Evans, Hon. Dwight",D,PA03,GD,General Dynamics Corporation Common Stock,ST,sell_full,"$1,001 - $15,000",2026-06-10,2026-06-24,14,https://disclosures-clerk.house.gov/public_disc/ptr-pdfs/2026/20034851.pdf
"Evans, Hon. Dwight",D,PA03,INTC,Intel Corporation - Common Stock,ST,sell_partial,"$1,001 - $15,000",2026-06-10,2026-06-24,14,https://disclosures-clerk.house.gov/public_disc/ptr-pdfs/2026/20034851.pdf
"Donalds, Hon. Byron",R,FL19,ZTS,Zoetis Inc. Class A Common Stock,ST,buy,"$1,001 - $15,000",2026-06-09,2026-07-15,36,https://disclosures-clerk.house.gov/public_disc/ptr-pdfs/2026/20034968.pdf
"Donalds, Hon. Byron",R,FL19,ZTS,Zoetis Inc. Class A Common Stock,ST,buy,"$1,001 - $15,000",2026-06-09,2026-07-15,36,https://disclosures-clerk.house.gov/public_disc/ptr-pdfs/2026/20034968.pdf
"Moore, Hon. Tim",R,NC14,DASH,"DoorDash, Inc. - Common Stock",ST,sell_full,"$1,001 - $15,000",2026-06-09,2026-07-09,30,https://disclosures-clerk.house.gov/public_disc/ptr-pdfs/2026/20034952.pdf
"Delaney, Hon. April McClain",,MD06,HUBB,Hubbell Inc Common Stock,ST,buy,"$1,001 - $15,000",2026-06-09,2026-07-07,28,https://disclosures-clerk.house.gov/public_disc/ptr-pdfs/2026/20034932.pdf
"Doggett, Hon. Lloyd",D,TX37,JNJ,Johnson & Johnson Common Stock,ST,buy,"$1,001 - $15,000",2026-06-09,2026-07-06,27,https://disclosures-clerk.house.gov/public_disc/ptr-pdfs/2026/20034923.pdf
"Cisneros, Hon. Gilbert",D,CA31,AJINF,"Ajinomoto Company, Inc. Ordinary Shares",ST,sell_full,"$1,001 - $15,000",2026-06-09,2026-07-02,23,https://disclosures-clerk.house.gov/public_disc/ptr-pdfs/2026/20034906.pdf
"Cisneros, Hon. Gilbert",D,CA31,SAN,"Banco Santander, S.A. Sponsored ADR",ST,buy,"$1,001 - $15,000",2026-06-09,2026-07-02,23,https://disclosures-clerk.house.gov/public_disc/ptr-pdfs/2026/20034906.pdf
"Cisneros, Hon. Gilbert",D,CA31,BNPQF,BNP Paribas Ordinary Shares,ST,buy,"$1,001 - $15,000",2026-06-09,2026-07-02,23,https://disclosures-clerk.house.gov/public_disc/ptr-pdfs/2026/20034906.pdf
"Delaney, Hon. April McClain",,MD06,ENTG,"Entegris, Inc. - Common Stock",ST,buy,"$1,001 - $15,000",2026-06-08,2026-07-07,29,https://disclosures-clerk.house.gov/public_disc/ptr-pdfs/2026/20034932.pdf
"Delaney, Hon. April McClain",,MD06,HUBB,Hubbell Inc Common Stock,ST,buy,"$1,001 - $15,000",2026-06-08,2026-07-07,29,https://disclosures-clerk.house.gov/public_disc/ptr-pdfs/2026/20034932.pdf
"Donalds, Hon. Byron",R,FL19,CDNS,"Cadence Design Systems, Inc. - Common Stock",ST,sell_partial,"$1,001 - $15,000",2026-06-05,2026-07-15,40,https://disclosures-clerk.house.gov/public_disc/ptr-pdfs/2026/20034968.pdf
"Donalds, Hon. Byron",R,FL19,CDNS,"Cadence Design Systems, Inc. - Common Stock",ST,sell_partial,"$1,001 - $15,000",2026-06-05,2026-07-15,40,https://disclosures-clerk.house.gov/public_disc/ptr-pdfs/2026/20034968.pdf
"Donalds, Hon. Byron",R,FL19,MPWR,"Monolithic Power Systems, Inc. - Common Stock",ST,sell_partial,"$1,001 - $15,000",2026-06-05,2026-07-15,40,https://disclosures-clerk.house.gov/public_disc/ptr-pdfs/2026/20034968.pdf
"Donalds, Hon. Byron",R,FL19,MPWR,"Monolithic Power Systems, Inc. - Common Stock",ST,sell_partial,"$1,001 - $15,000",2026-06-05,2026-07-15,40,https://disclosures-clerk.house.gov/public_disc/ptr-pdfs/2026/20034968.pdf
"Delaney, Hon. April McClain",,MD06,ENTG,"Entegris, Inc. - Common Stock",ST,buy,"$1,001 - $15,000",2026-06-05,2026-07-07,32,https://disclosures-clerk.house.gov/public_disc/ptr-pdfs/2026/20034932.pdf
"Cisneros, Hon. Gilbert",D,CA31,AMD,"Advanced Micro Devices, Inc.",ST,buy,"$1,001 - $15,000",2026-06-05,2026-07-02,27,https://disclosures-clerk.house.gov/public_disc/ptr-pdfs/2026/20034906.pdf
"Cisneros, Hon. Gilbert",D,CA31,AAPL,Apple Inc. - Common Stock,ST,buy,"$1,001 - $15,000",2026-06-05,2026-07-02,27,https://disclosures-clerk.house.gov/public_disc/ptr-pdfs/2026/20034906.pdf
"Cisneros, Hon. Gilbert",D,CA31,BIIB,Biogen Inc. - Common Stock,ST,buy,"$1,001 - $15,000",2026-06-05,2026-07-02,27,https://disclosures-clerk.house.gov/public_disc/ptr-pdfs/2026/20034906.pdf
"Cisneros, Hon. Gilbert",D,CA31,BSX,Boston Scientific Corporation Common Stock,ST,buy,"$1,001 - $15,000",2026-06-05,2026-07-02,27,https://disclosures-clerk.house.gov/public_disc/ptr-pdfs/2026/20034906.pdf
"Cisneros, Hon. Gilbert",D,CA31,BSX,Boston Scientific Corporation Common Stock,ST,sell_partial,"$1,001 - $15,000",2026-06-05,2026-07-02,27,https://disclosures-clerk.house.gov/public_disc/ptr-pdfs/2026/20034906.pdf
"Cisneros, Hon. Gilbert",D,CA31,LPLA,LPL Financial Holdings Inc. - Common Stock,ST,buy,"$1,001 - $15,000",2026-06-05,2026-07-02,27,https://disclosures-clerk.house.gov/public_disc/ptr-pdfs/2026/20034906.pdf
"Cisneros, Hon. Gilbert",D,CA31,MA,Mastercard Incorporated Common Stock,ST,sell_partial,"$1,001 - $15,000",2026-06-05,2026-07-02,27,https://disclosures-clerk.house.gov/public_disc/ptr-pdfs/2026/20034906.pdf
"Cisneros, Hon. Gilbert",D,CA31,MU,"Micron Technology, Inc. - Common Stock",ST,sell_partial,"$1,001 - $15,000",2026-06-05,2026-07-02,27,https://disclosures-clerk.house.gov/public_disc/ptr-pdfs/2026/20034906.pdf
"Cisneros, Hon. Gilbert",D,CA31,MSTR,Strategy Inc - Class A Common Stock,ST,buy,"$15,001 - $50,000",2026-06-05,2026-07-02,27,https://disclosures-clerk.house.gov/public_disc/ptr-pdfs/2026/20034906.pdf
"Cisneros, Hon. Gilbert",D,CA31,TEL,TE Connectivity plc Ordinary Shares,ST,buy,"$1,001 - $15,000",2026-06-05,2026-07-02,27,https://disclosures-clerk.house.gov/public_disc/ptr-pdfs/2026/20034906.pdf
"Cisneros, Hon. Gilbert",D,CA31,COO,"The Cooper Companies, Inc.",ST,buy,"$1,001 - $15,000",2026-06-05,2026-07-02,27,https://disclosures-clerk.house.gov/public_disc/ptr-pdfs/2026/20034906.pdf
"Cisneros, Hon. Gilbert",D,CA31,WRB,W.R. Berkley Corporation Common Stock,ST,sell_partial,"$1,001 - $15,000",2026-06-05,2026-07-02,27,https://disclosures-clerk.house.gov/public_disc/ptr-pdfs/2026/20034906.pdf
"Cisneros, Hon. Gilbert",D,CA31,WDAY,"Workday, Inc. - Class A Common Stock",ST,sell_full,"$15,001 - $50,000",2026-06-05,2026-07-02,27,https://disclosures-clerk.house.gov/public_disc/ptr-pdfs/2026/20034906.pdf
"Taylor, Hon. David J.",R,OH02,GOOGL,Alphabet Inc. - Class A Common Stock,ST,buy,"$1,001 - $15,000",2026-06-05,2026-06-12,7,https://disclosures-clerk.house.gov/public_disc/ptr-pdfs/2026/20034780.pdf
"Taylor, Hon. David J.",R,OH02,AMZN,"Amazon.com, Inc. - Common Stock",ST,sell_full,"$1,001 - $15,000",2026-06-05,2026-06-12,7,https://disclosures-clerk.house.gov/public_disc/ptr-pdfs/2026/20034780.pdf
"Taylor, Hon. David J.",R,OH02,AEP,"American Electric Power Company, Inc.",ST,buy,"$1,001 - $15,000",2026-06-05,2026-06-12,7,https://disclosures-clerk.house.gov/public_disc/ptr-pdfs/2026/20034780.pdf
"Taylor, Hon. David J.",R,OH02,AMGN,Amgen Inc. - Common Stock,ST,buy,"$1,001 - $15,000",2026-06-05,2026-06-12,7,https://disclosures-clerk.house.gov/public_disc/ptr-pdfs/2026/20034780.pdf
"Taylor, Hon. David J.",R,OH02,T,AT&T Inc.,ST,buy,"$1,001 - $15,000",2026-06-05,2026-06-12,7,https://disclosures-clerk.house.gov/public_disc/ptr-pdfs/2026/20034780.pdf
"Taylor, Hon. David J.",R,OH02,,Kroger Company (KR),ST,buy,"$1,001 - $15,000",2026-06-05,2026-06-12,7,https://disclosures-clerk.house.gov/public_disc/ptr-pdfs/2026/20034780.pdf
"Taylor, Hon. David J.",R,OH02,LRCX,Lam Research Corporation - Common Stock,ST,sell_full,"$1,001 - $15,000",2026-06-05,2026-06-12,7,https://disclosures-clerk.house.gov/public_disc/ptr-pdfs/2026/20034780.pdf
"Kean, Hon. Thomas H., Jr",R,NJ07,WPM,Wheaton Precious Metals Corp Common Shares,ST,buy,"$1,001 - $15,000",2026-06-04,2026-07-15,41,https://disclosures-clerk.house.gov/public_disc/ptr-pdfs/2026/20035003.pdf
"Peters, Hon. Scott H.",D,CA50,,Grapevine-Colleyville TX GO UTX,GS,sell_full,"$50,001 - $100,000",2026-06-04,2026-07-10,36,https://disclosures-clerk.house.gov/public_disc/ptr-pdfs/2026/20034911.pdf
"Delaney, Hon. April McClain",,MD06,HUBB,Hubbell Inc Common Stock,ST,buy,"$1,001 - $15,000",2026-06-04,2026-07-07,33,https://disclosures-clerk.house.gov/public_disc/ptr-pdfs/2026/20034932.pdf
"Delaney, Hon. April McClain",,MD06,WAB,Westinghouse Air Brake Technologies Corporation Common Stock,ST,sell_partial,"$1,001 - $15,000",2026-06-04,2026-07-07,33,https://disclosures-clerk.house.gov/public_disc/ptr-pdfs/2026/20034932.pdf
"Salazar, Hon. Maria Elvira",R,FL27,,Brookfield Renewable Partners L.P. Limited Partnership Units (BEP),ST,buy,"$1,001 - $15,000",2026-06-04,2026-07-07,33,https://disclosures-clerk.house.gov/public_disc/ptr-pdfs/2026/20034928.pdf
"Salazar, Hon. Maria Elvira",R,FL27,,Brookfield Renewable Partners L.P. Limited Partnership Units (BEP),ST,buy,"$15,001 - $50,000",2026-06-04,2026-07-07,33,https://disclosures-clerk.house.gov/public_disc/ptr-pdfs/2026/20034928.pdf
"Salazar, Hon. Maria Elvira",R,FL27,UNH,UnitedHealth Group Incorporated Common Stock,ST,sell_full,"$1,001 - $15,000",2026-06-04,2026-07-07,33,https://disclosures-clerk.house.gov/public_disc/ptr-pdfs/2026/20034928.pdf
"Fields, Cleo",D,LA06,QNT,Quantinuum Inc. - Class A Common Stock,ST,buy,"$1,001 - $15,000",2026-06-04,2026-06-26,22,https://disclosures-clerk.house.gov/public_disc/ptr-pdfs/2026/20034800.pdf
"McGuire, Hon. John",R,VA05,DELL,Dell Technologies Inc. Class C Common Stock,ST,sell_partial,"$1,001 - $15,000",2026-06-04,2026-06-10,6,https://disclosures-clerk.house.gov/public_disc/ptr-pdfs/2026/20034748.pdf
"McGuire, Hon. John",R,VA05,META,"Meta Platforms, Inc. - Class A Common Stock",ST,buy,"$1,001 - $15,000",2026-06-04,2026-06-10,6,https://disclosures-clerk.house.gov/public_disc/ptr-pdfs/2026/20034748.pdf
"Latta, Hon. Robert E.",R,OH05,FMAO,"Farmers & Merchants Bancorp, Inc.",ST,buy,"$15,001 - $50,000",2026-06-04,2026-06-05,1,https://disclosures-clerk.house.gov/public_disc/ptr-pdfs/2026/20034726.pdf
"Moore, Hon. Tim",R,NC14,T,AT&T Inc.,ST,buy,"$50,001 - $100,000",2026-06-04,2026-06-05,1,https://disclosures-clerk.house.gov/public_disc/ptr-pdfs/2026/20034721.pdf
"Peters, Hon. Scott H.",D,CA50,,Southwestern Community Coll Educ,GS,buy,"$500,001 - $1,000,000",2026-06-03,2026-07-10,37,https://disclosures-clerk.house.gov/public_disc/ptr-pdfs/2026/20034911.pdf
"Delaney, Hon. April McClain",,MD06,HUBB,Hubbell Inc Common Stock,ST,buy,"$1,001 - $15,000",2026-06-03,2026-07-07,34,https://disclosures-clerk.house.gov/public_disc/ptr-pdfs/2026/20034932.pdf
"Salazar, Hon. Maria Elvira",R,FL27,,Brookfield Renewable Partners L.P. Limited Partnership Units (BEP),ST,buy,"$1,001 - $15,000",2026-06-03,2026-07-07,34,https://disclosures-clerk.house.gov/public_disc/ptr-pdfs/2026/20034928.pdf
"Salazar, Hon. Maria Elvira",R,FL27,,Brookfield Renewable Partners L.P. Limited Partnership Units (BEP),ST,buy,"$1,001 - $15,000",2026-06-03,2026-07-07,34,https://disclosures-clerk.house.gov/public_disc/ptr-pdfs/2026/20034928.pdf
"Lee, Hon. Laurel",R,FL15,BAC,Bank of America Corporation Common Stock,ST,sell_partial,"$1,001 - $15,000",2026-06-02,2026-07-19,47,https://disclosures-clerk.house.gov/public_disc/ptr-pdfs/2026/20034694.pdf
"Lee, Hon. Laurel",R,FL15,NOK,Nokia Corporation Sponsored American Depositary Shares,ST,sell_partial,"$1,001 - $15,000",2026-06-02,2026-07-19,47,https://disclosures-clerk.house.gov/public_disc/ptr-pdfs/2026/20034694.pdf
"Kean, Hon. Thomas H., Jr",R,NJ07,GOOGL,Alphabet Inc. - Class A Common Stock,ST,sell_partial,"$1,001 - $15,000",2026-06-02,2026-07-15,43,https://disclosures-clerk.house.gov/public_disc/ptr-pdfs/2026/20035003.pdf
"Kean, Hon. Thomas H., Jr",R,NJ07,GIL,"Gildan Activewear, Inc. Class A Sub. Vot. Common Stock",ST,buy,"$1,001 - $15,000",2026-06-02,2026-07-15,43,https://disclosures-clerk.house.gov/public_disc/ptr-pdfs/2026/20035003.pdf
"Kean, Hon. Thomas H., Jr",R,NJ07,JNJ,Johnson & Johnson Common Stock,ST,sell_partial,"$1,001 - $15,000",2026-06-02,2026-07-15,43,https://disclosures-clerk.house.gov/public_disc/ptr-pdfs/2026/20035003.pdf
"Kean, Hon. Thomas H., Jr",R,NJ07,MKL,Markel Group Inc. Common Stock,ST,sell_partial,"$1,001 - $15,000",2026-06-02,2026-07-15,43,https://disclosures-clerk.house.gov/public_disc/ptr-pdfs/2026/20035003.pdf
"Kean, Hon. Thomas H., Jr",R,NJ07,MSFT,Microsoft Corporation - Common Stock,ST,sell_partial,"$1,001 - $15,000",2026-06-02,2026-07-15,43,https://disclosures-clerk.house.gov/public_disc/ptr-pdfs/2026/20035003.pdf
"Kean, Hon. Thomas H., Jr",R,NJ07,SYK,Stryker Corporation Common Stock,ST,sell_partial,"$1,001 - $15,000",2026-06-02,2026-07-15,43,https://disclosures-clerk.house.gov/public_disc/ptr-pdfs/2026/20035003.pdf
"Delaney, Hon. April McClain",,MD06,LYV,"Live Nation Entertainment, Inc. Common Stock",ST,sell_partial,"$1,001 - $15,000",2026-06-02,2026-07-07,35,https://disclosures-clerk.house.gov/public_disc/ptr-pdfs/2026/20034932.pdf
"Salazar, Hon. Maria Elvira",R,FL27,BIIB,Biogen Inc. - Common Stock,ST,sell_full,"$15,001 - $50,000",2026-06-02,2026-07-07,35,https://disclosures-clerk.house.gov/public_disc/ptr-pdfs/2026/20034928.pdf
"Salazar, Hon. Maria Elvira",R,FL27,,Brookfield Renewable Partners L.P. Limited Partnership Units (BEP),ST,buy,"$1,001 - $15,000",2026-06-02,2026-07-07,35,https://disclosures-clerk.house.gov/public_disc/ptr-pdfs/2026/20034928.pdf
"Salazar, Hon. Maria Elvira",R,FL27,,Brookfield Renewable Partners L.P. Limited Partnership Units (BEP),ST,buy,"$1,001 - $15,000",2026-06-02,2026-07-07,35,https://disclosures-clerk.house.gov/public_disc/ptr-pdfs/2026/20034928.pdf
"Salazar, Hon. Maria Elvira",R,FL27,CRM,"Salesforce, Inc. Common Stock",ST,buy,"$15,001 - $50,000",2026-06-02,2026-07-07,35,https://disclosures-clerk.house.gov/public_disc/ptr-pdfs/2026/20034928.pdf
"Cisneros, Hon. Gilbert",D,CA31,,"Mount San Jacinto, CA, Cmnty. College Dist. Bonds",GS,sell_full,"$500,001 - $1,000,000",2026-06-02,2026-07-02,30,https://disclosures-clerk.house.gov/public_disc/ptr-pdfs/2026/20034906.pdf
"Cisneros, Hon. Gilbert",D,CA31,SFTBF,SOFTBANK GROUP CORP,ST,buy,"$1,001 - $15,000",2026-06-02,2026-06-08,6,https://disclosures-clerk.house.gov/public_disc/ptr-pdfs/2026/20034713.pdf
"Crenshaw, Hon. Daniel",R,TX02,GOOG,Alphabet Inc. - Class C Capital Stock,ST,sell_full,"$1,001 - $15,000",2026-06-01,2026-07-16,45,https://disclosures-clerk.house.gov/public_disc/ptr-pdfs/2026/20035024.pdf
"Crenshaw, Hon. Daniel",R,TX02,AMZN,"Amazon.com, Inc. - Common Stock",ST,sell_full,"$1,001 - $15,000",2026-06-01,2026-07-16,45,https://disclosures-clerk.house.gov/public_disc/ptr-pdfs/2026/20035024.pdf
"Crenshaw, Hon. Daniel",R,TX02,AAPL,Apple Inc. - Common Stock,ST,sell_full,"$1,001 - $15,000",2026-06-01,2026-07-16,45,https://disclosures-clerk.house.gov/public_disc/ptr-pdfs/2026/20035024.pdf
"Crenshaw, Hon. Daniel",R,TX02,,FAS,OT,sell_full,"$1,001 - $15,000",2026-06-01,2026-07-16,45,https://disclosures-clerk.house.gov/public_disc/ptr-pdfs/2026/20035024.pdf
"Crenshaw, Hon. Daniel",R,TX02,META,"Meta Platforms, Inc. - Class A Common Stock",ST,sell_full,"$1,001 - $15,000",2026-06-01,2026-07-16,45,https://disclosures-clerk.house.gov/public_disc/ptr-pdfs/2026/20035024.pdf
"Crenshaw, Hon. Daniel",R,TX02,,United States 3x Oil Fund (USOU),ST,buy,"$1,001 - $15,000",2026-06-01,2026-07-16,45,https://disclosures-clerk.house.gov/public_disc/ptr-pdfs/2026/20035024.pdf
"Kean, Hon. Thomas H., Jr",R,NJ07,CHKP,Check Point Software Technologies Ltd. - Ordinary Shares,ST,sell_full,"$1,001 - $15,000",2026-06-01,2026-07-15,44,https://disclosures-clerk.house.gov/public_disc/ptr-pdfs/2026/20035003.pdf
"Kean, Hon. Thomas H., Jr",R,NJ07,EQT,EQT Corporation Common Stock,ST,buy,"$1,001 - $15,000",2026-06-01,2026-07-15,44,https://disclosures-clerk.house.gov/public_disc/ptr-pdfs/2026/20035003.pdf
"Peters, Hon. Scott H.",D,CA50,,U.S. Treasury Bills,GS,buy,"$250,001 - $500,000",2026-06-01,2026-07-10,39,https://disclosures-clerk.house.gov/public_disc/ptr-pdfs/2026/20034911.pdf
"Kelly, Hon. Mike",R,PA16,,California St Go Call 12/1/27 4% due 12/1/47,GS,sell_full,"$1,001 - $15,000",2026-06-01,2026-07-08,37,https://disclosures-clerk.house.gov/public_disc/ptr-pdfs/2026/20034947.pdf
"Lee, Hon. Susie",D,NV03,FLL,"Full House Resorts, Inc. - Common Stock",ST,sell_partial,"$1,001 - $15,000",2026-06-01,2026-07-08,37,https://disclosures-clerk.house.gov/public_disc/ptr-pdfs/2026/20034790.pdf
"Delaney, Hon. April McClain",,MD06,LYV,"Live Nation Entertainment, Inc. Common Stock",ST,sell_partial,"$1,001 - $15,000",2026-06-01,2026-07-07,36,https://disclosures-clerk.house.gov/public_disc/ptr-pdfs/2026/20034932.pdf
"Gottheimer, Hon. Josh",D,NJ05,ADC,Agree Realty Corporation Common Stock,ST,sell_full,"$1,001 - $15,000",2026-06-01,2026-07-07,36,https://disclosures-clerk.house.gov/public_disc/ptr-pdfs/2026/20034938.pdf
"Gottheimer, Hon. Josh",D,NJ05,BABA,American Depositary Shares each representing eight Ordinary share,ST,sell_full,"$1,001 - $15,000",2026-06-01,2026-07-07,36,https://disclosures-clerk.house.gov/public_disc/ptr-pdfs/2026/20034938.pdf
"Gottheimer, Hon. Josh",D,NJ05,BKNG,Booking Holdings Inc. - Common Stock,ST,sell_full,"$1,001 - $15,000",2026-06-01,2026-07-07,36,https://disclosures-clerk.house.gov/public_disc/ptr-pdfs/2026/20034938.pdf
"Gottheimer, Hon. Josh",D,NJ05,NSRGY,NESTLE S.A S/ADR,ST,sell_partial,"$1,001 - $15,000",2026-06-01,2026-07-07,36,https://disclosures-clerk.house.gov/public_disc/ptr-pdfs/2026/20034938.pdf
"Gottheimer, Hon. Josh",D,NJ05,NVZMY,NOVONESIS B UNSP/ADR,ST,sell_full,"$1,001 - $15,000",2026-06-01,2026-07-07,36,https://disclosures-clerk.house.gov/public_disc/ptr-pdfs/2026/20034938.pdf
"Kean, Hon. Thomas H., Jr",R,NJ07,CHKP,Check Point Software Technologies Ltd. - Ordinary Shares,ST,sell_partial,"$1,001 - $15,000",2026-06-01,2026-06-18,17,https://disclosures-clerk.house.gov/public_disc/ptr-pdfs/2026/20034783.pdf
"Kean, Hon. Thomas H., Jr",R,NJ07,EQT,EQT Corporation Common Stock,ST,buy,"$1,001 - $15,000",2026-06-01,2026-06-18,17,https://disclosures-clerk.house.gov/public_disc/ptr-pdfs/2026/20034783.pdf
"Walberg, Hon. Tim",R,MI05,FSSL,FS Specialty Lending Fund Common Shares of Beneficial Interest,ST,sell_full,"$15,001 - $50,000",2026-06-01,2026-06-03,2,https://disclosures-clerk.house.gov/public_disc/ptr-pdfs/2026/20034660.pdf
"Miller, Hon. Max",R,OH07,,Cliffwater Corporate Lending Fund (Ticker: CCLFX),OT,sell_partial,"$15,001 - $50,000",2026-05-29,2026-07-01,33,https://disclosures-clerk.house.gov/public_disc/ptr-pdfs/2026/20034869.pdf
"Miller, Hon. Max",R,OH07,,Cliffwater Corporate Lending Fund (Ticker: CCLFX),OT,sell_partial,"$15,001 - $50,000",2026-05-29,2026-07-01,33,https://disclosures-clerk.house.gov/public_disc/ptr-pdfs/2026/20034869.pdf
"Pelosi, Hon. Nancy",D,CA11,INTC,Intel Corporation - Common Stock,OP,buy,"$1,000,001 - $5,000,000",2026-05-29,2026-06-23,25,https://disclosures-clerk.house.gov/public_disc/ptr-pdfs/2026/20034836.pdf
"Pelosi, Hon. Nancy",D,CA11,,"Uber Technologies, Inc. Common Stock (UBER)",OP,buy,"$500,001 - $1,000,000",2026-05-29,2026-06-23,25,https://disclosures-clerk.house.gov/public_disc/ptr-pdfs/2026/20034836.pdf
"Peters, Hon. Scott H.",D,CA50,,San Juan CA USD IMPT SCH,GS,sell_full,"$500,001 - $1,000,000",2026-05-29,2026-06-19,21,https://disclosures-clerk.house.gov/public_disc/ptr-pdfs/2026/20034784.pdf
"Biggs, Hon. Sheri",R,SC03,,KKR Real Estate Select Trust Class U,PS,buy,"$1,001 - $15,000",2026-05-29,2026-06-09,11,https://disclosures-clerk.house.gov/public_disc/ptr-pdfs/2026/20034496.pdf
"Cisneros, Hon. Gilbert",D,CA31,ARQT,"Arcutis Biotherapeutics, Inc. - Common stock",ST,buy,"$1,001 - $15,000",2026-05-29,2026-06-08,10,https://disclosures-clerk.house.gov/public_disc/ptr-pdfs/2026/20034713.pdf
"Cisneros, Hon. Gilbert",D,CA31,AZO,"AutoZone, Inc. Common Stock",ST,sell_partial,"$1,001 - $15,000",2026-05-29,2026-06-08,10,https://disclosures-clerk.house.gov/public_disc/ptr-pdfs/2026/20034713.pdf
"Cisneros, Hon. Gilbert",D,CA31,BSX,Boston Scientific Corporation Common Stock,ST,buy,"$1,001 - $15,000",2026-05-29,2026-06-08,10,https://disclosures-clerk.house.gov/public_disc/ptr-pdfs/2026/20034713.pdf
"Cisneros, Hon. Gilbert",D,CA31,CIEN,Ciena Corporation,ST,buy,"$1,001 - $15,000",2026-05-29,2026-06-08,10,https://disclosures-clerk.house.gov/public_disc/ptr-pdfs/2026/20034713.pdf
"Cisneros, Hon. Gilbert",D,CA31,DASH,"DoorDash, Inc. - Common Stock",ST,buy,"$1,001 - $15,000",2026-05-29,2026-06-08,10,https://disclosures-clerk.house.gov/public_disc/ptr-pdfs/2026/20034713.pdf
"Cisneros, Hon. Gilbert",D,CA31,HQY,"HealthEquity, Inc. - Common Stock",ST,buy,"$1,001 - $15,000",2026-05-29,2026-06-08,10,https://disclosures-clerk.house.gov/public_disc/ptr-pdfs/2026/20034713.pdf
"Cisneros, Hon. Gilbert",D,CA31,INDB,Independent Bank Corp. - Common Stock,ST,buy,"$1,001 - $15,000",2026-05-29,2026-06-08,10,https://disclosures-clerk.house.gov/public_disc/ptr-pdfs/2026/20034713.pdf
"Cisneros, Hon. Gilbert",D,CA31,LGND,Ligand Pharmaceuticals Incorporated - Common Stock,ST,buy,"$1,001 - $15,000",2026-05-29,2026-06-08,10,https://disclosures-clerk.house.gov/public_disc/ptr-pdfs/2026/20034713.pdf
"Cisneros, Hon. Gilbert",D,CA31,,"New York City, NY Transitional Finance Authority Bonds",GS,buy,"$250,001 - $500,000",2026-05-29,2026-06-08,10,https://disclosures-clerk.house.gov/public_disc/ptr-pdfs/2026/20034713.pdf
"Cisneros, Hon. Gilbert",D,CA31,PWP,Perella Weinberg Partners - Class A Common Stock,ST,buy,"$1,001 - $15,000",2026-05-29,2026-06-08,10,https://disclosures-clerk.house.gov/public_disc/ptr-pdfs/2026/20034713.pdf
"Cisneros, Hon. Gilbert",D,CA31,TEL,TE Connectivity plc Ordinary Shares,ST,buy,"$1,001 - $15,000",2026-05-29,2026-06-08,10,https://disclosures-clerk.house.gov/public_disc/ptr-pdfs/2026/20034713.pdf
"Cisneros, Hon. Gilbert",D,CA31,TSLA,"Tesla, Inc. - Common Stock",ST,buy,"$1,001 - $15,000",2026-05-29,2026-06-08,10,https://disclosures-clerk.house.gov/public_disc/ptr-pdfs/2026/20034713.pdf
"Cisneros, Hon. Gilbert",D,CA31,TCBI,"Texas Capital Bancshares, Inc. - Common Stock",ST,buy,"$1,001 - $15,000",2026-05-29,2026-06-08,10,https://disclosures-clerk.house.gov/public_disc/ptr-pdfs/2026/20034713.pdf
"Cisneros, Hon. Gilbert",D,CA31,COO,"The Cooper Companies, Inc.",ST,buy,"$1,001 - $15,000",2026-05-29,2026-06-08,10,https://disclosures-clerk.house.gov/public_disc/ptr-pdfs/2026/20034713.pdf
"Cisneros, Hon. Gilbert",D,CA31,WRB,W.R. Berkley Corporation Common Stock,ST,sell_partial,"$1,001 - $15,000",2026-05-29,2026-06-08,10,https://disclosures-clerk.house.gov/public_disc/ptr-pdfs/2026/20034713.pdf
"Cisneros, Hon. Gilbert",D,CA31,WDAY,"Workday, Inc. - Class A Common Stock",ST,sell_partial,"$15,001 - $50,000",2026-05-29,2026-06-08,10,https://disclosures-clerk.house.gov/public_disc/ptr-pdfs/2026/20034713.pdf
"Salazar, Hon. Maria Elvira",R,FL27,,Brookfield Renewable Partners L.P. Limited Partnership Units (BEP),ST,buy,"$1,001 - $15,000",2026-05-29,2026-06-08,10,https://disclosures-clerk.house.gov/public_disc/ptr-pdfs/2026/20034709.pdf
"Delaney, Hon. April McClain",,MD06,HUBB,Hubbell Inc Common Stock,ST,buy,"$1,001 - $15,000",2026-05-29,2026-06-05,7,https://disclosures-clerk.house.gov/public_disc/ptr-pdfs/2026/20034718.pdf
"Stanton, Hon. Greg",D,AZ04,TCNNF,TRULIEVE CANNABIS CORP,ST,sell_partial,"$100,001 - $250,000",2026-05-28,2026-06-26,29,https://disclosures-clerk.house.gov/public_disc/ptr-pdfs/2026/20034717.pdf
"DelBene, Hon. Suzan K.",D,WA01,,Pacific Co B1 Bond - Trimble 05/29/28,CS,buy,"$500,001 - $1,000,000",2026-05-28,2026-06-11,14,https://disclosures-clerk.house.gov/public_disc/ptr-pdfs/2026/20034727.pdf
"Delaney, Hon. April McClain",,MD06,CHRW,"C.H. Robinson Worldwide, Inc. - Common Stock",ST,buy,"$1,001 - $15,000",2026-05-28,2026-06-05,8,https://disclosures-clerk.house.gov/public_disc/ptr-pdfs/2026/20034718.pdf
"Delaney, Hon. April McClain",,MD06,EME,"EMCOR Group, Inc. Common Stock",ST,sell_partial,"$1,001 - $15,000",2026-05-28,2026-06-05,8,https://disclosures-clerk.house.gov/public_disc/ptr-pdfs/2026/20034718.pdf
"Delaney, Hon. April McClain",,MD06,HUBB,Hubbell Inc Common Stock,ST,buy,"$1,001 - $15,000",2026-05-28,2026-06-05,8,https://disclosures-clerk.house.gov/public_disc/ptr-pdfs/2026/20034718.pdf
"Delaney, Hon. April McClain",,MD06,MLM,"Martin Marietta Materials, Inc. Common Stock",ST,buy,"$1,001 - $15,000",2026-05-28,2026-06-05,8,https://disclosures-clerk.house.gov/public_disc/ptr-pdfs/2026/20034718.pdf
"Delaney, Hon. April McClain",,MD06,TSCO,Tractor Supply Company - Common Stock,ST,sell_partial,"$1,001 - $15,000",2026-05-28,2026-06-05,8,https://disclosures-clerk.house.gov/public_disc/ptr-pdfs/2026/20034718.pdf
"Delaney, Hon. April McClain",,MD06,VIK,Viking Holdings Ltd Ordinary Shares,ST,sell_partial,"$1,001 - $15,000",2026-05-28,2026-06-05,8,https://disclosures-clerk.house.gov/public_disc/ptr-pdfs/2026/20034718.pdf
"Menefee, Hon. Christian D.",,TX18,PINS,"Pinterest, Inc. Class A Common Stock",ST,sell_full,"$15,001 - $50,000",2026-05-28,2026-06-01,4,https://disclosures-clerk.house.gov/public_disc/ptr-pdfs/2026/20034099.pdf
"Meuser, Hon. Daniel",R,PA09,NVDA,NVIDIA Corporation - Common Stock,ST,sell_partial,"$1,001 - $15,000",2026-05-27,2026-07-02,36,https://disclosures-clerk.house.gov/public_disc/ptr-pdfs/2026/20034774.pdf
"Cohen, Hon. Steve",D,TN09,,US Treas Bills MAT 11/19/26,GS,buy,"$500,001 - $1,000,000",2026-05-27,2026-06-17,21,https://disclosures-clerk.house.gov/public_disc/ptr-pdfs/2026/20034796.pdf
"Kelly, Hon. Mike",R,PA16,,Southeast Energy Authority A C Ser E Rev Call 7/1/30 - 5% due 10/1/30,GS,buy,"$15,001 - $50,000",2026-05-27,2026-06-11,15,https://disclosures-clerk.house.gov/public_disc/ptr-pdfs/2026/20034767.pdf
"Biggs, Hon. Sheri",R,SC03,,OAKTREE STRATEGIC CREDIT FUND CLASS S,OT,buy,"$1,001 - $15,000",2026-05-27,2026-06-09,13,https://disclosures-clerk.house.gov/public_disc/ptr-pdfs/2026/20034496.pdf
"Delaney, Hon. April McClain",,MD06,TSCO,Tractor Supply Company - Common Stock,ST,sell_partial,"$1,001 - $15,000",2026-05-27,2026-06-05,9,https://disclosures-clerk.house.gov/public_disc/ptr-pdfs/2026/20034718.pdf
"Delaney, Hon. April McClain",,MD06,VIK,Viking Holdings Ltd Ordinary Shares,ST,sell_partial,"$1,001 - $15,000",2026-05-27,2026-06-05,9,https://disclosures-clerk.house.gov/public_disc/ptr-pdfs/2026/20034718.pdf
"Gottheimer, Hon. Josh",D,NJ05,ABT,Abbott Laboratories Common Stock,ST,sell_partial,"$1,001 - $15,000",2026-05-27,2026-06-03,7,https://disclosures-clerk.house.gov/public_disc/ptr-pdfs/2026/20034693.pdf
"Peters, Hon. Scott H.",D,CA50,,U. S. Treasury Bills,GS,sell_partial,"$100,001 - $250,000",2026-05-26,2026-06-19,24,https://disclosures-clerk.house.gov/public_disc/ptr-pdfs/2026/20034784.pdf
"Delaney, Hon. April McClain",,MD06,TSCO,Tractor Supply Company - Common Stock,ST,sell_partial,"$1,001 - $15,000",2026-05-26,2026-06-05,10,https://disclosures-clerk.house.gov/public_disc/ptr-pdfs/2026/20034718.pdf
"Dingell, Hon. Debbie",D,MI06,,FEDERAL NATIONAL MORTGAGE ASSOCIATION POOL MA6054,CS,buy,"$50,001 - $100,000",2026-05-26,2026-06-05,10,https://disclosures-clerk.house.gov/public_disc/ptr-pdfs/2026/20034702.pdf
"Cisneros, Hon. Gilbert",D,CA31,MTSI,"MACOM Technology Solutions Holdings, Inc. - Common Stock",ST,sell_partial,"$1,001 - $15,000",2026-05-22,2026-06-08,17,https://disclosures-clerk.house.gov/public_disc/ptr-pdfs/2026/20034713.pdf
"Delaney, Hon. April McClain",,MD06,TSCO,Tractor Supply Company - Common Stock,ST,sell_partial,"$1,001 - $15,000",2026-05-22,2026-06-05,14,https://disclosures-clerk.house.gov/public_disc/ptr-pdfs/2026/20034718.pdf
"Delaney, Hon. April McClain",,MD06,TDG,Transdigm Group Incorporated Common Stock,ST,buy,"$1,001 - $15,000",2026-05-22,2026-06-05,14,https://disclosures-clerk.house.gov/public_disc/ptr-pdfs/2026/20034718.pdf
"Gottheimer, Hon. Josh",D,NJ05,INTU,Intuit Inc. - Common Stock,ST,sell_partial,"$1,001 - $15,000",2026-05-22,2026-06-03,12,https://disclosures-clerk.house.gov/public_disc/ptr-pdfs/2026/20034693.pdf
"Gottheimer, Hon. Josh",D,NJ05,LITE,Lumentum Holdings Inc. - Common Stock,ST,buy,"$1,001 - $15,000",2026-05-22,2026-06-03,12,https://disclosures-clerk.house.gov/public_disc/ptr-pdfs/2026/20034693.pdf
"Peters, Hon. Scott H.",D,CA50,,Dublin CA UNIF SCH DIST,GS,sell_full,"$250,001 - $500,000",2026-05-21,2026-06-19,29,https://disclosures-clerk.house.gov/public_disc/ptr-pdfs/2026/20034784.pdf
"Peters, Hon. Scott H.",D,CA50,,Kentucky PUB UTIL,GS,buy,"$250,001 - $500,000",2026-05-21,2026-06-19,29,https://disclosures-clerk.house.gov/public_disc/ptr-pdfs/2026/20034784.pdf
"Kean, Hon. Thomas H., Jr",R,NJ07,BDX,"Becton, Dickinson and Company Common Stock",ST,sell_full,"$1,001 - $15,000",2026-05-21,2026-06-18,28,https://disclosures-clerk.house.gov/public_disc/ptr-pdfs/2026/20034783.pdf
"Salazar, Hon. Maria Elvira",R,FL27,IBM,International Business Machines Corporation Common Stock,ST,buy,"$15,001 - $50,000",2026-05-21,2026-06-08,18,https://disclosures-clerk.house.gov/public_disc/ptr-pdfs/2026/20034709.pdf
"Salazar, Hon. Maria Elvira",R,FL27,IBM,International Business Machines Corporation Common Stock,ST,buy,"$15,001 - $50,000",2026-05-21,2026-06-08,18,https://disclosures-clerk.house.gov/public_disc/ptr-pdfs/2026/20034709.pdf
"Delaney, Hon. April McClain",,MD06,CHRW,"C.H. Robinson Worldwide, Inc. - Common Stock",ST,buy,"$1,001 - $15,000",2026-05-21,2026-06-05,15,https://disclosures-clerk.house.gov/public_disc/ptr-pdfs/2026/20034718.pdf
"Delaney, Hon. April McClain",,MD06,ENTG,"Entegris, Inc. - Common Stock",ST,buy,"$1,001 - $15,000",2026-05-21,2026-06-05,15,https://disclosures-clerk.house.gov/public_disc/ptr-pdfs/2026/20034718.pdf
"Delaney, Hon. April McClain",,MD06,HUBB,Hubbell Inc Common Stock,ST,buy,"$1,001 - $15,000",2026-05-21,2026-06-05,15,https://disclosures-clerk.house.gov/public_disc/ptr-pdfs/2026/20034718.pdf
"Delaney, Hon. April McClain",,MD06,TDG,Transdigm Group Incorporated Common Stock,ST,buy,"$1,001 - $15,000",2026-05-21,2026-06-05,15,https://disclosures-clerk.house.gov/public_disc/ptr-pdfs/2026/20034718.pdf
"Moore, Hon. Tim",R,NC14,T,AT&T Inc.,ST,sell_full,"$15,001 - $50,000",2026-05-21,2026-06-05,15,https://disclosures-clerk.house.gov/public_disc/ptr-pdfs/2026/20034721.pdf
"Gottheimer, Hon. Josh",D,NJ05,MU,"Micron Technology, Inc. - Common Stock",ST,buy,"$1,001 - $15,000",2026-05-21,2026-06-03,13,https://disclosures-clerk.house.gov/public_disc/ptr-pdfs/2026/20034693.pdf
"Peters, Hon. Scott H.",D,CA50,,Energy Northwest WA PWR UTIL,GS,buy,"$500,001 - $1,000,000",2026-05-20,2026-06-19,30,https://disclosures-clerk.house.gov/public_disc/ptr-pdfs/2026/20034784.pdf
"Shreve, Hon. Jefferson",R,IN06,,Buffer Note INDU/NDX/RTY- May 2026,CS,buy,"$5,000,001 - $25,000,000",2026-05-20,2026-06-06,17,https://disclosures-clerk.house.gov/public_disc/ptr-pdfs/2026/20034653.pdf
"Shreve, Hon. Jefferson",R,IN06,,Morgan Stanley 37-Month One-time Callable Note INDU/SPX - May 2026,CS,buy,"$1,000,001 - $5,000,000",2026-05-20,2026-06-06,17,https://disclosures-clerk.house.gov/public_disc/ptr-pdfs/2026/20034653.pdf
"Peters, Hon. Scott H.",D,CA50,,Chabot-Las Positas COLL EDUC,GS,buy,"$100,001 - $250,000",2026-05-19,2026-06-19,31,https://disclosures-clerk.house.gov/public_disc/ptr-pdfs/2026/20034784.pdf
"Peters, Hon. Scott H.",D,CA50,,Miami-Dade Cnty FL SCH COPS,GS,buy,"$50,001 - $100,000",2026-05-19,2026-06-19,31,https://disclosures-clerk.house.gov/public_disc/ptr-pdfs/2026/20034784.pdf
"Peters, Hon. Scott H.",D,CA50,,Val Verde CA UNIF SCH,GS,buy,"$50,001 - $100,000",2026-05-19,2026-06-19,31,https://disclosures-clerk.house.gov/public_disc/ptr-pdfs/2026/20034784.pdf
"Allen, Hon. Richard W.",R,GA12,,US Treasury Note 4% DUE 5/31/30 (91282CNG2),GS,buy,"$100,001 - $250,000",2026-05-19,2026-06-16,28,https://disclosures-clerk.house.gov/public_disc/ptr-pdfs/2026/20034740.pdf
"Cisneros, Hon. Gilbert",D,CA31,BSX,Boston Scientific Corporation Common Stock,ST,buy,"$1,001 - $15,000",2026-05-19,2026-06-08,20,https://disclosures-clerk.house.gov/public_disc/ptr-pdfs/2026/20034713.pdf
"Cisneros, Hon. Gilbert",D,CA31,LPLA,LPL Financial Holdings Inc. - Common Stock,ST,buy,"$1,001 - $15,000",2026-05-19,2026-06-08,20,https://disclosures-clerk.house.gov/public_disc/ptr-pdfs/2026/20034713.pdf
"Cisneros, Hon. Gilbert",D,CA31,WRB,W.R. Berkley Corporation Common Stock,ST,sell_partial,"$1,001 - $15,000",2026-05-19,2026-06-08,20,https://disclosures-clerk.house.gov/public_disc/ptr-pdfs/2026/20034713.pdf
"Salazar, Hon. Maria Elvira",R,FL27,DDOG,"Datadog, Inc. - Class A Common Stock",ST,buy,"$1,001 - $15,000",2026-05-19,2026-06-08,20,https://disclosures-clerk.house.gov/public_disc/ptr-pdfs/2026/20034709.pdf
"Salazar, Hon. Maria Elvira",R,FL27,DDOG,"Datadog, Inc. - Class A Common Stock",ST,buy,"$15,001 - $50,000",2026-05-19,2026-06-08,20,https://disclosures-clerk.house.gov/public_disc/ptr-pdfs/2026/20034709.pdf
"Delaney, Hon. April McClain",,MD06,CDW,CDW Corporation - Common Stock,ST,sell_full,"$1,001 - $15,000",2026-05-19,2026-06-05,17,https://disclosures-clerk.house.gov/public_disc/ptr-pdfs/2026/20034718.pdf
"Gottheimer, Hon. Josh",D,NJ05,ADI,"Analog Devices, Inc. - Common Stock",ST,buy,"$1,001 - $15,000",2026-05-19,2026-06-03,15,https://disclosures-clerk.house.gov/public_disc/ptr-pdfs/2026/20034693.pdf
"Gottheimer, Hon. Josh",D,NJ05,,Microsoft Corporation - Common Stock (MSFT),OP,sell_full,"$250,001 - $500,000",2026-05-19,2026-06-03,15,https://disclosures-clerk.house.gov/public_disc/ptr-pdfs/2026/20034693.pdf
"Gottheimer, Hon. Josh",D,NJ05,,Microsoft Corporation - Common Stock (MSFT),OP,sell_full,"$500,001 - $1,000,000",2026-05-19,2026-06-03,15,https://disclosures-clerk.house.gov/public_disc/ptr-pdfs/2026/20034693.pdf
"Gottheimer, Hon. Josh",D,NJ05,,Microsoft Corporation - Common Stock (MSFT),OP,buy,"$250,001 - $500,000",2026-05-19,2026-06-03,15,https://disclosures-clerk.house.gov/public_disc/ptr-pdfs/2026/20034693.pdf
"Gottheimer, Hon. Josh",D,NJ05,,Microsoft Corporation - Common Stock (MSFT),OP,buy,"$500,001 - $1,000,000",2026-05-19,2026-06-03,15,https://disclosures-clerk.house.gov/public_disc/ptr-pdfs/2026/20034693.pdf
"Peters, Hon. Scott H.",D,CA50,,U.S. Treasury Bills,GS,buy,"$250,001 - $500,000",2026-05-18,2026-06-19,32,https://disclosures-clerk.house.gov/public_disc/ptr-pdfs/2026/20034784.pdf
"Cisneros, Hon. Gilbert",D,CA31,CSW,"CSW Industrials, Inc. Common Stock",ST,buy,"$1,001 - $15,000",2026-05-18,2026-06-08,21,https://disclosures-clerk.house.gov/public_disc/ptr-pdfs/2026/20034713.pdf
"Cisneros, Hon. Gilbert",D,CA31,DCO,Ducommun Incorporated Common Stock,ST,buy,"$1,001 - $15,000",2026-05-18,2026-06-08,21,https://disclosures-clerk.house.gov/public_disc/ptr-pdfs/2026/20034713.pdf
"Cisneros, Hon. Gilbert",D,CA31,NOVT,Novanta Inc. - Common Shares,ST,buy,"$1,001 - $15,000",2026-05-18,2026-06-08,21,https://disclosures-clerk.house.gov/public_disc/ptr-pdfs/2026/20034713.pdf
"Cisneros, Hon. Gilbert",D,CA31,RNMBF,Rheinmetall Ag Ordinary Shares,ST,sell_full,"$1,001 - $15,000",2026-05-18,2026-06-08,21,https://disclosures-clerk.house.gov/public_disc/ptr-pdfs/2026/20034713.pdf
"Cisneros, Hon. Gilbert",D,CA31,STRL,"Sterling Infrastructure, Inc. - Common Stock",ST,sell_partial,"$15,001 - $50,000",2026-05-18,2026-06-08,21,https://disclosures-clerk.house.gov/public_disc/ptr-pdfs/2026/20034713.pdf
"Cisneros, Hon. Gilbert",D,CA31,,TOKYO ELECTRON (TOELF),ST,buy,"$1,001 - $15,000",2026-05-18,2026-06-08,21,https://disclosures-clerk.house.gov/public_disc/ptr-pdfs/2026/20034713.pdf
"Delaney, Hon. April McClain",,MD06,CHRW,"C.H. Robinson Worldwide, Inc. - Common Stock",ST,sell_partial,"$1,001 - $15,000",2026-05-18,2026-06-05,18,https://disclosures-clerk.house.gov/public_disc/ptr-pdfs/2026/20034718.pdf
"Delaney, Hon. April McClain",,MD06,CDW,CDW Corporation - Common Stock,ST,sell_partial,"$1,001 - $15,000",2026-05-18,2026-06-05,18,https://disclosures-clerk.house.gov/public_disc/ptr-pdfs/2026/20034718.pdf
"Delaney, Hon. April McClain",,MD06,SCI,Service Corporation International Common Stock,ST,sell_partial,"$1,001 - $15,000",2026-05-18,2026-06-05,18,https://disclosures-clerk.house.gov/public_disc/ptr-pdfs/2026/20034718.pdf
"Delaney, Hon. April McClain",,MD06,TSCO,Tractor Supply Company - Common Stock,ST,sell_partial,"$1,001 - $15,000",2026-05-18,2026-06-05,18,https://disclosures-clerk.house.gov/public_disc/ptr-pdfs/2026/20034718.pdf
"Auchincloss, Hon. Jake",D,MA04,STT,State Street Corporation Common Stock,ST,sell_partial,"$15,001 - $50,000",2026-05-18,2026-05-22,4,https://disclosures-clerk.house.gov/public_disc/ptr-pdfs/2026/20034622.pdf
"Auchincloss, Hon. Jake",D,MA04,STT,State Street Corporation Common Stock,ST,sell_partial,"$15,001 - $50,000",2026-05-18,2026-05-22,4,https://disclosures-clerk.house.gov/public_disc/ptr-pdfs/2026/20034622.pdf
"Moore, Hon. Tim",R,NC14,T,AT&T Inc.,ST,buy,"$15,001 - $50,000",2026-05-18,2026-05-19,1,https://disclosures-clerk.house.gov/public_disc/ptr-pdfs/2026/20034587.pdf
"Peters, Hon. Scott H.",D,CA50,,EEMA O&M Services Group,OL,buy,"$250,001 - $500,000",2026-05-15,2026-06-19,35,https://disclosures-clerk.house.gov/public_disc/ptr-pdfs/2026/20034784.pdf
"Peters, Hon. Scott H.",D,CA50,,Kent Street Group LLC,OT,buy,"$15,001 - $50,000",2026-05-15,2026-06-19,35,https://disclosures-clerk.house.gov/public_disc/ptr-pdfs/2026/20034784.pdf
"Peters, Hon. Scott H.",D,CA50,,Visalia CA Unif Imp Sch,GS,sell_full,"$500,001 - $1,000,000",2026-05-15,2026-06-19,35,https://disclosures-clerk.house.gov/public_disc/ptr-pdfs/2026/20034784.pdf
"Cisneros, Hon. Gilbert",D,CA31,ABT,Abbott Laboratories Common Stock,ST,sell_full,"$1,001 - $15,000",2026-05-15,2026-06-08,24,https://disclosures-clerk.house.gov/public_disc/ptr-pdfs/2026/20034713.pdf
"Cisneros, Hon. Gilbert",D,CA31,ADBE,Adobe Inc. - Common Stock,ST,sell_partial,"$1,001 - $15,000",2026-05-15,2026-06-08,24,https://disclosures-clerk.house.gov/public_disc/ptr-pdfs/2026/20034713.pdf
"Cisneros, Hon. Gilbert",D,CA31,AMD,"Advanced Micro Devices, Inc.",ST,buy,"$1,001 - $15,000",2026-05-15,2026-06-08,24,https://disclosures-clerk.house.gov/public_disc/ptr-pdfs/2026/20034713.pdf
"Cisneros, Hon. Gilbert",D,CA31,APP,Applovin Corporation - Class A Common Stock,ST,buy,"$1,001 - $15,000",2026-05-15,2026-06-08,24,https://disclosures-clerk.house.gov/public_disc/ptr-pdfs/2026/20034713.pdf
"Cisneros, Hon. Gilbert",D,CA31,BKNG,Booking Holdings Inc. - Common Stock,ST,sell_partial,"$1,001 - $15,000",2026-05-15,2026-06-08,24,https://disclosures-clerk.house.gov/public_disc/ptr-pdfs/2026/20034713.pdf
"Cisneros, Hon. Gilbert",D,CA31,BR,"Broadridge Financial Solutions, Inc. Common Stock",ST,sell_partial,"$1,001 - $15,000",2026-05-15,2026-06-08,24,https://disclosures-clerk.house.gov/public_disc/ptr-pdfs/2026/20034713.pdf
"Cisneros, Hon. Gilbert",D,CA31,CVNA,Carvana Co. Class A Common Stock,ST,sell_full,"$1,001 - $15,000",2026-05-15,2026-06-08,24,https://disclosures-clerk.house.gov/public_disc/ptr-pdfs/2026/20034713.pdf
"Cisneros, Hon. Gilbert",D,CA31,CB,Chubb Limited Common Stock,ST,sell_full,"$1,001 - $15,000",2026-05-15,2026-06-08,24,https://disclosures-clerk.house.gov/public_disc/ptr-pdfs/2026/20034713.pdf
"Cisneros, Hon. Gilbert",D,CA31,,Clorox Company (CLX),ST,sell_full,"$1,001 - $15,000",2026-05-15,2026-06-08,24,https://disclosures-clerk.house.gov/public_disc/ptr-pdfs/2026/20034713.pdf
"Cisneros, Hon. Gilbert",D,CA31,CAG,"ConAgra Brands, Inc. Common Stock",ST,buy,"$1,001 - $15,000",2026-05-15,2026-06-08,24,https://disclosures-clerk.house.gov/public_disc/ptr-pdfs/2026/20034713.pdf
"Cisneros, Hon. Gilbert",D,CA31,STZ,"Constellation Brands, Inc. Common Stock",ST,sell_partial,"$1,001 - $15,000",2026-05-15,2026-06-08,24,https://disclosures-clerk.house.gov/public_disc/ptr-pdfs/2026/20034713.pdf
"Cisneros, Hon. Gilbert",D,CA31,CRWD,"CrowdStrike Holdings, Inc. - Class A Common Stock",ST,buy,"$1,001 - $15,000",2026-05-15,2026-06-08,24,https://disclosures-clerk.house.gov/public_disc/ptr-pdfs/2026/20034713.pdf
"Cisneros, Hon. Gilbert",D,CA31,DPZ,Domino's Pizza Inc - Common Stock,ST,buy,"$1,001 - $15,000",2026-05-15,2026-06-08,24,https://disclosures-clerk.house.gov/public_disc/ptr-pdfs/2026/20034713.pdf
"Cisneros, Hon. Gilbert",D,CA31,EA,Electronic Arts Inc. - Common Stock,ST,buy,"$1,001 - $15,000",2026-05-15,2026-06-08,24,https://disclosures-clerk.house.gov/public_disc/ptr-pdfs/2026/20034713.pdf
"Cisneros, Hon. Gilbert",D,CA31,FDS,FactSet Research Systems Inc. Common Stock,ST,sell_full,"$1,001 - $15,000",2026-05-15,2026-06-08,24,https://disclosures-clerk.house.gov/public_disc/ptr-pdfs/2026/20034713.pdf
"Cisneros, Hon. Gilbert",D,CA31,GEHCV,GE HealthCare Technologies Inc.,ST,sell_full,"$1,001 - $15,000",2026-05-15,2026-06-08,24,https://disclosures-clerk.house.gov/public_disc/ptr-pdfs/2026/20034713.pdf
"Cisneros, Hon. Gilbert",D,CA31,IBM,International Business Machines Corporation Common Stock,ST,sell_full,"$15,001 - $50,000",2026-05-15,2026-06-08,24,https://disclosures-clerk.house.gov/public_disc/ptr-pdfs/2026/20034713.pdf
"Cisneros, Hon. Gilbert",D,CA31,MDT,Medtronic plc. Ordinary Shares,ST,sell_partial,"$1,001 - $15,000",2026-05-15,2026-06-08,24,https://disclosures-clerk.house.gov/public_disc/ptr-pdfs/2026/20034713.pdf
"Cisneros, Hon. Gilbert",D,CA31,MU,"Micron Technology, Inc. - Common Stock",ST,sell_partial,"$1,001 - $15,000",2026-05-15,2026-06-08,24,https://disclosures-clerk.house.gov/public_disc/ptr-pdfs/2026/20034713.pdf
"Cisneros, Hon. Gilbert",D,CA31,MSFT,Microsoft Corporation - Common Stock,ST,buy,"$50,001 - $100,000",2026-05-15,2026-06-08,24,https://disclosures-clerk.house.gov/public_disc/ptr-pdfs/2026/20034713.pdf
"Cisneros, Hon. Gilbert",D,CA31,PLTR,Palantir Technologies Inc. - Class A Common Stock,ST,sell_partial,"$1,001 - $15,000",2026-05-15,2026-06-08,24,https://disclosures-clerk.house.gov/public_disc/ptr-pdfs/2026/20034713.pdf
"Cisneros, Hon. Gilbert",D,CA31,PSKY,Paramount Skydance Corporation - Class B Common Stock,ST,sell_partial,"$1,001 - $15,000",2026-05-15,2026-06-08,24,https://disclosures-clerk.house.gov/public_disc/ptr-pdfs/2026/20034713.pdf
"Cisneros, Hon. Gilbert",D,CA31,PYPL,"PayPal Holdings, Inc. - Common Stock",ST,sell_partial,"$1,001 - $15,000",2026-05-15,2026-06-08,24,https://disclosures-clerk.house.gov/public_disc/ptr-pdfs/2026/20034713.pdf
"Cisneros, Hon. Gilbert",D,CA31,REGN,"Regeneron Pharmaceuticals, Inc. - Common Stock",ST,sell_full,"$1,001 - $15,000",2026-05-15,2026-06-08,24,https://disclosures-clerk.house.gov/public_disc/ptr-pdfs/2026/20034713.pdf
"Cisneros, Hon. Gilbert",D,CA31,ROP,"Roper Technologies, Inc.",ST,sell_partial,"$1,001 - $15,000",2026-05-15,2026-06-08,24,https://disclosures-clerk.house.gov/public_disc/ptr-pdfs/2026/20034713.pdf
"Cisneros, Hon. Gilbert",D,CA31,CPB,The Campbell's Company - Common Stock,ST,buy,"$1,001 - $15,000",2026-05-15,2026-06-08,24,https://disclosures-clerk.house.gov/public_disc/ptr-pdfs/2026/20034713.pdf
"Cisneros, Hon. Gilbert",D,CA31,TTD,"The Trade Desk, Inc. - Class A Common Stock",ST,buy,"$1,001 - $15,000",2026-05-15,2026-06-08,24,https://disclosures-clerk.house.gov/public_disc/ptr-pdfs/2026/20034713.pdf
"Cisneros, Hon. Gilbert",D,CA31,TPH,"Tri Pointe Homes, Inc. Common Stock",ST,sell_full,"$1,001 - $15,000",2026-05-15,2026-06-08,24,https://disclosures-clerk.house.gov/public_disc/ptr-pdfs/2026/20034713.pdf
"Cisneros, Hon. Gilbert",D,CA31,TRMB,Trimble Inc. - Common Stock,ST,sell_full,"$1,001 - $15,000",2026-05-15,2026-06-08,24,https://disclosures-clerk.house.gov/public_disc/ptr-pdfs/2026/20034713.pdf
"Cisneros, Hon. Gilbert",D,CA31,TYL,"Tyler Technologies, Inc. Common Stock",ST,sell_full,"$1,001 - $15,000",2026-05-15,2026-06-08,24,https://disclosures-clerk.house.gov/public_disc/ptr-pdfs/2026/20034713.pdf
"Cisneros, Hon. Gilbert",D,CA31,UBER,"Uber Technologies, Inc. Common Stock",ST,sell_partial,"$1,001 - $15,000",2026-05-15,2026-06-08,24,https://disclosures-clerk.house.gov/public_disc/ptr-pdfs/2026/20034713.pdf
"Cisneros, Hon. Gilbert",D,CA31,VRSK,"Verisk Analytics, Inc. - Common Stock",ST,buy,"$1,001 - $15,000",2026-05-15,2026-06-08,24,https://disclosures-clerk.house.gov/public_disc/ptr-pdfs/2026/20034713.pdf
"Delaney, Hon. April McClain",,MD06,BWXT,"BWX Technologies, Inc. Common Stock",ST,buy,"$15,001 - $50,000",2026-05-15,2026-06-05,21,https://disclosures-clerk.house.gov/public_disc/ptr-pdfs/2026/20034718.pdf
"Delaney, Hon. April McClain",,MD06,CHRW,"C.H. Robinson Worldwide, Inc. - Common Stock",ST,sell_partial,"$1,001 - $15,000",2026-05-15,2026-06-05,21,https://disclosures-clerk.house.gov/public_disc/ptr-pdfs/2026/20034718.pdf
"Delaney, Hon. April McClain",,MD06,CDW,CDW Corporation - Common Stock,ST,sell_partial,"$1,001 - $15,000",2026-05-15,2026-06-05,21,https://disclosures-clerk.house.gov/public_disc/ptr-pdfs/2026/20034718.pdf
"Delaney, Hon. April McClain",,MD06,SCI,Service Corporation International Common Stock,ST,sell_partial,"$1,001 - $15,000",2026-05-15,2026-06-05,21,https://disclosures-clerk.house.gov/public_disc/ptr-pdfs/2026/20034718.pdf
"Delaney, Hon. April McClain",,MD06,TSCO,Tractor Supply Company - Common Stock,ST,sell_partial,"$1,001 - $15,000",2026-05-15,2026-06-05,21,https://disclosures-clerk.house.gov/public_disc/ptr-pdfs/2026/20034718.pdf
"Doggett, Hon. Lloyd",D,TX37,,Procter & Gamble Company (PG),ST,buy,"$1,001 - $15,000",2026-05-15,2026-06-04,20,https://disclosures-clerk.house.gov/public_disc/ptr-pdfs/2026/20034712.pdf
"Gottheimer, Hon. Josh",D,NJ05,TPH,"Tri Pointe Homes, Inc. Common Stock",ST,sell_full,"$1,001 - $15,000",2026-05-15,2026-06-03,19,https://disclosures-clerk.house.gov/public_disc/ptr-pdfs/2026/20034693.pdf
"Foxx, Hon. Virginia",R,NC05,ARLP,Common Units Representing Limited Partnership Interests,ST,buy,"$1,001 - $15,000",2026-05-15,2026-06-02,18,https://disclosures-clerk.house.gov/public_disc/ptr-pdfs/2026/20034670.pdf
"Miller, Hon. Max",R,OH07,,"Alpine Investors IX, LP (GLAS Funds, LP)",HN,buy,"$1,001 - $15,000",2026-05-15,2026-05-29,14,https://disclosures-clerk.house.gov/public_disc/ptr-pdfs/2026/20034651.pdf
"Taylor, Hon. David J.",R,OH02,GOOGL,Alphabet Inc. - Class A Common Stock,ST,sell_full,"$15,001 - $50,000",2026-05-15,2026-05-28,13,https://disclosures-clerk.house.gov/public_disc/ptr-pdfs/2026/20034650.pdf
"Taylor, Hon. David J.",R,OH02,GOOGL,Alphabet Inc. - Class A Common Stock,ST,sell_full,"$1,001 - $15,000",2026-05-15,2026-05-28,13,https://disclosures-clerk.house.gov/public_disc/ptr-pdfs/2026/20034650.pdf
"Taylor, Hon. David J.",R,OH02,AAPL,Apple Inc. - Common Stock,ST,sell_full,"$1,001 - $15,000",2026-05-15,2026-05-28,13,https://disclosures-clerk.house.gov/public_disc/ptr-pdfs/2026/20034650.pdf
"Taylor, Hon. David J.",R,OH02,AAPL,Apple Inc. - Common Stock,ST,sell_full,"$1,001 - $15,000",2026-05-15,2026-05-28,13,https://disclosures-clerk.house.gov/public_disc/ptr-pdfs/2026/20034650.pdf
"Taylor, Hon. David J.",R,OH02,T,AT&T Inc.,ST,buy,"$1,001 - $15,000",2026-05-15,2026-05-28,13,https://disclosures-clerk.house.gov/public_disc/ptr-pdfs/2026/20034650.pdf
"Taylor, Hon. David J.",R,OH02,T,AT&T Inc.,ST,buy,"$1,001 - $15,000",2026-05-15,2026-05-28,13,https://disclosures-clerk.house.gov/public_disc/ptr-pdfs/2026/20034650.pdf
"Taylor, Hon. David J.",R,OH02,HD,"Home Depot, Inc.",ST,buy,"$1,001 - $15,000",2026-05-15,2026-05-28,13,https://disclosures-clerk.house.gov/public_disc/ptr-pdfs/2026/20034650.pdf
"Taylor, Hon. David J.",R,OH02,HD,"Home Depot, Inc.",ST,buy,"$1,001 - $15,000",2026-05-15,2026-05-28,13,https://disclosures-clerk.house.gov/public_disc/ptr-pdfs/2026/20034650.pdf
"Taylor, Hon. David J.",R,OH02,MEDP,"Medpace Holdings, Inc. - Common Stock",ST,buy,"$1,001 - $15,000",2026-05-15,2026-05-28,13,https://disclosures-clerk.house.gov/public_disc/ptr-pdfs/2026/20034650.pdf
"Taylor, Hon. David J.",R,OH02,MEDP,"Medpace Holdings, Inc. - Common Stock",ST,buy,"$1,001 - $15,000",2026-05-15,2026-05-28,13,https://disclosures-clerk.house.gov/public_disc/ptr-pdfs/2026/20034650.pdf
"Taylor, Hon. David J.",R,OH02,PH,Parker-Hannifin Corporation Common Stock,ST,buy,"$1,001 - $15,000",2026-05-15,2026-05-28,13,https://disclosures-clerk.house.gov/public_disc/ptr-pdfs/2026/20034650.pdf
"Taylor, Hon. David J.",R,OH02,PH,Parker-Hannifin Corporation Common Stock,ST,buy,"$1,001 - $15,000",2026-05-15,2026-05-28,13,https://disclosures-clerk.house.gov/public_disc/ptr-pdfs/2026/20034650.pdf
"Peters, Hon. Scott H.",D,CA50,,Burbank Glendale PA Air Tran,GS,buy,"$250,001 - $500,000",2026-05-14,2026-06-19,36,https://disclosures-clerk.house.gov/public_disc/ptr-pdfs/2026/20034784.pdf
"Peters, Hon. Scott H.",D,CA50,,U.S. Treasury Bills,GS,sell_partial,"$15,001 - $50,000",2026-05-14,2026-06-19,36,https://disclosures-clerk.house.gov/public_disc/ptr-pdfs/2026/20034784.pdf
"Kean, Hon. Thomas H., Jr",R,NJ07,AMCR,Amcor plc Ordinary Shares,ST,buy,"$1,001 - $15,000",2026-05-14,2026-06-18,35,https://disclosures-clerk.house.gov/public_disc/ptr-pdfs/2026/20034783.pdf
"Cisneros, Hon. Gilbert",D,CA31,AMD,"Advanced Micro Devices, Inc.",ST,buy,"$1,001 - $15,000",2026-05-14,2026-06-08,25,https://disclosures-clerk.house.gov/public_disc/ptr-pdfs/2026/20034713.pdf
"Cisneros, Hon. Gilbert",D,CA31,CIEN,Ciena Corporation,ST,buy,"$1,001 - $15,000",2026-05-14,2026-06-08,25,https://disclosures-clerk.house.gov/public_disc/ptr-pdfs/2026/20034713.pdf
"Cisneros, Hon. Gilbert",D,CA31,FLEX,Flex Ltd. - Ordinary Shares,ST,sell_partial,"$1,001 - $15,000",2026-05-14,2026-06-08,25,https://disclosures-clerk.house.gov/public_disc/ptr-pdfs/2026/20034713.pdf
"Cisneros, Hon. Gilbert",D,CA31,LPLA,LPL Financial Holdings Inc. - Common Stock,ST,buy,"$1,001 - $15,000",2026-05-14,2026-06-08,25,https://disclosures-clerk.house.gov/public_disc/ptr-pdfs/2026/20034713.pdf
"Cisneros, Hon. Gilbert",D,CA31,MELI,"MercadoLibre, Inc. - Common Stock",ST,sell_full,"$1,001 - $15,000",2026-05-14,2026-06-08,25,https://disclosures-clerk.house.gov/public_disc/ptr-pdfs/2026/20034713.pdf
"Cisneros, Hon. Gilbert",D,CA31,MDB,"MongoDB, Inc. - Class A Common Stock",ST,sell_full,"$1,001 - $15,000",2026-05-14,2026-06-08,25,https://disclosures-clerk.house.gov/public_disc/ptr-pdfs/2026/20034713.pdf
"Cisneros, Hon. Gilbert",D,CA31,WRB,W.R. Berkley Corporation Common Stock,ST,sell_partial,"$1,001 - $15,000",2026-05-14,2026-06-08,25,https://disclosures-clerk.house.gov/public_disc/ptr-pdfs/2026/20034713.pdf
"Delaney, Hon. April McClain",,MD06,BWXT,"BWX Technologies, Inc. Common Stock",ST,buy,"$1,001 - $15,000",2026-05-14,2026-06-05,22,https://disclosures-clerk.house.gov/public_disc/ptr-pdfs/2026/20034718.pdf
"Delaney, Hon. April McClain",,MD06,CDW,CDW Corporation - Common Stock,ST,sell_partial,"$1,001 - $15,000",2026-05-14,2026-06-05,22,https://disclosures-clerk.house.gov/public_disc/ptr-pdfs/2026/20034718.pdf
"Delaney, Hon. April McClain",,MD06,HUBB,Hubbell Inc Common Stock,ST,buy,"$15,001 - $50,000",2026-05-14,2026-06-05,22,https://disclosures-clerk.house.gov/public_disc/ptr-pdfs/2026/20034718.pdf
"Delaney, Hon. April McClain",,MD06,PWR,"Quanta Services, Inc. Common Stock",ST,sell_full,"$15,001 - $50,000",2026-05-14,2026-06-05,22,https://disclosures-clerk.house.gov/public_disc/ptr-pdfs/2026/20034718.pdf
"Delaney, Hon. April McClain",,MD06,SCI,Service Corporation International Common Stock,ST,sell_partial,"$1,001 - $15,000",2026-05-14,2026-06-05,22,https://disclosures-clerk.house.gov/public_disc/ptr-pdfs/2026/20034718.pdf
"Fields, Cleo",D,LA06,AAPL,Apple Inc. - Common Stock,ST,buy,"$1,001 - $15,000",2026-05-14,2026-06-03,20,https://disclosures-clerk.house.gov/public_disc/ptr-pdfs/2026/20034591.pdf
"Gottheimer, Hon. Josh",D,NJ05,NSRGY,NESTLE S.A S/ADR,ST,sell_partial,"$1,001 - $15,000",2026-05-14,2026-06-03,20,https://disclosures-clerk.house.gov/public_disc/ptr-pdfs/2026/20034693.pdf
"Gottheimer, Hon. Josh",D,NJ05,PANW,"Palo Alto Networks, Inc.",ST,buy,"$1,001 - $15,000",2026-05-14,2026-06-03,20,https://disclosures-clerk.house.gov/public_disc/ptr-pdfs/2026/20034693.pdf
"Case, Hon. Ed",D,HI01,AAPL,Apple Inc. - Common Stock,ST,buy,"$1,001 - $15,000",2026-05-14,2026-05-31,17,https://disclosures-clerk.house.gov/public_disc/ptr-pdfs/2026/20034668.pdf
"Begich, Hon. Nicholas, III",R,AK00,,"Listen Ventures IV, LP",HN,buy,"$250,001 - $500,000",2026-05-13,2026-06-12,30,https://disclosures-clerk.house.gov/public_disc/ptr-pdfs/2026/20020055.pdf
"Roy, Hon. Chip",R,TX21,AESI,Atlas Energy Solutions Inc. Common Stock,ST,sell_partial,"$100,001 - $250,000",2026-05-13,2026-06-10,28,https://disclosures-clerk.house.gov/public_disc/ptr-pdfs/2026/20034762.pdf
"Cisneros, Hon. Gilbert",D,CA31,STE,STERIS plc,ST,buy,"$1,001 - $15,000",2026-05-13,2026-06-08,26,https://disclosures-clerk.house.gov/public_disc/ptr-pdfs/2026/20034713.pdf
"Cisneros, Hon. Gilbert",D,CA31,PCVX,"Vaxcyte, Inc. - Common Stock",ST,buy,"$1,001 - $15,000",2026-05-13,2026-06-08,26,https://disclosures-clerk.house.gov/public_disc/ptr-pdfs/2026/20034713.pdf
"Cisneros, Hon. Gilbert",D,CA31,WRB,W.R. Berkley Corporation Common Stock,ST,sell_partial,"$1,001 - $15,000",2026-05-13,2026-06-08,26,https://disclosures-clerk.house.gov/public_disc/ptr-pdfs/2026/20034713.pdf
"Salazar, Hon. Maria Elvira",R,FL27,QCOM,QUALCOMM Incorporated - Common Stock,ST,buy,"$15,001 - $50,000",2026-05-13,2026-06-08,26,https://disclosures-clerk.house.gov/public_disc/ptr-pdfs/2026/20034709.pdf
"Salazar, Hon. Maria Elvira",R,FL27,QCOM,QUALCOMM Incorporated - Common Stock,ST,buy,"$1,001 - $15,000",2026-05-13,2026-06-08,26,https://disclosures-clerk.house.gov/public_disc/ptr-pdfs/2026/20034709.pdf
"Delaney, Hon. April McClain",,MD06,HUBB,Hubbell Inc Common Stock,ST,buy,"$1,001 - $15,000",2026-05-13,2026-06-05,23,https://disclosures-clerk.house.gov/public_disc/ptr-pdfs/2026/20034718.pdf
"Delaney, Hon. April McClain",,MD06,PWR,"Quanta Services, Inc. Common Stock",ST,sell_partial,"$1,001 - $15,000",2026-05-13,2026-06-05,23,https://disclosures-clerk.house.gov/public_disc/ptr-pdfs/2026/20034718.pdf
"Delaney, Hon. April McClain",,MD06,TDG,Transdigm Group Incorporated Common Stock,ST,buy,"$1,001 - $15,000",2026-05-13,2026-06-05,23,https://disclosures-clerk.house.gov/public_disc/ptr-pdfs/2026/20034718.pdf
"Jackson, Hon. Jonathan",D,IL01,MSFT,Microsoft Corporation - Common Stock,ST,sell_partial,"$15,001 - $50,000",2026-05-12,2026-06-16,35,https://disclosures-clerk.house.gov/public_disc/ptr-pdfs/2026/20034688.pdf
"Johnson, Hon. Julie",D,TX32,ABT,Abbott Laboratories Common Stock,ST,sell_full,"$1,001 - $15,000",2026-05-12,2026-06-12,31,https://disclosures-clerk.house.gov/public_disc/ptr-pdfs/2026/20034706.pdf
"Johnson, Hon. Julie",D,TX32,ACN,Accenture plc Class A Ordinary Shares,ST,sell_full,"$1,001 - $15,000",2026-05-12,2026-06-12,31,https://disclosures-clerk.house.gov/public_disc/ptr-pdfs/2026/20034706.pdf
"Cisneros, Hon. Gilbert",D,CA31,FLEX,Flex Ltd. - Ordinary Shares,ST,sell_partial,"$1,001 - $15,000",2026-05-12,2026-06-08,27,https://disclosures-clerk.house.gov/public_disc/ptr-pdfs/2026/20034713.pdf
"Cisneros, Hon. Gilbert",D,CA31,LPLA,LPL Financial Holdings Inc. - Common Stock,ST,buy,"$1,001 - $15,000",2026-05-12,2026-06-08,27,https://disclosures-clerk.house.gov/public_disc/ptr-pdfs/2026/20034713.pdf
"Cisneros, Hon. Gilbert",D,CA31,ST,Sensata Technologies Holding plc Ordinary Shares,ST,buy,"$1,001 - $15,000",2026-05-12,2026-06-08,27,https://disclosures-clerk.house.gov/public_disc/ptr-pdfs/2026/20034713.pdf
"Cisneros, Hon. Gilbert",D,CA31,PCVX,"Vaxcyte, Inc. - Common Stock",ST,buy,"$1,001 - $15,000",2026-05-12,2026-06-08,27,https://disclosures-clerk.house.gov/public_disc/ptr-pdfs/2026/20034713.pdf
"Cisneros, Hon. Gilbert",D,CA31,WRB,W.R. Berkley Corporation Common Stock,ST,sell_partial,"$1,001 - $15,000",2026-05-12,2026-06-08,27,https://disclosures-clerk.house.gov/public_disc/ptr-pdfs/2026/20034713.pdf
"Salazar, Hon. Maria Elvira",R,FL27,BIIB,Biogen Inc. - Common Stock,ST,buy,"$1,001 - $15,000",2026-05-12,2026-06-08,27,https://disclosures-clerk.house.gov/public_disc/ptr-pdfs/2026/20034709.pdf
"Salazar, Hon. Maria Elvira",R,FL27,,Sherwin-Williams Company (SHW),ST,sell_full,"$1,001 - $15,000",2026-05-12,2026-06-08,27,https://disclosures-clerk.house.gov/public_disc/ptr-pdfs/2026/20034709.pdf
"Salazar, Hon. Maria Elvira",R,FL27,,Sherwin-Williams Company (SHW),ST,sell_full,"$1,001 - $15,000",2026-05-12,2026-06-08,27,https://disclosures-clerk.house.gov/public_disc/ptr-pdfs/2026/20034709.pdf
"Lee, Hon. Laurel",R,FL15,NOK,Nokia Corporation Sponsored American Depositary Shares,ST,sell_partial,"$15,001 - $50,000",2026-05-11,2026-07-19,69,https://disclosures-clerk.house.gov/public_disc/ptr-pdfs/2026/20034694.pdf
"Dunn, Hon. Neal Patrick MD, Facs",R,FL02,,"share of 5.000% Perpetual Preferred Stock, Series A (T$A)",ST,sell_full,"$15,001 - $50,000",2026-05-11,2026-06-23,43,https://disclosures-clerk.house.gov/public_disc/ptr-pdfs/2026/20034815.pdf
"Dunn, Hon. Neal Patrick MD, Facs",R,FL02,,JP Morgan Chase & Co Depositary Shares Preferred Series GG,OT,sell_full,"$50,001 - $100,000",2026-05-11,2026-06-23,43,https://disclosures-clerk.house.gov/public_disc/ptr-pdfs/2026/20034815.pdf
"Dunn, Hon. Neal Patrick MD, Facs",R,FL02,,"Non-Cumulative Perpetual Preferred Stock, Series E (RF$E)",ST,sell_full,"$50,001 - $100,000",2026-05-11,2026-06-23,43,https://disclosures-clerk.house.gov/public_disc/ptr-pdfs/2026/20034815.pdf
"Peters, Hon. Scott H.",D,CA50,,Los Angeles CA IMPT SCH,GS,buy,"$50,001 - $100,000",2026-05-11,2026-06-19,39,https://disclosures-clerk.house.gov/public_disc/ptr-pdfs/2026/20034784.pdf
"Cisneros, Hon. Gilbert",D,CA31,,BNP PARIBAS ORD (BNPQF),ST,buy,"$1,001 - $15,000",2026-05-11,2026-06-08,28,https://disclosures-clerk.house.gov/public_disc/ptr-pdfs/2026/20034713.pdf
"Cisneros, Hon. Gilbert",D,CA31,BSX,Boston Scientific Corporation Common Stock,ST,buy,"$1,001 - $15,000",2026-05-11,2026-06-08,28,https://disclosures-clerk.house.gov/public_disc/ptr-pdfs/2026/20034713.pdf
"Cisneros, Hon. Gilbert",D,CA31,BBIO,"BridgeBio Pharma, Inc. - Common Stock",ST,buy,"$1,001 - $15,000",2026-05-11,2026-06-08,28,https://disclosures-clerk.house.gov/public_disc/ptr-pdfs/2026/20034713.pdf
"Cisneros, Hon. Gilbert",D,CA31,DASH,"DoorDash, Inc. - Common Stock",ST,buy,"$1,001 - $15,000",2026-05-11,2026-06-08,28,https://disclosures-clerk.house.gov/public_disc/ptr-pdfs/2026/20034713.pdf
"Cisneros, Hon. Gilbert",D,CA31,FSV,FirstService Corporation - Common Shares,ST,buy,"$1,001 - $15,000",2026-05-11,2026-06-08,28,https://disclosures-clerk.house.gov/public_disc/ptr-pdfs/2026/20034713.pdf
"Cisneros, Hon. Gilbert",D,CA31,FLEX,Flex Ltd. - Ordinary Shares,ST,sell_partial,"$50,001 - $100,000",2026-05-11,2026-06-08,28,https://disclosures-clerk.house.gov/public_disc/ptr-pdfs/2026/20034713.pdf
"Cisneros, Hon. Gilbert",D,CA31,GIL,"Gildan Activewear, Inc. Class A Sub. Vot. Common Stock",ST,buy,"$1,001 - $15,000",2026-05-11,2026-06-08,28,https://disclosures-clerk.house.gov/public_disc/ptr-pdfs/2026/20034713.pdf
"Cisneros, Hon. Gilbert",D,CA31,ST,Sensata Technologies Holding plc Ordinary Shares,ST,buy,"$1,001 - $15,000",2026-05-11,2026-06-08,28,https://disclosures-clerk.house.gov/public_disc/ptr-pdfs/2026/20034713.pdf
"Cisneros, Hon. Gilbert",D,CA31,SARO,"StandardAero, Inc. Common Stock",ST,buy,"$1,001 - $15,000",2026-05-11,2026-06-08,28,https://disclosures-clerk.house.gov/public_disc/ptr-pdfs/2026/20034713.pdf
"Cisneros, Hon. Gilbert",D,CA31,STE,STERIS plc,ST,buy,"$1,001 - $15,000",2026-05-11,2026-06-08,28,https://disclosures-clerk.house.gov/public_disc/ptr-pdfs/2026/20034713.pdf
"Cisneros, Hon. Gilbert",D,CA31,THLEF,Thales Ordinary Shares,ST,buy,"$1,001 - $15,000",2026-05-11,2026-06-08,28,https://disclosures-clerk.house.gov/public_disc/ptr-pdfs/2026/20034713.pdf
"Cisneros, Hon. Gilbert",D,CA31,VLTO,Veralto Corp Common Stock,ST,buy,"$1,001 - $15,000",2026-05-11,2026-06-08,28,https://disclosures-clerk.house.gov/public_disc/ptr-pdfs/2026/20034713.pdf
"Cisneros, Hon. Gilbert",D,CA31,W,Wayfair Inc. Class A Common Stock,ST,buy,"$1,001 - $15,000",2026-05-11,2026-06-08,28,https://disclosures-clerk.house.gov/public_disc/ptr-pdfs/2026/20034713.pdf
"Salazar, Hon. Maria Elvira",R,FL27,BIIB,Biogen Inc. - Common Stock,ST,buy,"$1,001 - $15,000",2026-05-11,2026-06-08,28,https://disclosures-clerk.house.gov/public_disc/ptr-pdfs/2026/20034709.pdf
"Salazar, Hon. Maria Elvira",R,FL27,BIIB,Biogen Inc. - Common Stock,ST,buy,"$50,001 - $100,000",2026-05-11,2026-06-08,28,https://disclosures-clerk.house.gov/public_disc/ptr-pdfs/2026/20034709.pdf
"Salazar, Hon. Maria Elvira",R,FL27,WHR,Whirlpool Corporation Common Stock,ST,sell_full,"$1,001 - $15,000",2026-05-11,2026-06-08,28,https://disclosures-clerk.house.gov/public_disc/ptr-pdfs/2026/20034709.pdf
"Salazar, Hon. Maria Elvira",R,FL27,WHR,Whirlpool Corporation Common Stock,ST,sell_full,"$1,001 - $15,000",2026-05-11,2026-06-08,28,https://disclosures-clerk.house.gov/public_disc/ptr-pdfs/2026/20034709.pdf
"Miller, Hon. Max",R,OH07,,"GLAS Funds, LP",HN,sell_partial,"$1,001 - $15,000",2026-05-11,2026-05-29,18,https://disclosures-clerk.house.gov/public_disc/ptr-pdfs/2026/20034651.pdf
"Evans, Hon. Dwight",D,PA03,AMT,PA03 American Tower Corporation,ST,sell_full,"$1,001 - $15,000",2026-05-11,2026-05-15,4,https://disclosures-clerk.house.gov/public_disc/ptr-pdfs/2026/20034556.pdf
"Peters, Hon. Scott H.",D,CA50,,U.S. Treasury Bills,GS,sell_partial,"$100,001 - $250,000",2026-05-08,2026-06-19,42,https://disclosures-clerk.house.gov/public_disc/ptr-pdfs/2026/20034784.pdf
"Allen, Hon. Richard W.",R,GA12,ACN,Accenture plc Class A Ordinary Shares,ST,sell_full,"$15,001 - $50,000",2026-05-08,2026-06-16,39,https://disclosures-clerk.house.gov/public_disc/ptr-pdfs/2026/20034740.pdf
"Allen, Hon. Richard W.",R,GA12,AXP,American Express Company Common Stock,ST,buy,"$1,001 - $15,000",2026-05-08,2026-06-16,39,https://disclosures-clerk.house.gov/public_disc/ptr-pdfs/2026/20034740.pdf
"Allen, Hon. Richard W.",R,GA12,TSM,Taiwan Semiconductor Manufacturing Company Ltd.,ST,buy,"$1,001 - $15,000",2026-05-08,2026-06-16,39,https://disclosures-clerk.house.gov/public_disc/ptr-pdfs/2026/20034740.pdf
"Suozzi, Hon. Thomas",D,NY03,,American US govt money market fund,OT,buy,"$1,001 - $15,000",2026-05-08,2026-06-09,32,https://disclosures-clerk.house.gov/public_disc/ptr-pdfs/2026/20034747.pdf
"Cisneros, Hon. Gilbert",D,CA31,PLTR,Palantir Technologies Inc. - Class A Common Stock,ST,sell_partial,"$1,001 - $15,000",2026-05-08,2026-06-08,31,https://disclosures-clerk.house.gov/public_disc/ptr-pdfs/2026/20034713.pdf
"Cisneros, Hon. Gilbert",D,CA31,PRIM,Primoris Services Corporation,ST,sell_full,"$1,001 - $15,000",2026-05-08,2026-06-08,31,https://disclosures-clerk.house.gov/public_disc/ptr-pdfs/2026/20034713.pdf
"Delaney, Hon. April McClain",,MD06,BWXT,"BWX Technologies, Inc. Common Stock",ST,buy,"$15,001 - $50,000",2026-05-08,2026-06-05,28,https://disclosures-clerk.house.gov/public_disc/ptr-pdfs/2026/20034718.pdf
"Delaney, Hon. April McClain",,MD06,ENTG,"Entegris, Inc. - Common Stock",ST,buy,"$1,001 - $15,000",2026-05-08,2026-06-05,28,https://disclosures-clerk.house.gov/public_disc/ptr-pdfs/2026/20034718.pdf
"Delaney, Hon. April McClain",,MD06,SCI,Service Corporation International Common Stock,ST,sell_partial,"$1,001 - $15,000",2026-05-08,2026-06-05,28,https://disclosures-clerk.house.gov/public_disc/ptr-pdfs/2026/20034718.pdf
"Delaney, Hon. April McClain",,MD06,TDG,Transdigm Group Incorporated Common Stock,ST,buy,"$1,001 - $15,000",2026-05-08,2026-06-05,28,https://disclosures-clerk.house.gov/public_disc/ptr-pdfs/2026/20034718.pdf
"Keating, Hon. William R.",D,MA09,,NOTE 4.40000% 05/01/2030 CALL MAKE WHOLE,CS,buy,"$1,001 - $15,000",2026-05-08,2026-05-18,10,https://disclosures-clerk.house.gov/public_disc/ptr-pdfs/2026/20034417.pdf
"Keating, Hon. William R.",D,MA09,,VMWARE LLC NOTE CALL MAKE WHOLE 4.70000% 05/15/2030,CS,buy,"$1,001 - $15,000",2026-05-08,2026-05-18,10,https://disclosures-clerk.house.gov/public_disc/ptr-pdfs/2026/20034417.pdf
"Peters, Hon. Scott H.",D,CA50,,Torch Capital III LP,OT,buy,"$15,001 - $50,000",2026-05-07,2026-06-19,43,https://disclosures-clerk.house.gov/public_disc/ptr-pdfs/2026/20034784.pdf
"Peters, Hon. Scott H.",D,CA50,,U.S. Treasury Bills,GS,sell_partial,"$15,001 - $50,000",2026-05-07,2026-06-19,43,https://disclosures-clerk.house.gov/public_disc/ptr-pdfs/2026/20034784.pdf
"Peters, Hon. Scott H.",D,CA50,,Westminster CA Impt Sch,GS,buy,"$500,001 - $1,000,000",2026-05-07,2026-06-19,43,https://disclosures-clerk.house.gov/public_disc/ptr-pdfs/2026/20034784.pdf
"Peters, Hon. Scott H.",D,CA50,,Westminster CA IMPT SCH,GS,buy,"$50,001 - $100,000",2026-05-07,2026-06-19,43,https://disclosures-clerk.house.gov/public_disc/ptr-pdfs/2026/20034784.pdf
"Kelly, Hon. Mike",R,PA16,BMY,Bristol-Myers Squibb Company Common Stock,ST,sell_full,"$15,001 - $50,000",2026-05-07,2026-06-11,35,https://disclosures-clerk.house.gov/public_disc/ptr-pdfs/2026/20034767.pdf
"Kelly, Hon. Mike",R,PA16,CMCSA,Comcast Corporation - Class A Common Stock,ST,sell_full,"$1,001 - $15,000",2026-05-07,2026-06-11,35,https://disclosures-clerk.house.gov/public_disc/ptr-pdfs/2026/20034767.pdf
"Cisneros, Hon. Gilbert",D,CA31,DASH,"DoorDash, Inc. - Common Stock",ST,buy,"$1,001 - $15,000",2026-05-07,2026-06-08,32,https://disclosures-clerk.house.gov/public_disc/ptr-pdfs/2026/20034713.pdf
"Cisneros, Hon. Gilbert",D,CA31,FSV,FirstService Corporation - Common Shares,ST,buy,"$1,001 - $15,000",2026-05-07,2026-06-08,32,https://disclosures-clerk.house.gov/public_disc/ptr-pdfs/2026/20034713.pdf
"Cisneros, Hon. Gilbert",D,CA31,FLEX,Flex Ltd. - Ordinary Shares,ST,sell_partial,"$15,001 - $50,000",2026-05-07,2026-06-08,32,https://disclosures-clerk.house.gov/public_disc/ptr-pdfs/2026/20034713.pdf
"Cisneros, Hon. Gilbert",D,CA31,LPLA,LPL Financial Holdings Inc. - Common Stock,ST,buy,"$1,001 - $15,000",2026-05-07,2026-06-08,32,https://disclosures-clerk.house.gov/public_disc/ptr-pdfs/2026/20034713.pdf
"Cisneros, Hon. Gilbert",D,CA31,ST,Sensata Technologies Holding plc Ordinary Shares,ST,buy,"$1,001 - $15,000",2026-05-07,2026-06-08,32,https://disclosures-clerk.house.gov/public_disc/ptr-pdfs/2026/20034713.pdf
"Cisneros, Hon. Gilbert",D,CA31,WRB,W.R. Berkley Corporation Common Stock,ST,sell_partial,"$1,001 - $15,000",2026-05-07,2026-06-08,32,https://disclosures-clerk.house.gov/public_disc/ptr-pdfs/2026/20034713.pdf
"Cisneros, Hon. Gilbert",D,CA31,W,Wayfair Inc. Class A Common Stock,ST,buy,"$1,001 - $15,000",2026-05-07,2026-06-08,32,https://disclosures-clerk.house.gov/public_disc/ptr-pdfs/2026/20034713.pdf
"Delaney, Hon. April McClain",,MD06,BWXT,"BWX Technologies, Inc. Common Stock",ST,buy,"$1,001 - $15,000",2026-05-07,2026-06-05,29,https://disclosures-clerk.house.gov/public_disc/ptr-pdfs/2026/20034718.pdf
"Delaney, Hon. April McClain",,MD06,ENTG,"Entegris, Inc. - Common Stock",ST,buy,"$1,001 - $15,000",2026-05-07,2026-06-05,29,https://disclosures-clerk.house.gov/public_disc/ptr-pdfs/2026/20034718.pdf
"Delaney, Hon. April McClain",,MD06,FBIN,"Fortune Brands Innovations, Inc. Common Stock",ST,sell_full,"$1,001 - $15,000",2026-05-07,2026-06-05,29,https://disclosures-clerk.house.gov/public_disc/ptr-pdfs/2026/20034718.pdf
"Delaney, Hon. April McClain",,MD06,SCI,Service Corporation International Common Stock,ST,sell_partial,"$1,001 - $15,000",2026-05-07,2026-06-05,29,https://disclosures-clerk.house.gov/public_disc/ptr-pdfs/2026/20034718.pdf
"Delaney, Hon. April McClain",,MD06,MIDD,The Middleby Corporation - Common Stock,ST,sell_partial,"$1,001 - $15,000",2026-05-07,2026-06-05,29,https://disclosures-clerk.house.gov/public_disc/ptr-pdfs/2026/20034718.pdf
"Delaney, Hon. April McClain",,MD06,TDG,Transdigm Group Incorporated Common Stock,ST,buy,"$1,001 - $15,000",2026-05-07,2026-06-05,29,https://disclosures-clerk.house.gov/public_disc/ptr-pdfs/2026/20034718.pdf
"Gottheimer, Hon. Josh",D,NJ05,SNDK,Sandisk Corporation - Common Stock When-Issued,ST,buy,"$1,001 - $15,000",2026-05-07,2026-06-03,27,https://disclosures-clerk.house.gov/public_disc/ptr-pdfs/2026/20034693.pdf
"Jacobs, Hon. Sara",D,CA51,QCOM,QUALCOMM Incorporated - Common Stock,ST,sell_partial,"$500,001 - $1,000,000",2026-05-07,2026-05-20,13,https://disclosures-clerk.house.gov/public_disc/ptr-pdfs/2026/20034498.pdf
"Moore, Hon. Tim",R,NC14,IHG,Intercontinental Hotels Group American Depositary Shares,ST,buy,"$1,001 - $15,000",2026-05-07,2026-05-19,12,https://disclosures-clerk.house.gov/public_disc/ptr-pdfs/2026/20034587.pdf
"Moore, Hon. Tim",R,NC14,RYCEY,ROLLS ROYCE HLDGS S/ADR,ST,buy,"$1,001 - $15,000",2026-05-07,2026-05-19,12,https://disclosures-clerk.house.gov/public_disc/ptr-pdfs/2026/20034587.pdf
"Evans, Hon. Dwight",D,PA03,INTC,Intel Corporation - Common Stock,ST,sell_partial,"$1,001 - $15,000",2026-05-07,2026-05-15,8,https://disclosures-clerk.house.gov/public_disc/ptr-pdfs/2026/20034556.pdf
"Evans, Hon. Dwight",D,PA03,PWR,"Quanta Services, Inc. Common Stock",ST,sell_partial,"$1,001 - $15,000",2026-05-07,2026-05-15,8,https://disclosures-clerk.house.gov/public_disc/ptr-pdfs/2026/20034556.pdf
"Evans, Hon. Dwight",D,PA03,TMO,Thermo Fisher Scientific Inc Common Stock,ST,sell_partial,"$1,001 - $15,000",2026-05-07,2026-05-15,8,https://disclosures-clerk.house.gov/public_disc/ptr-pdfs/2026/20034556.pdf
"Carter, Hon. Earl Leroy",R,GA01,,US Treasury Bill,GS,sell_full,"$1,000,001 - $5,000,000",2026-05-07,2026-05-08,1,https://disclosures-clerk.house.gov/public_disc/ptr-pdfs/2026/20034502.pdf
"Rulli, Hon. Michael",R,OH06,META,"Meta Platforms, Inc. - Class A Common Stock",ST,buy,"$1,001 - $15,000",2026-05-06,2026-08-07,93,https://disclosures-clerk.house.gov/public_disc/ptr-pdfs/2026/20035147.pdf
"Rulli, Hon. Michael",R,OH06,PLTR,Palantir Technologies Inc. - Class A Common Stock,ST,sell_full,"$1,001 - $15,000",2026-05-06,2026-08-07,93,https://disclosures-clerk.house.gov/public_disc/ptr-pdfs/2026/20035147.pdf
"Moskowitz, Hon. Jared",D,FL23,COR,"Cencora, Inc. Common Stock",ST,sell_full,"$1,001 - $15,000",2026-05-06,2026-06-19,44,https://disclosures-clerk.house.gov/public_disc/ptr-pdfs/2026/20034749.pdf
"Moskowitz, Hon. Jared",D,FL23,COR,"Cencora, Inc. Common Stock",ST,sell_full,"$1,001 - $15,000",2026-05-06,2026-06-19,44,https://disclosures-clerk.house.gov/public_disc/ptr-pdfs/2026/20034749.pdf
"Moskowitz, Hon. Jared",D,FL23,GILD,"Gilead Sciences, Inc. - Common Stock",ST,buy,"$1,001 - $15,000",2026-05-06,2026-06-19,44,https://disclosures-clerk.house.gov/public_disc/ptr-pdfs/2026/20034749.pdf
"Moskowitz, Hon. Jared",D,FL23,GILD,"Gilead Sciences, Inc. - Common Stock",ST,buy,"$1,001 - $15,000",2026-05-06,2026-06-19,44,https://disclosures-clerk.house.gov/public_disc/ptr-pdfs/2026/20034749.pdf
"Peters, Hon. Scott H.",D,CA50,,East Bay CA MUN WTR UTIL,GS,buy,"$50,001 - $100,000",2026-05-06,2026-06-19,44,https://disclosures-clerk.house.gov/public_disc/ptr-pdfs/2026/20034784.pdf
"Peters, Hon. Scott H.",D,CA50,,East Bay CA Muni Util,GS,buy,"$250,001+",2026-05-06,2026-06-19,44,https://disclosures-clerk.house.gov/public_disc/ptr-pdfs/2026/20034784.pdf
"Peters, Hon. Scott H.",D,CA50,,Franklin-McKinley IMPT SCH,GS,buy,"$50,001 - $100,000",2026-05-06,2026-06-19,44,https://disclosures-clerk.house.gov/public_disc/ptr-pdfs/2026/20034784.pdf
"Peters, Hon. Scott H.",D,CA50,,San Diego CA Unif Sch,GS,buy,"$250,001 - $500,000",2026-05-06,2026-06-19,44,https://disclosures-clerk.house.gov/public_disc/ptr-pdfs/2026/20034784.pdf
"Delaney, Hon. April McClain",,MD06,FBIN,"Fortune Brands Innovations, Inc. Common Stock",ST,sell_partial,"$1,001 - $15,000",2026-05-06,2026-06-05,30,https://disclosures-clerk.house.gov/public_disc/ptr-pdfs/2026/20034718.pdf
"Delaney, Hon. April McClain",,MD06,MORN,"Morningstar, Inc. - Common Stock",ST,sell_partial,"$1,001 - $15,000",2026-05-06,2026-06-05,30,https://disclosures-clerk.house.gov/public_disc/ptr-pdfs/2026/20034718.pdf
"Delaney, Hon. April McClain",,MD06,PKG,Packaging Corporation of America Common Stock,ST,buy,"$1,001 - $15,000",2026-05-06,2026-06-05,30,https://disclosures-clerk.house.gov/public_disc/ptr-pdfs/2026/20034718.pdf
"Hern, Hon. Kevin",R,OK01,,MORGAN STANLEY FIN LLC MTN ZERO CPN,CS,sell_full,"$1,000,001 - $5,000,000",2026-05-06,2026-06-02,27,https://disclosures-clerk.house.gov/public_disc/ptr-pdfs/2026/20034695.pdf
"Jacobs, Hon. Sara",D,CA51,QCOM,QUALCOMM Incorporated - Common Stock,ST,sell_partial,"$500,001 - $1,000,000",2026-05-06,2026-05-20,14,https://disclosures-clerk.house.gov/public_disc/ptr-pdfs/2026/20034498.pdf
"Keating, Hon. William R.",D,MA09,,5.40000% 03/21/2034 CALL MAKE WHOLE,CS,sell_full,"$15,001 - $50,000",2026-05-06,2026-05-18,12,https://disclosures-clerk.house.gov/public_disc/ptr-pdfs/2026/20034417.pdf
"Stanton, Hon. Greg",D,AZ04,TCNNF,TRULIEVE CANNABIS CORP,ST,sell_partial,"$15,001 - $50,000",2026-05-06,2026-05-07,1,https://disclosures-clerk.house.gov/public_disc/ptr-pdfs/2026/20034499.pdf
"Crenshaw, Hon. Daniel",R,TX02,,"Meta Platforms, Inc. - Class A Common Stock (META)",OP,sell_full,"$1,001 - $15,000",2026-05-05,2026-07-16,72,https://disclosures-clerk.house.gov/public_disc/ptr-pdfs/2026/20035024.pdf
"Peters, Hon. Scott H.",D,CA50,,Austin TX ARPT SYS TRAN,GS,buy,"$50,001 - $100,000",2026-05-05,2026-06-19,45,https://disclosures-clerk.house.gov/public_disc/ptr-pdfs/2026/20034784.pdf
"Peters, Hon. Scott H.",D,CA50,,Bonita CA UNI SCH,GS,buy,"$50,001 - $100,000",2026-05-05,2026-06-19,45,https://disclosures-clerk.house.gov/public_disc/ptr-pdfs/2026/20034784.pdf
"Peters, Hon. Scott H.",D,CA50,,Fairfield-Suisun CA,GS,buy,"$500,001 - $1,000,000",2026-05-05,2026-06-19,45,https://disclosures-clerk.house.gov/public_disc/ptr-pdfs/2026/20034784.pdf
"Cisneros, Hon. Gilbert",D,CA31,GOOGL,Alphabet Inc. - Class A Common Stock,ST,sell_partial,"$1,001 - $15,000",2026-05-05,2026-06-08,34,https://disclosures-clerk.house.gov/public_disc/ptr-pdfs/2026/20034713.pdf
"Gottheimer, Hon. Josh",D,NJ05,ABBV,AbbVie Inc. Common Stock,ST,sell_full,"$1,001 - $15,000",2026-05-05,2026-06-03,29,https://disclosures-clerk.house.gov/public_disc/ptr-pdfs/2026/20034693.pdf
"Gottheimer, Hon. Josh",D,NJ05,AMD,"Advanced Micro Devices, Inc.",ST,buy,"$1,001 - $15,000",2026-05-05,2026-06-03,29,https://disclosures-clerk.house.gov/public_disc/ptr-pdfs/2026/20034693.pdf
"Gottheimer, Hon. Josh",D,NJ05,NSRGY,NESTLE S.A S/ADR,ST,sell_partial,"$1,001 - $15,000",2026-05-05,2026-06-03,29,https://disclosures-clerk.house.gov/public_disc/ptr-pdfs/2026/20034693.pdf
"Babin, Hon. Brian",R,TX36,CODI,D/B/A Compass Diversified Holdings Shares of Beneficial Interest,ST,sell_full,"$1,001 - $15,000",2026-05-05,2026-05-18,13,https://disclosures-clerk.house.gov/public_disc/ptr-pdfs/2026/20034522.pdf
"Babin, Hon. Brian",R,TX36,ENB,Enbridge Inc Common Stock,ST,sell_full,"$1,001 - $15,000",2026-05-05,2026-05-18,13,https://disclosures-clerk.house.gov/public_disc/ptr-pdfs/2026/20034522.pdf
"Babin, Hon. Brian",R,TX36,ET,Energy Transfer LP Common Units,ST,sell_partial,"$1,001 - $15,000",2026-05-05,2026-05-18,13,https://disclosures-clerk.house.gov/public_disc/ptr-pdfs/2026/20034522.pdf
"Babin, Hon. Brian",R,TX36,FTAI,FTAI Aviation Ltd. - Common Stock,ST,sell_partial,"$50,001 - $100,000",2026-05-05,2026-05-18,13,https://disclosures-clerk.house.gov/public_disc/ptr-pdfs/2026/20034522.pdf
"Babin, Hon. Brian",R,TX36,FIP,FTAI Infrastructure Inc. - Common Stock,ST,sell_full,"$1,001 - $15,000",2026-05-05,2026-05-18,13,https://disclosures-clerk.house.gov/public_disc/ptr-pdfs/2026/20034522.pdf
"Babin, Hon. Brian",R,TX36,HII,"Huntington Ingalls Industries, Inc. Common Stock",ST,sell_partial,"$15,001 - $50,000",2026-05-05,2026-05-18,13,https://disclosures-clerk.house.gov/public_disc/ptr-pdfs/2026/20034522.pdf
"Babin, Hon. Brian",R,TX36,IAG,Iamgold Corporation Ordinary Shares,ST,sell_full,"$1,001 - $15,000",2026-05-05,2026-05-18,13,https://disclosures-clerk.house.gov/public_disc/ptr-pdfs/2026/20034522.pdf
"Babin, Hon. Brian",R,TX36,RRC,Range Resources Corporation Common Stock,ST,sell_full,"$1,001 - $15,000",2026-05-05,2026-05-18,13,https://disclosures-clerk.house.gov/public_disc/ptr-pdfs/2026/20034522.pdf
"Babin, Hon. Brian",R,TX36,SOUHY,SOUTH32 LTD SPNS/ADR,ST,sell_full,"$1,001 - $15,000",2026-05-05,2026-05-18,13,https://disclosures-clerk.house.gov/public_disc/ptr-pdfs/2026/20034522.pdf
"Babin, Hon. Brian",R,TX36,WTSHF,WESTSHORE TERM INVST CP,ST,sell_full,"$1,001 - $15,000",2026-05-05,2026-05-18,13,https://disclosures-clerk.house.gov/public_disc/ptr-pdfs/2026/20034522.pdf
"Babin, Hon. Brian",R,TX36,WPM,Wheaton Precious Metals Corp Common Shares,ST,sell_partial,"$15,001 - $50,000",2026-05-05,2026-05-18,13,https://disclosures-clerk.house.gov/public_disc/ptr-pdfs/2026/20034522.pdf
"Babin, Hon. Brian",R,TX36,WDS,"American Depositary Shares, each representing one Ordinary Share",ST,sell_full,"$1,001 - $15,000",2026-05-05,2026-05-18,13,https://disclosures-clerk.house.gov/public_disc/ptr-pdfs/2026/20034522.pdf
"Peters, Hon. Scott H.",D,CA50,,San Juan CA,GS,sell_partial,"$100,001 - $250,000",2026-05-04,2026-06-19,46,https://disclosures-clerk.house.gov/public_disc/ptr-pdfs/2026/20034784.pdf
"Peters, Hon. Scott H.",D,CA50,,U.S. Treasury Bills,GS,sell_partial,"$50,001 - $100,000",2026-05-04,2026-06-19,46,https://disclosures-clerk.house.gov/public_disc/ptr-pdfs/2026/20034784.pdf
"Kean, Hon. Thomas H., Jr",R,NJ07,,U.S. Treasury Note,GS,buy,"$50,001 - $100,000",2026-05-04,2026-06-18,45,https://disclosures-clerk.house.gov/public_disc/ptr-pdfs/2026/20034783.pdf
"Cisneros, Hon. Gilbert",D,CA31,FN,Fabrinet Ordinary Shares,ST,buy,"$1,001 - $15,000",2026-05-04,2026-06-08,35,https://disclosures-clerk.house.gov/public_disc/ptr-pdfs/2026/20034713.pdf
"Cisneros, Hon. Gilbert",D,CA31,RVTY,"Revvity, Inc. Common Stock",ST,buy,"$15,001 - $50,000",2026-05-04,2026-06-08,35,https://disclosures-clerk.house.gov/public_disc/ptr-pdfs/2026/20034713.pdf
"Cisneros, Hon. Gilbert",D,CA31,VIAV,Viavi Solutions Inc. - Common Stock,ST,sell_partial,"$1,001 - $15,000",2026-05-04,2026-06-08,35,https://disclosures-clerk.house.gov/public_disc/ptr-pdfs/2026/20034713.pdf
"Delaney, Hon. April McClain",,MD06,FBIN,"Fortune Brands Innovations, Inc. Common Stock",ST,sell_partial,"$1,001 - $15,000",2026-05-04,2026-06-05,32,https://disclosures-clerk.house.gov/public_disc/ptr-pdfs/2026/20034718.pdf
"Delaney, Hon. April McClain",,MD06,MORN,"Morningstar, Inc. - Common Stock",ST,sell_partial,"$1,001 - $15,000",2026-05-04,2026-06-05,32,https://disclosures-clerk.house.gov/public_disc/ptr-pdfs/2026/20034718.pdf
"Gottheimer, Hon. Josh",D,NJ05,BRK.B,Berkshire Hathaway Inc. New Common Stock,ST,sell_partial,"$1,001 - $15,000",2026-05-04,2026-06-03,30,https://disclosures-clerk.house.gov/public_disc/ptr-pdfs/2026/20034693.pdf
"Gottheimer, Hon. Josh",D,NJ05,BRK.B,Berkshire Hathaway Inc. New Common Stock,ST,sell_partial,"$1,001 - $15,000",2026-05-04,2026-06-03,30,https://disclosures-clerk.house.gov/public_disc/ptr-pdfs/2026/20034693.pdf
"Gottheimer, Hon. Josh",D,NJ05,TWLO,Twilio Inc. Class A Common Stock,ST,buy,"$1,001 - $15,000",2026-05-04,2026-06-03,30,https://disclosures-clerk.house.gov/public_disc/ptr-pdfs/2026/20034693.pdf
"DelBene, Hon. Suzan K.",D,WA01,,"Black Belt Energy Gas Dist Ala Gas 5.00% Due Oct 1, 2033",GS,buy,"$250,001 - $500,000",2026-05-04,2026-05-26,22,https://disclosures-clerk.house.gov/public_disc/ptr-pdfs/2026/20034615.pdf
"DelBene, Hon. Suzan K.",D,WA01,,"Wise CNTY VA Indl Dev Auth Solid Waste 3.80% Due Nov 1, 2040",GS,buy,"$50,001 - $100,000",2026-05-04,2026-05-26,22,https://disclosures-clerk.house.gov/public_disc/ptr-pdfs/2026/20034615.pdf
"Peters, Hon. Scott H.",D,CA50,,CA Infrastructure,GS,sell_full,"$500,001 - $1,000,000",2026-05-01,2026-06-19,49,https://disclosures-clerk.house.gov/public_disc/ptr-pdfs/2026/20034784.pdf
"Biggs, Hon. Sheri",R,SC03,,APOLLO DEBT SOLUTIONS BDC CLASS S,OT,buy,"$1,001 - $15,000",2026-05-01,2026-06-09,39,https://disclosures-clerk.house.gov/public_disc/ptr-pdfs/2026/20034496.pdf
"Delaney, Hon. April McClain",,MD06,CLH,"Clean Harbors, Inc. Common Stock",ST,sell_partial,"$1,001 - $15,000",2026-05-01,2026-06-05,35,https://disclosures-clerk.house.gov/public_disc/ptr-pdfs/2026/20034718.pdf
"Delaney, Hon. April McClain",,MD06,MKL,Markel Group Inc. Common Stock,ST,buy,"$1,001 - $15,000",2026-05-01,2026-06-05,35,https://disclosures-clerk.house.gov/public_disc/ptr-pdfs/2026/20034718.pdf
"Delaney, Hon. April McClain",,MD06,MIDD,The Middleby Corporation - Common Stock,ST,sell_partial,"$1,001 - $15,000",2026-05-01,2026-06-05,35,https://disclosures-clerk.house.gov/public_disc/ptr-pdfs/2026/20034718.pdf
"Gottheimer, Hon. Josh",D,NJ05,FN,Fabrinet Ordinary Shares,ST,buy,"$1,001 - $15,000",2026-05-01,2026-06-03,33,https://disclosures-clerk.house.gov/public_disc/ptr-pdfs/2026/20034693.pdf
"Cisneros, Hon. Gilbert",D,CA31,DASH,"DoorDash, Inc. - Common Stock",ST,buy,"$1,001 - $15,000",2026-05-01,2026-05-08,7,https://disclosures-clerk.house.gov/public_disc/ptr-pdfs/2026/20034500.pdf
"Cisneros, Hon. Gilbert",D,CA31,FSV,FirstService Corporation - Common Shares,ST,buy,"$1,001 - $15,000",2026-05-01,2026-05-08,7,https://disclosures-clerk.house.gov/public_disc/ptr-pdfs/2026/20034500.pdf
"Cisneros, Hon. Gilbert",D,CA31,FLEX,Flex Ltd. - Ordinary Shares,ST,sell_partial,"$1,001 - $15,000",2026-05-01,2026-05-08,7,https://disclosures-clerk.house.gov/public_disc/ptr-pdfs/2026/20034500.pdf
"Cisneros, Hon. Gilbert",D,CA31,LPLA,LPL Financial Holdings Inc. - Common Stock,ST,buy,"$1,001 - $15,000",2026-05-01,2026-05-08,7,https://disclosures-clerk.house.gov/public_disc/ptr-pdfs/2026/20034500.pdf
"Cisneros, Hon. Gilbert",D,CA31,RVTY,"Revvity, Inc. Common Stock",ST,buy,"$1,001 - $15,000",2026-05-01,2026-05-08,7,https://disclosures-clerk.house.gov/public_disc/ptr-pdfs/2026/20034500.pdf
"Cisneros, Hon. Gilbert",D,CA31,ST,Sensata Technologies Holding plc Ordinary Shares,ST,buy,"$1,001 - $15,000",2026-05-01,2026-05-08,7,https://disclosures-clerk.house.gov/public_disc/ptr-pdfs/2026/20034500.pdf
"Cisneros, Hon. Gilbert",D,CA31,SSNC,"SS&C Technologies Holdings, Inc. - Common Stock",ST,sell_full,"$1,001 - $15,000",2026-05-01,2026-05-08,7,https://disclosures-clerk.house.gov/public_disc/ptr-pdfs/2026/20034500.pdf
"Cisneros, Hon. Gilbert",D,CA31,STE,STERIS plc,ST,buy,"$1,001 - $15,000",2026-05-01,2026-05-08,7,https://disclosures-clerk.house.gov/public_disc/ptr-pdfs/2026/20034500.pdf
"Cisneros, Hon. Gilbert",D,CA31,VLTO,Veralto Corp Common Stock,ST,buy,"$1,001 - $15,000",2026-05-01,2026-05-08,7,https://disclosures-clerk.house.gov/public_disc/ptr-pdfs/2026/20034500.pdf
"Cisneros, Hon. Gilbert",D,CA31,W,Wayfair Inc. Class A Common Stock,ST,buy,"$1,001 - $15,000",2026-05-01,2026-05-08,7,https://disclosures-clerk.house.gov/public_disc/ptr-pdfs/2026/20034500.pdf
"Salazar, Hon. Maria Elvira",R,FL27,CARR,Carrier Global Corporation Common Stock,ST,buy,"$1,001 - $15,000",2026-05-01,2026-05-08,7,https://disclosures-clerk.house.gov/public_disc/ptr-pdfs/2026/20034479.pdf
"Salazar, Hon. Maria Elvira",R,FL27,CARR,Carrier Global Corporation Common Stock,ST,buy,"$15,001 - $50,000",2026-05-01,2026-05-08,7,https://disclosures-clerk.house.gov/public_disc/ptr-pdfs/2026/20034479.pdf
"Keating, Hon. William R.",D,MA09,,UNITED STATES TREAS BILLS ZERO CPN 0.00000% 05/28/2026,GS,buy,"$1,001 - $15,000",2026-04-30,2026-05-18,18,https://disclosures-clerk.house.gov/public_disc/ptr-pdfs/2026/20034417.pdf
"Peters, Hon. Scott H.",D,CA50,,U.S Treasury Bills,GS,sell_partial,"$50,001 - $100,000",2026-04-30,2026-05-18,18,https://disclosures-clerk.house.gov/public_disc/ptr-pdfs/2026/20034579.pdf
"Roy, Hon. Chip",R,TX21,,Atlas Energy Solutions Inc. Common Stock (AESI),RS,buy,"$5,000,001 - $25,000,000",2026-04-30,2026-05-09,9,https://disclosures-clerk.house.gov/public_disc/ptr-pdfs/2026/20034375.pdf
"DelBene, Hon. Suzan K.",D,WA01,,"Southeast Energy Auth Coop Dist Ala 5.00% Due Sep 1, 2035",GS,buy,"$1,001 - $15,000",2026-04-30,2026-05-08,8,https://disclosures-clerk.house.gov/public_disc/ptr-pdfs/2026/20034466.pdf
"Delaney, Hon. April McClain",,MD06,CLH,"Clean Harbors, Inc. Common Stock",ST,sell_partial,"$1,001 - $15,000",2026-04-30,2026-05-06,6,https://disclosures-clerk.house.gov/public_disc/ptr-pdfs/2026/20034487.pdf
"Delaney, Hon. April McClain",,MD06,MKL,Markel Group Inc. Common Stock,ST,buy,"$1,001 - $15,000",2026-04-30,2026-05-06,6,https://disclosures-clerk.house.gov/public_disc/ptr-pdfs/2026/20034487.pdf
"Delaney, Hon. April McClain",,MD06,SCI,Service Corporation International Common Stock,ST,sell_partial,"$1,001 - $15,000",2026-04-30,2026-05-06,6,https://disclosures-clerk.house.gov/public_disc/ptr-pdfs/2026/20034487.pdf
"Delaney, Hon. April McClain",,MD06,STE,STERIS plc,ST,buy,"$1,001 - $15,000",2026-04-30,2026-05-06,6,https://disclosures-clerk.house.gov/public_disc/ptr-pdfs/2026/20034487.pdf
"Kean, Hon. Thomas H., Jr",R,NJ07,ADI,"Analog Devices, Inc. - Common Stock",ST,sell_partial,"$1,001 - $15,000",2026-04-29,2026-05-22,23,https://disclosures-clerk.house.gov/public_disc/ptr-pdfs/2026/20034616.pdf
"Cisneros, Hon. Gilbert",D,CA31,BBIO,"BridgeBio Pharma, Inc. - Common Stock",ST,buy,"$1,001 - $15,000",2026-04-29,2026-05-08,9,https://disclosures-clerk.house.gov/public_disc/ptr-pdfs/2026/20034500.pdf
"Cisneros, Hon. Gilbert",D,CA31,GIL,"Gildan Activewear, Inc. Class A Sub. Vot. Common Stock",ST,buy,"$1,001 - $15,000",2026-04-29,2026-05-08,9,https://disclosures-clerk.house.gov/public_disc/ptr-pdfs/2026/20034500.pdf
"Cisneros, Hon. Gilbert",D,CA31,SSNC,"SS&C Technologies Holdings, Inc. - Common Stock",ST,sell_partial,"$1,001 - $15,000",2026-04-29,2026-05-08,9,https://disclosures-clerk.house.gov/public_disc/ptr-pdfs/2026/20034500.pdf
"Cisneros, Hon. Gilbert",D,CA31,STE,STERIS plc,ST,buy,"$1,001 - $15,000",2026-04-29,2026-05-08,9,https://disclosures-clerk.house.gov/public_disc/ptr-pdfs/2026/20034500.pdf
"Delaney, Hon. April McClain",,MD06,PKG,Packaging Corporation of America Common Stock,ST,buy,"$1,001 - $15,000",2026-04-29,2026-05-06,7,https://disclosures-clerk.house.gov/public_disc/ptr-pdfs/2026/20034487.pdf
"Delaney, Hon. April McClain",,MD06,TDG,Transdigm Group Incorporated Common Stock,ST,buy,"$1,001 - $15,000",2026-04-29,2026-05-06,7,https://disclosures-clerk.house.gov/public_disc/ptr-pdfs/2026/20034487.pdf
"Hern, Hon. Kevin",R,OK01,,Goldman Sachs MTN 4/29/2030,CS,sell_full,"$250,001 - $500,000",2026-04-29,2026-05-05,6,https://disclosures-clerk.house.gov/public_disc/ptr-pdfs/2026/20034461.pdf
"Wagner, Hon. Ann",R,MO02,,PARTNERS GROUP PRIVATE EQUITY MASTER FD LLC UNIT CL I,HN,sell_partial,"$250,001 - $500,000",2026-04-29,2026-05-04,5,https://disclosures-clerk.house.gov/public_disc/ptr-pdfs/2026/20034462.pdf
"Crenshaw, Hon. Daniel",R,TX02,,"Meta Platforms, Inc. - Class A Common Stock (META)",OP,buy,"$1,001 - $15,000",2026-04-28,2026-07-16,79,https://disclosures-clerk.house.gov/public_disc/ptr-pdfs/2026/20035024.pdf
"Biggs, Hon. Sheri",R,SC03,,ALPHAKEYS BLACKSTONE LIFE SCIENCES VI LP,HN,buy,"$1,001 - $15,000",2026-04-28,2026-06-09,42,https://disclosures-clerk.house.gov/public_disc/ptr-pdfs/2026/20034496.pdf
"Gottheimer, Hon. Josh",D,NJ05,MMM,3M Company Common Stock,ST,sell_partial,"$1,001 - $15,000",2026-04-28,2026-05-19,21,https://disclosures-clerk.house.gov/public_disc/ptr-pdfs/2026/20034585.pdf
"Peters, Hon. Scott H.",D,CA50,,Berks Cnty PA GO UTX,GS,buy,"$50,001 - $100,000",2026-04-28,2026-05-18,20,https://disclosures-clerk.house.gov/public_disc/ptr-pdfs/2026/20034579.pdf
"Wagner, Hon. Ann",R,MO02,,Ashwaubenon WI,GS,sell_full,"$100,001 - $250,000",2026-04-28,2026-05-04,6,https://disclosures-clerk.house.gov/public_disc/ptr-pdfs/2026/20034462.pdf
"Gottheimer, Hon. Josh",D,NJ05,AMD,"Advanced Micro Devices, Inc.",ST,buy,"$1,001 - $15,000",2026-04-27,2026-05-19,22,https://disclosures-clerk.house.gov/public_disc/ptr-pdfs/2026/20034585.pdf
"Cisneros, Hon. Gilbert",D,CA31,FLEX,Flex Ltd. - Ordinary Shares,ST,sell_partial,"$1,001 - $15,000",2026-04-27,2026-05-08,11,https://disclosures-clerk.house.gov/public_disc/ptr-pdfs/2026/20034500.pdf
"Cisneros, Hon. Gilbert",D,CA31,GIL,"Gildan Activewear, Inc. Class A Sub. Vot. Common Stock",ST,buy,"$1,001 - $15,000",2026-04-27,2026-05-08,11,https://disclosures-clerk.house.gov/public_disc/ptr-pdfs/2026/20034500.pdf
"Taylor, Hon. David J.",R,OH02,AVGO,Broadcom Inc. - Common Stock,ST,sell_full,"$1,001 - $15,000",2026-04-27,2026-05-07,10,https://disclosures-clerk.house.gov/public_disc/ptr-pdfs/2026/20034489.pdf
"Taylor, Hon. David J.",R,OH02,AVGO,Broadcom Inc. - Common Stock,ST,sell_full,"$1,001 - $15,000",2026-04-27,2026-05-07,10,https://disclosures-clerk.house.gov/public_disc/ptr-pdfs/2026/20034489.pdf
"Taylor, Hon. David J.",R,OH02,HD,"Home Depot, Inc.",ST,sell_full,"$1,001 - $15,000",2026-04-27,2026-05-07,10,https://disclosures-clerk.house.gov/public_disc/ptr-pdfs/2026/20034489.pdf
"Taylor, Hon. David J.",R,OH02,HD,"Home Depot, Inc.",ST,buy,"$1,001 - $15,000",2026-04-27,2026-05-07,10,https://disclosures-clerk.house.gov/public_disc/ptr-pdfs/2026/20034489.pdf
"Taylor, Hon. David J.",R,OH02,LRCX,Lam Research Corporation - Common Stock,ST,sell_full,"$1,001 - $15,000",2026-04-27,2026-05-07,10,https://disclosures-clerk.house.gov/public_disc/ptr-pdfs/2026/20034489.pdf
"Taylor, Hon. David J.",R,OH02,LRCX,Lam Research Corporation - Common Stock,ST,sell_full,"$1,001 - $15,000",2026-04-27,2026-05-07,10,https://disclosures-clerk.house.gov/public_disc/ptr-pdfs/2026/20034489.pdf
"Taylor, Hon. David J.",R,OH02,,Procter & Gamble Company (PG),ST,buy,"$1,001 - $15,000",2026-04-27,2026-05-07,10,https://disclosures-clerk.house.gov/public_disc/ptr-pdfs/2026/20034489.pdf
"Taylor, Hon. David J.",R,OH02,,Procter & Gamble Company (PG),ST,buy,"$1,001 - $15,000",2026-04-27,2026-05-07,10,https://disclosures-clerk.house.gov/public_disc/ptr-pdfs/2026/20034489.pdf
"Taylor, Hon. David J.",R,OH02,PGR,Progressive Corporation,ST,buy,"$1,001 - $15,000",2026-04-27,2026-05-07,10,https://disclosures-clerk.house.gov/public_disc/ptr-pdfs/2026/20034489.pdf
"Taylor, Hon. David J.",R,OH02,V,Visa Inc.,ST,buy,"$1,001 - $15,000",2026-04-27,2026-05-07,10,https://disclosures-clerk.house.gov/public_disc/ptr-pdfs/2026/20034489.pdf
"Jackson, Hon. Jonathan",D,IL01,ORLY,"O'Reilly Automotive, Inc. - Common Stock",ST,sell_full,"$1,001 - $15,000",2026-04-24,2026-05-27,33,https://disclosures-clerk.house.gov/public_disc/ptr-pdfs/2026/20034519.pdf
"Jackson, Hon. Jonathan",D,IL01,V,Visa Inc.,ST,sell_full,"$50,001 - $100,000",2026-04-24,2026-05-27,33,https://disclosures-clerk.house.gov/public_disc/ptr-pdfs/2026/20034519.pdf
"Meuser, Hon. Daniel",R,PA09,NVDA,NVIDIA Corporation - Common Stock,ST,sell_partial,"$1,001 - $15,000",2026-04-24,2026-05-21,27,https://disclosures-clerk.house.gov/public_disc/ptr-pdfs/2026/20034547.pdf
"Gottheimer, Hon. Josh",D,NJ05,IBM,International Business Machines Corporation Common Stock,ST,sell_partial,"$1,001 - $15,000",2026-04-24,2026-05-19,25,https://disclosures-clerk.house.gov/public_disc/ptr-pdfs/2026/20034585.pdf
"Gottheimer, Hon. Josh",D,NJ05,NOW,"ServiceNow, Inc. Common Stock",ST,sell_full,"$1,001 - $15,000",2026-04-24,2026-05-19,25,https://disclosures-clerk.house.gov/public_disc/ptr-pdfs/2026/20034585.pdf
"Peters, Hon. Scott H.",D,CA50,,Illinois State GO UTX,GS,buy,"$500,001 - $1,000,000",2026-04-24,2026-05-18,24,https://disclosures-clerk.house.gov/public_disc/ptr-pdfs/2026/20034579.pdf
"Peters, Hon. Scott H.",D,CA50,,Los Angeles CA GO UTX,GS,sell_full,"$50,001 - $100,000",2026-04-24,2026-05-18,24,https://disclosures-clerk.house.gov/public_disc/ptr-pdfs/2026/20034579.pdf
"Peters, Hon. Scott H.",D,CA50,,Los Angeles CNTY EXCISE,GS,sell_full,"$50,001 - $100,000",2026-04-24,2026-05-18,24,https://disclosures-clerk.house.gov/public_disc/ptr-pdfs/2026/20034579.pdf
"Peters, Hon. Scott H.",D,CA50,,San Diego CNTY CA WTR UTIL,GS,sell_full,"$50,001 - $100,000",2026-04-24,2026-05-18,24,https://disclosures-clerk.house.gov/public_disc/ptr-pdfs/2026/20034579.pdf
"Peters, Hon. Scott H.",D,CA50,,U.S Treasury Bills,GS,sell_partial,"$50,001 - $100,000",2026-04-24,2026-05-18,24,https://disclosures-clerk.house.gov/public_disc/ptr-pdfs/2026/20034579.pdf
"Peters, Hon. Scott H.",D,CA50,,UNIV CA PUB EDUC,GS,sell_full,"$50,001 - $100,000",2026-04-24,2026-05-18,24,https://disclosures-clerk.house.gov/public_disc/ptr-pdfs/2026/20034579.pdf
"Cisneros, Hon. Gilbert",D,CA31,FSV,FirstService Corporation - Common Shares,ST,buy,"$1,001 - $15,000",2026-04-24,2026-05-08,14,https://disclosures-clerk.house.gov/public_disc/ptr-pdfs/2026/20034500.pdf
"Cisneros, Hon. Gilbert",D,CA31,GIL,"Gildan Activewear, Inc. Class A Sub. Vot. Common Stock",ST,buy,"$1,001 - $15,000",2026-04-24,2026-05-08,14,https://disclosures-clerk.house.gov/public_disc/ptr-pdfs/2026/20034500.pdf
"Cisneros, Hon. Gilbert",D,CA31,SNEJF,SONY GROUP CORP,ST,buy,"$1,001 - $15,000",2026-04-24,2026-05-08,14,https://disclosures-clerk.house.gov/public_disc/ptr-pdfs/2026/20034500.pdf
"Salazar, Hon. Maria Elvira",R,FL27,URI,"United Rentals, Inc. Common Stock",ST,buy,"$1,001 - $15,000",2026-04-24,2026-05-08,14,https://disclosures-clerk.house.gov/public_disc/ptr-pdfs/2026/20034479.pdf
"Delaney, Hon. April McClain",,MD06,CHRW,"C.H. Robinson Worldwide, Inc. - Common Stock",ST,sell_partial,"$15,001 - $50,000",2026-04-24,2026-05-06,12,https://disclosures-clerk.house.gov/public_disc/ptr-pdfs/2026/20034487.pdf
"Delaney, Hon. April McClain",,MD06,FBIN,"Fortune Brands Innovations, Inc. Common Stock",ST,sell_partial,"$1,001 - $15,000",2026-04-24,2026-05-06,12,https://disclosures-clerk.house.gov/public_disc/ptr-pdfs/2026/20034487.pdf
"Delaney, Hon. April McClain",,MD06,NDAQ,"Nasdaq, Inc. - Common Stock",ST,buy,"$1,001 - $15,000",2026-04-24,2026-05-06,12,https://disclosures-clerk.house.gov/public_disc/ptr-pdfs/2026/20034487.pdf
"Delaney, Hon. April McClain",,MD06,PKG,Packaging Corporation of America Common Stock,ST,buy,"$1,001 - $15,000",2026-04-24,2026-05-06,12,https://disclosures-clerk.house.gov/public_disc/ptr-pdfs/2026/20034487.pdf
"Gottheimer, Hon. Josh",D,NJ05,AMD,"Advanced Micro Devices, Inc.",ST,buy,"$1,001 - $15,000",2026-04-23,2026-05-19,26,https://disclosures-clerk.house.gov/public_disc/ptr-pdfs/2026/20034585.pdf
"Peters, Hon. Scott H.",D,CA50,,U.S Treasury Bills,GS,sell_partial,"$15,001 - $50,000",2026-04-23,2026-05-18,25,https://disclosures-clerk.house.gov/public_disc/ptr-pdfs/2026/20034579.pdf
"Cisneros, Hon. Gilbert",D,CA31,HESAF,Hermes Intl S A Ordinary Shares,ST,sell_full,"$1,001 - $15,000",2026-04-23,2026-05-08,15,https://disclosures-clerk.house.gov/public_disc/ptr-pdfs/2026/20034500.pdf
"Smucker, Hon. Lloyd K.",R,PA11,ENBP,ENB FINANCIAL CORP PA,ST,sell_full,"$1,001 - $15,000",2026-04-23,2026-04-30,7,https://disclosures-clerk.house.gov/public_disc/ptr-pdfs/2026/20019182.pdf
"Smucker, Hon. Lloyd K.",R,PA11,FULT,Fulton Financial Corporation - Common Stock,ST,sell_full,"$50,001 - $100,000",2026-04-23,2026-04-30,7,https://disclosures-clerk.house.gov/public_disc/ptr-pdfs/2026/20019182.pdf
"Smucker, Hon. Lloyd K.",R,PA11,PRU,"Prudential Financial, Inc. Common Stock",ST,sell_full,"$1,001 - $15,000",2026-04-23,2026-04-30,7,https://disclosures-clerk.house.gov/public_disc/ptr-pdfs/2026/20019182.pdf
"Peters, Hon. Scott H.",D,CA50,,Los Angeles County Excise Tax,GS,sell_full,"$250,001 - $500,000",2026-04-22,2026-05-18,26,https://disclosures-clerk.house.gov/public_disc/ptr-pdfs/2026/20034579.pdf
"Peters, Hon. Scott H.",D,CA50,,Novato CA UNI SCH,GS,sell_full,"$50,001 - $100,000",2026-04-22,2026-05-18,26,https://disclosures-clerk.house.gov/public_disc/ptr-pdfs/2026/20034579.pdf
"Peters, Hon. Scott H.",D,CA50,,San Francisco CA Bay Mass Tran,GS,sell_full,"$50,001 - $100,000",2026-04-22,2026-05-18,26,https://disclosures-clerk.house.gov/public_disc/ptr-pdfs/2026/20034579.pdf
"Peters, Hon. Scott H.",D,CA50,,U.S Treasury Bills,GS,sell_partial,"$50,001 - $100,000",2026-04-22,2026-05-18,26,https://disclosures-clerk.house.gov/public_disc/ptr-pdfs/2026/20034579.pdf
"Cisneros, Hon. Gilbert",D,CA31,AMZN,"Amazon.com, Inc. - Common Stock",ST,buy,"$1,001 - $15,000",2026-04-22,2026-05-08,16,https://disclosures-clerk.house.gov/public_disc/ptr-pdfs/2026/20034500.pdf
"Cisneros, Hon. Gilbert",D,CA31,FLEX,Flex Ltd. - Ordinary Shares,ST,sell_partial,"$1,001 - $15,000",2026-04-22,2026-05-08,16,https://disclosures-clerk.house.gov/public_disc/ptr-pdfs/2026/20034500.pdf
"Cisneros, Hon. Gilbert",D,CA31,GIL,"Gildan Activewear, Inc. Class A Sub. Vot. Common Stock",ST,buy,"$1,001 - $15,000",2026-04-22,2026-05-08,16,https://disclosures-clerk.house.gov/public_disc/ptr-pdfs/2026/20034500.pdf
"Salazar, Hon. Maria Elvira",R,FL27,UNH,UnitedHealth Group Incorporated Common Stock,ST,buy,"$1,001 - $15,000",2026-04-22,2026-05-08,16,https://disclosures-clerk.house.gov/public_disc/ptr-pdfs/2026/20034479.pdf
"Salazar, Hon. Maria Elvira",R,FL27,UNH,UnitedHealth Group Incorporated Common Stock,ST,buy,"$1,001 - $15,000",2026-04-22,2026-05-08,16,https://disclosures-clerk.house.gov/public_disc/ptr-pdfs/2026/20034479.pdf
"Lee, Hon. Susie",D,NV03,FLL,"Full House Resorts, Inc. - Common Stock",ST,sell_partial,"$1,001 - $15,000",2026-04-21,2026-06-04,44,https://disclosures-clerk.house.gov/public_disc/ptr-pdfs/2026/20034552.pdf
"Kean, Hon. Thomas H., Jr",R,NJ07,TTWO,"Take-Two Interactive Software, Inc. - Common Stock",ST,sell_full,"$1,001 - $15,000",2026-04-21,2026-05-22,31,https://disclosures-clerk.house.gov/public_disc/ptr-pdfs/2026/20034616.pdf
"Peters, Hon. Scott H.",D,CA50,,Austin TX WTR UTIL,GS,buy,"$50,001 - $100,000",2026-04-21,2026-05-18,27,https://disclosures-clerk.house.gov/public_disc/ptr-pdfs/2026/20034579.pdf
"Peters, Hon. Scott H.",D,CA50,,Los Angeles Cnty CA EXCISE,GS,buy,"$50,001 - $100,000",2026-04-21,2026-05-18,27,https://disclosures-clerk.house.gov/public_disc/ptr-pdfs/2026/20034579.pdf
"Peters, Hon. Scott H.",D,CA50,,Los Angeles CNTY EXCISE,GS,buy,"$500,001 - $1,000,000",2026-04-21,2026-05-18,27,https://disclosures-clerk.house.gov/public_disc/ptr-pdfs/2026/20034579.pdf
"Peters, Hon. Scott H.",D,CA50,,"Met Govt Nashville, TN HLTH SYS",GS,buy,"$250,001 - $500,000",2026-04-21,2026-05-18,27,https://disclosures-clerk.house.gov/public_disc/ptr-pdfs/2026/20034579.pdf
"Delaney, Hon. April McClain",,MD06,PAYX,"Paychex, Inc. - Common Stock",ST,sell_partial,"$1,001 - $15,000",2026-04-21,2026-05-06,15,https://disclosures-clerk.house.gov/public_disc/ptr-pdfs/2026/20034487.pdf
"Dingell, Hon. Debbie",D,MI06,PTA,Preferred Securities and Income Fund Common Shares of Beneficial Interest,ST,buy,"$1,001 - $15,000",2026-04-21,2026-04-28,7,https://disclosures-clerk.house.gov/public_disc/ptr-pdfs/2026/20034416.pdf
"Dingell, Hon. Debbie",D,MI06,,MICHIGAN ST HSG DEV AUTH SINGLE FAMILY M,GS,buy,"$15,001 - $50,000",2026-04-21,2026-04-28,7,https://disclosures-clerk.house.gov/public_disc/ptr-pdfs/2026/20034416.pdf
"Jackson, Hon. Jonathan",D,IL01,SPG,"Simon Property Group, Inc. Common Stock",ST,buy,"$15,001 - $50,000",2026-04-20,2026-05-27,37,https://disclosures-clerk.house.gov/public_disc/ptr-pdfs/2026/20034519.pdf
"Jackson, Hon. Jonathan",D,IL01,THC,Tenet Healthcare Corporation Common Stock,ST,sell_full,"$15,001 - $50,000",2026-04-20,2026-05-27,37,https://disclosures-clerk.house.gov/public_disc/ptr-pdfs/2026/20034519.pdf
"Salazar, Hon. Maria Elvira",R,FL27,,Sherwin-Williams Company (SHW),ST,buy,"$15,001 - $50,000",2026-04-20,2026-05-08,18,https://disclosures-clerk.house.gov/public_disc/ptr-pdfs/2026/20034479.pdf
"Salazar, Hon. Maria Elvira",R,FL27,,Sherwin-Williams Company (SHW),ST,buy,"$1,001 - $15,000",2026-04-20,2026-05-08,18,https://disclosures-clerk.house.gov/public_disc/ptr-pdfs/2026/20034479.pdf
"Delaney, Hon. April McClain",,MD06,TDG,Transdigm Group Incorporated Common Stock,ST,buy,"$1,001 - $15,000",2026-04-20,2026-05-06,16,https://disclosures-clerk.house.gov/public_disc/ptr-pdfs/2026/20034487.pdf
"Delaney, Hon. April McClain",,MD06,VIK,Viking Holdings Ltd Ordinary Shares,ST,sell_partial,"$1,001 - $15,000",2026-04-20,2026-05-06,16,https://disclosures-clerk.house.gov/public_disc/ptr-pdfs/2026/20034487.pdf
"Latta, Hon. Robert E.",R,OH05,FMAO,"Farmers & Merchants Bancorp, Inc.",ST,buy,"$1,001 - $15,000",2026-04-20,2026-04-24,4,https://disclosures-clerk.house.gov/public_disc/ptr-pdfs/2026/20034401.pdf
"Peters, Hon. Scott H.",D,CA50,,U.S Treasury Bills,GS,sell_partial,"$100,001 - $250,000",2026-04-17,2026-05-18,31,https://disclosures-clerk.house.gov/public_disc/ptr-pdfs/2026/20034579.pdf
"McCormick, Hon. Richard Dean Dr",,GA06,AMT,American Tower Corporation,ST,sell_full,"$1,001 - $15,000",2026-04-17,2026-05-12,25,https://disclosures-clerk.house.gov/public_disc/ptr-pdfs/2026/20034542.pdf
"Salazar, Hon. Maria Elvira",R,FL27,AMGN,Amgen Inc. - Common Stock,ST,sell_full,"$15,001 - $50,000",2026-04-17,2026-05-08,21,https://disclosures-clerk.house.gov/public_disc/ptr-pdfs/2026/20034479.pdf
"Salazar, Hon. Maria Elvira",R,FL27,MSFT,Microsoft Corporation - Common Stock,ST,buy,"$15,001 - $50,000",2026-04-17,2026-05-08,21,https://disclosures-clerk.house.gov/public_disc/ptr-pdfs/2026/20034479.pdf
"Delaney, Hon. April McClain",,MD06,BRO,"Brown & Brown, Inc. Common Stock",ST,sell_partial,"$1,001 - $15,000",2026-04-17,2026-05-06,19,https://disclosures-clerk.house.gov/public_disc/ptr-pdfs/2026/20034487.pdf
"Delaney, Hon. April McClain",,MD06,MORN,"Morningstar, Inc. - Common Stock",ST,sell_partial,"$1,001 - $15,000",2026-04-17,2026-05-06,19,https://disclosures-clerk.house.gov/public_disc/ptr-pdfs/2026/20034487.pdf
"Delaney, Hon. April McClain",,MD06,TDG,Transdigm Group Incorporated Common Stock,ST,buy,"$1,001 - $15,000",2026-04-17,2026-05-06,19,https://disclosures-clerk.house.gov/public_disc/ptr-pdfs/2026/20034487.pdf
"Morrison, Hon. Kelly Louise",D,MN03,,"Pelvital USA, Inc.",OI,buy,"$15,001 - $50,000",2026-04-17,2026-05-05,18,https://disclosures-clerk.house.gov/public_disc/ptr-pdfs/2026/20034300.pdf
"Smucker, Hon. Lloyd K.",R,PA11,FULT,Fulton Financial Corporation - Common Stock,ST,sell_full,"$100,001 - $250,000",2026-04-17,2026-04-30,13,https://disclosures-clerk.house.gov/public_disc/ptr-pdfs/2026/20019182.pdf
"Smucker, Hon. Lloyd K.",R,PA11,FULT,Fulton Financial Corporation - Common Stock,ST,sell_full,"$100,001 - $250,000",2026-04-17,2026-04-30,13,https://disclosures-clerk.house.gov/public_disc/ptr-pdfs/2026/20019182.pdf
"Smucker, Hon. Lloyd K.",R,PA11,TFC,Truist Financial Corporation Common Stock,ST,sell_full,"$1,001 - $15,000",2026-04-17,2026-04-30,13,https://disclosures-clerk.house.gov/public_disc/ptr-pdfs/2026/20019182.pdf
"Allen, Hon. Richard W.",R,GA12,ABT,Abbott Laboratories Common Stock,ST,sell_full,"$15,001 - $50,000",2026-04-16,2026-06-05,50,https://disclosures-clerk.house.gov/public_disc/ptr-pdfs/2026/20034473.pdf
"Allen, Hon. Richard W.",R,GA12,INTU,Intuit Inc. - Common Stock,ST,sell_full,"$15,001 - $50,000",2026-04-16,2026-06-05,50,https://disclosures-clerk.house.gov/public_disc/ptr-pdfs/2026/20034473.pdf
"Allen, Hon. Richard W.",R,GA12,,Procter & Gamble Company (PG),ST,sell_full,"$15,001 - $50,000",2026-04-16,2026-06-05,50,https://disclosures-clerk.house.gov/public_disc/ptr-pdfs/2026/20034473.pdf
"Allen, Hon. Richard W.",R,GA12,SPGI,S&P Global Inc. Common Stock,ST,sell_full,"$15,001 - $50,000",2026-04-16,2026-06-05,50,https://disclosures-clerk.house.gov/public_disc/ptr-pdfs/2026/20034473.pdf
"Allen, Hon. Richard W.",R,GA12,,US Treasury Note 3.75% DUE 12/31/28 (91282CJR3)),GS,sell_full,"$100,001 - $250,000",2026-04-16,2026-06-05,50,https://disclosures-clerk.house.gov/public_disc/ptr-pdfs/2026/20034473.pdf
"Allen, Hon. Richard W.",R,GA12,,US Treasury Note 4/375% DUE 12/15/26 (91282CJP7),GS,sell_full,"$100,001 - $250,000",2026-04-16,2026-06-05,50,https://disclosures-clerk.house.gov/public_disc/ptr-pdfs/2026/20034473.pdf
"Gottheimer, Hon. Josh",D,NJ05,GS,"Goldman Sachs Group, Inc.",ST,buy,"$1,001 - $15,000",2026-04-16,2026-05-19,33,https://disclosures-clerk.house.gov/public_disc/ptr-pdfs/2026/20034585.pdf
"Peters, Hon. Scott H.",D,CA50,,Trinity River Auth SWR UTIL,GS,buy,"$50,001 - $100,000",2026-04-16,2026-05-18,32,https://disclosures-clerk.house.gov/public_disc/ptr-pdfs/2026/20034579.pdf
"Peters, Hon. Scott H.",D,CA50,,U.S Treasury Bills,GS,sell_partial,"$50,001 - $100,000",2026-04-16,2026-05-18,32,https://disclosures-clerk.house.gov/public_disc/ptr-pdfs/2026/20034579.pdf
"Suozzi, Hon. Thomas",D,NY03,,US Treasury Bill,GS,buy,"$15,001 - $50,000",2026-04-16,2026-05-08,22,https://disclosures-clerk.house.gov/public_disc/ptr-pdfs/2026/20034503.pdf
"Delaney, Hon. April McClain",,MD06,MORN,"Morningstar, Inc. - Common Stock",ST,sell_partial,"$1,001 - $15,000",2026-04-16,2026-05-06,20,https://disclosures-clerk.house.gov/public_disc/ptr-pdfs/2026/20034487.pdf
"Delaney, Hon. April McClain",,MD06,PAYX,"Paychex, Inc. - Common Stock",ST,sell_partial,"$1,001 - $15,000",2026-04-16,2026-05-06,20,https://disclosures-clerk.house.gov/public_disc/ptr-pdfs/2026/20034487.pdf
"Delaney, Hon. April McClain",,MD06,TDG,Transdigm Group Incorporated Common Stock,ST,buy,"$15,001 - $50,000",2026-04-16,2026-05-06,20,https://disclosures-clerk.house.gov/public_disc/ptr-pdfs/2026/20034487.pdf
"Delaney, Hon. April McClain",,MD06,VIK,Viking Holdings Ltd Ordinary Shares,ST,sell_partial,"$1,001 - $15,000",2026-04-16,2026-05-06,20,https://disclosures-clerk.house.gov/public_disc/ptr-pdfs/2026/20034487.pdf
"Allen, Hon. Richard W.",R,GA12,AMP,"Ameriprise Financial, Inc. Common Stock",ST,sell_full,"$50,001 - $100,000",2026-04-15,2026-06-05,51,https://disclosures-clerk.house.gov/public_disc/ptr-pdfs/2026/20034473.pdf
"Jackson, Hon. Jonathan",D,IL01,THC,Tenet Healthcare Corporation Common Stock,ST,sell_full,"$1,001 - $15,000",2026-04-15,2026-05-27,42,https://disclosures-clerk.house.gov/public_disc/ptr-pdfs/2026/20034519.pdf
"Kean, Hon. Thomas H., Jr",R,NJ07,NVT,nVent Electric plc Ordinary Shares,ST,sell_partial,"$1,001 - $15,000",2026-04-15,2026-05-22,37,https://disclosures-clerk.house.gov/public_disc/ptr-pdfs/2026/20034616.pdf
"Gottheimer, Hon. Josh",D,NJ05,FCX,"Freeport-McMoRan, Inc. Common Stock",ST,buy,"$1,001 - $15,000",2026-04-15,2026-05-19,34,https://disclosures-clerk.house.gov/public_disc/ptr-pdfs/2026/20034585.pdf
"McGuire, Hon. John",R,VA05,AAPL,Apple Inc. - Common Stock,ST,buy,"$1,001 - $15,000",2026-04-15,2026-05-13,28,https://disclosures-clerk.house.gov/public_disc/ptr-pdfs/2026/20034521.pdf
"McGuire, Hon. John",R,VA05,MSFT,Microsoft Corporation - Common Stock,ST,buy,"$1,001 - $15,000",2026-04-15,2026-05-13,28,https://disclosures-clerk.house.gov/public_disc/ptr-pdfs/2026/20034521.pdf
"McGuire, Hon. John",R,VA05,NVDA,NVIDIA Corporation - Common Stock,ST,buy,"$1,001 - $15,000",2026-04-15,2026-05-13,28,https://disclosures-clerk.house.gov/public_disc/ptr-pdfs/2026/20034521.pdf
"Cisneros, Hon. Gilbert",D,CA31,DASH,"DoorDash, Inc. - Common Stock",ST,buy,"$1,001 - $15,000",2026-04-15,2026-05-08,23,https://disclosures-clerk.house.gov/public_disc/ptr-pdfs/2026/20034500.pdf
"Cisneros, Hon. Gilbert",D,CA31,FLEX,Flex Ltd. - Ordinary Shares,ST,sell_partial,"$1,001 - $15,000",2026-04-15,2026-05-08,23,https://disclosures-clerk.house.gov/public_disc/ptr-pdfs/2026/20034500.pdf
"Delaney, Hon. April McClain",,MD06,ENTG,"Entegris, Inc. - Common Stock",ST,buy,"$1,001 - $15,000",2026-04-15,2026-05-06,21,https://disclosures-clerk.house.gov/public_disc/ptr-pdfs/2026/20034487.pdf
"Delaney, Hon. April McClain",,MD06,TDG,Transdigm Group Incorporated Common Stock,ST,buy,"$1,001 - $15,000",2026-04-15,2026-05-06,21,https://disclosures-clerk.house.gov/public_disc/ptr-pdfs/2026/20034487.pdf
"Morrison, Hon. Kelly Louise",D,MN03,,"Artistry in Motion, LLC",OI,buy,"$50,001 - $100,000",2026-04-15,2026-05-05,20,https://disclosures-clerk.house.gov/public_disc/ptr-pdfs/2026/20034300.pdf
"Trahan, Hon. Lori",D,MA03,,United States Treasury Bill Zero CPN; Due 7/16/2026,GS,buy,"$250,001 - $500,000",2026-04-15,2026-04-30,15,https://disclosures-clerk.house.gov/public_disc/ptr-pdfs/2026/20034414.pdf
"Trahan, Hon. Lori",D,MA03,,United States Treasury Bills Zero CPN; Due 7/16/2026,GS,buy,"$100,001 - $250,000",2026-04-15,2026-04-30,15,https://disclosures-clerk.house.gov/public_disc/ptr-pdfs/2026/20034414.pdf
"Trahan, Hon. Lori",D,MA03,,United States Treasury Ser A AJ- 2027; 4.0%; Due 1/15/2027,GS,buy,"$100,001 - $250,000",2026-04-15,2026-04-30,15,https://disclosures-clerk.house.gov/public_disc/ptr-pdfs/2026/20034414.pdf
"Trahan, Hon. Lori",D,MA03,,United States Treasury Ser AA-2027; 3.25%; Due 6/30/2027,GS,buy,"$100,001 - $250,000",2026-04-15,2026-04-30,15,https://disclosures-clerk.house.gov/public_disc/ptr-pdfs/2026/20034414.pdf
"Trahan, Hon. Lori",D,MA03,,United States Treasury Ser AA-2027; 3.25%; Due 6/30/2027,GS,buy,"$250,001 - $500,000",2026-04-15,2026-04-30,15,https://disclosures-clerk.house.gov/public_disc/ptr-pdfs/2026/20034414.pdf
"Trahan, Hon. Lori",D,MA03,,United States Treasury Ser AD-2026; 0.875%; Due 9/30/2026,GS,buy,"$100,001 - $250,000",2026-04-15,2026-04-30,15,https://disclosures-clerk.house.gov/public_disc/ptr-pdfs/2026/20034414.pdf
"Trahan, Hon. Lori",D,MA03,,United States Treasury Ser AD-2026; 0.875%; Due 9/30/2026,GS,buy,"$250,001 - $500,000",2026-04-15,2026-04-30,15,https://disclosures-clerk.house.gov/public_disc/ptr-pdfs/2026/20034414.pdf
"Trahan, Hon. Lori",D,MA03,,United States Treasury Ser AJ-2027; 4.0%; Due 1/15/2027,GS,buy,"$250,001 - $500,000",2026-04-15,2026-04-30,15,https://disclosures-clerk.house.gov/public_disc/ptr-pdfs/2026/20034414.pdf
"Trahan, Hon. Lori",D,MA03,,United States Treasury Ser BC-2007; 3.875%; Due 5/31/2027,GS,buy,"$100,001 - $250,000",2026-04-15,2026-04-30,15,https://disclosures-clerk.house.gov/public_disc/ptr-pdfs/2026/20034414.pdf
"Trahan, Hon. Lori",D,MA03,,United States Treasury Ser BC-2027; 3.875%; Due 5/31/2027,GS,buy,"$250,001 - $500,000",2026-04-15,2026-04-30,15,https://disclosures-clerk.house.gov/public_disc/ptr-pdfs/2026/20034414.pdf
"Kean, Hon. Thomas H., Jr",R,NJ07,FCNCA,"First Citizens BancShares, Inc. - Class A Common Stock",ST,sell_full,"$1,001 - $15,000",2026-04-14,2026-05-22,38,https://disclosures-clerk.house.gov/public_disc/ptr-pdfs/2026/20034616.pdf
"Kean, Hon. Thomas H., Jr",R,NJ07,TXN,Texas Instruments Incorporated - Common Stock,ST,buy,"$1,001 - $15,000",2026-04-14,2026-05-22,38,https://disclosures-clerk.house.gov/public_disc/ptr-pdfs/2026/20034616.pdf
"Peters, Hon. Scott H.",D,CA50,,Chester Cnty PA SCH,GS,buy,"$50,001 - $100,000",2026-04-14,2026-05-18,34,https://disclosures-clerk.house.gov/public_disc/ptr-pdfs/2026/20034579.pdf
"Cisneros, Hon. Gilbert",D,CA31,ACN,Accenture plc Class A Ordinary Shares,ST,sell_full,"$1,001 - $15,000",2026-04-14,2026-05-08,24,https://disclosures-clerk.house.gov/public_disc/ptr-pdfs/2026/20034500.pdf
"Cisneros, Hon. Gilbert",D,CA31,ADBE,Adobe Inc. - Common Stock,ST,buy,"$1,001 - $15,000",2026-04-14,2026-05-08,24,https://disclosures-clerk.house.gov/public_disc/ptr-pdfs/2026/20034500.pdf
"Cisneros, Hon. Gilbert",D,CA31,AMD,"Advanced Micro Devices, Inc.",ST,buy,"$15,001 - $50,000",2026-04-14,2026-05-08,24,https://disclosures-clerk.house.gov/public_disc/ptr-pdfs/2026/20034500.pdf
"Cisneros, Hon. Gilbert",D,CA31,ARE,"Alexandria Real Estate Equities, Inc. Common Stock",ST,buy,"$1,001 - $15,000",2026-04-14,2026-05-08,24,https://disclosures-clerk.house.gov/public_disc/ptr-pdfs/2026/20034500.pdf
"Cisneros, Hon. Gilbert",D,CA31,AMZN,"Amazon.com, Inc. - Common Stock",ST,buy,"$1,001 - $15,000",2026-04-14,2026-05-08,24,https://disclosures-clerk.house.gov/public_disc/ptr-pdfs/2026/20034500.pdf
"Cisneros, Hon. Gilbert",D,CA31,APO,"Apollo Global Management, Inc.",ST,buy,"$1,001 - $15,000",2026-04-14,2026-05-08,24,https://disclosures-clerk.house.gov/public_disc/ptr-pdfs/2026/20034500.pdf
"Cisneros, Hon. Gilbert",D,CA31,APP,Applovin Corporation - Class A Common Stock,ST,sell_partial,"$1,001 - $15,000",2026-04-14,2026-05-08,24,https://disclosures-clerk.house.gov/public_disc/ptr-pdfs/2026/20034500.pdf
"Cisneros, Hon. Gilbert",D,CA31,ADP,"Automatic Data Processing, Inc. - Common Stock",ST,sell_partial,"$1,001 - $15,000",2026-04-14,2026-05-08,24,https://disclosures-clerk.house.gov/public_disc/ptr-pdfs/2026/20034500.pdf
"Cisneros, Hon. Gilbert",D,CA31,BKNG,Booking Holdings Inc. - Common Stock,ST,buy,"$1,001 - $15,000",2026-04-14,2026-05-08,24,https://disclosures-clerk.house.gov/public_disc/ptr-pdfs/2026/20034500.pdf
"Cisneros, Hon. Gilbert",D,CA31,BR,"Broadridge Financial Solutions, Inc. Common Stock",ST,buy,"$1,001 - $15,000",2026-04-14,2026-05-08,24,https://disclosures-clerk.house.gov/public_disc/ptr-pdfs/2026/20034500.pdf
"Cisneros, Hon. Gilbert",D,CA31,CVNA,Carvana Co. Class A Common Stock,ST,buy,"$1,001 - $15,000",2026-04-14,2026-05-08,24,https://disclosures-clerk.house.gov/public_disc/ptr-pdfs/2026/20034500.pdf
"Cisneros, Hon. Gilbert",D,CA31,CHTR,"Charter Communications, Inc. - Class A Common Stock",ST,sell_partial,"$1,001 - $15,000",2026-04-14,2026-05-08,24,https://disclosures-clerk.house.gov/public_disc/ptr-pdfs/2026/20034500.pdf
"Cisneros, Hon. Gilbert",D,CA31,CTSH,Cognizant Technology Solutions Corporation - Class A Common Stock,ST,sell_partial,"$1,001 - $15,000",2026-04-14,2026-05-08,24,https://disclosures-clerk.house.gov/public_disc/ptr-pdfs/2026/20034500.pdf
"Cisneros, Hon. Gilbert",D,CA31,COIN,"Coinbase Global, Inc. - Class A Common Stock",ST,buy,"$1,001 - $15,000",2026-04-14,2026-05-08,24,https://disclosures-clerk.house.gov/public_disc/ptr-pdfs/2026/20034500.pdf
"Cisneros, Hon. Gilbert",D,CA31,CMCSA,Comcast Corporation - Class A Common Stock,ST,sell_partial,"$15,001 - $50,000",2026-04-14,2026-05-08,24,https://disclosures-clerk.house.gov/public_disc/ptr-pdfs/2026/20034500.pdf
"Cisneros, Hon. Gilbert",D,CA31,CAG,"ConAgra Brands, Inc. Common Stock",ST,buy,"$1,001 - $15,000",2026-04-14,2026-05-08,24,https://disclosures-clerk.house.gov/public_disc/ptr-pdfs/2026/20034500.pdf
"Cisneros, Hon. Gilbert",D,CA31,CSGP,"CoStar Group, Inc. - Common Stock",ST,sell_partial,"$1,001 - $15,000",2026-04-14,2026-05-08,24,https://disclosures-clerk.house.gov/public_disc/ptr-pdfs/2026/20034500.pdf
"Cisneros, Hon. Gilbert",D,CA31,CRWD,"CrowdStrike Holdings, Inc. - Class A Common Stock",ST,sell_full,"$1,001 - $15,000",2026-04-14,2026-05-08,24,https://disclosures-clerk.house.gov/public_disc/ptr-pdfs/2026/20034500.pdf
"Cisneros, Hon. Gilbert",D,CA31,DDOG,"Datadog, Inc. - Class A Common Stock",ST,sell_full,"$1,001 - $15,000",2026-04-14,2026-05-08,24,https://disclosures-clerk.house.gov/public_disc/ptr-pdfs/2026/20034500.pdf
"Cisneros, Hon. Gilbert",D,CA31,DPZ,Domino's Pizza Inc - Common Stock,ST,sell_full,"$1,001 - $15,000",2026-04-14,2026-05-08,24,https://disclosures-clerk.house.gov/public_disc/ptr-pdfs/2026/20034500.pdf
"Cisneros, Hon. Gilbert",D,CA31,DASH,"DoorDash, Inc. - Common Stock",ST,buy,"$1,001 - $15,000",2026-04-14,2026-05-08,24,https://disclosures-clerk.house.gov/public_disc/ptr-pdfs/2026/20034500.pdf
"Cisneros, Hon. Gilbert",D,CA31,LLY,Eli Lilly and Company Common Stock,ST,buy,"$1,001 - $15,000",2026-04-14,2026-05-08,24,https://disclosures-clerk.house.gov/public_disc/ptr-pdfs/2026/20034500.pdf
"Cisneros, Hon. Gilbert",D,CA31,EPAM,"EPAM Systems, Inc. Common Stock",ST,sell_full,"$1,001 - $15,000",2026-04-14,2026-05-08,24,https://disclosures-clerk.house.gov/public_disc/ptr-pdfs/2026/20034500.pdf
"Cisneros, Hon. Gilbert",D,CA31,EFX,"Equifax, Inc. Common Stock",ST,sell_full,"$1,001 - $15,000",2026-04-14,2026-05-08,24,https://disclosures-clerk.house.gov/public_disc/ptr-pdfs/2026/20034500.pdf
"Cisneros, Hon. Gilbert",D,CA31,FICO,Fair Isaac Corporation Common Stock,ST,sell_full,"$1,001 - $15,000",2026-04-14,2026-05-08,24,https://disclosures-clerk.house.gov/public_disc/ptr-pdfs/2026/20034500.pdf
"Cisneros, Hon. Gilbert",D,CA31,FIS,"Fidelity National Information Services, Inc. Common Stock",ST,sell_full,"$1,001 - $15,000",2026-04-14,2026-05-08,24,https://disclosures-clerk.house.gov/public_disc/ptr-pdfs/2026/20034500.pdf
"Cisneros, Hon. Gilbert",D,CA31,FISV,"Fiserv, Inc. - Common Stock",ST,sell_partial,"$1,001 - $15,000",2026-04-14,2026-05-08,24,https://disclosures-clerk.house.gov/public_disc/ptr-pdfs/2026/20034500.pdf
"Cisneros, Hon. Gilbert",D,CA31,FTNT,"Fortinet, Inc. - Common Stock",ST,sell_full,"$1,001 - $15,000",2026-04-14,2026-05-08,24,https://disclosures-clerk.house.gov/public_disc/ptr-pdfs/2026/20034500.pdf
"Cisneros, Hon. Gilbert",D,CA31,IT,"Gartner, Inc. Common Stock",ST,sell_full,"$1,001 - $15,000",2026-04-14,2026-05-08,24,https://disclosures-clerk.house.gov/public_disc/ptr-pdfs/2026/20034500.pdf
"Cisneros, Hon. Gilbert",D,CA31,GEN,Gen Digital Inc. - Common Stock,ST,buy,"$1,001 - $15,000",2026-04-14,2026-05-08,24,https://disclosures-clerk.house.gov/public_disc/ptr-pdfs/2026/20034500.pdf
"Cisneros, Hon. Gilbert",D,CA31,GPN,Global Payments Inc. Common Stock,ST,buy,"$1,001 - $15,000",2026-04-14,2026-05-08,24,https://disclosures-clerk.house.gov/public_disc/ptr-pdfs/2026/20034500.pdf
"Cisneros, Hon. Gilbert",D,CA31,GDDY,GoDaddy Inc. Class A Common Stock,ST,buy,"$1,001 - $15,000",2026-04-14,2026-05-08,24,https://disclosures-clerk.house.gov/public_disc/ptr-pdfs/2026/20034500.pdf
"Cisneros, Hon. Gilbert",D,CA31,IBM,International Business Machines Corporation Common Stock,ST,buy,"$15,001 - $50,000",2026-04-14,2026-05-08,24,https://disclosures-clerk.house.gov/public_disc/ptr-pdfs/2026/20034500.pdf
"Cisneros, Hon. Gilbert",D,CA31,IP,International Paper Company Common Stock,ST,sell_full,"$1,001 - $15,000",2026-04-14,2026-05-08,24,https://disclosures-clerk.house.gov/public_disc/ptr-pdfs/2026/20034500.pdf
"Cisneros, Hon. Gilbert",D,CA31,INTU,Intuit Inc. - Common Stock,ST,sell_partial,"$1,001 - $15,000",2026-04-14,2026-05-08,24,https://disclosures-clerk.house.gov/public_disc/ptr-pdfs/2026/20034500.pdf
"Cisneros, Hon. Gilbert",D,CA31,JKHY,"Jack Henry & Associates, Inc. - Common Stock",ST,sell_full,"$1,001 - $15,000",2026-04-14,2026-05-08,24,https://disclosures-clerk.house.gov/public_disc/ptr-pdfs/2026/20034500.pdf
"Cisneros, Hon. Gilbert",D,CA31,LITE,Lumentum Holdings Inc. - Common Stock,ST,buy,"$1,001 - $15,000",2026-04-14,2026-05-08,24,https://disclosures-clerk.house.gov/public_disc/ptr-pdfs/2026/20034500.pdf
"Cisneros, Hon. Gilbert",D,CA31,MSFT,Microsoft Corporation - Common Stock,ST,sell_partial,"$15,001 - $50,000",2026-04-14,2026-05-08,24,https://disclosures-clerk.house.gov/public_disc/ptr-pdfs/2026/20034500.pdf
"Cisneros, Hon. Gilbert",D,CA31,,Mosaic Company (MOS),ST,sell_partial,"$1,001 - $15,000",2026-04-14,2026-05-08,24,https://disclosures-clerk.house.gov/public_disc/ptr-pdfs/2026/20034500.pdf
"Cisneros, Hon. Gilbert",D,CA31,NWS,News Corporation - Class B Common Stock,ST,buy,"$1,001 - $15,000",2026-04-14,2026-05-08,24,https://disclosures-clerk.house.gov/public_disc/ptr-pdfs/2026/20034500.pdf
"Cisneros, Hon. Gilbert",D,CA31,NKE,"Nike, Inc. Common Stock",ST,sell_partial,"$1,001 - $15,000",2026-04-14,2026-05-08,24,https://disclosures-clerk.house.gov/public_disc/ptr-pdfs/2026/20034500.pdf
"Cisneros, Hon. Gilbert",D,CA31,NVDA,NVIDIA Corporation - Common Stock,ST,sell_partial,"$1,001 - $15,000",2026-04-14,2026-05-08,24,https://disclosures-clerk.house.gov/public_disc/ptr-pdfs/2026/20034500.pdf
"Cisneros, Hon. Gilbert",D,CA31,OMC,Omnicom Group Inc. Common Stock,ST,sell_full,"$1,001 - $15,000",2026-04-14,2026-05-08,24,https://disclosures-clerk.house.gov/public_disc/ptr-pdfs/2026/20034500.pdf
"Cisneros, Hon. Gilbert",D,CA31,PLTR,Palantir Technologies Inc. - Class A Common Stock,ST,buy,"$15,001 - $50,000",2026-04-14,2026-05-08,24,https://disclosures-clerk.house.gov/public_disc/ptr-pdfs/2026/20034500.pdf
"Cisneros, Hon. Gilbert",D,CA31,PANW,"Palo Alto Networks, Inc.",ST,buy,"$1,001 - $15,000",2026-04-14,2026-05-08,24,https://disclosures-clerk.house.gov/public_disc/ptr-pdfs/2026/20034500.pdf
"Cisneros, Hon. Gilbert",D,CA31,PAYX,"Paychex, Inc. - Common Stock",ST,buy,"$1,001 - $15,000",2026-04-14,2026-05-08,24,https://disclosures-clerk.house.gov/public_disc/ptr-pdfs/2026/20034500.pdf
"Cisneros, Hon. Gilbert",D,CA31,PAYC,"Paycom Software, Inc. Common Stock",ST,sell_full,"$1,001 - $15,000",2026-04-14,2026-05-08,24,https://disclosures-clerk.house.gov/public_disc/ptr-pdfs/2026/20034500.pdf
"Cisneros, Hon. Gilbert",D,CA31,HOOD,"Robinhood Markets, Inc. - Class A Common Stock",ST,buy,"$1,001 - $15,000",2026-04-14,2026-05-08,24,https://disclosures-clerk.house.gov/public_disc/ptr-pdfs/2026/20034500.pdf
"Cisneros, Hon. Gilbert",D,CA31,ROP,"Roper Technologies, Inc.",ST,buy,"$1,001 - $15,000",2026-04-14,2026-05-08,24,https://disclosures-clerk.house.gov/public_disc/ptr-pdfs/2026/20034500.pdf
"Cisneros, Hon. Gilbert",D,CA31,NOW,"ServiceNow, Inc. Common Stock",ST,sell_partial,"$1,001 - $15,000",2026-04-14,2026-05-08,24,https://disclosures-clerk.house.gov/public_disc/ptr-pdfs/2026/20034500.pdf
"Cisneros, Hon. Gilbert",D,CA31,TSLA,"Tesla, Inc. - Common Stock",ST,buy,"$1,001 - $15,000",2026-04-14,2026-05-08,24,https://disclosures-clerk.house.gov/public_disc/ptr-pdfs/2026/20034500.pdf
"Cisneros, Hon. Gilbert",D,CA31,KHC,The Kraft Heinz Company - Common Stock,ST,sell_full,"$1,001 - $15,000",2026-04-14,2026-05-08,24,https://disclosures-clerk.house.gov/public_disc/ptr-pdfs/2026/20034500.pdf
"Cisneros, Hon. Gilbert",D,CA31,TTD,"The Trade Desk, Inc. - Class A Common Stock",ST,sell_full,"$1,001 - $15,000",2026-04-14,2026-05-08,24,https://disclosures-clerk.house.gov/public_disc/ptr-pdfs/2026/20034500.pdf
"Cisneros, Hon. Gilbert",D,CA31,TRMB,Trimble Inc. - Common Stock,ST,buy,"$1,001 - $15,000",2026-04-14,2026-05-08,24,https://disclosures-clerk.house.gov/public_disc/ptr-pdfs/2026/20034500.pdf
"Cisneros, Hon. Gilbert",D,CA31,TYL,"Tyler Technologies, Inc. Common Stock",ST,sell_partial,"$1,001 - $15,000",2026-04-14,2026-05-08,24,https://disclosures-clerk.house.gov/public_disc/ptr-pdfs/2026/20034500.pdf
"Cisneros, Hon. Gilbert",D,CA31,UBER,"Uber Technologies, Inc. Common Stock",ST,buy,"$1,001 - $15,000",2026-04-14,2026-05-08,24,https://disclosures-clerk.house.gov/public_disc/ptr-pdfs/2026/20034500.pdf
"Cisneros, Hon. Gilbert",D,CA31,UNH,UnitedHealth Group Incorporated Common Stock,ST,buy,"$1,001 - $15,000",2026-04-14,2026-05-08,24,https://disclosures-clerk.house.gov/public_disc/ptr-pdfs/2026/20034500.pdf
"Cisneros, Hon. Gilbert",D,CA31,VRSK,"Verisk Analytics, Inc. - Common Stock",ST,sell_full,"$1,001 - $15,000",2026-04-14,2026-05-08,24,https://disclosures-clerk.house.gov/public_disc/ptr-pdfs/2026/20034500.pdf
"Cisneros, Hon. Gilbert",D,CA31,VZ,Verizon Communications Inc. Common Stock,ST,buy,"$1,001 - $15,000",2026-04-14,2026-05-08,24,https://disclosures-clerk.house.gov/public_disc/ptr-pdfs/2026/20034500.pdf
"Cisneros, Hon. Gilbert",D,CA31,WDAY,"Workday, Inc. - Class A Common Stock",ST,sell_partial,"$1,001 - $15,000",2026-04-14,2026-05-08,24,https://disclosures-clerk.house.gov/public_disc/ptr-pdfs/2026/20034500.pdf
"Cisneros, Hon. Gilbert",D,CA31,ZTS,Zoetis Inc. Class A Common Stock,ST,sell_partial,"$1,001 - $15,000",2026-04-14,2026-05-08,24,https://disclosures-clerk.house.gov/public_disc/ptr-pdfs/2026/20034500.pdf
"Salazar, Hon. Maria Elvira",R,FL27,VOYG,"Voyager Technologies, Inc. Class A Common Stock",ST,buy,"$1,001 - $15,000",2026-04-14,2026-05-08,24,https://disclosures-clerk.house.gov/public_disc/ptr-pdfs/2026/20034479.pdf
"Morrison, Hon. Kelly Louise",D,MN03,,Cavall,OI,buy,"$1,001 - $15,000",2026-04-14,2026-05-05,21,https://disclosures-clerk.house.gov/public_disc/ptr-pdfs/2026/20034300.pdf
"Gottheimer, Hon. Josh",D,NJ05,HDB,HDFC Bank Limited Common Stock,ST,sell_partial,"$1,001 - $15,000",2026-04-13,2026-05-19,36,https://disclosures-clerk.house.gov/public_disc/ptr-pdfs/2026/20034585.pdf
"Gottheimer, Hon. Josh",D,NJ05,INTA,"Intapp, Inc. - Common Stock",ST,buy,"$1,001 - $15,000",2026-04-13,2026-05-19,36,https://disclosures-clerk.house.gov/public_disc/ptr-pdfs/2026/20034585.pdf
"Peters, Hon. Scott H.",D,CA50,,Pasadena CA COLL EDUC,GS,sell_full,"$250,001 - $500,000",2026-04-13,2026-05-18,35,https://disclosures-clerk.house.gov/public_disc/ptr-pdfs/2026/20034579.pdf
"Peters, Hon. Scott H.",D,CA50,,U.S Treasury Bills,GS,sell_partial,"$250,001+",2026-04-13,2026-05-18,35,https://disclosures-clerk.house.gov/public_disc/ptr-pdfs/2026/20034579.pdf
"Peters, Hon. Scott H.",D,CA50,,U.S Treasury Bills,GS,sell_partial,"$50,001 - $100,000",2026-04-13,2026-05-18,35,https://disclosures-clerk.house.gov/public_disc/ptr-pdfs/2026/20034579.pdf
"Cisneros, Hon. Gilbert",D,CA31,DASH,"DoorDash, Inc. - Common Stock",ST,buy,"$1,001 - $15,000",2026-04-13,2026-05-08,25,https://disclosures-clerk.house.gov/public_disc/ptr-pdfs/2026/20034500.pdf
"Cisneros, Hon. Gilbert",D,CA31,FLEX,Flex Ltd. - Ordinary Shares,ST,sell_partial,"$15,001 - $50,000",2026-04-13,2026-05-08,25,https://disclosures-clerk.house.gov/public_disc/ptr-pdfs/2026/20034500.pdf
"Cisneros, Hon. Gilbert",D,CA31,SSNC,"SS&C Technologies Holdings, Inc. - Common Stock",ST,sell_partial,"$1,001 - $15,000",2026-04-13,2026-05-08,25,https://disclosures-clerk.house.gov/public_disc/ptr-pdfs/2026/20034500.pdf
"Cisneros, Hon. Gilbert",D,CA31,VLTO,Veralto Corp Common Stock,ST,buy,"$1,001 - $15,000",2026-04-13,2026-05-08,25,https://disclosures-clerk.house.gov/public_disc/ptr-pdfs/2026/20034500.pdf
"Peters, Hon. Scott H.",D,CA50,,U.S Treasury Bills,GS,sell_partial,"$50,001 - $100,000",2026-04-10,2026-05-18,38,https://disclosures-clerk.house.gov/public_disc/ptr-pdfs/2026/20034579.pdf
"Wagner, Hon. Ann",R,MO02,,TAX BLDG AND SITE BDS SER. 2020 I,GS,sell_full,"$100,001 - $250,000",2026-04-10,2026-05-04,24,https://disclosures-clerk.house.gov/public_disc/ptr-pdfs/2026/20034462.pdf
"Miller, Hon. Max",R,OH07,,"Alta Park Endurance Fund, LP (GLAS Funds, LP)",HN,buy,"$15,001 - $50,000",2026-04-10,2026-04-28,18,https://disclosures-clerk.house.gov/public_disc/ptr-pdfs/2026/20034419.pdf
"Gottheimer, Hon. Josh",D,NJ05,ALLY,Ally Financial Inc. Common Stock,ST,sell_full,"$1,001 - $15,000",2026-04-09,2026-05-19,40,https://disclosures-clerk.house.gov/public_disc/ptr-pdfs/2026/20034585.pdf
"Gottheimer, Hon. Josh",D,NJ05,T,AT&T Inc.,ST,sell_full,"$1,001 - $15,000",2026-04-09,2026-05-19,40,https://disclosures-clerk.house.gov/public_disc/ptr-pdfs/2026/20034585.pdf
"Gottheimer, Hon. Josh",D,NJ05,DRI,"Darden Restaurants, Inc. Common Stock",ST,sell_full,"$15,001 - $50,000",2026-04-09,2026-05-19,40,https://disclosures-clerk.house.gov/public_disc/ptr-pdfs/2026/20034585.pdf
"Gottheimer, Hon. Josh",D,NJ05,DLTR,"Dollar Tree, Inc. - Common Stock",ST,sell_full,"$1,001 - $15,000",2026-04-09,2026-05-19,40,https://disclosures-clerk.house.gov/public_disc/ptr-pdfs/2026/20034585.pdf
"Gottheimer, Hon. Josh",D,NJ05,F,Ford Motor Company Common Stock,ST,sell_full,"$15,001 - $50,000",2026-04-09,2026-05-19,40,https://disclosures-clerk.house.gov/public_disc/ptr-pdfs/2026/20034585.pdf
"Gottheimer, Hon. Josh",D,NJ05,GS,"Goldman Sachs Group, Inc.",ST,sell_full,"$15,001 - $50,000",2026-04-09,2026-05-19,40,https://disclosures-clerk.house.gov/public_disc/ptr-pdfs/2026/20034585.pdf
"Gottheimer, Hon. Josh",D,NJ05,HD,"Home Depot, Inc.",ST,sell_full,"$15,001 - $50,000",2026-04-09,2026-05-19,40,https://disclosures-clerk.house.gov/public_disc/ptr-pdfs/2026/20034585.pdf
"Gottheimer, Hon. Josh",D,NJ05,MKTX,"MarketAxess Holdings, Inc. - Common Stock",ST,sell_full,"$1,001 - $15,000",2026-04-09,2026-05-19,40,https://disclosures-clerk.house.gov/public_disc/ptr-pdfs/2026/20034585.pdf
"Gottheimer, Hon. Josh",D,NJ05,MLM,"Martin Marietta Materials, Inc. Common Stock",ST,sell_full,"$15,001 - $50,000",2026-04-09,2026-05-19,40,https://disclosures-clerk.house.gov/public_disc/ptr-pdfs/2026/20034585.pdf
"Gottheimer, Hon. Josh",D,NJ05,PFGC,Performance Food Group Company Common Stock,ST,sell_full,"$15,001 - $50,000",2026-04-09,2026-05-19,40,https://disclosures-clerk.house.gov/public_disc/ptr-pdfs/2026/20034585.pdf
"Gottheimer, Hon. Josh",D,NJ05,SYF,Synchrony Financial Common Stock,ST,sell_full,"$15,001 - $50,000",2026-04-09,2026-05-19,40,https://disclosures-clerk.house.gov/public_disc/ptr-pdfs/2026/20034585.pdf
"Gottheimer, Hon. Josh",D,NJ05,TSCO,Tractor Supply Company - Common Stock,ST,sell_full,"$15,001 - $50,000",2026-04-09,2026-05-19,40,https://disclosures-clerk.house.gov/public_disc/ptr-pdfs/2026/20034585.pdf
"Gottheimer, Hon. Josh",D,NJ05,VLY,Valley National Bancorp,ST,sell_full,"$1,001 - $15,000",2026-04-09,2026-05-19,40,https://disclosures-clerk.house.gov/public_disc/ptr-pdfs/2026/20034585.pdf
"Peters, Hon. Scott H.",D,CA50,,CA ST PUB W BLDG,GS,buy,"$50,001 - $100,000",2026-04-09,2026-05-18,39,https://disclosures-clerk.house.gov/public_disc/ptr-pdfs/2026/20034579.pdf
"Peters, Hon. Scott H.",D,CA50,,CA ST PUB W BLDG,GS,buy,"$250,001 - $500,000",2026-04-09,2026-05-18,39,https://disclosures-clerk.house.gov/public_disc/ptr-pdfs/2026/20034579.pdf
"Peters, Hon. Scott H.",D,CA50,,California Health SYS,GS,buy,"$50,001 - $100,000",2026-04-09,2026-05-18,39,https://disclosures-clerk.house.gov/public_disc/ptr-pdfs/2026/20034579.pdf
"Peters, Hon. Scott H.",D,CA50,,Grapevine-Colleyville TX GO UTX,GS,buy,"$50,001 - $100,000",2026-04-09,2026-05-18,39,https://disclosures-clerk.house.gov/public_disc/ptr-pdfs/2026/20034579.pdf
"Peters, Hon. Scott H.",D,CA50,,Los Angeles CA Pwr Util,GS,sell_full,"$500,001 - $1,000,000",2026-04-09,2026-05-18,39,https://disclosures-clerk.house.gov/public_disc/ptr-pdfs/2026/20034579.pdf
"Peters, Hon. Scott H.",D,CA50,,U.S Treasury Bills,GS,sell_partial,"$50,001 - $100,000",2026-04-09,2026-05-18,39,https://disclosures-clerk.house.gov/public_disc/ptr-pdfs/2026/20034579.pdf
"Bentz, Hon. Cliff",R,OR02,INTC,Intel Corporation - Common Stock,ST,sell_full,"$1,001 - $15,000",2026-04-09,2026-05-09,30,https://disclosures-clerk.house.gov/public_disc/ptr-pdfs/2026/20034524.pdf
"Suozzi, Hon. Thomas",D,NY03,,US Treasury Bill,GS,buy,"$15,001 - $50,000",2026-04-09,2026-05-08,29,https://disclosures-clerk.house.gov/public_disc/ptr-pdfs/2026/20034503.pdf
"DelBene, Hon. Suzan K.",D,WA01,,"Maryland ST Dept TR 5% Comb Tax Due Nov 1, 2027",GS,sell_partial,"$15,001 - $50,000",2026-04-09,2026-04-28,19,https://disclosures-clerk.house.gov/public_disc/ptr-pdfs/2026/20034400.pdf
"Fields, Cleo",D,LA06,TSM,Taiwan Semiconductor Manufacturing Company Ltd.,ST,buy,"$1,001 - $15,000",2026-04-09,2026-04-20,11,https://disclosures-clerk.house.gov/public_disc/ptr-pdfs/2026/20034357.pdf
"Friedman, Hon. Laura",D,CA30,HOLX,"right (CVR) to be paid in 2026-27. Hologic, Inc. - Common Stock",ST,sell_partial,"$1,001 - $15,000",2026-04-08,2026-05-14,36,https://disclosures-clerk.house.gov/public_disc/ptr-pdfs/2026/20034563.pdf
"Delaney, Hon. April McClain",,MD06,TECH,Bio-Techne Corp - Common Stock,ST,sell_full,"$1,001 - $15,000",2026-04-08,2026-05-06,28,https://disclosures-clerk.house.gov/public_disc/ptr-pdfs/2026/20034487.pdf
"Fletcher, Hon. Elizabeth",D,TX07,GOOGL,Alphabet Inc. - Class A Common Stock,ST,sell_partial,"$1,001 - $15,000",2026-04-08,2026-05-01,23,https://disclosures-clerk.house.gov/public_disc/ptr-pdfs/2026/20034413.pdf
"Fletcher, Hon. Elizabeth",D,TX07,AMP,"Ameriprise Financial, Inc. Common Stock",ST,sell_partial,"$1,001 - $15,000",2026-04-08,2026-05-01,23,https://disclosures-clerk.house.gov/public_disc/ptr-pdfs/2026/20034413.pdf
"Fletcher, Hon. Elizabeth",D,TX07,AAPL,Apple Inc. - Common Stock,ST,sell_partial,"$1,001 - $15,000",2026-04-08,2026-05-01,23,https://disclosures-clerk.house.gov/public_disc/ptr-pdfs/2026/20034413.pdf
"Fletcher, Hon. Elizabeth",D,TX07,ETN,"Eaton Corporation, PLC Ordinary Shares",ST,sell_partial,"$1,001 - $15,000",2026-04-08,2026-05-01,23,https://disclosures-clerk.house.gov/public_disc/ptr-pdfs/2026/20034413.pdf
"Fletcher, Hon. Elizabeth",D,TX07,LLY,Eli Lilly and Company Common Stock,ST,sell_partial,"$1,001 - $15,000",2026-04-08,2026-05-01,23,https://disclosures-clerk.house.gov/public_disc/ptr-pdfs/2026/20034413.pdf
"Fletcher, Hon. Elizabeth",D,TX07,JPM,JP Morgan Chase & Co. Common Stock,ST,sell_partial,"$1,001 - $15,000",2026-04-08,2026-05-01,23,https://disclosures-clerk.house.gov/public_disc/ptr-pdfs/2026/20034413.pdf
"Fletcher, Hon. Elizabeth",D,TX07,KLAC,KLA Corporation - Common Stock,ST,sell_partial,"$1,001 - $15,000",2026-04-08,2026-05-01,23,https://disclosures-clerk.house.gov/public_disc/ptr-pdfs/2026/20034413.pdf
"Fletcher, Hon. Elizabeth",D,TX07,MCK,McKesson Corporation Common Stock,ST,sell_partial,"$1,001 - $15,000",2026-04-08,2026-05-01,23,https://disclosures-clerk.house.gov/public_disc/ptr-pdfs/2026/20034413.pdf
"Fletcher, Hon. Elizabeth",D,TX07,MSFT,Microsoft Corporation - Common Stock,ST,sell_partial,"$1,001 - $15,000",2026-04-08,2026-05-01,23,https://disclosures-clerk.house.gov/public_disc/ptr-pdfs/2026/20034413.pdf
"Fletcher, Hon. Elizabeth",D,TX07,NVDA,NVIDIA Corporation - Common Stock,ST,sell_partial,"$1,001 - $15,000",2026-04-08,2026-05-01,23,https://disclosures-clerk.house.gov/public_disc/ptr-pdfs/2026/20034413.pdf
"Fletcher, Hon. Elizabeth",D,TX07,PWR,"Quanta Services, Inc. Common Stock",ST,sell_partial,"$1,001 - $15,000",2026-04-08,2026-05-01,23,https://disclosures-clerk.house.gov/public_disc/ptr-pdfs/2026/20034413.pdf
"Steube, Hon. Greg",R,FL17,,NOTE 5.45000% 09/15/2026 (571903BM4),CS,buy,"$15,001 - $50,000",2026-04-08,2026-04-14,6,https://disclosures-clerk.house.gov/public_disc/ptr-pdfs/2026/20034345.pdf
"Peters, Hon. Scott H.",D,CA50,,Pittsburgh CA WTR UTIL,GS,sell_full,"$250,001 - $500,000",2026-04-07,2026-05-18,41,https://disclosures-clerk.house.gov/public_disc/ptr-pdfs/2026/20034579.pdf
"Suozzi, Hon. Thomas",D,NY03,,US Treasury Bill,GS,buy,"$15,001 - $50,000",2026-04-07,2026-05-08,31,https://disclosures-clerk.house.gov/public_disc/ptr-pdfs/2026/20034503.pdf
"Moore, Hon. Tim",R,NC14,HOG,"Harley-Davidson, Inc. Common Stock",ST,sell_full,"$50,001 - $100,000",2026-04-07,2026-04-28,21,https://disclosures-clerk.house.gov/public_disc/ptr-pdfs/2026/20034424.pdf
"McClellan, Hon. Jennifer",D,VA04,VZ,Verizon Communications Inc. Common Stock,ST,sell_partial,"$100,001 - $250,000",2026-04-07,2026-04-16,9,https://disclosures-clerk.house.gov/public_disc/ptr-pdfs/2026/20034311.pdf
"Gottheimer, Hon. Josh",D,NJ05,CBZ,"CBIZ, Inc. Common Stock",ST,buy,"$1,001 - $15,000",2026-04-06,2026-05-19,43,https://disclosures-clerk.house.gov/public_disc/ptr-pdfs/2026/20034585.pdf
"Gottheimer, Hon. Josh",D,NJ05,FWRG,"First Watch Restaurant Group, Inc. - Common Stock",ST,buy,"$1,001 - $15,000",2026-04-06,2026-05-19,43,https://disclosures-clerk.house.gov/public_disc/ptr-pdfs/2026/20034585.pdf
"Gottheimer, Hon. Josh",D,NJ05,NTES,"Shares, each representing 5 ordinary shares",ST,buy,"$1,001 - $15,000",2026-04-06,2026-05-19,43,https://disclosures-clerk.house.gov/public_disc/ptr-pdfs/2026/20034585.pdf
"Peters, Hon. Scott H.",D,CA50,,Los Angeles CA Wtr Swr Util,GS,sell_full,"$500,001 - $1,000,000",2026-04-06,2026-05-18,42,https://disclosures-clerk.house.gov/public_disc/ptr-pdfs/2026/20034579.pdf
"Peters, Hon. Scott H.",D,CA50,,U.S Treasury Bills,GS,sell_partial,"$100,001 - $250,000",2026-04-06,2026-05-18,42,https://disclosures-clerk.house.gov/public_disc/ptr-pdfs/2026/20034579.pdf
"Cisneros, Hon. Gilbert",D,CA31,DASH,"DoorDash, Inc. - Common Stock",ST,buy,"$1,001 - $15,000",2026-04-06,2026-05-08,32,https://disclosures-clerk.house.gov/public_disc/ptr-pdfs/2026/20034500.pdf
"Cisneros, Hon. Gilbert",D,CA31,LPLA,LPL Financial Holdings Inc. - Common Stock,ST,buy,"$1,001 - $15,000",2026-04-06,2026-05-08,32,https://disclosures-clerk.house.gov/public_disc/ptr-pdfs/2026/20034500.pdf
"Cisneros, Hon. Gilbert",D,CA31,SSNC,"SS&C Technologies Holdings, Inc. - Common Stock",ST,sell_partial,"$15,001 - $50,000",2026-04-06,2026-05-08,32,https://disclosures-clerk.house.gov/public_disc/ptr-pdfs/2026/20034500.pdf
"Cisneros, Hon. Gilbert",D,CA31,VLTO,Veralto Corp Common Stock,ST,buy,"$1,001 - $15,000",2026-04-06,2026-05-08,32,https://disclosures-clerk.house.gov/public_disc/ptr-pdfs/2026/20034500.pdf
"Salazar, Hon. Maria Elvira",R,FL27,MRVL,"Marvell Technology, Inc. - Common Stock",ST,buy,"$15,001 - $50,000",2026-04-06,2026-05-08,32,https://disclosures-clerk.house.gov/public_disc/ptr-pdfs/2026/20034479.pdf
"Salazar, Hon. Maria Elvira",R,FL27,CRM,"Salesforce, Inc. Common Stock",ST,buy,"$15,001 - $50,000",2026-04-06,2026-05-08,32,https://disclosures-clerk.house.gov/public_disc/ptr-pdfs/2026/20034479.pdf
"Morrison, Hon. Kelly Louise",D,MN03,,"Star Catcher Industries, Inc.",OI,buy,"$15,001 - $50,000",2026-04-06,2026-05-05,29,https://disclosures-clerk.house.gov/public_disc/ptr-pdfs/2026/20034300.pdf
"Miller, Hon. Max",R,OH07,,"GLAS Funds, LP",HN,buy,"$15,001 - $50,000",2026-04-06,2026-04-28,22,https://disclosures-clerk.house.gov/public_disc/ptr-pdfs/2026/20034419.pdf
"Yakym, Hon. Rudy C., III",R,IN02,,"Treasury Bill (3-Month, Matures 7/9/2026)",GS,buy,"$15,001 - $50,000",2026-04-06,2026-04-06,0,https://disclosures-clerk.house.gov/public_disc/ptr-pdfs/2026/20034298.pdf
"Peters, Hon. Scott H.",D,CA50,,Anaheim CA Hsg Elec Util,GS,sell_full,"$50,001 - $100,000",2026-04-02,2026-05-18,46,https://disclosures-clerk.house.gov/public_disc/ptr-pdfs/2026/20034579.pdf
"Peters, Hon. Scott H.",D,CA50,,Los Angeles CA Wtr Swr Util,GS,sell_full,"$100,001 - $250,000",2026-04-02,2026-05-18,46,https://disclosures-clerk.house.gov/public_disc/ptr-pdfs/2026/20034579.pdf
"Peters, Hon. Scott H.",D,CA50,,Sacramento Muni Util Dist,GS,sell_full,"$100,001 - $250,000",2026-04-02,2026-05-18,46,https://disclosures-clerk.house.gov/public_disc/ptr-pdfs/2026/20034579.pdf
"Peters, Hon. Scott H.",D,CA50,,Sacramento Muni Util Dist,GS,sell_full,"$250,001 - $500,000",2026-04-02,2026-05-18,46,https://disclosures-clerk.house.gov/public_disc/ptr-pdfs/2026/20034579.pdf
"Peters, Hon. Scott H.",D,CA50,,U.S Treasury Bills,GS,sell_partial,"$50,001 - $100,000",2026-04-02,2026-05-18,46,https://disclosures-clerk.house.gov/public_disc/ptr-pdfs/2026/20034579.pdf
"Donalds, Hon. Byron",R,FL19,CMG,"Chipotle Mexican Grill, Inc. Common Stock",ST,sell_full,"$1,001 - $15,000",2026-04-02,2026-05-13,41,https://disclosures-clerk.house.gov/public_disc/ptr-pdfs/2026/20034478.pdf
"Donalds, Hon. Byron",R,FL19,CMG,"Chipotle Mexican Grill, Inc. Common Stock",ST,sell_full,"$1,001 - $15,000",2026-04-02,2026-05-13,41,https://disclosures-clerk.house.gov/public_disc/ptr-pdfs/2026/20034478.pdf
"Donalds, Hon. Byron",R,FL19,LLY,Eli Lilly and Company Common Stock,ST,buy,"$1,001 - $15,000",2026-04-02,2026-05-13,41,https://disclosures-clerk.house.gov/public_disc/ptr-pdfs/2026/20034478.pdf
"Donalds, Hon. Byron",R,FL19,LLY,Eli Lilly and Company Common Stock,ST,buy,"$1,001 - $15,000",2026-04-02,2026-05-13,41,https://disclosures-clerk.house.gov/public_disc/ptr-pdfs/2026/20034478.pdf
"Donalds, Hon. Byron",R,FL19,INTU,Intuit Inc. - Common Stock,ST,sell_full,"$1,001 - $15,000",2026-04-02,2026-05-13,41,https://disclosures-clerk.house.gov/public_disc/ptr-pdfs/2026/20034478.pdf
"Donalds, Hon. Byron",R,FL19,INTU,Intuit Inc. - Common Stock,ST,sell_full,"$1,001 - $15,000",2026-04-02,2026-05-13,41,https://disclosures-clerk.house.gov/public_disc/ptr-pdfs/2026/20034478.pdf
"Donalds, Hon. Byron",R,FL19,MRVL,"Marvell Technology, Inc. - Common Stock",ST,buy,"$1,001 - $15,000",2026-04-02,2026-05-13,41,https://disclosures-clerk.house.gov/public_disc/ptr-pdfs/2026/20034478.pdf
"Donalds, Hon. Byron",R,FL19,MRVL,"Marvell Technology, Inc. - Common Stock",ST,buy,"$1,001 - $15,000",2026-04-02,2026-05-13,41,https://disclosures-clerk.house.gov/public_disc/ptr-pdfs/2026/20034478.pdf
"Miller, Hon. Max",R,OH07,,"Mercato Partners Traverse IV QP, LP (GLAS Funds, LP)",HN,buy,"$1,001 - $15,000",2026-04-02,2026-04-28,26,https://disclosures-clerk.house.gov/public_disc/ptr-pdfs/2026/20034419.pdf
"Doggett, Hon. Lloyd",D,TX37,,Coca-Cola Company (KO),ST,buy,"$1,001 - $15,000",2026-04-01,2026-05-06,35,https://disclosures-clerk.house.gov/public_disc/ptr-pdfs/2026/20034486.pdf
"DelBene, Hon. Suzan K.",D,WA01,,"Tarrant CNTY Tex Cultural Ed Facs Fin 5.00% Due Nov 15, 2051",GS,buy,"$15,001 - $50,000",2026-04-01,2026-04-28,27,https://disclosures-clerk.house.gov/public_disc/ptr-pdfs/2026/20034400.pdf
"Moore, Hon. Tim",R,NC14,CBRL,"Cracker Barrel Old Country Store, Inc. - Common Stock",ST,sell_full,"$15,001 - $50,000",2026-04-01,2026-04-28,27,https://disclosures-clerk.house.gov/public_disc/ptr-pdfs/2026/20034424.pdf
"Moskowitz, Hon. Jared",D,FL23,AXP,American Express Company Common Stock,ST,buy,"$1,001 - $15,000",2026-03-31,2026-04-30,30,https://disclosures-clerk.house.gov/public_disc/ptr-pdfs/2026/20034274.pdf
"Moskowitz, Hon. Jared",D,FL23,ASML,ASML Holding N.V. - New York Registry Shares,ST,buy,"$1,001 - $15,000",2026-03-31,2026-04-30,30,https://disclosures-clerk.house.gov/public_disc/ptr-pdfs/2026/20034274.pdf
"Moskowitz, Hon. Jared",D,FL23,AVGO,Broadcom Inc. - Common Stock,ST,buy,"$1,001 - $15,000",2026-03-31,2026-04-30,30,https://disclosures-clerk.house.gov/public_disc/ptr-pdfs/2026/20034274.pdf
"Moskowitz, Hon. Jared",D,FL23,CAT,"Caterpillar, Inc. Common Stock",ST,sell_partial,"$1,001 - $15,000",2026-03-31,2026-04-30,30,https://disclosures-clerk.house.gov/public_disc/ptr-pdfs/2026/20034274.pdf
"Moskowitz, Hon. Jared",D,FL23,COR,"Cencora, Inc. Common Stock",ST,buy,"$1,001 - $15,000",2026-03-31,2026-04-30,30,https://disclosures-clerk.house.gov/public_disc/ptr-pdfs/2026/20034274.pdf
"Moskowitz, Hon. Jared",D,FL23,CB,Chubb Limited Common Stock,ST,buy,"$1,001 - $15,000",2026-03-31,2026-04-30,30,https://disclosures-clerk.house.gov/public_disc/ptr-pdfs/2026/20034274.pdf
"Moskowitz, Hon. Jared",D,FL23,CMI,Cummins Inc. Common Stock,ST,sell_partial,"$1,001 - $15,000",2026-03-31,2026-04-30,30,https://disclosures-clerk.house.gov/public_disc/ptr-pdfs/2026/20034274.pdf
"Moskowitz, Hon. Jared",D,FL23,GE,GE Aerospace Common Stock,ST,buy,"$1,001 - $15,000",2026-03-31,2026-04-30,30,https://disclosures-clerk.house.gov/public_disc/ptr-pdfs/2026/20034274.pdf
"Moskowitz, Hon. Jared",D,FL23,GD,General Dynamics Corporation Common Stock,ST,buy,"$1,001 - $15,000",2026-03-31,2026-04-30,30,https://disclosures-clerk.house.gov/public_disc/ptr-pdfs/2026/20034274.pdf
"Moskowitz, Hon. Jared",D,FL23,HD,"Home Depot, Inc.",ST,buy,"$1,001 - $15,000",2026-03-31,2026-04-30,30,https://disclosures-clerk.house.gov/public_disc/ptr-pdfs/2026/20034274.pdf
"Moskowitz, Hon. Jared",D,FL23,MCD,McDonald's Corporation Common Stock,ST,buy,"$1,001 - $15,000",2026-03-31,2026-04-30,30,https://disclosures-clerk.house.gov/public_disc/ptr-pdfs/2026/20034274.pdf
"Moskowitz, Hon. Jared",D,FL23,PANW,"Palo Alto Networks, Inc.",ST,buy,"$1,001 - $15,000",2026-03-31,2026-04-30,30,https://disclosures-clerk.house.gov/public_disc/ptr-pdfs/2026/20034274.pdf
"Moskowitz, Hon. Jared",D,FL23,QCOM,QUALCOMM Incorporated - Common Stock,ST,sell_full,"$15,001 - $50,000",2026-03-31,2026-04-30,30,https://disclosures-clerk.house.gov/public_disc/ptr-pdfs/2026/20034274.pdf
"Kean, Hon. Thomas H., Jr",R,NJ07,AMCR,Amcor plc Ordinary Shares,ST,buy,"$1,001 - $15,000",2026-03-31,2026-04-13,13,https://disclosures-clerk.house.gov/public_disc/ptr-pdfs/2026/20034327.pdf
"Cisneros, Hon. Gilbert",D,CA31,,"John Swett, CA, USD GO Bonds",GS,sell_partial,"$100,001 - $250,000",2026-03-31,2026-04-07,7,https://disclosures-clerk.house.gov/public_disc/ptr-pdfs/2026/20034285.pdf
"Delaney, Hon. April McClain",,MD06,NDAQ,"Nasdaq, Inc. - Common Stock",ST,buy,"$1,001 - $15,000",2026-03-31,2026-04-06,6,https://disclosures-clerk.house.gov/public_disc/ptr-pdfs/2026/20034299.pdf
"Delaney, Hon. April McClain",,MD06,ROL,"Rollins, Inc. Common Stock",ST,buy,"$1,001 - $15,000",2026-03-31,2026-04-06,6,https://disclosures-clerk.house.gov/public_disc/ptr-pdfs/2026/20034299.pdf
"Delaney, Hon. April McClain",,MD06,SGI,Somnigroup International Inc. Common Stock,ST,buy,"$1,001 - $15,000",2026-03-31,2026-04-06,6,https://disclosures-clerk.house.gov/public_disc/ptr-pdfs/2026/20034299.pdf
"Delaney, Hon. April McClain",,MD06,TSCO,Tractor Supply Company - Common Stock,ST,buy,"$1,001 - $15,000",2026-03-31,2026-04-06,6,https://disclosures-clerk.house.gov/public_disc/ptr-pdfs/2026/20034299.pdf
"Roy, Hon. Chip",R,TX21,,Atlas Energy Solutions Inc. Common Stock (AESI),RS,buy,"$100,001 - $250,000",2026-03-30,2026-05-11,42,https://disclosures-clerk.house.gov/public_disc/ptr-pdfs/2026/20034528.pdf
"Peters, Hon. Scott H.",D,CA50,,U.S Treasury Bills,GS,buy,"$250,001 - $500,000",2026-03-30,2026-04-29,30,https://disclosures-clerk.house.gov/public_disc/ptr-pdfs/2026/20034342.pdf
"Peters, Hon. Scott H.",D,CA50,,U.S Treasury Bills,GS,buy,"$250,001 - $500,000",2026-03-30,2026-04-29,30,https://disclosures-clerk.house.gov/public_disc/ptr-pdfs/2026/20034342.pdf
"Biggs, Hon. Sheri",R,SC03,,Oaktree Strategic Credit Fund Class S,OT,buy,"$1,001 - $15,000",2026-03-30,2026-04-16,17,https://disclosures-clerk.house.gov/public_disc/ptr-pdfs/2026/20034346.pdf
"Peters, Hon. Scott H.",D,CA50,,San Diego CA UNI GO UTX,GS,sell_full,"$250,001 - $500,000",2026-03-27,2026-04-29,33,https://disclosures-clerk.house.gov/public_disc/ptr-pdfs/2026/20034342.pdf
"Biggs, Hon. Sheri",R,SC03,,Apollo Debt Solutions BDC Class S,OT,buy,"$1,001 - $15,000",2026-03-27,2026-04-16,20,https://disclosures-clerk.house.gov/public_disc/ptr-pdfs/2026/20034346.pdf
"Cisneros, Hon. Gilbert",D,CA31,AEIS,"Advanced Energy Industries, Inc. - Common Stock",ST,sell_partial,"$1,001 - $15,000",2026-03-27,2026-04-07,11,https://disclosures-clerk.house.gov/public_disc/ptr-pdfs/2026/20034285.pdf
"Cisneros, Hon. Gilbert",D,CA31,BABAF,ALIBABA GROUP HOLDING LTD,ST,buy,"$1,001 - $15,000",2026-03-27,2026-04-07,11,https://disclosures-clerk.house.gov/public_disc/ptr-pdfs/2026/20034285.pdf
"Cisneros, Hon. Gilbert",D,CA31,,California Health Facilities Financing Authority Rev Bonds,GS,buy,"$250,001 - $500,000",2026-03-27,2026-04-07,11,https://disclosures-clerk.house.gov/public_disc/ptr-pdfs/2026/20034285.pdf
"Cisneros, Hon. Gilbert",D,CA31,,California State Public Works Board Lease Rev Bonds,GS,sell_partial,"$50,001 - $100,000",2026-03-27,2026-04-07,11,https://disclosures-clerk.house.gov/public_disc/ptr-pdfs/2026/20034285.pdf
"Cisneros, Hon. Gilbert",D,CA31,SCHW,Charles Schwab Corporation,ST,sell_partial,"$1,001 - $15,000",2026-03-27,2026-04-07,11,https://disclosures-clerk.house.gov/public_disc/ptr-pdfs/2026/20034285.pdf
"Cisneros, Hon. Gilbert",D,CA31,DASH,"DoorDash, Inc. - Common Stock",ST,buy,"$1,001 - $15,000",2026-03-27,2026-04-07,11,https://disclosures-clerk.house.gov/public_disc/ptr-pdfs/2026/20034285.pdf
"Cisneros, Hon. Gilbert",D,CA31,FN,Fabrinet Ordinary Shares,ST,buy,"$15,001 - $50,000",2026-03-27,2026-04-07,11,https://disclosures-clerk.house.gov/public_disc/ptr-pdfs/2026/20034285.pdf
"Cisneros, Hon. Gilbert",D,CA31,FSV,FirstService Corporation - Common Shares,ST,buy,"$1,001 - $15,000",2026-03-27,2026-04-07,11,https://disclosures-clerk.house.gov/public_disc/ptr-pdfs/2026/20034285.pdf
"Cisneros, Hon. Gilbert",D,CA31,FLEX,Flex Ltd. - Ordinary Shares,ST,sell_partial,"$1,001 - $15,000",2026-03-27,2026-04-07,11,https://disclosures-clerk.house.gov/public_disc/ptr-pdfs/2026/20034285.pdf
"Cisneros, Hon. Gilbert",D,CA31,LPLA,LPL Financial Holdings Inc. - Common Stock,ST,buy,"$1,001 - $15,000",2026-03-27,2026-04-07,11,https://disclosures-clerk.house.gov/public_disc/ptr-pdfs/2026/20034285.pdf
"Cisneros, Hon. Gilbert",D,CA31,MTSI,"MACOM Technology Solutions Holdings, Inc. - Common Stock",ST,sell_partial,"$1,001 - $15,000",2026-03-27,2026-04-07,11,https://disclosures-clerk.house.gov/public_disc/ptr-pdfs/2026/20034285.pdf
"Cisneros, Hon. Gilbert",D,CA31,SARO,"StandardAero, Inc. Common Stock",ST,buy,"$1,001 - $15,000",2026-03-27,2026-04-07,11,https://disclosures-clerk.house.gov/public_disc/ptr-pdfs/2026/20034285.pdf
"Cisneros, Hon. Gilbert",D,CA31,VIAV,Viavi Solutions Inc. - Common Stock,ST,sell_partial,"$1,001 - $15,000",2026-03-27,2026-04-07,11,https://disclosures-clerk.house.gov/public_disc/ptr-pdfs/2026/20034285.pdf
"Cisneros, Hon. Gilbert",D,CA31,,"West Kern, CA, Community College District GO Bonds",GS,sell_full,"$250,001 - $500,000",2026-03-27,2026-04-07,11,https://disclosures-clerk.house.gov/public_disc/ptr-pdfs/2026/20034285.pdf
"Peters, Hon. Scott H.",D,CA50,,Allocate Alpha Fund II LP,OT,buy,"$1,001 - $15,000",2026-03-26,2026-04-29,34,https://disclosures-clerk.house.gov/public_disc/ptr-pdfs/2026/20034342.pdf
"Moore, Hon. Tim",R,NC14,LGIH,"LGI Homes, Inc. - Common Stock",ST,sell_full,"$100,001 - $250,000",2026-03-26,2026-04-28,33,https://disclosures-clerk.house.gov/public_disc/ptr-pdfs/2026/20034424.pdf
"Kean, Hon. Thomas H., Jr",R,NJ07,CB,Chubb Limited Common Stock,ST,sell_partial,"$15,001 - $50,000",2026-03-26,2026-04-13,18,https://disclosures-clerk.house.gov/public_disc/ptr-pdfs/2026/20034327.pdf
"Kean, Hon. Thomas H., Jr",R,NJ07,FCNCA,"First Citizens BancShares, Inc. - Class A Common Stock",ST,sell_partial,"$1,001 - $15,000",2026-03-26,2026-04-13,18,https://disclosures-clerk.house.gov/public_disc/ptr-pdfs/2026/20034327.pdf
"Kean, Hon. Thomas H., Jr",R,NJ07,JNJ,Johnson & Johnson Common Stock,ST,sell_partial,"$1,001 - $15,000",2026-03-26,2026-04-13,18,https://disclosures-clerk.house.gov/public_disc/ptr-pdfs/2026/20034327.pdf
"Kean, Hon. Thomas H., Jr",R,NJ07,LIN,Linde plc - Ordinary Shares,ST,buy,"$1,001 - $15,000",2026-03-26,2026-04-13,18,https://disclosures-clerk.house.gov/public_disc/ptr-pdfs/2026/20034327.pdf
"Kean, Hon. Thomas H., Jr",R,NJ07,PEP,"Pepsico, Inc.",ST,sell_partial,"$15,001 - $50,000",2026-03-26,2026-04-13,18,https://disclosures-clerk.house.gov/public_disc/ptr-pdfs/2026/20034327.pdf
"Kean, Hon. Thomas H., Jr",R,NJ07,SPGI,S&P Global Inc. Common Stock,ST,sell_partial,"$15,001 - $50,000",2026-03-26,2026-04-13,18,https://disclosures-clerk.house.gov/public_disc/ptr-pdfs/2026/20034327.pdf
"Keating, Hon. William R.",D,MA09,,UNITED STATES TREAS BILLS ZERO CPN 0.00000% 04/28/2026,GS,buy,"$50,001 - $100,000",2026-03-26,2026-04-13,18,https://disclosures-clerk.house.gov/public_disc/ptr-pdfs/2026/20034307.pdf
"Doggett, Hon. Lloyd",D,TX37,HD,"Home Depot, Inc.",ST,buy,"$1,001 - $15,000",2026-03-26,2026-04-06,11,https://disclosures-clerk.house.gov/public_disc/ptr-pdfs/2026/20034292.pdf
"Peters, Hon. Scott H.",D,CA50,,Allocate Premier Access Fund,OT,buy,"$1,001 - $15,000",2026-03-25,2026-04-29,35,https://disclosures-clerk.house.gov/public_disc/ptr-pdfs/2026/20034342.pdf
"Peters, Hon. Scott H.",D,CA50,,Inverted Capital I LP,OT,buy,"$50,001 - $100,000",2026-03-25,2026-04-29,35,https://disclosures-clerk.house.gov/public_disc/ptr-pdfs/2026/20034342.pdf
"Peters, Hon. Scott H.",D,CA50,,U.S Treasury Bills,GS,buy,"$500,001 - $1,000,000",2026-03-25,2026-04-29,35,https://disclosures-clerk.house.gov/public_disc/ptr-pdfs/2026/20034342.pdf
"Meuser, Hon. Daniel",R,PA09,NVDA,NVIDIA Corporation - Common Stock,ST,sell_partial,"$1,001 - $15,000",2026-03-25,2026-04-21,27,https://disclosures-clerk.house.gov/public_disc/ptr-pdfs/2026/20034359.pdf
"Salazar, Hon. Maria Elvira",R,FL27,FDX,FedEx Corporation Common Stock,ST,buy,"$1,001 - $15,000",2026-03-25,2026-04-21,27,https://disclosures-clerk.house.gov/public_disc/ptr-pdfs/2026/20033993.pdf
"Salazar, Hon. Maria Elvira",R,FL27,URI,"United Rentals, Inc. Common Stock",ST,buy,"$1,001 - $15,000",2026-03-25,2026-04-21,27,https://disclosures-clerk.house.gov/public_disc/ptr-pdfs/2026/20033993.pdf
"Sewell, Hon. Terri A.",D,AL07,GEHC,GE HealthCare Technologies Inc. - Common Stock,ST,sell_full,"$1,001 - $15,000",2026-03-25,2026-04-21,27,https://disclosures-clerk.house.gov/public_disc/ptr-pdfs/2026/20034384.pdf
"Sewell, Hon. Terri A.",D,AL07,TPR,"Tapestry, Inc. Common Stock",ST,sell_full,"$15,001 - $50,000",2026-03-25,2026-04-21,27,https://disclosures-clerk.house.gov/public_disc/ptr-pdfs/2026/20034384.pdf
"Gottheimer, Hon. Josh",D,NJ05,,Microsoft Corporation - Common Stock (MSFT),OP,buy,"$50,001 - $100,000",2026-03-25,2026-04-08,14,https://disclosures-clerk.house.gov/public_disc/ptr-pdfs/2026/20034305.pdf
"Gottheimer, Hon. Josh",D,NJ05,,Microsoft Corporation - Common Stock (MSFT),OP,buy,"$500,001 - $1,000,000",2026-03-25,2026-04-08,14,https://disclosures-clerk.house.gov/public_disc/ptr-pdfs/2026/20034305.pdf
"Cisneros, Hon. Gilbert",D,CA31,ANET,"Arista Networks, Inc. Common Stock",ST,sell_partial,"$1,001 - $15,000",2026-03-25,2026-04-07,13,https://disclosures-clerk.house.gov/public_disc/ptr-pdfs/2026/20034285.pdf
"Cisneros, Hon. Gilbert",D,CA31,BRK.B,Berkshire Hathaway Inc. New Common Stock,ST,sell_partial,"$1,001 - $15,000",2026-03-25,2026-04-07,13,https://disclosures-clerk.house.gov/public_disc/ptr-pdfs/2026/20034285.pdf
"Cisneros, Hon. Gilbert",D,CA31,AVGO,Broadcom Inc. - Common Stock,ST,sell_partial,"$1,001 - $15,000",2026-03-25,2026-04-07,13,https://disclosures-clerk.house.gov/public_disc/ptr-pdfs/2026/20034285.pdf
"Cisneros, Hon. Gilbert",D,CA31,COHR,Coherent Corp.,ST,buy,"$1,001 - $15,000",2026-03-25,2026-04-07,13,https://disclosures-clerk.house.gov/public_disc/ptr-pdfs/2026/20034285.pdf
"Cisneros, Hon. Gilbert",D,CA31,GLW,Corning Incorporated Common Stock,ST,buy,"$1,001 - $15,000",2026-03-25,2026-04-07,13,https://disclosures-clerk.house.gov/public_disc/ptr-pdfs/2026/20034285.pdf
"Cisneros, Hon. Gilbert",D,CA31,,Illinois State General Obligation Bonds,GS,buy,"$100,001 - $250,000",2026-03-25,2026-04-07,13,https://disclosures-clerk.house.gov/public_disc/ptr-pdfs/2026/20034285.pdf
"Cisneros, Hon. Gilbert",D,CA31,MELI,"MercadoLibre, Inc. - Common Stock",ST,sell_partial,"$1,001 - $15,000",2026-03-25,2026-04-07,13,https://disclosures-clerk.house.gov/public_disc/ptr-pdfs/2026/20034285.pdf
"Cisneros, Hon. Gilbert",D,CA31,MU,"Micron Technology, Inc. - Common Stock",ST,buy,"$1,001 - $15,000",2026-03-25,2026-04-07,13,https://disclosures-clerk.house.gov/public_disc/ptr-pdfs/2026/20034285.pdf
"Cisneros, Hon. Gilbert",D,CA31,NVDA,NVIDIA Corporation - Common Stock,ST,sell_partial,"$1,001 - $15,000",2026-03-25,2026-04-07,13,https://disclosures-clerk.house.gov/public_disc/ptr-pdfs/2026/20034285.pdf
"Cisneros, Hon. Gilbert",D,CA31,TDG,Transdigm Group Incorporated Common Stock,ST,sell_partial,"$1,001 - $15,000",2026-03-25,2026-04-07,13,https://disclosures-clerk.house.gov/public_disc/ptr-pdfs/2026/20034285.pdf
"Allen, Hon. Richard W.",R,GA12,,US Treasury Note 3.5% DUE 1/31/30 (91282CGJ4),GS,buy,"$15,001 - $50,000",2026-03-24,2026-05-04,41,https://disclosures-clerk.house.gov/public_disc/ptr-pdfs/2026/20034315.pdf
"Peters, Hon. Scott H.",D,CA50,,U.S Treasury Bills,GS,sell_partial,"$100,001 - $250,000",2026-03-24,2026-04-29,36,https://disclosures-clerk.house.gov/public_disc/ptr-pdfs/2026/20034342.pdf
"Moore, Hon. Tim",R,NC14,NVDA,NVIDIA Corporation - Common Stock,ST,sell_full,"$15,001 - $50,000",2026-03-24,2026-04-28,35,https://disclosures-clerk.house.gov/public_disc/ptr-pdfs/2026/20034424.pdf
"Salazar, Hon. Maria Elvira",R,FL27,AMGN,Amgen Inc. - Common Stock,ST,buy,"$15,001 - $50,000",2026-03-24,2026-04-21,28,https://disclosures-clerk.house.gov/public_disc/ptr-pdfs/2026/20033993.pdf
"Salazar, Hon. Maria Elvira",R,FL27,GE,GE Aerospace Common Stock,ST,buy,"$1,001 - $15,000",2026-03-24,2026-04-21,28,https://disclosures-clerk.house.gov/public_disc/ptr-pdfs/2026/20033993.pdf
"Salazar, Hon. Maria Elvira",R,FL27,HON,Honeywell International Inc.,ST,buy,"$15,001 - $50,000",2026-03-24,2026-04-21,28,https://disclosures-clerk.house.gov/public_disc/ptr-pdfs/2026/20033993.pdf
"Evans, Hon. Dwight",D,PA03,MU,"Micron Technology, Inc. - Common Stock",ST,sell_full,"$15,001 - $50,000",2026-03-24,2026-04-20,27,https://disclosures-clerk.house.gov/public_disc/ptr-pdfs/2026/20034379.pdf
"Gottheimer, Hon. Josh",D,NJ05,CCI,Crown Castle Inc. Common Stock,ST,sell_partial,"$1,001 - $15,000",2026-03-24,2026-04-08,15,https://disclosures-clerk.house.gov/public_disc/ptr-pdfs/2026/20034305.pdf
"Gottheimer, Hon. Josh",D,NJ05,XNGSY,EEN ENERGY HLDGS UNSP/ADR,ST,sell_partial,"$1,001 - $15,000",2026-03-24,2026-04-08,15,https://disclosures-clerk.house.gov/public_disc/ptr-pdfs/2026/20034305.pdf
"Gottheimer, Hon. Josh",D,NJ05,FN,Fabrinet Ordinary Shares,ST,buy,"$1,001 - $15,000",2026-03-24,2026-04-08,15,https://disclosures-clerk.house.gov/public_disc/ptr-pdfs/2026/20034305.pdf
"Hern, Hon. Kevin",R,OK01,EXAS,Exact Sciences Corporation - Common Stock,ST,sell_full,"$1,001 - $15,000",2026-03-24,2026-04-03,10,https://disclosures-clerk.house.gov/public_disc/ptr-pdfs/2026/20034262.pdf
"Taylor, Hon. David J.",R,OH02,IBP,"Installed Building Products, Inc. Common Stock",ST,buy,"$1,001 - $15,000",2026-03-24,2026-04-02,9,https://disclosures-clerk.house.gov/public_disc/ptr-pdfs/2026/20034280.pdf
"Taylor, Hon. David J.",R,OH02,,Kroger Company (KR),ST,sell_full,"$1,001 - $15,000",2026-03-24,2026-04-02,9,https://disclosures-clerk.house.gov/public_disc/ptr-pdfs/2026/20034280.pdf
"Moskowitz, Hon. Jared",D,FL23,ACN,Accenture plc Class A Ordinary Shares,ST,sell_full,"$1,001 - $15,000",2026-03-23,2026-04-30,38,https://disclosures-clerk.house.gov/public_disc/ptr-pdfs/2026/20034274.pdf
"Moskowitz, Hon. Jared",D,FL23,ACN,Accenture plc Class A Ordinary Shares,ST,sell_full,"$1,001 - $15,000",2026-03-23,2026-04-30,38,https://disclosures-clerk.house.gov/public_disc/ptr-pdfs/2026/20034274.pdf
"Moskowitz, Hon. Jared",D,FL23,ACN,Accenture plc Class A Ordinary Shares,ST,sell_full,"$1,001 - $15,000",2026-03-23,2026-04-30,38,https://disclosures-clerk.house.gov/public_disc/ptr-pdfs/2026/20034274.pdf
"Moskowitz, Hon. Jared",D,FL23,ASML,ASML Holding N.V. - New York Registry Shares,ST,buy,"$1,001 - $15,000",2026-03-23,2026-04-30,38,https://disclosures-clerk.house.gov/public_disc/ptr-pdfs/2026/20034274.pdf
"Moskowitz, Hon. Jared",D,FL23,ASML,ASML Holding N.V. - New York Registry Shares,ST,buy,"$1,001 - $15,000",2026-03-23,2026-04-30,38,https://disclosures-clerk.house.gov/public_disc/ptr-pdfs/2026/20034274.pdf
"Moskowitz, Hon. Jared",D,FL23,ASML,ASML Holding N.V. - New York Registry Shares,ST,buy,"$1,001 - $15,000",2026-03-23,2026-04-30,38,https://disclosures-clerk.house.gov/public_disc/ptr-pdfs/2026/20034274.pdf
"Moskowitz, Hon. Jared",D,FL23,ADP,"Automatic Data Processing, Inc. - Common Stock",ST,sell_full,"$1,001 - $15,000",2026-03-23,2026-04-30,38,https://disclosures-clerk.house.gov/public_disc/ptr-pdfs/2026/20034274.pdf
"Moskowitz, Hon. Jared",D,FL23,ADP,"Automatic Data Processing, Inc. - Common Stock",ST,sell_full,"$1,001 - $15,000",2026-03-23,2026-04-30,38,https://disclosures-clerk.house.gov/public_disc/ptr-pdfs/2026/20034274.pdf
"Moskowitz, Hon. Jared",D,FL23,ADP,"Automatic Data Processing, Inc. - Common Stock",ST,sell_full,"$1,001 - $15,000",2026-03-23,2026-04-30,38,https://disclosures-clerk.house.gov/public_disc/ptr-pdfs/2026/20034274.pdf
"Moskowitz, Hon. Jared",D,FL23,BRO,"Brown & Brown, Inc. Common Stock",ST,sell_full,"$1,001 - $15,000",2026-03-23,2026-04-30,38,https://disclosures-clerk.house.gov/public_disc/ptr-pdfs/2026/20034274.pdf
"Moskowitz, Hon. Jared",D,FL23,BRO,"Brown & Brown, Inc. Common Stock",ST,sell_full,"$1,001 - $15,000",2026-03-23,2026-04-30,38,https://disclosures-clerk.house.gov/public_disc/ptr-pdfs/2026/20034274.pdf
"Moskowitz, Hon. Jared",D,FL23,BRO,"Brown & Brown, Inc. Common Stock",ST,sell_full,"$1,001 - $15,000",2026-03-23,2026-04-30,38,https://disclosures-clerk.house.gov/public_disc/ptr-pdfs/2026/20034274.pdf
"Moskowitz, Hon. Jared",D,FL23,COR,"Cencora, Inc. Common Stock",ST,buy,"$1,001 - $15,000",2026-03-23,2026-04-30,38,https://disclosures-clerk.house.gov/public_disc/ptr-pdfs/2026/20034274.pdf
"Moskowitz, Hon. Jared",D,FL23,COR,"Cencora, Inc. Common Stock",ST,buy,"$1,001 - $15,000",2026-03-23,2026-04-30,38,https://disclosures-clerk.house.gov/public_disc/ptr-pdfs/2026/20034274.pdf
"Moskowitz, Hon. Jared",D,FL23,GE,GE Aerospace Common Stock,ST,buy,"$1,001 - $15,000",2026-03-23,2026-04-30,38,https://disclosures-clerk.house.gov/public_disc/ptr-pdfs/2026/20034274.pdf
"Moskowitz, Hon. Jared",D,FL23,GE,GE Aerospace Common Stock,ST,buy,"$1,001 - $15,000",2026-03-23,2026-04-30,38,https://disclosures-clerk.house.gov/public_disc/ptr-pdfs/2026/20034274.pdf
"Moskowitz, Hon. Jared",D,FL23,GD,General Dynamics Corporation Common Stock,ST,buy,"$1,001 - $15,000",2026-03-23,2026-04-30,38,https://disclosures-clerk.house.gov/public_disc/ptr-pdfs/2026/20034274.pdf
"Moskowitz, Hon. Jared",D,FL23,GD,General Dynamics Corporation Common Stock,ST,buy,"$1,001 - $15,000",2026-03-23,2026-04-30,38,https://disclosures-clerk.house.gov/public_disc/ptr-pdfs/2026/20034274.pdf
"Moskowitz, Hon. Jared",D,FL23,MNST,Monster Beverage Corporation - Common Stock,ST,buy,"$1,001 - $15,000",2026-03-23,2026-04-30,38,https://disclosures-clerk.house.gov/public_disc/ptr-pdfs/2026/20034274.pdf
"Moskowitz, Hon. Jared",D,FL23,MNST,Monster Beverage Corporation - Common Stock,ST,buy,"$1,001 - $15,000",2026-03-23,2026-04-30,38,https://disclosures-clerk.house.gov/public_disc/ptr-pdfs/2026/20034274.pdf
"Moskowitz, Hon. Jared",D,FL23,MSI,"Motorola Solutions, Inc. Common Stock",ST,buy,"$1,001 - $15,000",2026-03-23,2026-04-30,38,https://disclosures-clerk.house.gov/public_disc/ptr-pdfs/2026/20034274.pdf
"Moskowitz, Hon. Jared",D,FL23,MSI,"Motorola Solutions, Inc. Common Stock",ST,buy,"$1,001 - $15,000",2026-03-23,2026-04-30,38,https://disclosures-clerk.house.gov/public_disc/ptr-pdfs/2026/20034274.pdf
"Moskowitz, Hon. Jared",D,FL23,ORCL,Oracle Corporation Common Stock,ST,sell_full,"$1,001 - $15,000",2026-03-23,2026-04-30,38,https://disclosures-clerk.house.gov/public_disc/ptr-pdfs/2026/20034274.pdf
"Moskowitz, Hon. Jared",D,FL23,ORCL,Oracle Corporation Common Stock,ST,sell_full,"$1,001 - $15,000",2026-03-23,2026-04-30,38,https://disclosures-clerk.house.gov/public_disc/ptr-pdfs/2026/20034274.pdf
"Moskowitz, Hon. Jared",D,FL23,ORCL,Oracle Corporation Common Stock,ST,sell_full,"$15,001 - $50,000",2026-03-23,2026-04-30,38,https://disclosures-clerk.house.gov/public_disc/ptr-pdfs/2026/20034274.pdf
"Moskowitz, Hon. Jared",D,FL23,PANW,"Palo Alto Networks, Inc.",ST,buy,"$1,001 - $15,000",2026-03-23,2026-04-30,38,https://disclosures-clerk.house.gov/public_disc/ptr-pdfs/2026/20034274.pdf
"Moskowitz, Hon. Jared",D,FL23,PANW,"Palo Alto Networks, Inc.",ST,buy,"$1,001 - $15,000",2026-03-23,2026-04-30,38,https://disclosures-clerk.house.gov/public_disc/ptr-pdfs/2026/20034274.pdf
"Moskowitz, Hon. Jared",D,FL23,PH,Parker-Hannifin Corporation Common Stock,ST,buy,"$1,001 - $15,000",2026-03-23,2026-04-30,38,https://disclosures-clerk.house.gov/public_disc/ptr-pdfs/2026/20034274.pdf
"Moskowitz, Hon. Jared",D,FL23,PH,Parker-Hannifin Corporation Common Stock,ST,buy,"$1,001 - $15,000",2026-03-23,2026-04-30,38,https://disclosures-clerk.house.gov/public_disc/ptr-pdfs/2026/20034274.pdf
"Moskowitz, Hon. Jared",D,FL23,CI,The Cigna Group Common Stock,ST,sell_full,"$1,001 - $15,000",2026-03-23,2026-04-30,38,https://disclosures-clerk.house.gov/public_disc/ptr-pdfs/2026/20034274.pdf
"Moskowitz, Hon. Jared",D,FL23,CI,The Cigna Group Common Stock,ST,sell_full,"$1,001 - $15,000",2026-03-23,2026-04-30,38,https://disclosures-clerk.house.gov/public_disc/ptr-pdfs/2026/20034274.pdf
"Moskowitz, Hon. Jared",D,FL23,TJX,"TJX Companies, Inc.",ST,buy,"$1,001 - $15,000",2026-03-23,2026-04-30,38,https://disclosures-clerk.house.gov/public_disc/ptr-pdfs/2026/20034274.pdf
"Moskowitz, Hon. Jared",D,FL23,TSCO,Tractor Supply Company - Common Stock,ST,sell_full,"$1,001 - $15,000",2026-03-23,2026-04-30,38,https://disclosures-clerk.house.gov/public_disc/ptr-pdfs/2026/20034274.pdf
"Moskowitz, Hon. Jared",D,FL23,TSCO,Tractor Supply Company - Common Stock,ST,sell_full,"$1,001 - $15,000",2026-03-23,2026-04-30,38,https://disclosures-clerk.house.gov/public_disc/ptr-pdfs/2026/20034274.pdf
"Moskowitz, Hon. Jared",D,FL23,TSCO,Tractor Supply Company - Common Stock,ST,sell_full,"$15,001 - $50,000",2026-03-23,2026-04-30,38,https://disclosures-clerk.house.gov/public_disc/ptr-pdfs/2026/20034274.pdf
"Davidson, Hon. Warren",R,OH08,GEHC,GE HealthCare Technologies Inc. - Common Stock,ST,sell_full,"$1,001 - $15,000",2026-03-23,2026-03-25,2,https://disclosures-clerk.house.gov/public_disc/ptr-pdfs/2026/20034223.pdf
"Moore, Hon. Tim",R,NC14,CBRL,"Cracker Barrel Old Country Store, Inc. - Common Stock",ST,buy,"$15,001 - $50,000",2026-03-23,2026-03-24,1,https://disclosures-clerk.house.gov/public_disc/ptr-pdfs/2026/20034217.pdf
"Donalds, Hon. Byron",R,FL19,NFLX,"Netflix, Inc. - Common Stock",ST,buy,"$1,001 - $15,000",2026-03-20,2026-04-08,19,https://disclosures-clerk.house.gov/public_disc/ptr-pdfs/2026/20034297.pdf
"Donalds, Hon. Byron",R,FL19,NFLX,"Netflix, Inc. - Common Stock",ST,buy,"$1,001 - $15,000",2026-03-20,2026-04-08,19,https://disclosures-clerk.house.gov/public_disc/ptr-pdfs/2026/20034297.pdf
"Donalds, Hon. Byron",R,FL19,TTD,"The Trade Desk, Inc. - Class A Common Stock",ST,sell_full,"$1,001 - $15,000",2026-03-20,2026-04-08,19,https://disclosures-clerk.house.gov/public_disc/ptr-pdfs/2026/20034297.pdf
"Donalds, Hon. Byron",R,FL19,TTD,"The Trade Desk, Inc. - Class A Common Stock",ST,sell_full,"$1,001 - $15,000",2026-03-20,2026-04-08,19,https://disclosures-clerk.house.gov/public_disc/ptr-pdfs/2026/20034297.pdf
"Jackson, Hon. Jonathan",D,IL01,BP,BP p.l.c. Common Stock,ST,buy,"$1,001 - $15,000",2026-03-20,2026-04-08,19,https://disclosures-clerk.house.gov/public_disc/ptr-pdfs/2026/20034301.pdf
"Cisneros, Hon. Gilbert",D,CA31,ADM,Archer-Daniels-Midland Company Common Stock,ST,sell_full,"$50,001 - $100,000",2026-03-20,2026-04-07,18,https://disclosures-clerk.house.gov/public_disc/ptr-pdfs/2026/20034285.pdf
"Cisneros, Hon. Gilbert",D,CA31,MIAX,"Miami International Holdings, Inc. Common Stock",ST,buy,"$15,001 - $50,000",2026-03-20,2026-04-07,18,https://disclosures-clerk.house.gov/public_disc/ptr-pdfs/2026/20034285.pdf
"Delaney, Hon. April McClain",,MD06,PKG,Packaging Corporation of America Common Stock,ST,buy,"$1,001 - $15,000",2026-03-20,2026-04-06,17,https://disclosures-clerk.house.gov/public_disc/ptr-pdfs/2026/20034299.pdf
"Hern, Hon. Kevin",R,OK01,MDT,Medtronic plc. Ordinary Shares,ST,sell_full,"$15,001 - $50,000",2026-03-20,2026-04-03,14,https://disclosures-clerk.house.gov/public_disc/ptr-pdfs/2026/20034262.pdf
"Hern, Hon. Kevin",R,OK01,PLD,"Prologis, Inc. Common Stock",ST,sell_full,"$50,001 - $100,000",2026-03-20,2026-04-03,14,https://disclosures-clerk.house.gov/public_disc/ptr-pdfs/2026/20034262.pdf
"Hern, Hon. Kevin",R,OK01,TROW,"T. Rowe Price Group, Inc. - Common Stock",ST,sell_full,"$15,001 - $50,000",2026-03-20,2026-04-03,14,https://disclosures-clerk.house.gov/public_disc/ptr-pdfs/2026/20034262.pdf
"Moore, Hon. Tim",R,NC14,LGIH,"LGI Homes, Inc. - Common Stock",ST,buy,"$15,001 - $50,000",2026-03-20,2026-03-24,4,https://disclosures-clerk.house.gov/public_disc/ptr-pdfs/2026/20034217.pdf
"Salazar, Hon. Maria Elvira",R,FL27,,Boeing Company (BA),ST,buy,"$15,001 - $50,000",2026-03-19,2026-04-21,33,https://disclosures-clerk.house.gov/public_disc/ptr-pdfs/2026/20033993.pdf
"Salazar, Hon. Maria Elvira",R,FL27,,Boeing Company (BA),ST,buy,"$1,001 - $15,000",2026-03-19,2026-04-21,33,https://disclosures-clerk.house.gov/public_disc/ptr-pdfs/2026/20033993.pdf
"Salazar, Hon. Maria Elvira",R,FL27,CSCO,"Cisco Systems, Inc. - Common Stock",ST,buy,"$1,001 - $15,000",2026-03-19,2026-04-21,33,https://disclosures-clerk.house.gov/public_disc/ptr-pdfs/2026/20033993.pdf
"Salazar, Hon. Maria Elvira",R,FL27,CSCO,"Cisco Systems, Inc. - Common Stock",ST,buy,"$15,001 - $50,000",2026-03-19,2026-04-21,33,https://disclosures-clerk.house.gov/public_disc/ptr-pdfs/2026/20033993.pdf
"Salazar, Hon. Maria Elvira",R,FL27,C,"Citigroup, Inc. Common Stock",ST,buy,"$15,001 - $50,000",2026-03-19,2026-04-21,33,https://disclosures-clerk.house.gov/public_disc/ptr-pdfs/2026/20033993.pdf
"Salazar, Hon. Maria Elvira",R,FL27,C,"Citigroup, Inc. Common Stock",ST,buy,"$1,001 - $15,000",2026-03-19,2026-04-21,33,https://disclosures-clerk.house.gov/public_disc/ptr-pdfs/2026/20033993.pdf
"Salazar, Hon. Maria Elvira",R,FL27,GLW,Corning Incorporated Common Stock,ST,buy,"$15,001 - $50,000",2026-03-19,2026-04-21,33,https://disclosures-clerk.house.gov/public_disc/ptr-pdfs/2026/20033993.pdf
"Salazar, Hon. Maria Elvira",R,FL27,GLW,Corning Incorporated Common Stock,ST,buy,"$15,001 - $50,000",2026-03-19,2026-04-21,33,https://disclosures-clerk.house.gov/public_disc/ptr-pdfs/2026/20033993.pdf
"Salazar, Hon. Maria Elvira",R,FL27,FDX,FedEx Corporation Common Stock,ST,buy,"$15,001 - $50,000",2026-03-19,2026-04-21,33,https://disclosures-clerk.house.gov/public_disc/ptr-pdfs/2026/20033993.pdf
"Salazar, Hon. Maria Elvira",R,FL27,GS,"Goldman Sachs Group, Inc.",ST,buy,"$15,001 - $50,000",2026-03-19,2026-04-21,33,https://disclosures-clerk.house.gov/public_disc/ptr-pdfs/2026/20033993.pdf
"Salazar, Hon. Maria Elvira",R,FL27,GS,"Goldman Sachs Group, Inc.",ST,buy,"$15,001 - $50,000",2026-03-19,2026-04-21,33,https://disclosures-clerk.house.gov/public_disc/ptr-pdfs/2026/20033993.pdf
"Salazar, Hon. Maria Elvira",R,FL27,NVR,"NVR, Inc. Common Stock",ST,buy,"$1,001 - $15,000",2026-03-19,2026-04-21,33,https://disclosures-clerk.house.gov/public_disc/ptr-pdfs/2026/20033993.pdf
"Salazar, Hon. Maria Elvira",R,FL27,PTON,"Peloton Interactive, Inc. - Common Stock",ST,buy,"$1,001 - $15,000",2026-03-19,2026-04-21,33,https://disclosures-clerk.house.gov/public_disc/ptr-pdfs/2026/20033993.pdf
"Salazar, Hon. Maria Elvira",R,FL27,PTON,"Peloton Interactive, Inc. - Common Stock",ST,buy,"$1,001 - $15,000",2026-03-19,2026-04-21,33,https://disclosures-clerk.house.gov/public_disc/ptr-pdfs/2026/20033993.pdf
"Salazar, Hon. Maria Elvira",R,FL27,RH,RH Common Stock,ST,buy,"$15,001 - $50,000",2026-03-19,2026-04-21,33,https://disclosures-clerk.house.gov/public_disc/ptr-pdfs/2026/20033993.pdf
"Salazar, Hon. Maria Elvira",R,FL27,RH,RH Common Stock,ST,buy,"$15,001 - $50,000",2026-03-19,2026-04-21,33,https://disclosures-clerk.house.gov/public_disc/ptr-pdfs/2026/20033993.pdf
"Salazar, Hon. Maria Elvira",R,FL27,ULTA,"Ulta Beauty, Inc. - Common Stock",ST,buy,"$15,001 - $50,000",2026-03-19,2026-04-21,33,https://disclosures-clerk.house.gov/public_disc/ptr-pdfs/2026/20033993.pdf
"Salazar, Hon. Maria Elvira",R,FL27,VG,"Venture Global, Inc. Class A common stock",ST,buy,"$1,001 - $15,000",2026-03-19,2026-04-21,33,https://disclosures-clerk.house.gov/public_disc/ptr-pdfs/2026/20033993.pdf
"Salazar, Hon. Maria Elvira",R,FL27,WHR,Whirlpool Corporation Common Stock,ST,buy,"$15,001 - $50,000",2026-03-19,2026-04-21,33,https://disclosures-clerk.house.gov/public_disc/ptr-pdfs/2026/20033993.pdf
"Jackson, Hon. Jonathan",D,IL01,BP,BP p.l.c. Common Stock,ST,buy,"$15,001 - $50,000",2026-03-19,2026-04-08,20,https://disclosures-clerk.house.gov/public_disc/ptr-pdfs/2026/20034301.pdf
"Jackson, Hon. Jonathan",D,IL01,ORLY,"O'Reilly Automotive, Inc. - Common Stock",ST,sell_full,"$15,001 - $50,000",2026-03-19,2026-04-08,20,https://disclosures-clerk.house.gov/public_disc/ptr-pdfs/2026/20034301.pdf
"Cisneros, Hon. Gilbert",D,CA31,BBIO,"BridgeBio Pharma, Inc. - Common Stock",ST,buy,"$1,001 - $15,000",2026-03-19,2026-04-07,19,https://disclosures-clerk.house.gov/public_disc/ptr-pdfs/2026/20034285.pdf
"McCormick, Hon. Richard Dean Dr",,GA06,ABT,Abbott Laboratories Common Stock,ST,buy,"$1,001 - $15,000",2026-03-19,2026-04-07,19,https://disclosures-clerk.house.gov/public_disc/ptr-pdfs/2026/20033648.pdf
"McCormick, Hon. Richard Dean Dr",,GA06,ADI,"Analog Devices, Inc. - Common Stock",ST,sell_partial,"$1,001 - $15,000",2026-03-19,2026-04-07,19,https://disclosures-clerk.house.gov/public_disc/ptr-pdfs/2026/20033648.pdf
"McCormick, Hon. Richard Dean Dr",,GA06,ADI,"Analog Devices, Inc. - Common Stock",ST,sell_partial,"$1,001 - $15,000",2026-03-19,2026-04-07,19,https://disclosures-clerk.house.gov/public_disc/ptr-pdfs/2026/20033648.pdf
"McCormick, Hon. Richard Dean Dr",,GA06,ADP,"Automatic Data Processing, Inc. - Common Stock",ST,sell_partial,"$1,001 - $15,000",2026-03-19,2026-04-07,19,https://disclosures-clerk.house.gov/public_disc/ptr-pdfs/2026/20033648.pdf
"McCormick, Hon. Richard Dean Dr",,GA06,ADP,"Automatic Data Processing, Inc. - Common Stock",ST,buy,"$1,001 - $15,000",2026-03-19,2026-04-07,19,https://disclosures-clerk.house.gov/public_disc/ptr-pdfs/2026/20033648.pdf
"McCormick, Hon. Richard Dean Dr",,GA06,BLK,"BlackRock, Inc. Common Stock",ST,buy,"$1,001 - $15,000",2026-03-19,2026-04-07,19,https://disclosures-clerk.house.gov/public_disc/ptr-pdfs/2026/20033648.pdf
"McCormick, Hon. Richard Dean Dr",,GA06,HD,"Home Depot, Inc.",ST,buy,"$1,001 - $15,000",2026-03-19,2026-04-07,19,https://disclosures-clerk.house.gov/public_disc/ptr-pdfs/2026/20033648.pdf
"McCormick, Hon. Richard Dean Dr",,GA06,HD,"Home Depot, Inc.",ST,buy,"$1,001 - $15,000",2026-03-19,2026-04-07,19,https://disclosures-clerk.house.gov/public_disc/ptr-pdfs/2026/20033648.pdf
"McCormick, Hon. Richard Dean Dr",,GA06,JNJ,Johnson & Johnson Common Stock,ST,sell_partial,"$1,001 - $15,000",2026-03-19,2026-04-07,19,https://disclosures-clerk.house.gov/public_disc/ptr-pdfs/2026/20033648.pdf
"McCormick, Hon. Richard Dean Dr",,GA06,JNJ,Johnson & Johnson Common Stock,ST,sell_partial,"$1,001 - $15,000",2026-03-19,2026-04-07,19,https://disclosures-clerk.house.gov/public_disc/ptr-pdfs/2026/20033648.pdf
"McCormick, Hon. Richard Dean Dr",,GA06,LHX,"L3Harris Technologies, Inc. Common Stock",ST,sell_partial,"$1,001 - $15,000",2026-03-19,2026-04-07,19,https://disclosures-clerk.house.gov/public_disc/ptr-pdfs/2026/20033648.pdf
"McCormick, Hon. Richard Dean Dr",,GA06,LHX,"L3Harris Technologies, Inc. Common Stock",ST,sell_partial,"$1,001 - $15,000",2026-03-19,2026-04-07,19,https://disclosures-clerk.house.gov/public_disc/ptr-pdfs/2026/20033648.pdf
"McCormick, Hon. Richard Dean Dr",,GA06,MSFT,Microsoft Corporation - Common Stock,ST,buy,"$1,001 - $15,000",2026-03-19,2026-04-07,19,https://disclosures-clerk.house.gov/public_disc/ptr-pdfs/2026/20033648.pdf
"McCormick, Hon. Richard Dean Dr",,GA06,MSFT,Microsoft Corporation - Common Stock,ST,buy,"$1,001 - $15,000",2026-03-19,2026-04-07,19,https://disclosures-clerk.house.gov/public_disc/ptr-pdfs/2026/20033648.pdf
"McCormick, Hon. Richard Dean Dr",,GA06,NEE,"NextEra Energy, Inc. Common Stock",ST,sell_partial,"$1,001 - $15,000",2026-03-19,2026-04-07,19,https://disclosures-clerk.house.gov/public_disc/ptr-pdfs/2026/20033648.pdf
"McCormick, Hon. Richard Dean Dr",,GA06,UNH,UnitedHealth Group Incorporated Common Stock,ST,buy,"$1,001 - $15,000",2026-03-19,2026-04-07,19,https://disclosures-clerk.house.gov/public_disc/ptr-pdfs/2026/20033648.pdf
"McCormick, Hon. Richard Dean Dr",,GA06,MGK,Vanguard Mega Cap Growth ETF,OT,buy,"$1,001 - $15,000",2026-03-19,2026-04-07,19,https://disclosures-clerk.house.gov/public_disc/ptr-pdfs/2026/20033648.pdf
"McCormick, Hon. Richard Dean Dr",,GA06,MGK,Vanguard Mega Cap Growth ETF,OT,buy,"$1,001 - $15,000",2026-03-19,2026-04-07,19,https://disclosures-clerk.house.gov/public_disc/ptr-pdfs/2026/20033648.pdf
"Moore, Hon. Tim",R,NC14,LGIH,"LGI Homes, Inc. - Common Stock",ST,buy,"$50,001 - $100,000",2026-03-19,2026-03-24,5,https://disclosures-clerk.house.gov/public_disc/ptr-pdfs/2026/20034217.pdf
"Steube, Hon. Greg",R,FL17,IONQ,"IonQ, Inc. Common Stock",ST,buy,"$1,001 - $15,000",2026-03-18,2026-04-14,27,https://disclosures-clerk.house.gov/public_disc/ptr-pdfs/2026/20034345.pdf
"Cisneros, Hon. Gilbert",D,CA31,APP,Applovin Corporation - Class A Common Stock,ST,sell_partial,"$15,001 - $50,000",2026-03-18,2026-04-07,20,https://disclosures-clerk.house.gov/public_disc/ptr-pdfs/2026/20034285.pdf
"Cisneros, Hon. Gilbert",D,CA31,BBIO,"BridgeBio Pharma, Inc. - Common Stock",ST,buy,"$1,001 - $15,000",2026-03-18,2026-04-07,20,https://disclosures-clerk.house.gov/public_disc/ptr-pdfs/2026/20034285.pdf
"Cisneros, Hon. Gilbert",D,CA31,DASH,"DoorDash, Inc. - Common Stock",ST,buy,"$1,001 - $15,000",2026-03-18,2026-04-07,20,https://disclosures-clerk.house.gov/public_disc/ptr-pdfs/2026/20034285.pdf
"Cisneros, Hon. Gilbert",D,CA31,DASH,"DoorDash, Inc. - Common Stock",ST,sell_partial,"$1,001 - $15,000",2026-03-18,2026-04-07,20,https://disclosures-clerk.house.gov/public_disc/ptr-pdfs/2026/20034285.pdf
"Cisneros, Hon. Gilbert",D,CA31,FSV,FirstService Corporation - Common Shares,ST,buy,"$1,001 - $15,000",2026-03-18,2026-04-07,20,https://disclosures-clerk.house.gov/public_disc/ptr-pdfs/2026/20034285.pdf
"Cisneros, Hon. Gilbert",D,CA31,TEL,TE Connectivity plc Ordinary Shares,ST,buy,"$1,001 - $15,000",2026-03-18,2026-04-07,20,https://disclosures-clerk.house.gov/public_disc/ptr-pdfs/2026/20034285.pdf
"Cisneros, Hon. Gilbert",D,CA31,WRB,W.R. Berkley Corporation Common Stock,ST,sell_partial,"$1,001 - $15,000",2026-03-18,2026-04-07,20,https://disclosures-clerk.house.gov/public_disc/ptr-pdfs/2026/20034285.pdf
"Cisneros, Hon. Gilbert",D,CA31,WAT,Waters Corporation Common Stock,ST,buy,"$1,001 - $15,000",2026-03-18,2026-04-07,20,https://disclosures-clerk.house.gov/public_disc/ptr-pdfs/2026/20034285.pdf
"Kelly, Hon. Mike",R,PA16,,Rev Call 7/1/26 @100 .05% due 7/1/29,GS,sell_full,"$100,001 - $250,000",2026-03-18,2026-04-07,20,https://disclosures-clerk.house.gov/public_disc/ptr-pdfs/2026/20034302.pdf
"Delaney, Hon. April McClain",,MD06,NDAQ,"Nasdaq, Inc. - Common Stock",ST,buy,"$1,001 - $15,000",2026-03-18,2026-04-06,19,https://disclosures-clerk.house.gov/public_disc/ptr-pdfs/2026/20034299.pdf
"Hern, Hon. Kevin",R,OK01,SMA,"SmartStop Self Storage REIT, Inc. Common Stock",ST,sell_full,"$500,001 - $1,000,000",2026-03-18,2026-04-03,16,https://disclosures-clerk.house.gov/public_disc/ptr-pdfs/2026/20034262.pdf
"Hern, Hon. Kevin",R,OK01,TXN,Texas Instruments Incorporated - Common Stock,ST,sell_full,"$500,001 - $1,000,000",2026-03-18,2026-04-03,16,https://disclosures-clerk.house.gov/public_disc/ptr-pdfs/2026/20034262.pdf
"Moore, Hon. Tim",R,NC14,LGIH,"LGI Homes, Inc. - Common Stock",ST,buy,"$15,001 - $50,000",2026-03-18,2026-03-24,6,https://disclosures-clerk.house.gov/public_disc/ptr-pdfs/2026/20034217.pdf
"Delaney, Hon. April McClain",,MD06,PKG,Packaging Corporation of America Common Stock,ST,buy,"$1,001 - $15,000",2026-03-17,2026-04-06,20,https://disclosures-clerk.house.gov/public_disc/ptr-pdfs/2026/20034299.pdf
"Hern, Hon. Kevin",R,OK01,BDX,"Becton, Dickinson and Company Common Stock",ST,sell_full,"$15,001 - $50,000",2026-03-17,2026-04-03,17,https://disclosures-clerk.house.gov/public_disc/ptr-pdfs/2026/20034262.pdf
"Hern, Hon. Kevin",R,OK01,MUA,"Blackrock MuniAssets Fund, Inc Common Stock",ST,sell_full,"$50,001 - $100,000",2026-03-17,2026-04-03,17,https://disclosures-clerk.house.gov/public_disc/ptr-pdfs/2026/20034262.pdf
"Hern, Hon. Kevin",R,OK01,CTSH,Cognizant Technology Solutions Corporation - Class A Common Stock,ST,sell_full,"$15,001 - $50,000",2026-03-17,2026-04-03,17,https://disclosures-clerk.house.gov/public_disc/ptr-pdfs/2026/20034262.pdf
"Hern, Hon. Kevin",R,OK01,CMCSA,Comcast Corporation - Class A Common Stock,ST,sell_full,"$15,001 - $50,000",2026-03-17,2026-04-03,17,https://disclosures-clerk.house.gov/public_disc/ptr-pdfs/2026/20034262.pdf
"Hern, Hon. Kevin",R,OK01,IVZ,Invesco Ltd Common Stock,ST,sell_full,"$15,001 - $50,000",2026-03-17,2026-04-03,17,https://disclosures-clerk.house.gov/public_disc/ptr-pdfs/2026/20034262.pdf
"Hern, Hon. Kevin",R,OK01,KVUE,Kenvue Inc. Common Stock,ST,sell_full,"$15,001 - $50,000",2026-03-17,2026-04-03,17,https://disclosures-clerk.house.gov/public_disc/ptr-pdfs/2026/20034262.pdf
"Moore, Hon. Tim",R,NC14,DNUT,"Krispy Kreme, Inc. - Common Stock",ST,sell_full,"$15,001 - $50,000",2026-03-17,2026-03-24,7,https://disclosures-clerk.house.gov/public_disc/ptr-pdfs/2026/20034217.pdf
"Cohen, Hon. Steve",D,TN09,,DAVIDSON CNTY TENN HEALTH & ED L FACS BRD 3.750% 03/15/28 B,GS,sell_full,"$1,001 - $15,000",2026-03-16,2026-04-28,43,https://disclosures-clerk.house.gov/public_disc/ptr-pdfs/2026/20034368.pdf
"Cisneros, Hon. Gilbert",D,CA31,AMZN,"Amazon.com, Inc. - Common Stock",ST,sell_partial,"$1,001 - $15,000",2026-03-16,2026-04-07,22,https://disclosures-clerk.house.gov/public_disc/ptr-pdfs/2026/20034285.pdf
"Cisneros, Hon. Gilbert",D,CA31,AMZN,"Amazon.com, Inc. - Common Stock",ST,buy,"$1,001 - $15,000",2026-03-16,2026-04-07,22,https://disclosures-clerk.house.gov/public_disc/ptr-pdfs/2026/20034285.pdf
"Cisneros, Hon. Gilbert",D,CA31,BRK.B,Berkshire Hathaway Inc. New Common Stock,ST,sell_partial,"$1,001 - $15,000",2026-03-16,2026-04-07,22,https://disclosures-clerk.house.gov/public_disc/ptr-pdfs/2026/20034285.pdf
"Cisneros, Hon. Gilbert",D,CA31,CDRE,"Cadre Holdings, Inc. Common Stock",ST,buy,"$1,001 - $15,000",2026-03-16,2026-04-07,22,https://disclosures-clerk.house.gov/public_disc/ptr-pdfs/2026/20034285.pdf
"Cisneros, Hon. Gilbert",D,CA31,MELI,"MercadoLibre, Inc. - Common Stock",ST,buy,"$1,001 - $15,000",2026-03-16,2026-04-07,22,https://disclosures-clerk.house.gov/public_disc/ptr-pdfs/2026/20034285.pdf
"Cisneros, Hon. Gilbert",D,CA31,PLTR,Palantir Technologies Inc. Class A Common Stock,ST,buy,"$1,001 - $15,000",2026-03-16,2026-04-07,22,https://disclosures-clerk.house.gov/public_disc/ptr-pdfs/2026/20034285.pdf
"Cisneros, Hon. Gilbert",D,CA31,PLTR,Palantir Technologies Inc. Class A Common Stock,ST,sell_partial,"$1,001 - $15,000",2026-03-16,2026-04-07,22,https://disclosures-clerk.house.gov/public_disc/ptr-pdfs/2026/20034285.pdf
"Cisneros, Hon. Gilbert",D,CA31,TDG,Transdigm Group Incorporated Common Stock,ST,buy,"$1,001 - $15,000",2026-03-16,2026-04-07,22,https://disclosures-clerk.house.gov/public_disc/ptr-pdfs/2026/20034285.pdf
"Fields, Cleo",D,LA06,GOOG,Alphabet Inc. - Class C Capital Stock,ST,buy,"$1,001 - $15,000",2026-03-16,2026-04-07,22,https://disclosures-clerk.house.gov/public_disc/ptr-pdfs/2026/20034295.pdf
"Delaney, Hon. April McClain",,MD06,SGI,Somnigroup International Inc. Common Stock,ST,buy,"$1,001 - $15,000",2026-03-16,2026-04-06,21,https://disclosures-clerk.house.gov/public_disc/ptr-pdfs/2026/20034299.pdf
"Delaney, Hon. April McClain",,MD06,STE,STERIS plc,ST,buy,"$1,001 - $15,000",2026-03-16,2026-04-06,21,https://disclosures-clerk.house.gov/public_disc/ptr-pdfs/2026/20034299.pdf
"Delaney, Hon. April McClain",,MD06,TSCO,Tractor Supply Company - Common Stock,ST,buy,"$1,001 - $15,000",2026-03-16,2026-04-06,21,https://disclosures-clerk.house.gov/public_disc/ptr-pdfs/2026/20034299.pdf
"Hern, Hon. Kevin",R,OK01,ACN,Accenture plc Class A Ordinary Shares,ST,sell_full,"$250,001 - $500,000",2026-03-16,2026-04-03,18,https://disclosures-clerk.house.gov/public_disc/ptr-pdfs/2026/20034262.pdf
"Hern, Hon. Kevin",R,OK01,IQV,"IQVIA Holdings, Inc. Common Stock",ST,sell_full,"$50,001 - $100,000",2026-03-16,2026-04-03,18,https://disclosures-clerk.house.gov/public_disc/ptr-pdfs/2026/20034262.pdf
"Hern, Hon. Kevin",R,OK01,PRGS,Progress Software Corporation - Common Stock,ST,sell_full,"$50,001 - $100,000",2026-03-16,2026-04-03,18,https://disclosures-clerk.house.gov/public_disc/ptr-pdfs/2026/20034262.pdf
"Alford, Hon. Mark",R,MO04,AMZN,"Amazon.com, Inc. - Common Stock",ST,sell_partial,"$1,001 - $15,000",2026-03-16,2026-03-31,15,https://disclosures-clerk.house.gov/public_disc/ptr-pdfs/2026/20034201.pdf
"Alford, Hon. Mark",R,MO04,AAPL,QQQ – 4.105 shares sold @ $601.68/share PYPL – 9.021 shares sold @ $47.735/share Apple Inc. - Common Stock,ST,sell_partial,"$1,001 - $15,000",2026-03-16,2026-03-31,15,https://disclosures-clerk.house.gov/public_disc/ptr-pdfs/2026/20034201.pdf
"Alford, Hon. Mark",R,MO04,T,QQQ – 4.105 shares sold @ $601.68/share PYPL – 9.021 shares sold @ $47.735/share AT&T Inc.,ST,sell_partial,"$1,001 - $15,000",2026-03-16,2026-03-31,15,https://disclosures-clerk.house.gov/public_disc/ptr-pdfs/2026/20034201.pdf
"Alford, Hon. Mark",R,MO04,BRK.B,Berkshire Hathaway Inc. New Common Stock,ST,sell_partial,"$1,001 - $15,000",2026-03-16,2026-03-31,15,https://disclosures-clerk.house.gov/public_disc/ptr-pdfs/2026/20034201.pdf
"Alford, Hon. Mark",R,MO04,,Indust Avg ETF Trust NYSEARCA: DIA,OT,sell_partial,"$1,001 - $15,000",2026-03-16,2026-03-31,15,https://disclosures-clerk.house.gov/public_disc/ptr-pdfs/2026/20034201.pdf
"Alford, Hon. Mark",R,MO04,,QQQ – 4.105 shares sold @ $601.68/share PYPL – 9.021 shares sold @ $47.735/share Invesco QQQ,OT,sell_partial,"$1,001 - $15,000",2026-03-16,2026-03-31,15,https://disclosures-clerk.house.gov/public_disc/ptr-pdfs/2026/20034201.pdf
"Alford, Hon. Mark",R,MO04,PYPL,"PayPal Holdings, Inc. - Common Stock",ST,sell_partial,"$1,001 - $15,000",2026-03-16,2026-03-31,15,https://disclosures-clerk.house.gov/public_disc/ptr-pdfs/2026/20034201.pdf
"Alford, Hon. Mark",R,MO04,SPYB,QQQ – 4.105 shares sold @ $601.68/share PYPL – 9.021 shares sold @ $47.735/share SPDR S&P 500 Buyback ETF,ST,sell_partial,"$1,001 - $15,000",2026-03-16,2026-03-31,15,https://disclosures-clerk.house.gov/public_disc/ptr-pdfs/2026/20034201.pdf
"Alford, Hon. Mark",R,MO04,SPYB,QQQ – 4.105 shares sold @ $601.68/share PYPL – 9.021 shares sold @ $47.735/share SPDR S&P 500 Buyback ETF,ST,sell_partial,"$1,001 - $15,000",2026-03-16,2026-03-31,15,https://disclosures-clerk.house.gov/public_disc/ptr-pdfs/2026/20034201.pdf
"Morrison, Hon. Kelly Louise",D,MN03,,Andersen Corporation,OI,sell_partial,"$100,001 - $250,000",2026-03-15,2026-04-02,18,https://disclosures-clerk.house.gov/public_disc/ptr-pdfs/2026/20034213.pdf
"Morrison, Hon. Kelly Louise",D,MN03,,StarCloud,OI,buy,"$15,001 - $50,000",2026-03-15,2026-04-02,18,https://disclosures-clerk.house.gov/public_disc/ptr-pdfs/2026/20034213.pdf
"Pfluger, Hon. August Lee, II",R,TX11,UHALB,Amerco - Series N Non-Voting,ST,buy,"$15,001 - $50,000",2026-03-13,2026-04-15,33,https://disclosures-clerk.house.gov/public_disc/ptr-pdfs/2026/20034348.pdf
"Pfluger, Hon. August Lee, II",R,TX11,BRK.B,Berkshire Hathaway Inc. New Common Stock,ST,buy,"$15,001 - $50,000",2026-03-13,2026-04-15,33,https://disclosures-clerk.house.gov/public_disc/ptr-pdfs/2026/20034348.pdf
"Pfluger, Hon. August Lee, II",R,TX11,,Units Representing Limited Partnership Interests (DMLP),ST,buy,"$15,001 - $50,000",2026-03-13,2026-04-15,33,https://disclosures-clerk.house.gov/public_disc/ptr-pdfs/2026/20034348.pdf
"Pfluger, Hon. August Lee, II",R,TX11,EPD,Enterprise Products Partners L.P. Common Stock,ST,buy,"$15,001 - $50,000",2026-03-13,2026-04-15,33,https://disclosures-clerk.house.gov/public_disc/ptr-pdfs/2026/20034348.pdf
"Pfluger, Hon. August Lee, II",R,TX11,,Units Representing Limited Partner Interests (KRP),ST,buy,"$15,001 - $50,000",2026-03-13,2026-04-15,33,https://disclosures-clerk.house.gov/public_disc/ptr-pdfs/2026/20034348.pdf
"Pfluger, Hon. August Lee, II",R,TX11,VNOM,"Viper Energy, Inc. - Class A Common Stock",ST,buy,"$15,001 - $50,000",2026-03-13,2026-04-15,33,https://disclosures-clerk.house.gov/public_disc/ptr-pdfs/2026/20034348.pdf
"Donalds, Hon. Byron",R,FL19,PYPL,"PayPal Holdings, Inc. - Common Stock",ST,buy,"$1,001 - $15,000",2026-03-13,2026-04-08,26,https://disclosures-clerk.house.gov/public_disc/ptr-pdfs/2026/20034297.pdf
"Donalds, Hon. Byron",R,FL19,PYPL,"PayPal Holdings, Inc. - Common Stock",ST,buy,"$1,001 - $15,000",2026-03-13,2026-04-08,26,https://disclosures-clerk.house.gov/public_disc/ptr-pdfs/2026/20034297.pdf
"Cisneros, Hon. Gilbert",D,CA31,ACN,Accenture plc Class A Ordinary Shares,ST,buy,"$1,001 - $15,000",2026-03-13,2026-04-07,25,https://disclosures-clerk.house.gov/public_disc/ptr-pdfs/2026/20034285.pdf
"Cisneros, Hon. Gilbert",D,CA31,AMD,"Advanced Micro Devices, Inc.",ST,sell_partial,"$1,001 - $15,000",2026-03-13,2026-04-07,25,https://disclosures-clerk.house.gov/public_disc/ptr-pdfs/2026/20034285.pdf
"Cisneros, Hon. Gilbert",D,CA31,AMZN,"Amazon.com, Inc. - Common Stock",ST,sell_partial,"$1,001 - $15,000",2026-03-13,2026-04-07,25,https://disclosures-clerk.house.gov/public_disc/ptr-pdfs/2026/20034285.pdf
"Cisneros, Hon. Gilbert",D,CA31,APO,"Apollo Global Management, Inc.",ST,sell_full,"$1,001 - $15,000",2026-03-13,2026-04-07,25,https://disclosures-clerk.house.gov/public_disc/ptr-pdfs/2026/20034285.pdf
"Cisneros, Hon. Gilbert",D,CA31,APP,Applovin Corporation - Class A Common Stock,ST,buy,"$1,001 - $15,000",2026-03-13,2026-04-07,25,https://disclosures-clerk.house.gov/public_disc/ptr-pdfs/2026/20034285.pdf
"Cisneros, Hon. Gilbert",D,CA31,SQ,"Block, Inc. Class A Common Stock",ST,buy,"$1,001 - $15,000",2026-03-13,2026-04-07,25,https://disclosures-clerk.house.gov/public_disc/ptr-pdfs/2026/20034285.pdf
"Cisneros, Hon. Gilbert",D,CA31,BKNG,Booking Holdings Inc. - Common Stock,ST,buy,"$1,001 - $15,000",2026-03-13,2026-04-07,25,https://disclosures-clerk.house.gov/public_disc/ptr-pdfs/2026/20034285.pdf
"Cisneros, Hon. Gilbert",D,CA31,CHTR,"Charter Communications, Inc. - Class A Common Stock",ST,buy,"$1,001 - $15,000",2026-03-13,2026-04-07,25,https://disclosures-clerk.house.gov/public_disc/ptr-pdfs/2026/20034285.pdf
"Cisneros, Hon. Gilbert",D,CA31,CTSH,Cognizant Technology Solutions Corporation - Class A Common Stock,ST,buy,"$1,001 - $15,000",2026-03-13,2026-04-07,25,https://disclosures-clerk.house.gov/public_disc/ptr-pdfs/2026/20034285.pdf
"Cisneros, Hon. Gilbert",D,CA31,CAG,"ConAgra Brands, Inc. Common Stock",ST,sell_full,"$1,001 - $15,000",2026-03-13,2026-04-07,25,https://disclosures-clerk.house.gov/public_disc/ptr-pdfs/2026/20034285.pdf
"Cisneros, Hon. Gilbert",D,CA31,CSGP,"CoStar Group, Inc. - Common Stock",ST,buy,"$1,001 - $15,000",2026-03-13,2026-04-07,25,https://disclosures-clerk.house.gov/public_disc/ptr-pdfs/2026/20034285.pdf
"Cisneros, Hon. Gilbert",D,CA31,CRWD,"CrowdStrike Holdings, Inc. - Class A Common Stock",ST,buy,"$1,001 - $15,000",2026-03-13,2026-04-07,25,https://disclosures-clerk.house.gov/public_disc/ptr-pdfs/2026/20034285.pdf
"Cisneros, Hon. Gilbert",D,CA31,DDOG,"Datadog, Inc. - Class A Common Stock",ST,buy,"$1,001 - $15,000",2026-03-13,2026-04-07,25,https://disclosures-clerk.house.gov/public_disc/ptr-pdfs/2026/20034285.pdf
"Cisneros, Hon. Gilbert",D,CA31,DASH,"DoorDash, Inc. - Common Stock",ST,sell_partial,"$1,001 - $15,000",2026-03-13,2026-04-07,25,https://disclosures-clerk.house.gov/public_disc/ptr-pdfs/2026/20034285.pdf
"Cisneros, Hon. Gilbert",D,CA31,LLY,Eli Lilly and Company Common Stock,ST,sell_partial,"$1,001 - $15,000",2026-03-13,2026-04-07,25,https://disclosures-clerk.house.gov/public_disc/ptr-pdfs/2026/20034285.pdf
"Cisneros, Hon. Gilbert",D,CA31,EPAM,"EPAM Systems, Inc. Common Stock",ST,buy,"$1,001 - $15,000",2026-03-13,2026-04-07,25,https://disclosures-clerk.house.gov/public_disc/ptr-pdfs/2026/20034285.pdf
"Cisneros, Hon. Gilbert",D,CA31,EFX,"Equifax, Inc. Common Stock",ST,buy,"$1,001 - $15,000",2026-03-13,2026-04-07,25,https://disclosures-clerk.house.gov/public_disc/ptr-pdfs/2026/20034285.pdf
"Cisneros, Hon. Gilbert",D,CA31,EG,"Everest Group, Ltd. Common Stock",ST,sell_full,"$1,001 - $15,000",2026-03-13,2026-04-07,25,https://disclosures-clerk.house.gov/public_disc/ptr-pdfs/2026/20034285.pdf
"Cisneros, Hon. Gilbert",D,CA31,FDS,FactSet Research Systems Inc. Common Stock,ST,buy,"$1,001 - $15,000",2026-03-13,2026-04-07,25,https://disclosures-clerk.house.gov/public_disc/ptr-pdfs/2026/20034285.pdf
"Cisneros, Hon. Gilbert",D,CA31,FICO,Fair Isaac Corporation Common Stock,ST,buy,"$1,001 - $15,000",2026-03-13,2026-04-07,25,https://disclosures-clerk.house.gov/public_disc/ptr-pdfs/2026/20034285.pdf
"Cisneros, Hon. Gilbert",D,CA31,FIS,"Fidelity National Information Services, Inc. Common Stock",ST,buy,"$1,001 - $15,000",2026-03-13,2026-04-07,25,https://disclosures-clerk.house.gov/public_disc/ptr-pdfs/2026/20034285.pdf
"Cisneros, Hon. Gilbert",D,CA31,FISV,"Fiserv, Inc. - Common Stock",ST,buy,"$1,001 - $15,000",2026-03-13,2026-04-07,25,https://disclosures-clerk.house.gov/public_disc/ptr-pdfs/2026/20034285.pdf
"Cisneros, Hon. Gilbert",D,CA31,FTNT,"Fortinet, Inc. - Common Stock",ST,buy,"$1,001 - $15,000",2026-03-13,2026-04-07,25,https://disclosures-clerk.house.gov/public_disc/ptr-pdfs/2026/20034285.pdf
"Cisneros, Hon. Gilbert",D,CA31,FOX,Fox Corporation - Class B Common Stock,ST,buy,"$1,001 - $15,000",2026-03-13,2026-04-07,25,https://disclosures-clerk.house.gov/public_disc/ptr-pdfs/2026/20034285.pdf
"Cisneros, Hon. Gilbert",D,CA31,IT,"Gartner, Inc. Common Stock",ST,buy,"$1,001 - $15,000",2026-03-13,2026-04-07,25,https://disclosures-clerk.house.gov/public_disc/ptr-pdfs/2026/20034285.pdf
"Cisneros, Hon. Gilbert",D,CA31,GDDY,GoDaddy Inc. Class A Common Stock,ST,sell_full,"$1,001 - $15,000",2026-03-13,2026-04-07,25,https://disclosures-clerk.house.gov/public_disc/ptr-pdfs/2026/20034285.pdf
"Cisneros, Hon. Gilbert",D,CA31,IBM,International Business Machines Corporation Common Stock,ST,sell_full,"$15,001 - $50,000",2026-03-13,2026-04-07,25,https://disclosures-clerk.house.gov/public_disc/ptr-pdfs/2026/20034285.pdf
"Cisneros, Hon. Gilbert",D,CA31,KVUE,Kenvue Inc. Common Stock,ST,sell_full,"$1,001 - $15,000",2026-03-13,2026-04-07,25,https://disclosures-clerk.house.gov/public_disc/ptr-pdfs/2026/20034285.pdf
"Cisneros, Hon. Gilbert",D,CA31,KEY,KeyCorp Common Stock,ST,sell_full,"$1,001 - $15,000",2026-03-13,2026-04-07,25,https://disclosures-clerk.house.gov/public_disc/ptr-pdfs/2026/20034285.pdf
"Cisneros, Hon. Gilbert",D,CA31,LULU,lululemon athletica inc. - Common Stock,ST,sell_full,"$1,001 - $15,000",2026-03-13,2026-04-07,25,https://disclosures-clerk.house.gov/public_disc/ptr-pdfs/2026/20034285.pdf
"Cisneros, Hon. Gilbert",D,CA31,MSFT,Microsoft Corporation - Common Stock,ST,buy,"$15,001 - $50,000",2026-03-13,2026-04-07,25,https://disclosures-clerk.house.gov/public_disc/ptr-pdfs/2026/20034285.pdf
"Cisneros, Hon. Gilbert",D,CA31,TAP,Molson Coors Beverage Company Class B Common Stock,ST,sell_full,"$1,001 - $15,000",2026-03-13,2026-04-07,25,https://disclosures-clerk.house.gov/public_disc/ptr-pdfs/2026/20034285.pdf
"Cisneros, Hon. Gilbert",D,CA31,NVDA,NVIDIA Corporation - Common Stock,ST,buy,"$1,001 - $15,000",2026-03-13,2026-04-07,25,https://disclosures-clerk.house.gov/public_disc/ptr-pdfs/2026/20034285.pdf
"Cisneros, Hon. Gilbert",D,CA31,OMC,Omnicom Group Inc. Common Stock,ST,buy,"$1,001 - $15,000",2026-03-13,2026-04-07,25,https://disclosures-clerk.house.gov/public_disc/ptr-pdfs/2026/20034285.pdf
"Cisneros, Hon. Gilbert",D,CA31,PLTR,Palantir Technologies Inc. Class A Common Stock,ST,sell_partial,"$15,001 - $50,000",2026-03-13,2026-04-07,25,https://disclosures-clerk.house.gov/public_disc/ptr-pdfs/2026/20034285.pdf
"Cisneros, Hon. Gilbert",D,CA31,PANW,"Palo Alto Networks, Inc.",ST,buy,"$1,001 - $15,000",2026-03-13,2026-04-07,25,https://disclosures-clerk.house.gov/public_disc/ptr-pdfs/2026/20034285.pdf
"Cisneros, Hon. Gilbert",D,CA31,PSKY,Paramount Skydance Corporation - Class B Common Stock,ST,buy,"$1,001 - $15,000",2026-03-13,2026-04-07,25,https://disclosures-clerk.house.gov/public_disc/ptr-pdfs/2026/20034285.pdf
"Cisneros, Hon. Gilbert",D,CA31,PAYC,"Paycom Software, Inc. Common Stock",ST,buy,"$1,001 - $15,000",2026-03-13,2026-04-07,25,https://disclosures-clerk.house.gov/public_disc/ptr-pdfs/2026/20034285.pdf
"Cisneros, Hon. Gilbert",D,CA31,PYPL,"PayPal Holdings, Inc. - Common Stock",ST,buy,"$1,001 - $15,000",2026-03-13,2026-04-07,25,https://disclosures-clerk.house.gov/public_disc/ptr-pdfs/2026/20034285.pdf
"Cisneros, Hon. Gilbert",D,CA31,PFE,"Pfizer, Inc. Common Stock",ST,sell_partial,"$1,001 - $15,000",2026-03-13,2026-04-07,25,https://disclosures-clerk.house.gov/public_disc/ptr-pdfs/2026/20034285.pdf
"Cisneros, Hon. Gilbert",D,CA31,HOOD,"Robinhood Markets, Inc. - Class A Common Stock",ST,sell_full,"$1,001 - $15,000",2026-03-13,2026-04-07,25,https://disclosures-clerk.house.gov/public_disc/ptr-pdfs/2026/20034285.pdf
"Cisneros, Hon. Gilbert",D,CA31,ROP,"Roper Technologies, Inc.",ST,sell_partial,"$1,001 - $15,000",2026-03-13,2026-04-07,25,https://disclosures-clerk.house.gov/public_disc/ptr-pdfs/2026/20034285.pdf
"Cisneros, Hon. Gilbert",D,CA31,SNDK,Sandisk Corporation - Common Stock,ST,buy,"$1,001 - $15,000",2026-03-13,2026-04-07,25,https://disclosures-clerk.house.gov/public_disc/ptr-pdfs/2026/20034285.pdf
"Cisneros, Hon. Gilbert",D,CA31,TSLA,"Tesla, Inc. - Common Stock",ST,sell_partial,"$15,001 - $50,000",2026-03-13,2026-04-07,25,https://disclosures-clerk.house.gov/public_disc/ptr-pdfs/2026/20034285.pdf
"Cisneros, Hon. Gilbert",D,CA31,CI,The Cigna Group Common Stock,ST,sell_full,"$1,001 - $15,000",2026-03-13,2026-04-07,25,https://disclosures-clerk.house.gov/public_disc/ptr-pdfs/2026/20034285.pdf
"Cisneros, Hon. Gilbert",D,CA31,TTD,"The Trade Desk, Inc. - Class A Common Stock",ST,buy,"$1,001 - $15,000",2026-03-13,2026-04-07,25,https://disclosures-clerk.house.gov/public_disc/ptr-pdfs/2026/20034285.pdf
"Cisneros, Hon. Gilbert",D,CA31,TYL,"Tyler Technologies, Inc. Common Stock",ST,buy,"$1,001 - $15,000",2026-03-13,2026-04-07,25,https://disclosures-clerk.house.gov/public_disc/ptr-pdfs/2026/20034285.pdf
"Cisneros, Hon. Gilbert",D,CA31,UBER,"Uber Technologies, Inc. Common Stock",ST,sell_full,"$1,001 - $15,000",2026-03-13,2026-04-07,25,https://disclosures-clerk.house.gov/public_disc/ptr-pdfs/2026/20034285.pdf
"Cisneros, Hon. Gilbert",D,CA31,UPS,"United Parcel Service, Inc. Common Stock",ST,sell_partial,"$1,001 - $15,000",2026-03-13,2026-04-07,25,https://disclosures-clerk.house.gov/public_disc/ptr-pdfs/2026/20034285.pdf
"Cisneros, Hon. Gilbert",D,CA31,UNH,UnitedHealth Group Incorporated Common Stock,ST,buy,"$1,001 - $15,000",2026-03-13,2026-04-07,25,https://disclosures-clerk.house.gov/public_disc/ptr-pdfs/2026/20034285.pdf
"Cisneros, Hon. Gilbert",D,CA31,VRSN,"VeriSign, Inc. - Common Stock",ST,sell_partial,"$1,001 - $15,000",2026-03-13,2026-04-07,25,https://disclosures-clerk.house.gov/public_disc/ptr-pdfs/2026/20034285.pdf
"Cisneros, Hon. Gilbert",D,CA31,VICI,VICI Properties Inc. Common Stock,ST,sell_full,"$1,001 - $15,000",2026-03-13,2026-04-07,25,https://disclosures-clerk.house.gov/public_disc/ptr-pdfs/2026/20034285.pdf
"Cisneros, Hon. Gilbert",D,CA31,WFC,Wells Fargo & Company Common Stock,ST,sell_partial,"$1,001 - $15,000",2026-03-13,2026-04-07,25,https://disclosures-clerk.house.gov/public_disc/ptr-pdfs/2026/20034285.pdf
"Cisneros, Hon. Gilbert",D,CA31,WDAY,"Workday, Inc. - Class A Common Stock",ST,buy,"$1,001 - $15,000",2026-03-13,2026-04-07,25,https://disclosures-clerk.house.gov/public_disc/ptr-pdfs/2026/20034285.pdf
"Cisneros, Hon. Gilbert",D,CA31,ZTS,Zoetis Inc. Class A Common Stock,ST,sell_partial,"$1,001 - $15,000",2026-03-13,2026-04-07,25,https://disclosures-clerk.house.gov/public_disc/ptr-pdfs/2026/20034285.pdf
"Delaney, Hon. April McClain",,MD06,JLL,Jones Lang LaSalle Incorporated Common Stock,ST,sell_full,"$1,001 - $15,000",2026-03-13,2026-04-06,24,https://disclosures-clerk.house.gov/public_disc/ptr-pdfs/2026/20034299.pdf
"Delaney, Hon. April McClain",,MD06,SGI,Somnigroup International Inc. Common Stock,ST,buy,"$1,001 - $15,000",2026-03-13,2026-04-06,24,https://disclosures-clerk.house.gov/public_disc/ptr-pdfs/2026/20034299.pdf
"Miller, Hon. Max",R,OH07,,"Alpine Investors IX, LP (GLAS Funds, LP)",HN,buy,"$1,001 - $15,000",2026-03-13,2026-03-30,17,https://disclosures-clerk.house.gov/public_disc/ptr-pdfs/2026/20034247.pdf
"Miller, Hon. Max",R,OH07,,"Opportunity Fund II (GLAS Funds, LP)",HN,buy,"$1,001 - $15,000",2026-03-13,2026-03-30,17,https://disclosures-clerk.house.gov/public_disc/ptr-pdfs/2026/20034247.pdf
"Moore, Hon. Tim",R,NC14,SMPL,The Simply Good Foods Company - Common Stock,ST,buy,"$1,001 - $15,000",2026-03-13,2026-03-24,11,https://disclosures-clerk.house.gov/public_disc/ptr-pdfs/2026/20034217.pdf
"Gottheimer, Hon. Josh",D,NJ05,ALC,Alcon Inc. Ordinary Shares,ST,sell_full,"$1,001 - $15,000",2026-03-12,2026-04-08,27,https://disclosures-clerk.house.gov/public_disc/ptr-pdfs/2026/20034305.pdf
"Gottheimer, Hon. Josh",D,NJ05,HDB,HDFC Bank Limited Common Stock,ST,sell_partial,"$1,001 - $15,000",2026-03-12,2026-04-08,27,https://disclosures-clerk.house.gov/public_disc/ptr-pdfs/2026/20034305.pdf
"Gottheimer, Hon. Josh",D,NJ05,,Infineon Technologies AG (IFNNY),ST,sell_full,"$1,001 - $15,000",2026-03-12,2026-04-08,27,https://disclosures-clerk.house.gov/public_disc/ptr-pdfs/2026/20034305.pdf
"Gottheimer, Hon. Josh",D,NJ05,INTA,"Intapp, Inc. - Common Stock",ST,sell_full,"$1,001 - $15,000",2026-03-12,2026-04-08,27,https://disclosures-clerk.house.gov/public_disc/ptr-pdfs/2026/20034305.pdf
"Gottheimer, Hon. Josh",D,NJ05,LZB,La-Z-Boy Incorporated Common Stock,ST,sell_full,"$1,001 - $15,000",2026-03-12,2026-04-08,27,https://disclosures-clerk.house.gov/public_disc/ptr-pdfs/2026/20034305.pdf
"Cisneros, Hon. Gilbert",D,CA31,DBRG,"DigitalBridge Group, Inc.",ST,sell_full,"$50,001 - $100,000",2026-03-12,2026-04-07,26,https://disclosures-clerk.house.gov/public_disc/ptr-pdfs/2026/20034285.pdf
"Doggett, Hon. Lloyd",D,TX37,PPG,"PPG Industries, Inc. Common Stock",ST,buy,"$1,001 - $15,000",2026-03-12,2026-04-06,25,https://disclosures-clerk.house.gov/public_disc/ptr-pdfs/2026/20034292.pdf
"Moore, Hon. Tim",R,NC14,HOG,"Harley-Davidson, Inc. Common Stock",ST,buy,"$15,001 - $50,000",2026-03-12,2026-03-24,12,https://disclosures-clerk.house.gov/public_disc/ptr-pdfs/2026/20034217.pdf
"Moore, Hon. Tim",R,NC14,LGIH,"LGI Homes, Inc. - Common Stock",ST,buy,"$15,001 - $50,000",2026-03-12,2026-03-24,12,https://disclosures-clerk.house.gov/public_disc/ptr-pdfs/2026/20034217.pdf
"Taylor, Hon. David J.",R,OH02,CVX,Chevron Corporation Common Stock,ST,sell_full,"$1,001 - $15,000",2026-03-12,2026-03-20,8,https://disclosures-clerk.house.gov/public_disc/ptr-pdfs/2026/20034207.pdf
"Taylor, Hon. David J.",R,OH02,HD,"Home Depot, Inc.",ST,buy,"$1,001 - $15,000",2026-03-12,2026-03-20,8,https://disclosures-clerk.house.gov/public_disc/ptr-pdfs/2026/20034207.pdf
"Taylor, Hon. David J.",R,OH02,IBP,"Installed Building Products, Inc. Common Stock",ST,buy,"$1,001 - $15,000",2026-03-12,2026-03-20,8,https://disclosures-clerk.house.gov/public_disc/ptr-pdfs/2026/20034207.pdf
"Taylor, Hon. David J.",R,OH02,LRCX,Lam Research Corporation - Common Stock,ST,buy,"$1,001 - $15,000",2026-03-12,2026-03-20,8,https://disclosures-clerk.house.gov/public_disc/ptr-pdfs/2026/20034207.pdf
"Taylor, Hon. David J.",R,OH02,PH,Parker-Hannifin Corporation Common Stock,ST,buy,"$1,001 - $15,000",2026-03-12,2026-03-20,8,https://disclosures-clerk.house.gov/public_disc/ptr-pdfs/2026/20034207.pdf
"Taylor, Hon. David J.",R,OH02,RPM,RPM International Inc. Common Stock,ST,buy,"$1,001 - $15,000",2026-03-12,2026-03-20,8,https://disclosures-clerk.house.gov/public_disc/ptr-pdfs/2026/20034207.pdf
"Fields, Cleo",D,LA06,MSFT,Microsoft Corporation - Common Stock,ST,buy,"$1,001 - $15,000",2026-03-12,2026-03-17,5,https://disclosures-clerk.house.gov/public_disc/ptr-pdfs/2026/20034179.pdf
"Fields, Cleo",D,LA06,MSFT,Microsoft Corporation - Common Stock,ST,buy,"$1,001 - $15,000",2026-03-12,2026-03-17,5,https://disclosures-clerk.house.gov/public_disc/ptr-pdfs/2026/20034179.pdf
"Kelly, Hon. Mike",R,PA16,,Minneapolis-Saint Paul MN Met Sub- Ser A Rev Call 7/1/29 5% Due 1/1/34,GS,buy,"$15,001 - $50,000",2026-03-11,2026-04-07,27,https://disclosures-clerk.house.gov/public_disc/ptr-pdfs/2026/20034302.pdf
"Taylor, Hon. David J.",R,OH02,CVX,Chevron Corporation Common Stock,ST,sell_full,"$1,001 - $15,000",2026-03-11,2026-03-20,9,https://disclosures-clerk.house.gov/public_disc/ptr-pdfs/2026/20034207.pdf
"Taylor, Hon. David J.",R,OH02,FITB,Fifth Third Bancorp - Common Stock,ST,buy,"$1,001 - $15,000",2026-03-11,2026-03-20,9,https://disclosures-clerk.house.gov/public_disc/ptr-pdfs/2026/20034207.pdf
"Taylor, Hon. David J.",R,OH02,MPC,Marathon Petroleum Corporation Common Stock,ST,sell_full,"$1,001 - $15,000",2026-03-11,2026-03-20,9,https://disclosures-clerk.house.gov/public_disc/ptr-pdfs/2026/20034207.pdf
"Taylor, Hon. David J.",R,OH02,MPC,Marathon Petroleum Corporation Common Stock,ST,sell_full,"$1,001 - $15,000",2026-03-11,2026-03-20,9,https://disclosures-clerk.house.gov/public_disc/ptr-pdfs/2026/20034207.pdf
"Taylor, Hon. David J.",R,OH02,RPM,RPM International Inc. Common Stock,ST,buy,"$1,001 - $15,000",2026-03-11,2026-03-20,9,https://disclosures-clerk.house.gov/public_disc/ptr-pdfs/2026/20034207.pdf
"Kean, Hon. Thomas H., Jr",R,NJ07,WAT,Waters Corporation Common Stock,ST,sell_partial,"$1,001 - $15,000",2026-03-10,2026-04-13,34,https://disclosures-clerk.house.gov/public_disc/ptr-pdfs/2026/20034327.pdf
"Gottheimer, Hon. Josh",D,NJ05,SE,"Shares, each representing one Class A Ordinary Share",ST,buy,"$1,001 - $15,000",2026-03-10,2026-04-08,29,https://disclosures-clerk.house.gov/public_disc/ptr-pdfs/2026/20034305.pdf
"Delaney, Hon. April McClain",,MD06,NDAQ,"Nasdaq, Inc. - Common Stock",ST,buy,"$1,001 - $15,000",2026-03-10,2026-04-06,27,https://disclosures-clerk.house.gov/public_disc/ptr-pdfs/2026/20034299.pdf
"Doggett, Hon. Lloyd",D,TX37,IBM,International Business Machines Corporation Common Stock,ST,buy,"$1,001 - $15,000",2026-03-10,2026-04-06,27,https://disclosures-clerk.house.gov/public_disc/ptr-pdfs/2026/20034292.pdf
"Doggett, Hon. Lloyd",D,TX37,JNJ,Johnson & Johnson Common Stock,ST,buy,"$1,001 - $15,000",2026-03-10,2026-04-06,27,https://disclosures-clerk.house.gov/public_disc/ptr-pdfs/2026/20034292.pdf
"Jackson, Hon. Jonathan",D,IL01,AMZN,"Amazon.com, Inc. - Common Stock",ST,sell_full,"$1,001 - $15,000",2026-03-09,2026-04-08,30,https://disclosures-clerk.house.gov/public_disc/ptr-pdfs/2026/20034301.pdf
"Cisneros, Hon. Gilbert",D,CA31,FSS,Federal Signal Corporation Common Stock,ST,buy,"$1,001 - $15,000",2026-03-09,2026-04-07,29,https://disclosures-clerk.house.gov/public_disc/ptr-pdfs/2026/20034285.pdf
"Cisneros, Hon. Gilbert",D,CA31,HALO,"Halozyme Therapeutics, Inc. - Common Stock",ST,buy,"$1,001 - $15,000",2026-03-09,2026-04-07,29,https://disclosures-clerk.house.gov/public_disc/ptr-pdfs/2026/20034285.pdf
"Cisneros, Hon. Gilbert",D,CA31,VIAV,Viavi Solutions Inc. - Common Stock,ST,sell_partial,"$1,001 - $15,000",2026-03-09,2026-04-07,29,https://disclosures-clerk.house.gov/public_disc/ptr-pdfs/2026/20034285.pdf
"Delaney, Hon. April McClain",,MD06,MLM,"Martin Marietta Materials, Inc. Common Stock",ST,buy,"$1,001 - $15,000",2026-03-09,2026-04-06,28,https://disclosures-clerk.house.gov/public_disc/ptr-pdfs/2026/20034299.pdf
"Delaney, Hon. April McClain",,MD06,NDAQ,"Nasdaq, Inc. - Common Stock",ST,buy,"$1,001 - $15,000",2026-03-09,2026-04-06,28,https://disclosures-clerk.house.gov/public_disc/ptr-pdfs/2026/20034299.pdf
"Delaney, Hon. April McClain",,MD06,SGI,Somnigroup International Inc. Common Stock,ST,buy,"$1,001 - $15,000",2026-03-09,2026-04-06,28,https://disclosures-clerk.house.gov/public_disc/ptr-pdfs/2026/20034299.pdf
"Morrison, Hon. Kelly Louise",D,MN03,,Saronic Technologies,OI,buy,"$15,001 - $50,000",2026-03-09,2026-03-10,1,https://disclosures-clerk.house.gov/public_disc/ptr-pdfs/2026/20034156.pdf
"Sessions, Hon. Pete",R,TX17,VZ,Verizon Communications Inc. Common Stock,ST,sell_full,"$1,001 - $15,000",2026-03-09,2026-03-09,0,https://disclosures-clerk.house.gov/public_disc/ptr-pdfs/2026/20033500.pdf
"Morrison, Hon. Kelly Louise",D,MN03,AJG,Arthur J. Gallagher & Co. Common Stock,ST,sell_full,"$15,001 - $50,000",2026-03-08,2026-03-10,2,https://disclosures-clerk.house.gov/public_disc/ptr-pdfs/2026/20034156.pdf
"Morrison, Hon. Kelly Louise",D,MN03,AJG,Arthur J. Gallagher & Co. Common Stock,ST,sell_full,"$1,001 - $15,000",2026-03-08,2026-03-10,2,https://disclosures-clerk.house.gov/public_disc/ptr-pdfs/2026/20034156.pdf
"Morrison, Hon. Kelly Louise",D,MN03,AJG,Arthur J. Gallagher & Co. Common Stock,ST,sell_full,"$1,001 - $15,000",2026-03-08,2026-03-10,2,https://disclosures-clerk.house.gov/public_disc/ptr-pdfs/2026/20034156.pdf
"Morrison, Hon. Kelly Louise",D,MN03,MICC,The Magnum Ice Cream Company N.V. Ordinary Shares,ST,sell_full,"$1,001 - $15,000",2026-03-08,2026-03-10,2,https://disclosures-clerk.house.gov/public_disc/ptr-pdfs/2026/20034156.pdf
"Morrison, Hon. Kelly Louise",D,MN03,MICC,The Magnum Ice Cream Company N.V. Ordinary Shares,ST,sell_full,"$1,001 - $15,000",2026-03-08,2026-03-10,2,https://disclosures-clerk.house.gov/public_disc/ptr-pdfs/2026/20034156.pdf
"Gottheimer, Hon. Josh",D,NJ05,NOW,"ServiceNow, Inc. Common Stock",ST,buy,"$1,001 - $15,000",2026-03-06,2026-04-08,33,https://disclosures-clerk.house.gov/public_disc/ptr-pdfs/2026/20034305.pdf
"Bresnahan, Hon. Rob",R,PA08,,Pennsylvania State Turnpike Commission Bond,GS,buy,"$50,001 - $100,000",2026-03-06,2026-03-18,12,https://disclosures-clerk.house.gov/public_disc/ptr-pdfs/2026/20034202.pdf
"Gottheimer, Hon. Josh",D,NJ05,APD,"Air Products and Chemicals, Inc. Common Stock",ST,buy,"$1,001 - $15,000",2026-03-05,2026-04-08,34,https://disclosures-clerk.house.gov/public_disc/ptr-pdfs/2026/20034305.pdf
"Gottheimer, Hon. Josh",D,NJ05,CBZ,"CBIZ, Inc. Common Stock",ST,sell_full,"$1,001 - $15,000",2026-03-05,2026-04-08,34,https://disclosures-clerk.house.gov/public_disc/ptr-pdfs/2026/20034305.pdf
"Gottheimer, Hon. Josh",D,NJ05,COLB,"Columbia Banking System, Inc. - Common Stock",ST,sell_full,"$1,001 - $15,000",2026-03-05,2026-04-08,34,https://disclosures-clerk.house.gov/public_disc/ptr-pdfs/2026/20034305.pdf
"Gottheimer, Hon. Josh",D,NJ05,FWRG,"First Watch Restaurant Group, Inc. - Common Stock",ST,sell_full,"$1,001 - $15,000",2026-03-05,2026-04-08,34,https://disclosures-clerk.house.gov/public_disc/ptr-pdfs/2026/20034305.pdf
"Gottheimer, Hon. Josh",D,NJ05,NTES,"Shares, each representing 5 ordinary shares",ST,sell_partial,"$1,001 - $15,000",2026-03-05,2026-04-08,34,https://disclosures-clerk.house.gov/public_disc/ptr-pdfs/2026/20034305.pdf
"Gottheimer, Hon. Josh",D,NJ05,PHR,"Phreesia, Inc. Common Stock",ST,sell_full,"$1,001 - $15,000",2026-03-05,2026-04-08,34,https://disclosures-clerk.house.gov/public_disc/ptr-pdfs/2026/20034305.pdf
"Hern, Hon. Kevin",R,OK01,ICLR,ICON plc - Ordinary Shares,ST,sell_full,"$100,001 - $250,000",2026-03-05,2026-04-03,29,https://disclosures-clerk.house.gov/public_disc/ptr-pdfs/2026/20034262.pdf
"Biggs, Hon. Sheri",R,SC03,IBIT,iShares Bitcoin Trust ETF,ST,buy,"$100,001 - $250,000",2026-03-04,2026-04-16,43,https://disclosures-clerk.house.gov/public_disc/ptr-pdfs/2026/20034346.pdf
"Delaney, Hon. April McClain",,MD06,NDAQ,"Nasdaq, Inc. - Common Stock",ST,buy,"$1,001 - $15,000",2026-03-04,2026-04-06,33,https://disclosures-clerk.house.gov/public_disc/ptr-pdfs/2026/20034299.pdf
"Delaney, Hon. April McClain",,MD06,TSCO,Tractor Supply Company - Common Stock,ST,buy,"$1,001 - $15,000",2026-03-04,2026-04-06,33,https://disclosures-clerk.house.gov/public_disc/ptr-pdfs/2026/20034299.pdf
"Biggs, Hon. Sheri",R,SC03,,Apollo Debt Solutions BDC Class S,OT,buy,"$1,001 - $15,000",2026-03-03,2026-04-16,44,https://disclosures-clerk.house.gov/public_disc/ptr-pdfs/2026/20034346.pdf
"Cisneros, Hon. Gilbert",D,CA31,AEIS,"Advanced Energy Industries, Inc. - Common Stock",ST,buy,"$1,001 - $15,000",2026-03-03,2026-04-07,35,https://disclosures-clerk.house.gov/public_disc/ptr-pdfs/2026/20034285.pdf
"Cisneros, Hon. Gilbert",D,CA31,AVAV,"AeroVironment, Inc. - Common Stock",ST,buy,"$1,001 - $15,000",2026-03-03,2026-04-07,35,https://disclosures-clerk.house.gov/public_disc/ptr-pdfs/2026/20034285.pdf
"Cisneros, Hon. Gilbert",D,CA31,AGIO,"Agios Pharmaceuticals, Inc. - Common Stock",ST,buy,"$1,001 - $15,000",2026-03-03,2026-04-07,35,https://disclosures-clerk.house.gov/public_disc/ptr-pdfs/2026/20034285.pdf
"Cisneros, Hon. Gilbert",D,CA31,ARQT,"Arcutis Biotherapeutics, Inc. - Common stock",ST,buy,"$1,001 - $15,000",2026-03-03,2026-04-07,35,https://disclosures-clerk.house.gov/public_disc/ptr-pdfs/2026/20034285.pdf
"Cisneros, Hon. Gilbert",D,CA31,ATRC,"AtriCure, Inc. - Common Stock",ST,buy,"$1,001 - $15,000",2026-03-03,2026-04-07,35,https://disclosures-clerk.house.gov/public_disc/ptr-pdfs/2026/20034285.pdf
"Cisneros, Hon. Gilbert",D,CA31,AVNT,Avient Corporation Common Stock,ST,buy,"$1,001 - $15,000",2026-03-03,2026-04-07,35,https://disclosures-clerk.house.gov/public_disc/ptr-pdfs/2026/20034285.pdf
"Cisneros, Hon. Gilbert",D,CA31,AZTA,"Azenta, Inc. - Common Stock",ST,buy,"$1,001 - $15,000",2026-03-03,2026-04-07,35,https://disclosures-clerk.house.gov/public_disc/ptr-pdfs/2026/20034285.pdf
"Cisneros, Hon. Gilbert",D,CA31,BOOT,"Boot Barn Holdings, Inc. Common Stock",ST,buy,"$1,001 - $15,000",2026-03-03,2026-04-07,35,https://disclosures-clerk.house.gov/public_disc/ptr-pdfs/2026/20034285.pdf
"Cisneros, Hon. Gilbert",D,CA31,BBIO,"BridgeBio Pharma, Inc. - Common Stock",ST,buy,"$1,001 - $15,000",2026-03-03,2026-04-07,35,https://disclosures-clerk.house.gov/public_disc/ptr-pdfs/2026/20034285.pdf
"Cisneros, Hon. Gilbert",D,CA31,CATY,Cathay General Bancorp - Common Stock,ST,buy,"$1,001 - $15,000",2026-03-03,2026-04-07,35,https://disclosures-clerk.house.gov/public_disc/ptr-pdfs/2026/20034285.pdf
"Cisneros, Hon. Gilbert",D,CA31,CENTA,Central Garden & Pet Company - Class A Common Stock Nonvoting,ST,buy,"$1,001 - $15,000",2026-03-03,2026-04-07,35,https://disclosures-clerk.house.gov/public_disc/ptr-pdfs/2026/20034285.pdf
"Cisneros, Hon. Gilbert",D,CA31,SKY,"Champion Homes, Inc. Common Stock",ST,buy,"$1,001 - $15,000",2026-03-03,2026-04-07,35,https://disclosures-clerk.house.gov/public_disc/ptr-pdfs/2026/20034285.pdf
"Cisneros, Hon. Gilbert",D,CA31,CRNX,"Crinetics Pharmaceuticals, Inc. - Common Stock",ST,buy,"$1,001 - $15,000",2026-03-03,2026-04-07,35,https://disclosures-clerk.house.gov/public_disc/ptr-pdfs/2026/20034285.pdf
"Cisneros, Hon. Gilbert",D,CA31,CSW,"CSW Industrials, Inc. Common Stock",ST,buy,"$1,001 - $15,000",2026-03-03,2026-04-07,35,https://disclosures-clerk.house.gov/public_disc/ptr-pdfs/2026/20034285.pdf
"Cisneros, Hon. Gilbert",D,CA31,EPAC,Enerpac Tool Group Corp. Common Stock,ST,buy,"$1,001 - $15,000",2026-03-03,2026-04-07,35,https://disclosures-clerk.house.gov/public_disc/ptr-pdfs/2026/20034285.pdf
"Cisneros, Hon. Gilbert",D,CA31,GTES,Gates Industrial Corporation plc Ordinary Shares,ST,buy,"$1,001 - $15,000",2026-03-03,2026-04-07,35,https://disclosures-clerk.house.gov/public_disc/ptr-pdfs/2026/20034285.pdf
"Cisneros, Hon. Gilbert",D,CA31,GMED,"Globus Medical, Inc. Class A Common Stock",ST,buy,"$1,001 - $15,000",2026-03-03,2026-04-07,35,https://disclosures-clerk.house.gov/public_disc/ptr-pdfs/2026/20034285.pdf
"Cisneros, Hon. Gilbert",D,CA31,HLI,"Houlihan Lokey, Inc. Class A Common Stock",ST,buy,"$1,001 - $15,000",2026-03-03,2026-04-07,35,https://disclosures-clerk.house.gov/public_disc/ptr-pdfs/2026/20034285.pdf
"Cisneros, Hon. Gilbert",D,CA31,IDA,"IDACORP, Inc. Common Stock",ST,buy,"$1,001 - $15,000",2026-03-03,2026-04-07,35,https://disclosures-clerk.house.gov/public_disc/ptr-pdfs/2026/20034285.pdf
"Cisneros, Hon. Gilbert",D,CA31,ITT,ITT Inc. Common Stock,ST,buy,"$1,001 - $15,000",2026-03-03,2026-04-07,35,https://disclosures-clerk.house.gov/public_disc/ptr-pdfs/2026/20034285.pdf
"Cisneros, Hon. Gilbert",D,CA31,LGN,Legence Corp. - Class A Common stock,ST,buy,"$1,001 - $15,000",2026-03-03,2026-04-07,35,https://disclosures-clerk.house.gov/public_disc/ptr-pdfs/2026/20034285.pdf
"Cisneros, Hon. Gilbert",D,CA31,LGND,Ligand Pharmaceuticals Incorporated - Common Stock,ST,buy,"$1,001 - $15,000",2026-03-03,2026-04-07,35,https://disclosures-clerk.house.gov/public_disc/ptr-pdfs/2026/20034285.pdf
"Cisneros, Hon. Gilbert",D,CA31,MTSI,"MACOM Technology Solutions Holdings, Inc. - Common Stock",ST,buy,"$1,001 - $15,000",2026-03-03,2026-04-07,35,https://disclosures-clerk.house.gov/public_disc/ptr-pdfs/2026/20034285.pdf
"Cisneros, Hon. Gilbert",D,CA31,NWE,"NorthWestern Energy Group, Inc. - Common Stock",ST,buy,"$1,001 - $15,000",2026-03-03,2026-04-07,35,https://disclosures-clerk.house.gov/public_disc/ptr-pdfs/2026/20034285.pdf
"Cisneros, Hon. Gilbert",D,CA31,PATK,"Patrick Industries, Inc. - Common Stock",ST,buy,"$1,001 - $15,000",2026-03-03,2026-04-07,35,https://disclosures-clerk.house.gov/public_disc/ptr-pdfs/2026/20034285.pdf
"Cisneros, Hon. Gilbert",D,CA31,PRIM,Primoris Services Corporation,ST,buy,"$1,001 - $15,000",2026-03-03,2026-04-07,35,https://disclosures-clerk.house.gov/public_disc/ptr-pdfs/2026/20034285.pdf
"Cisneros, Hon. Gilbert",D,CA31,RBC,RBC Bearings Incorporated Common Stock,ST,buy,"$1,001 - $15,000",2026-03-03,2026-04-07,35,https://disclosures-clerk.house.gov/public_disc/ptr-pdfs/2026/20034285.pdf
"Cisneros, Hon. Gilbert",D,CA31,RHP,"Ryman Hospitality Properties, Inc.",ST,buy,"$1,001 - $15,000",2026-03-03,2026-04-07,35,https://disclosures-clerk.house.gov/public_disc/ptr-pdfs/2026/20034285.pdf
"Cisneros, Hon. Gilbert",D,CA31,SMTC,Semtech Corporation - Common Stock,ST,buy,"$1,001 - $15,000",2026-03-03,2026-04-07,35,https://disclosures-clerk.house.gov/public_disc/ptr-pdfs/2026/20034285.pdf
"Cisneros, Hon. Gilbert",D,CA31,SUPN,"Supernus Pharmaceuticals, Inc. - Common Stock",ST,buy,"$1,001 - $15,000",2026-03-03,2026-04-07,35,https://disclosures-clerk.house.gov/public_disc/ptr-pdfs/2026/20034285.pdf
"Cisneros, Hon. Gilbert",D,CA31,TNDM,"Tandem Diabetes Care, Inc. - Common Stock",ST,buy,"$1,001 - $15,000",2026-03-03,2026-04-07,35,https://disclosures-clerk.house.gov/public_disc/ptr-pdfs/2026/20034285.pdf
"Cisneros, Hon. Gilbert",D,CA31,TXRH,"Texas Roadhouse, Inc. - Common Stock",ST,buy,"$1,001 - $15,000",2026-03-03,2026-04-07,35,https://disclosures-clerk.house.gov/public_disc/ptr-pdfs/2026/20034285.pdf
"Cisneros, Hon. Gilbert",D,CA31,COCO,"The Vita Coco Company, Inc. - Common Stock",ST,buy,"$1,001 - $15,000",2026-03-03,2026-04-07,35,https://disclosures-clerk.house.gov/public_disc/ptr-pdfs/2026/20034285.pdf
"Cisneros, Hon. Gilbert",D,CA31,UFPI,"UFP Industries, Inc. - Common Stock",ST,buy,"$1,001 - $15,000",2026-03-03,2026-04-07,35,https://disclosures-clerk.house.gov/public_disc/ptr-pdfs/2026/20034285.pdf
"Cisneros, Hon. Gilbert",D,CA31,RARE,Ultragenyx Pharmaceutical Inc. - Common Stock,ST,buy,"$1,001 - $15,000",2026-03-03,2026-04-07,35,https://disclosures-clerk.house.gov/public_disc/ptr-pdfs/2026/20034285.pdf
"Cisneros, Hon. Gilbert",D,CA31,VCYT,"Veracyte, Inc. - Common Stock",ST,buy,"$1,001 - $15,000",2026-03-03,2026-04-07,35,https://disclosures-clerk.house.gov/public_disc/ptr-pdfs/2026/20034285.pdf
"Delaney, Hon. April McClain",,MD06,NDAQ,"Nasdaq, Inc. - Common Stock",ST,buy,"$1,001 - $15,000",2026-03-03,2026-04-06,34,https://disclosures-clerk.house.gov/public_disc/ptr-pdfs/2026/20034299.pdf
"Miller, Hon. Max",R,OH07,,Trimer Capital Partners I LP (GLAS Funds LP),HN,buy,$707+,2026-03-03,2026-03-30,27,https://disclosures-clerk.house.gov/public_disc/ptr-pdfs/2026/20034247.pdf
"Miller, Hon. Max",R,OH07,,Trimer Capital Select I LP (GLAS Funds LP),HN,buy,$584+,2026-03-03,2026-03-30,27,https://disclosures-clerk.house.gov/public_disc/ptr-pdfs/2026/20034247.pdf
"Cisneros, Hon. Gilbert",D,CA31,FSS,Federal Signal Corporation Common Stock,ST,buy,"$1,001 - $15,000",2026-03-02,2026-03-09,7,https://disclosures-clerk.house.gov/public_disc/ptr-pdfs/2026/20034144.pdf
"Cisneros, Hon. Gilbert",D,CA31,THR,"Thermon Group Holdings, Inc. Common Stock",ST,sell_partial,"$1,001 - $15,000",2026-03-02,2026-03-09,7,https://disclosures-clerk.house.gov/public_disc/ptr-pdfs/2026/20034144.pdf
"Morrison, Hon. Kelly Louise",D,MN03,,Hermeus Corp,OI,buy,"$15,001 - $50,000",2026-03-02,2026-03-05,3,https://disclosures-clerk.house.gov/public_disc/ptr-pdfs/2026/20034123.pdf
"Morrison, Hon. Kelly Louise",D,MN03,,Arcade AI. Inc.,OI,buy,"$15,001 - $50,000",2026-03-02,2026-03-03,1,https://disclosures-clerk.house.gov/public_disc/ptr-pdfs/2026/20034102.pdf
"Miller, Hon. Max",R,OH07,,"New Water Capital Partners II, LP (GLAS Funds LP)",HN,buy,$318+,2026-02-27,2026-03-30,31,https://disclosures-clerk.house.gov/public_disc/ptr-pdfs/2026/20034247.pdf
"Miller, Hon. Max",R,OH07,,"New Water Capital Partners II, LP (GLAS Funds, LP)",HN,sell_partial,"$1,001 - $15,000",2026-02-27,2026-03-30,31,https://disclosures-clerk.house.gov/public_disc/ptr-pdfs/2026/20034247.pdf
"Moskowitz, Hon. Jared",D,FL23,ROP,"Roper Technologies, Inc.",ST,sell_full,"$1,001 - $15,000",2026-02-27,2026-03-30,31,https://disclosures-clerk.house.gov/public_disc/ptr-pdfs/2026/20034129.pdf
"Moskowitz, Hon. Jared",D,FL23,ROP,"Roper Technologies, Inc.",ST,sell_full,"$1,001 - $15,000",2026-02-27,2026-03-30,31,https://disclosures-clerk.house.gov/public_disc/ptr-pdfs/2026/20034129.pdf
"Moskowitz, Hon. Jared",D,FL23,ROP,"Roper Technologies, Inc.",ST,sell_full,"$1,001 - $15,000",2026-02-27,2026-03-30,31,https://disclosures-clerk.house.gov/public_disc/ptr-pdfs/2026/20034129.pdf
"Biggs, Hon. Sheri",R,SC03,,OAKTREE STRATEGIC CREDIT FUND CLASS S,OT,buy,"$1,001 - $15,000",2026-02-27,2026-03-21,22,https://disclosures-clerk.house.gov/public_disc/ptr-pdfs/2026/20034195.pdf
"Gottheimer, Hon. Josh",D,NJ05,,Infineon Technologies AG (IFNNY),ST,buy,"$1,001 - $15,000",2026-02-27,2026-03-16,17,https://disclosures-clerk.house.gov/public_disc/ptr-pdfs/2026/20034130.pdf
"Gottheimer, Hon. Josh",D,NJ05,PANW,"Palo Alto Networks, Inc.",ST,sell_full,"$1,001 - $15,000",2026-02-27,2026-03-16,17,https://disclosures-clerk.house.gov/public_disc/ptr-pdfs/2026/20034130.pdf
"Delaney, Hon. April McClain",,MD06,EME,"EMCOR Group, Inc. Common Stock",ST,buy,"$1,001 - $15,000",2026-02-27,2026-03-10,11,https://disclosures-clerk.house.gov/public_disc/ptr-pdfs/2026/20034159.pdf
"Delaney, Hon. April McClain",,MD06,JLL,Jones Lang LaSalle Incorporated Common Stock,ST,sell_partial,"$1,001 - $15,000",2026-02-27,2026-03-10,11,https://disclosures-clerk.house.gov/public_disc/ptr-pdfs/2026/20034159.pdf
"Delaney, Hon. April McClain",,MD06,NDAQ,"Nasdaq, Inc. - Common Stock",ST,buy,"$1,001 - $15,000",2026-02-27,2026-03-10,11,https://disclosures-clerk.house.gov/public_disc/ptr-pdfs/2026/20034159.pdf
"Gottheimer, Hon. Josh",D,NJ05,FSS,Federal Signal Corporation Common Stock,ST,buy,"$1,001 - $15,000",2026-02-26,2026-03-16,18,https://disclosures-clerk.house.gov/public_disc/ptr-pdfs/2026/20034130.pdf
"Cisneros, Hon. Gilbert",D,CA31,TSM,Taiwan Semiconductor Manufacturing Company Ltd.,ST,buy,"$1,001 - $15,000",2026-02-26,2026-03-09,11,https://disclosures-clerk.house.gov/public_disc/ptr-pdfs/2026/20034144.pdf
"Taylor, Hon. David J.",R,OH02,GOOGL,Alphabet Inc. - Class A Common Stock,ST,buy,"$1,001 - $15,000",2026-02-26,2026-03-06,8,https://disclosures-clerk.house.gov/public_disc/ptr-pdfs/2026/20034138.pdf
"Taylor, Hon. David J.",R,OH02,AMZN,"Amazon.com, Inc. - Common Stock",ST,buy,"$1,001 - $15,000",2026-02-26,2026-03-06,8,https://disclosures-clerk.house.gov/public_disc/ptr-pdfs/2026/20034138.pdf
"Taylor, Hon. David J.",R,OH02,AEP,"American Electric Power Company, Inc.",ST,sell_full,"$1,001 - $15,000",2026-02-26,2026-03-06,8,https://disclosures-clerk.house.gov/public_disc/ptr-pdfs/2026/20034138.pdf
"Taylor, Hon. David J.",R,OH02,AMGN,Amgen Inc. - Common Stock,ST,sell_full,"$1,001 - $15,000",2026-02-26,2026-03-06,8,https://disclosures-clerk.house.gov/public_disc/ptr-pdfs/2026/20034138.pdf
"Taylor, Hon. David J.",R,OH02,AAPL,Apple Inc. - Common Stock,ST,sell_full,"$1,001 - $15,000",2026-02-26,2026-03-06,8,https://disclosures-clerk.house.gov/public_disc/ptr-pdfs/2026/20034138.pdf
"Taylor, Hon. David J.",R,OH02,T,AT&T Inc.,ST,sell_full,"$1,001 - $15,000",2026-02-26,2026-03-06,8,https://disclosures-clerk.house.gov/public_disc/ptr-pdfs/2026/20034138.pdf
"Taylor, Hon. David J.",R,OH02,AVGO,Broadcom Inc. - Common Stock,ST,buy,"$1,001 - $15,000",2026-02-26,2026-03-06,8,https://disclosures-clerk.house.gov/public_disc/ptr-pdfs/2026/20034138.pdf
"Taylor, Hon. David J.",R,OH02,CVX,Chevron Corporation Common Stock,ST,sell_full,"$1,001 - $15,000",2026-02-26,2026-03-06,8,https://disclosures-clerk.house.gov/public_disc/ptr-pdfs/2026/20034138.pdf
"Taylor, Hon. David J.",R,OH02,ETN,"Eaton Corporation, PLC Ordinary Shares",ST,sell_full,"$1,001 - $15,000",2026-02-26,2026-03-06,8,https://disclosures-clerk.house.gov/public_disc/ptr-pdfs/2026/20034138.pdf
"Taylor, Hon. David J.",R,OH02,LLY,Eli Lilly and Company Common Stock,ST,buy,"$1,001 - $15,000",2026-02-26,2026-03-06,8,https://disclosures-clerk.house.gov/public_disc/ptr-pdfs/2026/20034138.pdf
"Taylor, Hon. David J.",R,OH02,FITB,Fifth Third Bancorp - Common Stock,ST,sell_full,"$1,001 - $15,000",2026-02-26,2026-03-06,8,https://disclosures-clerk.house.gov/public_disc/ptr-pdfs/2026/20034138.pdf
"Taylor, Hon. David J.",R,OH02,IBP,"Installed Building Products, Inc. Common Stock",ST,sell_full,"$1,001 - $15,000",2026-02-26,2026-03-06,8,https://disclosures-clerk.house.gov/public_disc/ptr-pdfs/2026/20034138.pdf
"Taylor, Hon. David J.",R,OH02,IBM,International Business Machines Corporation Common Stock,ST,sell_full,"$1,001 - $15,000",2026-02-26,2026-03-06,8,https://disclosures-clerk.house.gov/public_disc/ptr-pdfs/2026/20034138.pdf
"Taylor, Hon. David J.",R,OH02,IBM,International Business Machines Corporation Common Stock,ST,sell_full,"$15,001 - $50,000",2026-02-26,2026-03-06,8,https://disclosures-clerk.house.gov/public_disc/ptr-pdfs/2026/20034138.pdf
"Taylor, Hon. David J.",R,OH02,,Kroger Company (KR),ST,sell_full,"$1,001 - $15,000",2026-02-26,2026-03-06,8,https://disclosures-clerk.house.gov/public_disc/ptr-pdfs/2026/20034138.pdf
"Taylor, Hon. David J.",R,OH02,LRCX,Lam Research Corporation - Common Stock,ST,sell_full,"$1,001 - $15,000",2026-02-26,2026-03-06,8,https://disclosures-clerk.house.gov/public_disc/ptr-pdfs/2026/20034138.pdf
"Taylor, Hon. David J.",R,OH02,LRCX,Lam Research Corporation - Common Stock,ST,sell_full,"$1,001 - $15,000",2026-02-26,2026-03-06,8,https://disclosures-clerk.house.gov/public_disc/ptr-pdfs/2026/20034138.pdf
"Taylor, Hon. David J.",R,OH02,MPC,Marathon Petroleum Corporation Common Stock,ST,sell_full,"$1,001 - $15,000",2026-02-26,2026-03-06,8,https://disclosures-clerk.house.gov/public_disc/ptr-pdfs/2026/20034138.pdf
"Taylor, Hon. David J.",R,OH02,MEDP,"Medpace Holdings, Inc. - Common Stock",ST,buy,"$1,001 - $15,000",2026-02-26,2026-03-06,8,https://disclosures-clerk.house.gov/public_disc/ptr-pdfs/2026/20034138.pdf
"Taylor, Hon. David J.",R,OH02,MSFT,Microsoft Corporation - Common Stock,ST,buy,"$1,001 - $15,000",2026-02-26,2026-03-06,8,https://disclosures-clerk.house.gov/public_disc/ptr-pdfs/2026/20034138.pdf
"Taylor, Hon. David J.",R,OH02,PH,Parker-Hannifin Corporation Common Stock,ST,sell_full,"$1,001 - $15,000",2026-02-26,2026-03-06,8,https://disclosures-clerk.house.gov/public_disc/ptr-pdfs/2026/20034138.pdf
"Taylor, Hon. David J.",R,OH02,PH,Parker-Hannifin Corporation Common Stock,ST,sell_full,"$1,001 - $15,000",2026-02-26,2026-03-06,8,https://disclosures-clerk.house.gov/public_disc/ptr-pdfs/2026/20034138.pdf
"Taylor, Hon. David J.",R,OH02,,Procter & Gamble Company (PG),ST,sell_full,"$1,001 - $15,000",2026-02-26,2026-03-06,8,https://disclosures-clerk.house.gov/public_disc/ptr-pdfs/2026/20034138.pdf
"Taylor, Hon. David J.",R,OH02,PLD,"Prologis, Inc. Common Stock",ST,sell_full,"$1,001 - $15,000",2026-02-26,2026-03-06,8,https://disclosures-clerk.house.gov/public_disc/ptr-pdfs/2026/20034138.pdf
"Taylor, Hon. David J.",R,OH02,RPM,RPM International Inc. Common Stock,ST,sell_full,"$1,001 - $15,000",2026-02-26,2026-03-06,8,https://disclosures-clerk.house.gov/public_disc/ptr-pdfs/2026/20034138.pdf
"Taylor, Hon. David J.",R,OH02,CRM,"Salesforce, Inc. Common Stock",ST,sell_full,"$15,001 - $50,000",2026-02-26,2026-03-06,8,https://disclosures-clerk.house.gov/public_disc/ptr-pdfs/2026/20034138.pdf
"Taylor, Hon. David J.",R,OH02,CRM,"Salesforce, Inc. Common Stock",ST,sell_full,"$1,001 - $15,000",2026-02-26,2026-03-06,8,https://disclosures-clerk.house.gov/public_disc/ptr-pdfs/2026/20034138.pdf
"Taylor, Hon. David J.",R,OH02,V,Visa Inc.,ST,buy,"$1,001 - $15,000",2026-02-26,2026-03-06,8,https://disclosures-clerk.house.gov/public_disc/ptr-pdfs/2026/20034138.pdf
"Meuser, Hon. Daniel",R,PA09,NVDA,NVIDIA Corporation - Common Stock,ST,sell_partial,"$1,001 - $15,000",2026-02-25,2026-04-03,37,https://disclosures-clerk.house.gov/public_disc/ptr-pdfs/2026/20034158.pdf
"Delaney, Hon. April McClain",,MD06,MORN,"Morningstar, Inc. - Common Stock",ST,sell_partial,"$1,001 - $15,000",2026-02-25,2026-03-10,13,https://disclosures-clerk.house.gov/public_disc/ptr-pdfs/2026/20034159.pdf
"Delaney, Hon. April McClain",,MD06,TECH,Bio-Techne Corp - Common Stock,ST,sell_partial,"$1,001 - $15,000",2026-02-24,2026-03-10,14,https://disclosures-clerk.house.gov/public_disc/ptr-pdfs/2026/20034159.pdf
"Delaney, Hon. April McClain",,MD06,CDW,CDW Corporation - Common Stock,ST,sell_partial,"$1,001 - $15,000",2026-02-24,2026-03-10,14,https://disclosures-clerk.house.gov/public_disc/ptr-pdfs/2026/20034159.pdf
"Delaney, Hon. April McClain",,MD06,FBIN,"Fortune Brands Innovations, Inc. Common Stock",ST,sell_partial,"$1,001 - $15,000",2026-02-24,2026-03-10,14,https://disclosures-clerk.house.gov/public_disc/ptr-pdfs/2026/20034159.pdf
"Delaney, Hon. April McClain",,MD06,JLL,Jones Lang LaSalle Incorporated Common Stock,ST,sell_partial,"$1,001 - $15,000",2026-02-24,2026-03-10,14,https://disclosures-clerk.house.gov/public_disc/ptr-pdfs/2026/20034159.pdf
"Delaney, Hon. April McClain",,MD06,PAYX,"Paychex, Inc. - Common Stock",ST,sell_partial,"$1,001 - $15,000",2026-02-24,2026-03-10,14,https://disclosures-clerk.house.gov/public_disc/ptr-pdfs/2026/20034159.pdf
"Cisneros, Hon. Gilbert",D,CA31,MU,"Micron Technology, Inc. - Common Stock",ST,buy,"$1,001 - $15,000",2026-02-24,2026-03-09,13,https://disclosures-clerk.house.gov/public_disc/ptr-pdfs/2026/20034144.pdf
"Cisneros, Hon. Gilbert",D,CA31,ORCL,Oracle Corporation Common Stock,ST,sell_partial,"$1,001 - $15,000",2026-02-24,2026-03-09,13,https://disclosures-clerk.house.gov/public_disc/ptr-pdfs/2026/20034144.pdf
"Cisneros, Hon. Gilbert",D,CA31,HOOD,"Robinhood Markets, Inc. - Class A Common Stock",ST,sell_partial,"$1,001 - $15,000",2026-02-24,2026-03-09,13,https://disclosures-clerk.house.gov/public_disc/ptr-pdfs/2026/20034144.pdf
"Cisneros, Hon. Gilbert",D,CA31,UBER,"Uber Technologies, Inc. Common Stock",ST,sell_partial,"$1,001 - $15,000",2026-02-24,2026-03-09,13,https://disclosures-clerk.house.gov/public_disc/ptr-pdfs/2026/20034144.pdf
"Menefee, Hon. Christian D.",,TX18,PINS,"Pinterest, Inc. Class A Common Stock",ST,sell_full,"$15,001 - $50,000",2026-02-23,2026-06-01,98,https://disclosures-clerk.house.gov/public_disc/ptr-pdfs/2026/20034099.pdf
"Cohen, Hon. Steve",D,TN09,,"US Treasury Bills, due 8/20/2026",GS,buy,"$500,001 - $1,000,000",2026-02-23,2026-03-26,31,https://disclosures-clerk.house.gov/public_disc/ptr-pdfs/2026/20034167.pdf
"DelBene, Hon. Suzan K.",D,WA01,,"Southeast Energy Auth Coop Dist Ala 5.00% Due Sep 1, 2035",GS,buy,"$15,001 - $50,000",2026-02-23,2026-03-12,17,https://disclosures-clerk.house.gov/public_disc/ptr-pdfs/2026/20034155.pdf
"Kelly, Hon. Mike",R,PA16,,Rhode Island St Hith & Edu Brown Ser 2026,GS,buy,"$15,001 - $50,000",2026-02-23,2026-03-12,17,https://disclosures-clerk.house.gov/public_disc/ptr-pdfs/2026/20034168.pdf
"Delaney, Hon. April McClain",,MD06,CLH,"Clean Harbors, Inc. Common Stock",ST,buy,"$15,001 - $50,000",2026-02-23,2026-03-10,15,https://disclosures-clerk.house.gov/public_disc/ptr-pdfs/2026/20034159.pdf
"Delaney, Hon. April McClain",,MD06,ENTG,"Entegris, Inc. - Common Stock",ST,sell_partial,"$1,001 - $15,000",2026-02-23,2026-03-10,15,https://disclosures-clerk.house.gov/public_disc/ptr-pdfs/2026/20034159.pdf
"Delaney, Hon. April McClain",,MD06,JLL,Jones Lang LaSalle Incorporated Common Stock,ST,sell_partial,"$1,001 - $15,000",2026-02-23,2026-03-10,15,https://disclosures-clerk.house.gov/public_disc/ptr-pdfs/2026/20034159.pdf
"Delaney, Hon. April McClain",,MD06,PAYX,"Paychex, Inc. - Common Stock",ST,sell_partial,"$1,001 - $15,000",2026-02-23,2026-03-10,15,https://disclosures-clerk.house.gov/public_disc/ptr-pdfs/2026/20034159.pdf
"Cisneros, Hon. Gilbert",D,CA31,SKY,"Champion Homes, Inc. Common Stock",ST,buy,"$1,001 - $15,000",2026-02-23,2026-03-09,14,https://disclosures-clerk.house.gov/public_disc/ptr-pdfs/2026/20034144.pdf
"Cisneros, Hon. Gilbert",D,CA31,TPH,"Tri Pointe Homes, Inc. Common Stock",ST,sell_partial,"$1,001 - $15,000",2026-02-23,2026-03-09,14,https://disclosures-clerk.house.gov/public_disc/ptr-pdfs/2026/20034144.pdf
"Rulli, Hon. Michael",R,OH06,MSFT,Microsoft Corporation - Common Stock,ST,sell_full,"$1,001 - $15,000",2026-02-20,2026-08-07,168,https://disclosures-clerk.house.gov/public_disc/ptr-pdfs/2026/20035147.pdf
"Bresnahan, Hon. Rob",R,PA08,,"Parkland, PA School District Municipal Bond",GS,buy,"$50,001 - $100,000",2026-02-20,2026-03-18,26,https://disclosures-clerk.house.gov/public_disc/ptr-pdfs/2026/20034202.pdf
"Gottheimer, Hon. Josh",D,NJ05,INTU,Intuit Inc. - Common Stock,ST,sell_partial,"$1,001 - $15,000",2026-02-20,2026-03-16,24,https://disclosures-clerk.house.gov/public_disc/ptr-pdfs/2026/20034130.pdf
"Keating, Hon. William R.",D,MA09,,ALPHABET INC NOTE CALL MAKE WHOLE 4.70000% 11/15/2035,CS,buy,"$1,001 - $15,000",2026-02-20,2026-03-16,24,https://disclosures-clerk.house.gov/public_disc/ptr-pdfs/2026/20034177.pdf
"Keating, Hon. William R.",D,MA09,,UNITED STATES TREAS BILLS ZERO CPN 0.00000% 03/24/2026,GS,buy,"$1,001 - $15,000",2026-02-20,2026-03-16,24,https://disclosures-clerk.house.gov/public_disc/ptr-pdfs/2026/20034177.pdf
"Letlow, Hon. Julia",R,LA05,BXP,"BXP, Inc. Common Stock",ST,sell_full,"$1,001 - $15,000",2026-02-20,2026-03-12,20,https://disclosures-clerk.house.gov/public_disc/ptr-pdfs/2026/20034106.pdf
"Letlow, Hon. Julia",R,LA05,DINO,HF Sinclair Corporation Common Stock,ST,sell_full,"$1,001 - $15,000",2026-02-20,2026-03-12,20,https://disclosures-clerk.house.gov/public_disc/ptr-pdfs/2026/20034106.pdf
"Letlow, Hon. Julia",R,LA05,TRV,"The Travelers Companies, Inc. Common Stock",ST,buy,"$1,001 - $15,000",2026-02-20,2026-03-12,20,https://disclosures-clerk.house.gov/public_disc/ptr-pdfs/2026/20034106.pdf
"Delaney, Hon. April McClain",,MD06,ROL,"Rollins, Inc. Common Stock",ST,buy,"$1,001 - $15,000",2026-02-20,2026-03-10,18,https://disclosures-clerk.house.gov/public_disc/ptr-pdfs/2026/20034159.pdf
"Cisneros, Hon. Gilbert",D,CA31,XIACF,XIAOMI CORP,ST,sell_full,"$1,001 - $15,000",2026-02-20,2026-03-09,17,https://disclosures-clerk.house.gov/public_disc/ptr-pdfs/2026/20034144.pdf
"Cohen, Hon. Steve",D,TN09,,United States Treasury Bill Mat 5/21/26,GS,buy,"$250,001 - $500,000",2026-02-20,2026-03-05,13,https://disclosures-clerk.house.gov/public_disc/ptr-pdfs/2026/20034119.pdf
"Morrison, Hon. Kelly Louise",D,MN03,,Rhoda AI,OI,buy,"$15,001 - $50,000",2026-02-20,2026-02-25,5,https://disclosures-clerk.house.gov/public_disc/ptr-pdfs/2026/20034056.pdf
"Biggs, Hon. Sheri",R,SC03,,BARCLAYS BANK PLC TAR-SS INTL BASKET,CS,sell_full,"$100,001 - $250,000",2026-02-19,2026-03-21,30,https://disclosures-clerk.house.gov/public_disc/ptr-pdfs/2026/20034195.pdf
"Peters, Hon. Scott H.",D,CA50,,U. S. Treasury Bills,GS,sell_partial,"$500,001 - $1,000,000",2026-02-19,2026-03-18,27,https://disclosures-clerk.house.gov/public_disc/ptr-pdfs/2026/20034178.pdf
"Kelly, Hon. Mike",R,PA16,,South Carolina St Public Svc A Ser C Rev 5% due12/01/33,GS,buy,"$15,001 - $50,000",2026-02-19,2026-03-12,21,https://disclosures-clerk.house.gov/public_disc/ptr-pdfs/2026/20034168.pdf
"Allen, Hon. Richard W.",R,GA12,INTU,Intuit Inc. - Common Stock,ST,sell_full,"$1,001 - $15,000",2026-02-19,2026-03-11,20,https://disclosures-clerk.house.gov/public_disc/ptr-pdfs/2026/20034133.pdf
"Allen, Hon. Richard W.",R,GA12,KMI,"Kinder Morgan, Inc. Common Stock",ST,buy,"$1,001 - $15,000",2026-02-19,2026-03-11,20,https://disclosures-clerk.house.gov/public_disc/ptr-pdfs/2026/20034133.pdf
"Allen, Hon. Richard W.",R,GA12,TSM,Taiwan Semiconductor Manufacturing Company Ltd.,ST,buy,"$1,001 - $15,000",2026-02-19,2026-03-11,20,https://disclosures-clerk.house.gov/public_disc/ptr-pdfs/2026/20034133.pdf
"Delaney, Hon. April McClain",,MD06,MORN,"Morningstar, Inc. - Common Stock",ST,sell_partial,"$1,001 - $15,000",2026-02-19,2026-03-10,19,https://disclosures-clerk.house.gov/public_disc/ptr-pdfs/2026/20034159.pdf
"Beyer, Hon. Donald Sternoff, Jr",D,VA08,,Arlington Cnty VA 5.00% 7/01/35,GS,buy,"$15,001 - $50,000",2026-02-19,2026-03-01,10,https://disclosures-clerk.house.gov/public_disc/ptr-pdfs/2026/20034085.pdf
"Biggs, Hon. Sheri",R,SC03,,US TSY BOND DUE 02/15/36,GS,buy,"$15,001 - $50,000",2026-02-18,2026-03-21,31,https://disclosures-clerk.house.gov/public_disc/ptr-pdfs/2026/20034195.pdf
"Kean, Hon. Thomas H., Jr",R,NJ07,LIN,Linde plc - Ordinary Shares,ST,buy,"$1,001 - $15,000",2026-02-18,2026-03-18,28,https://disclosures-clerk.house.gov/public_disc/ptr-pdfs/2026/20034190.pdf
"Kean, Hon. Thomas H., Jr",R,NJ07,,U.S. Treasury Note,GS,buy,"$50,001 - $100,000",2026-02-18,2026-03-18,28,https://disclosures-clerk.house.gov/public_disc/ptr-pdfs/2026/20034190.pdf
"Kean, Hon. Thomas H., Jr",R,NJ07,,U.S. Treasury Note,GS,buy,"$50,001 - $100,000",2026-02-18,2026-03-18,28,https://disclosures-clerk.house.gov/public_disc/ptr-pdfs/2026/20034190.pdf
"Suozzi, Hon. Thomas",D,NY03,AMD,"Advanced Micro Devices, Inc. - Common Stock",ST,sell_full,"$1,001 - $15,000",2026-02-18,2026-03-17,27,https://disclosures-clerk.house.gov/public_disc/ptr-pdfs/2026/20034188.pdf
"Suozzi, Hon. Thomas",D,NY03,AAPL,Apple Inc. - Common Stock,ST,sell_full,"$15,001 - $50,000",2026-02-18,2026-03-17,27,https://disclosures-clerk.house.gov/public_disc/ptr-pdfs/2026/20034188.pdf
"Suozzi, Hon. Thomas",D,NY03,PLTR,Palantir Technologies Inc. - Class A Common Stock,ST,sell_full,"$15,001 - $50,000",2026-02-18,2026-03-17,27,https://disclosures-clerk.house.gov/public_disc/ptr-pdfs/2026/20034188.pdf
"Suozzi, Hon. Thomas",D,NY03,URI,"United Rentals, Inc. Common Stock",ST,sell_full,"$15,001 - $50,000",2026-02-18,2026-03-17,27,https://disclosures-clerk.house.gov/public_disc/ptr-pdfs/2026/20034188.pdf
"Suozzi, Hon. Thomas",D,NY03,,United States Treasury Bill,GS,buy,"$15,001 - $50,000",2026-02-18,2026-03-17,27,https://disclosures-clerk.house.gov/public_disc/ptr-pdfs/2026/20034188.pdf
"Gottheimer, Hon. Josh",D,NJ05,CVNA,Carvana Co. Class A Common Stock,ST,sell_partial,"$1,001 - $15,000",2026-02-18,2026-03-16,26,https://disclosures-clerk.house.gov/public_disc/ptr-pdfs/2026/20034130.pdf
"Gottheimer, Hon. Josh",D,NJ05,V,Visa Inc.,ST,sell_partial,"$1,001 - $15,000",2026-02-18,2026-03-16,26,https://disclosures-clerk.house.gov/public_disc/ptr-pdfs/2026/20034130.pdf
"Allen, Hon. Richard W.",R,GA12,INTU,Intuit Inc. - Common Stock,ST,sell_full,"$15,001 - $50,000",2026-02-18,2026-03-11,21,https://disclosures-clerk.house.gov/public_disc/ptr-pdfs/2026/20034133.pdf
"Allen, Hon. Richard W.",R,GA12,,US Treasury Note 4% DUE 7/31/29 (91282CLC3),GS,buy,"$50,001 - $100,000",2026-02-18,2026-03-11,21,https://disclosures-clerk.house.gov/public_disc/ptr-pdfs/2026/20034133.pdf
"Delaney, Hon. April McClain",,MD06,BJ,"BJ's Wholesale Club Holdings, Inc. Common Stock",ST,sell_partial,"$1,001 - $15,000",2026-02-18,2026-03-10,20,https://disclosures-clerk.house.gov/public_disc/ptr-pdfs/2026/20034159.pdf
"Delaney, Hon. April McClain",,MD06,JLL,Jones Lang LaSalle Incorporated Common Stock,ST,sell_partial,"$1,001 - $15,000",2026-02-18,2026-03-10,20,https://disclosures-clerk.house.gov/public_disc/ptr-pdfs/2026/20034159.pdf
"Delaney, Hon. April McClain",,MD06,ROL,"Rollins, Inc. Common Stock",ST,buy,"$1,001 - $15,000",2026-02-18,2026-03-10,20,https://disclosures-clerk.house.gov/public_disc/ptr-pdfs/2026/20034159.pdf
"Delaney, Hon. April McClain",,MD06,MIDD,The Middleby Corporation - Common Stock,ST,sell_partial,"$1,001 - $15,000",2026-02-18,2026-03-10,20,https://disclosures-clerk.house.gov/public_disc/ptr-pdfs/2026/20034159.pdf
"Cisneros, Hon. Gilbert",D,CA31,APPF,"AppFolio, Inc. - Class A Common Stock",ST,sell_partial,"$1,001 - $15,000",2026-02-18,2026-03-09,19,https://disclosures-clerk.house.gov/public_disc/ptr-pdfs/2026/20034144.pdf
"Cisneros, Hon. Gilbert",D,CA31,PAR,PAR Technology Corporation Common Stock,ST,sell_full,"$1,001 - $15,000",2026-02-18,2026-03-09,19,https://disclosures-clerk.house.gov/public_disc/ptr-pdfs/2026/20034144.pdf
"Cisneros, Hon. Gilbert",D,CA31,PRIM,Primoris Services Corporation,ST,sell_partial,"$1,001 - $15,000",2026-02-18,2026-03-09,19,https://disclosures-clerk.house.gov/public_disc/ptr-pdfs/2026/20034144.pdf
"Cisneros, Hon. Gilbert",D,CA31,DSGX,The Descartes Systems Group Inc. - Common Stock,ST,sell_partial,"$1,001 - $15,000",2026-02-18,2026-03-09,19,https://disclosures-clerk.house.gov/public_disc/ptr-pdfs/2026/20034144.pdf
"Cisneros, Hon. Gilbert",D,CA31,RARE,Ultragenyx Pharmaceutical Inc. - Common Stock,ST,buy,"$1,001 - $15,000",2026-02-18,2026-03-09,19,https://disclosures-clerk.house.gov/public_disc/ptr-pdfs/2026/20034144.pdf
"Moore, Hon. Tim",R,NC14,COIN,"Coinbase Global, Inc. - 3Class A Common Stock",ST,sell_full,"$1,001 - $15,000",2026-02-18,2026-02-20,2,https://disclosures-clerk.house.gov/public_disc/ptr-pdfs/2026/20034034.pdf
"Menefee, Hon. Christian D.",,TX18,PINS,"Pinterest, Inc. Class A Common Stock",ST,sell_full,"$1,001 - $15,000",2026-02-17,2026-06-01,104,https://disclosures-clerk.house.gov/public_disc/ptr-pdfs/2026/20034099.pdf
"Biggs, Hon. Sheri",R,SC03,,US TSY NOTE DUE 02/15/26,GS,sell_full,"$15,001 - $50,000",2026-02-17,2026-03-21,32,https://disclosures-clerk.house.gov/public_disc/ptr-pdfs/2026/20034195.pdf
"Suozzi, Hon. Thomas",D,NY03,,US Treasury Bill,GS,sell_full,"$15,001 - $50,000",2026-02-17,2026-03-17,28,https://disclosures-clerk.house.gov/public_disc/ptr-pdfs/2026/20034188.pdf
"Shreve, Hon. Jefferson",R,IN06,,Prudential RILA - 10% Buffer 3-year Alliance Bernstein 500 Plus Index,VA,buy,"$1,000,001 - $5,000,000",2026-02-17,2026-03-14,25,https://disclosures-clerk.house.gov/public_disc/ptr-pdfs/2026/20034084.pdf
"Shreve, Hon. Jefferson",R,IN06,,Prudential RILA - 10% Buffer 3-year S&P 500 Index,VA,buy,"$1,000,001 - $5,000,000",2026-02-17,2026-03-14,25,https://disclosures-clerk.house.gov/public_disc/ptr-pdfs/2026/20034084.pdf
"Shreve, Hon. Jefferson",R,IN06,,Alliance Bernstein 500 Plus Index with participation rate,VA,buy,"$1,000,001 - $5,000,000",2026-02-17,2026-03-14,25,https://disclosures-clerk.house.gov/public_disc/ptr-pdfs/2026/20034084.pdf
"Jackson, Hon. Jonathan",D,IL01,IBM,International Business Machines Corporation Common Stock,ST,sell_full,"$50,001 - $100,000",2026-02-17,2026-03-12,23,https://disclosures-clerk.house.gov/public_disc/ptr-pdfs/2026/20034113.pdf
"Jackson, Hon. Jonathan",D,IL01,IBM,International Business Machines Corporation Common Stock,ST,sell_full,"$1,001 - $15,000",2026-02-17,2026-03-12,23,https://disclosures-clerk.house.gov/public_disc/ptr-pdfs/2026/20034113.pdf
"Jackson, Hon. Jonathan",D,IL01,BK,The Bank of New York Mellon Corporation Common Stock,ST,buy,"$1,001 - $15,000",2026-02-17,2026-03-12,23,https://disclosures-clerk.house.gov/public_disc/ptr-pdfs/2026/20034113.pdf
"Jackson, Hon. Jonathan",D,IL01,BK,The Bank of New York Mellon Corporation Common Stock,ST,buy,"$50,001 - $100,000",2026-02-17,2026-03-12,23,https://disclosures-clerk.house.gov/public_disc/ptr-pdfs/2026/20034113.pdf
"Letlow, Hon. Julia",R,LA05,EXE,Expand Energy Corporation - Common Stock,ST,sell_full,"$1,001 - $15,000",2026-02-17,2026-03-12,23,https://disclosures-clerk.house.gov/public_disc/ptr-pdfs/2026/20034106.pdf
"Letlow, Hon. Julia",R,LA05,PEG,Public Service Enterprise Group Incorporated Common Stock,ST,sell_full,"$1,001 - $15,000",2026-02-17,2026-03-12,23,https://disclosures-clerk.house.gov/public_disc/ptr-pdfs/2026/20034106.pdf
"Letlow, Hon. Julia",R,LA05,VST,Vistra Corp. Common Stock,ST,buy,"$1,001 - $15,000",2026-02-17,2026-03-12,23,https://disclosures-clerk.house.gov/public_disc/ptr-pdfs/2026/20034106.pdf
"Scott, Hon. Austin",R,GA08,GE,GE Aerospace Common Stock,ST,sell_full,"$1,001 - $15,000",2026-02-17,2026-03-12,23,https://disclosures-clerk.house.gov/public_disc/ptr-pdfs/2026/20032279.pdf
"Scott, Hon. Austin",R,GA08,GEV,GE Vernova Inc. Common Stock,ST,sell_full,"$1,001 - $15,000",2026-02-17,2026-03-12,23,https://disclosures-clerk.house.gov/public_disc/ptr-pdfs/2026/20032279.pdf
"Delaney, Hon. April McClain",,MD06,MIDD,The Middleby Corporation - Common Stock,ST,sell_partial,"$1,001 - $15,000",2026-02-17,2026-03-10,21,https://disclosures-clerk.house.gov/public_disc/ptr-pdfs/2026/20034159.pdf
"Cisneros, Hon. Gilbert",D,CA31,FSV,FirstService Corporation - Common Shares,ST,buy,"$1,001 - $15,000",2026-02-17,2026-03-09,20,https://disclosures-clerk.house.gov/public_disc/ptr-pdfs/2026/20034144.pdf
"Doggett, Hon. Lloyd",D,TX37,,Procter & Gamble Company (PG),ST,buy,"$1,001 - $15,000",2026-02-17,2026-03-05,16,https://disclosures-clerk.house.gov/public_disc/ptr-pdfs/2026/20034132.pdf
"Auchincloss, Hon. Jake",D,MA04,STT,State Street Corporation Common Stock,ST,sell_partial,"$15,001 - $50,000",2026-02-17,2026-02-19,2,https://disclosures-clerk.house.gov/public_disc/ptr-pdfs/2026/20034024.pdf
"Biggs, Hon. Sheri",R,SC03,,US TSY DUE 02/15/26,GS,sell_full,"$1,001 - $15,000",2026-02-15,2026-03-21,34,https://disclosures-clerk.house.gov/public_disc/ptr-pdfs/2026/20034195.pdf
"Kean, Hon. Thomas H., Jr",R,NJ07,WAT,Waters Corporation Common Stock,ST,sell_partial,"$1,001 - $15,000",2026-02-13,2026-03-18,33,https://disclosures-clerk.house.gov/public_disc/ptr-pdfs/2026/20034190.pdf
"Peters, Hon. Scott H.",D,CA50,,"Stepstone Tactical Growth Fund III, LP",OT,buy,"$1,001 - $15,000",2026-02-13,2026-03-18,33,https://disclosures-clerk.house.gov/public_disc/ptr-pdfs/2026/20034178.pdf
"Delaney, Hon. April McClain",,MD06,BJ,"BJ's Wholesale Club Holdings, Inc. Common Stock",ST,sell_partial,"$1,001 - $15,000",2026-02-13,2026-03-10,25,https://disclosures-clerk.house.gov/public_disc/ptr-pdfs/2026/20034159.pdf
"Delaney, Hon. April McClain",,MD06,CHRW,"C.H. Robinson Worldwide, Inc. - Common Stock",ST,buy,"$15,001 - $50,000",2026-02-13,2026-03-10,25,https://disclosures-clerk.house.gov/public_disc/ptr-pdfs/2026/20034159.pdf
"Delaney, Hon. April McClain",,MD06,ROL,"Rollins, Inc. Common Stock",ST,buy,"$15,001 - $50,000",2026-02-13,2026-03-10,25,https://disclosures-clerk.house.gov/public_disc/ptr-pdfs/2026/20034159.pdf
"Cisneros, Hon. Gilbert",D,CA31,FSV,FirstService Corporation - Common Shares,ST,buy,"$1,001 - $15,000",2026-02-13,2026-03-09,24,https://disclosures-clerk.house.gov/public_disc/ptr-pdfs/2026/20034144.pdf
"Cisneros, Hon. Gilbert",D,CA31,MHVYF,Mitsubishi Heavy Industries Ltd Ordinary Shares,ST,buy,"$1,001 - $15,000",2026-02-13,2026-03-09,24,https://disclosures-clerk.house.gov/public_disc/ptr-pdfs/2026/20034144.pdf
"Foxx, Hon. Virginia",R,NC05,ARLP,Common Units Representing Limited Partnership Interests,ST,buy,"$1,001 - $15,000",2026-02-13,2026-03-02,17,https://disclosures-clerk.house.gov/public_disc/ptr-pdfs/2026/20034095.pdf
"Case, Hon. Ed",D,HI01,AAPL,Apple Inc. - Common Stock,ST,buy,"$1,001 - $15,000",2026-02-12,2026-03-14,30,https://disclosures-clerk.house.gov/public_disc/ptr-pdfs/2026/20034176.pdf
"Letlow, Hon. Julia",R,LA05,T,AT&T Inc.,ST,sell_full,"$1,001 - $15,000",2026-02-12,2026-03-12,28,https://disclosures-clerk.house.gov/public_disc/ptr-pdfs/2026/20034106.pdf
"Letlow, Hon. Julia",R,LA05,AVGO,Broadcom Inc. - Common Stock,ST,sell_partial,"$1,001 - $15,000",2026-02-12,2026-03-12,28,https://disclosures-clerk.house.gov/public_disc/ptr-pdfs/2026/20034106.pdf
"Letlow, Hon. Julia",R,LA05,EXR,Extra Space Storage Inc Common Stock,ST,buy,"$1,001 - $15,000",2026-02-12,2026-03-12,28,https://disclosures-clerk.house.gov/public_disc/ptr-pdfs/2026/20034106.pdf
"Letlow, Hon. Julia",R,LA05,ICLR,ICON plc - Ordinary Shares,ST,sell_full,"$1,001 - $15,000",2026-02-12,2026-03-12,28,https://disclosures-clerk.house.gov/public_disc/ptr-pdfs/2026/20034106.pdf
"Letlow, Hon. Julia",R,LA05,META,"Meta Platforms, Inc. - Class A Common Stock",ST,buy,"$1,001 - $15,000",2026-02-12,2026-03-12,28,https://disclosures-clerk.house.gov/public_disc/ptr-pdfs/2026/20034106.pdf
"Letlow, Hon. Julia",R,LA05,REGN,"Regeneron Pharmaceuticals, Inc. - Common Stock",ST,buy,"$1,001 - $15,000",2026-02-12,2026-03-12,28,https://disclosures-clerk.house.gov/public_disc/ptr-pdfs/2026/20034106.pdf
"Letlow, Hon. Julia",R,LA05,TTWO,"Take-Two Interactive Software, Inc. - Common Stock",ST,sell_full,"$1,001 - $15,000",2026-02-12,2026-03-12,28,https://disclosures-clerk.house.gov/public_disc/ptr-pdfs/2026/20034106.pdf
"Cisneros, Hon. Gilbert",D,CA31,COIN,"Coinbase Global, Inc. - 3Class A Common Stock",ST,sell_full,"$1,001 - $15,000",2026-02-12,2026-03-09,25,https://disclosures-clerk.house.gov/public_disc/ptr-pdfs/2026/20034144.pdf
"Fields, Cleo",D,LA06,AAPL,Apple Inc. - Common Stock,ST,buy,"$1,001 - $15,000",2026-02-12,2026-02-24,12,https://disclosures-clerk.house.gov/public_disc/ptr-pdfs/2026/20034018.pdf
"Moore, Hon. Tim",R,NC14,DNUT,"Krispy Kreme, Inc. - Common Stock",ST,buy,"$1,001 - $15,000",2026-02-12,2026-02-20,8,https://disclosures-clerk.house.gov/public_disc/ptr-pdfs/2026/20034034.pdf
"Jackson, Hon. Jonathan",D,IL01,AMZN,"Amazon.com, Inc. - Common Stock",ST,sell_full,"$1,001 - $15,000",2026-02-11,2026-03-12,29,https://disclosures-clerk.house.gov/public_disc/ptr-pdfs/2026/20034113.pdf
"Jackson, Hon. Jonathan",D,IL01,C,"Citigroup, Inc. Common Stock",ST,buy,"$1,001 - $15,000",2026-02-11,2026-03-12,29,https://disclosures-clerk.house.gov/public_disc/ptr-pdfs/2026/20034113.pdf
"Jackson, Hon. Jonathan",D,IL01,THC,Tenet Healthcare Corporation Common Stock,ST,sell_partial,"$1,001 - $15,000",2026-02-11,2026-03-12,29,https://disclosures-clerk.house.gov/public_disc/ptr-pdfs/2026/20034113.pdf
"Jackson, Hon. Jonathan",D,IL01,WELL,Welltower Inc. Common Stock,ST,buy,"$1,001 - $15,000",2026-02-11,2026-03-12,29,https://disclosures-clerk.house.gov/public_disc/ptr-pdfs/2026/20034113.pdf
"Delaney, Hon. April McClain",,MD06,JLL,Jones Lang LaSalle Incorporated Common Stock,ST,sell_partial,"$15,001 - $50,000",2026-02-11,2026-03-10,27,https://disclosures-clerk.house.gov/public_disc/ptr-pdfs/2026/20034159.pdf
"Delaney, Hon. April McClain",,MD06,LH,Labcorp Holdings Inc. Common Stock,ST,buy,"$1,001 - $15,000",2026-02-11,2026-03-10,27,https://disclosures-clerk.house.gov/public_disc/ptr-pdfs/2026/20034159.pdf
"Delaney, Hon. April McClain",,MD06,MIDD,The Middleby Corporation - Common Stock,ST,sell_partial,"$1,001 - $15,000",2026-02-11,2026-03-10,27,https://disclosures-clerk.house.gov/public_disc/ptr-pdfs/2026/20034159.pdf
"Delaney, Hon. April McClain",,MD06,VIK,Viking Holdings Ltd Ordinary Shares,ST,sell_partial,"$1,001 - $15,000",2026-02-11,2026-03-10,27,https://disclosures-clerk.house.gov/public_disc/ptr-pdfs/2026/20034159.pdf
"Morrison, Hon. Kelly Louise",D,MN03,,Axiom Quant Inc. (dba Axiom Math),OI,buy,"$15,001 - $50,000",2026-02-11,2026-03-02,19,https://disclosures-clerk.house.gov/public_disc/ptr-pdfs/2026/20034082.pdf
"Morrison, Hon. Kelly Louise",D,MN03,,HM Companies LLC,OI,buy,"$1,001 - $15,000",2026-02-11,2026-03-02,19,https://disclosures-clerk.house.gov/public_disc/ptr-pdfs/2026/20034082.pdf
"Morrison, Hon. Kelly Louise",D,MN03,,Project Stardust,OI,buy,"$15,001 - $50,000",2026-02-11,2026-02-25,14,https://disclosures-clerk.house.gov/public_disc/ptr-pdfs/2026/20034056.pdf
"Moore, Hon. Tim",R,NC14,SMPL,The Simply Good Foods Company - Common Stock,ST,buy,"$15,001 - $50,000",2026-02-11,2026-02-20,9,https://disclosures-clerk.house.gov/public_disc/ptr-pdfs/2026/20034034.pdf
"Walberg, Hon. Tim",R,MI05,UA,"Under Armour, Inc. Class C Common Stock",ST,sell_full,"$1,001 - $15,000",2026-02-10,2026-06-03,113,https://disclosures-clerk.house.gov/public_disc/ptr-pdfs/2026/20034660.pdf
"Menefee, Hon. Christian D.",,TX18,BRK.B,Berkshire Hathaway Inc. New Common Stock,ST,sell_full,"$1,001 - $15,000",2026-02-10,2026-06-01,111,https://disclosures-clerk.house.gov/public_disc/ptr-pdfs/2026/20034099.pdf
"Menefee, Hon. Christian D.",,TX18,BRK.B,Berkshire Hathaway Inc. New Common Stock,ST,sell_full,"$15,001 - $50,000",2026-02-10,2026-06-01,111,https://disclosures-clerk.house.gov/public_disc/ptr-pdfs/2026/20034099.pdf
"Menefee, Hon. Christian D.",,TX18,BRK.B,Berkshire Hathaway Inc. New Common Stock,ST,sell_full,"$15,001 - $50,000",2026-02-10,2026-06-01,111,https://disclosures-clerk.house.gov/public_disc/ptr-pdfs/2026/20034099.pdf
"Pfluger, Hon. August Lee, II",R,TX11,WBD,"Warner Bros. Discovery, Inc. - Series A Common Stock",ST,sell_full,"$1,001 - $15,000",2026-02-10,2026-03-19,37,https://disclosures-clerk.house.gov/public_disc/ptr-pdfs/2026/20034054.pdf
"Letlow, Hon. Julia",R,LA05,HUM,Humana Inc. Common Stock,ST,sell_full,"$1,001 - $15,000",2026-02-10,2026-03-12,30,https://disclosures-clerk.house.gov/public_disc/ptr-pdfs/2026/20034106.pdf
"Delaney, Hon. April McClain",,MD06,TSCO,Tractor Supply Company - Common Stock,ST,buy,"$1,001 - $15,000",2026-02-10,2026-03-10,28,https://disclosures-clerk.house.gov/public_disc/ptr-pdfs/2026/20034159.pdf
"Cisneros, Hon. Gilbert",D,CA31,ABT,Abbott Laboratories Common Stock,ST,sell_partial,"$1,001 - $15,000",2026-02-10,2026-03-09,27,https://disclosures-clerk.house.gov/public_disc/ptr-pdfs/2026/20034144.pdf
"Cisneros, Hon. Gilbert",D,CA31,ACN,Accenture plc Class A Ordinary Shares,ST,sell_full,"$1,001 - $15,000",2026-02-10,2026-03-09,27,https://disclosures-clerk.house.gov/public_disc/ptr-pdfs/2026/20034144.pdf
"Cisneros, Hon. Gilbert",D,CA31,AMD,"Advanced Micro Devices, Inc.",ST,buy,"$1,001 - $15,000",2026-02-10,2026-03-09,27,https://disclosures-clerk.house.gov/public_disc/ptr-pdfs/2026/20034144.pdf
"Cisneros, Hon. Gilbert",D,CA31,AMZN,"Amazon.com, Inc. - Common Stock",ST,buy,"$1,001 - $15,000",2026-02-10,2026-03-09,27,https://disclosures-clerk.house.gov/public_disc/ptr-pdfs/2026/20034144.pdf
"Cisneros, Hon. Gilbert",D,CA31,AME,"AMETEK, Inc.",ST,sell_partial,"$1,001 - $15,000",2026-02-10,2026-03-09,27,https://disclosures-clerk.house.gov/public_disc/ptr-pdfs/2026/20034144.pdf
"Cisneros, Hon. Gilbert",D,CA31,APP,Applovin Corporation - Class A Common Stock,ST,sell_partial,"$1,001 - $15,000",2026-02-10,2026-03-09,27,https://disclosures-clerk.house.gov/public_disc/ptr-pdfs/2026/20034144.pdf
"Cisneros, Hon. Gilbert",D,CA31,AJG,Arthur J. Gallagher & Co. Common Stock,ST,sell_full,"$1,001 - $15,000",2026-02-10,2026-03-09,27,https://disclosures-clerk.house.gov/public_disc/ptr-pdfs/2026/20034144.pdf
"Cisneros, Hon. Gilbert",D,CA31,SQ,"Block, Inc. Class A Common Stock",ST,sell_full,"$1,001 - $15,000",2026-02-10,2026-03-09,27,https://disclosures-clerk.house.gov/public_disc/ptr-pdfs/2026/20034144.pdf
"Cisneros, Hon. Gilbert",D,CA31,BKNG,Booking Holdings Inc. - Common Stock,ST,sell_partial,"$1,001 - $15,000",2026-02-10,2026-03-09,27,https://disclosures-clerk.house.gov/public_disc/ptr-pdfs/2026/20034144.pdf
"Cisneros, Hon. Gilbert",D,CA31,BSX,Boston Scientific Corporation Common Stock,ST,buy,"$1,001 - $15,000",2026-02-10,2026-03-09,27,https://disclosures-clerk.house.gov/public_disc/ptr-pdfs/2026/20034144.pdf
"Cisneros, Hon. Gilbert",D,CA31,COF,Capital One Financial Corporation Common Stock,ST,sell_full,"$1,001 - $15,000",2026-02-10,2026-03-09,27,https://disclosures-clerk.house.gov/public_disc/ptr-pdfs/2026/20034144.pdf
"Cisneros, Hon. Gilbert",D,CA31,CVX,Chevron Corporation Common Stock,ST,buy,"$15,001 - $50,000",2026-02-10,2026-03-09,27,https://disclosures-clerk.house.gov/public_disc/ptr-pdfs/2026/20034144.pdf
"Cisneros, Hon. Gilbert",D,CA31,CAG,"ConAgra Brands, Inc. Common Stock",ST,buy,"$1,001 - $15,000",2026-02-10,2026-03-09,27,https://disclosures-clerk.house.gov/public_disc/ptr-pdfs/2026/20034144.pdf
"Cisneros, Hon. Gilbert",D,CA31,COP,ConocoPhillips Common Stock,ST,buy,"$1,001 - $15,000",2026-02-10,2026-03-09,27,https://disclosures-clerk.house.gov/public_disc/ptr-pdfs/2026/20034144.pdf
"Cisneros, Hon. Gilbert",D,CA31,CTRA,Coterra Energy Inc. Common Stock,ST,buy,"$1,001 - $15,000",2026-02-10,2026-03-09,27,https://disclosures-clerk.house.gov/public_disc/ptr-pdfs/2026/20034144.pdf
"Cisneros, Hon. Gilbert",D,CA31,DPZ,Domino's Pizza Inc - Common Stock,ST,buy,"$1,001 - $15,000",2026-02-10,2026-03-09,27,https://disclosures-clerk.house.gov/public_disc/ptr-pdfs/2026/20034144.pdf
"Cisneros, Hon. Gilbert",D,CA31,DASH,"DoorDash, Inc. - Common Stock",ST,buy,"$1,001 - $15,000",2026-02-10,2026-03-09,27,https://disclosures-clerk.house.gov/public_disc/ptr-pdfs/2026/20034144.pdf
"Cisneros, Hon. Gilbert",D,CA31,EOG,"EOG Resources, Inc. Common Stock",ST,buy,"$15,001 - $50,000",2026-02-10,2026-03-09,27,https://disclosures-clerk.house.gov/public_disc/ptr-pdfs/2026/20034144.pdf
"Cisneros, Hon. Gilbert",D,CA31,EQT,EQT Corporation Common Stock,ST,buy,"$1,001 - $15,000",2026-02-10,2026-03-09,27,https://disclosures-clerk.house.gov/public_disc/ptr-pdfs/2026/20034144.pdf
"Cisneros, Hon. Gilbert",D,CA31,ERIE,Erie Indemnity Company - Class A Common Stock,ST,sell_full,"$1,001 - $15,000",2026-02-10,2026-03-09,27,https://disclosures-clerk.house.gov/public_disc/ptr-pdfs/2026/20034144.pdf
"Cisneros, Hon. Gilbert",D,CA31,EG,"Everest Group, Ltd. Common Stock",ST,sell_partial,"$1,001 - $15,000",2026-02-10,2026-03-09,27,https://disclosures-clerk.house.gov/public_disc/ptr-pdfs/2026/20034144.pdf
"Cisneros, Hon. Gilbert",D,CA31,EXE,Expand Energy Corporation - Common Stock,ST,buy,"$1,001 - $15,000",2026-02-10,2026-03-09,27,https://disclosures-clerk.house.gov/public_disc/ptr-pdfs/2026/20034144.pdf
"Cisneros, Hon. Gilbert",D,CA31,XOM,Exxon Mobil Corporation Common Stock,ST,buy,"$50,001 - $100,000",2026-02-10,2026-03-09,27,https://disclosures-clerk.house.gov/public_disc/ptr-pdfs/2026/20034144.pdf
"Cisneros, Hon. Gilbert",D,CA31,FICO,Fair Isaac Corporation Common Stock,ST,sell_full,"$1,001 - $15,000",2026-02-10,2026-03-09,27,https://disclosures-clerk.house.gov/public_disc/ptr-pdfs/2026/20034144.pdf
"Cisneros, Hon. Gilbert",D,CA31,FIS,"Fidelity National Information Services, Inc. Common Stock",ST,sell_full,"$1,001 - $15,000",2026-02-10,2026-03-09,27,https://disclosures-clerk.house.gov/public_disc/ptr-pdfs/2026/20034144.pdf
"Cisneros, Hon. Gilbert",D,CA31,FSLR,"First Solar, Inc. - Common Stock",ST,sell_full,"$1,001 - $15,000",2026-02-10,2026-03-09,27,https://disclosures-clerk.house.gov/public_disc/ptr-pdfs/2026/20034144.pdf
"Cisneros, Hon. Gilbert",D,CA31,FSV,FirstService Corporation - Common Shares,ST,buy,"$1,001 - $15,000",2026-02-10,2026-03-09,27,https://disclosures-clerk.house.gov/public_disc/ptr-pdfs/2026/20034144.pdf
"Cisneros, Hon. Gilbert",D,CA31,FSV,FirstService Corporation - Common Shares,ST,buy,"$15,001 - $50,000",2026-02-10,2026-03-09,27,https://disclosures-clerk.house.gov/public_disc/ptr-pdfs/2026/20034144.pdf
"Cisneros, Hon. Gilbert",D,CA31,FISV,"Fiserv, Inc. - Common Stock",ST,sell_partial,"$1,001 - $15,000",2026-02-10,2026-03-09,27,https://disclosures-clerk.house.gov/public_disc/ptr-pdfs/2026/20034144.pdf
"Cisneros, Hon. Gilbert",D,CA31,GE,GE Aerospace Common Stock,ST,sell_partial,"$15,001 - $50,000",2026-02-10,2026-03-09,27,https://disclosures-clerk.house.gov/public_disc/ptr-pdfs/2026/20034144.pdf
"Cisneros, Hon. Gilbert",D,CA31,GD,General Dynamics Corporation Common Stock,ST,sell_full,"$1,001 - $15,000",2026-02-10,2026-03-09,27,https://disclosures-clerk.house.gov/public_disc/ptr-pdfs/2026/20034144.pdf
"Cisneros, Hon. Gilbert",D,CA31,GIS,"General Mills, Inc. Common Stock",ST,sell_full,"$1,001 - $15,000",2026-02-10,2026-03-09,27,https://disclosures-clerk.house.gov/public_disc/ptr-pdfs/2026/20034144.pdf
"Cisneros, Hon. Gilbert",D,CA31,GDDY,GoDaddy Inc. Class A Common Stock,ST,buy,"$1,001 - $15,000",2026-02-10,2026-03-09,27,https://disclosures-clerk.house.gov/public_disc/ptr-pdfs/2026/20034144.pdf
"Cisneros, Hon. Gilbert",D,CA31,DOC,"Healthpeak Properties, Inc. Common Stock",ST,sell_full,"$1,001 - $15,000",2026-02-10,2026-03-09,27,https://disclosures-clerk.house.gov/public_disc/ptr-pdfs/2026/20034144.pdf
"Cisneros, Hon. Gilbert",D,CA31,ILMN,"Illumina, Inc. - Common Stock",ST,buy,"$1,001 - $15,000",2026-02-10,2026-03-09,27,https://disclosures-clerk.house.gov/public_disc/ptr-pdfs/2026/20034144.pdf
"Cisneros, Hon. Gilbert",D,CA31,IBM,International Business Machines Corporation Common Stock,ST,sell_partial,"$1,001 - $15,000",2026-02-10,2026-03-09,27,https://disclosures-clerk.house.gov/public_disc/ptr-pdfs/2026/20034144.pdf
"Cisneros, Hon. Gilbert",D,CA31,IVZ,Invesco Ltd Common Stock,ST,sell_partial,"$1,001 - $15,000",2026-02-10,2026-03-09,27,https://disclosures-clerk.house.gov/public_disc/ptr-pdfs/2026/20034144.pdf
"Cisneros, Hon. Gilbert",D,CA31,INVH,Invitation Homes Inc. Common Stock,ST,sell_full,"$1,001 - $15,000",2026-02-10,2026-03-09,27,https://disclosures-clerk.house.gov/public_disc/ptr-pdfs/2026/20034144.pdf
"Cisneros, Hon. Gilbert",D,CA31,KVUE,Kenvue Inc. Common Stock,ST,buy,"$1,001 - $15,000",2026-02-10,2026-03-09,27,https://disclosures-clerk.house.gov/public_disc/ptr-pdfs/2026/20034144.pdf
"Cisneros, Hon. Gilbert",D,CA31,KMI,"Kinder Morgan, Inc. Common Stock",ST,buy,"$1,001 - $15,000",2026-02-10,2026-03-09,27,https://disclosures-clerk.house.gov/public_disc/ptr-pdfs/2026/20034144.pdf
"Cisneros, Hon. Gilbert",D,CA31,MU,"Micron Technology, Inc. - Common Stock",ST,sell_partial,"$1,001 - $15,000",2026-02-10,2026-03-09,27,https://disclosures-clerk.house.gov/public_disc/ptr-pdfs/2026/20034144.pdf
"Cisneros, Hon. Gilbert",D,CA31,MSFT,Microsoft Corporation - Common Stock,ST,sell_partial,"$15,001 - $50,000",2026-02-10,2026-03-09,27,https://disclosures-clerk.house.gov/public_disc/ptr-pdfs/2026/20034144.pdf
"Cisneros, Hon. Gilbert",D,CA31,OXY,Occidental Petroleum Corporation Common Stock,ST,buy,"$1,001 - $15,000",2026-02-10,2026-03-09,27,https://disclosures-clerk.house.gov/public_disc/ptr-pdfs/2026/20034144.pdf
"Cisneros, Hon. Gilbert",D,CA31,OKE,"ONEOK, Inc. Common Stock",ST,buy,"$1,001 - $15,000",2026-02-10,2026-03-09,27,https://disclosures-clerk.house.gov/public_disc/ptr-pdfs/2026/20034144.pdf
"Cisneros, Hon. Gilbert",D,CA31,PFE,"Pfizer, Inc. Common Stock",ST,buy,"$1,001 - $15,000",2026-02-10,2026-03-09,27,https://disclosures-clerk.house.gov/public_disc/ptr-pdfs/2026/20034144.pdf
"Cisneros, Hon. Gilbert",D,CA31,PGR,Progressive Corporation,ST,sell_partial,"$1,001 - $15,000",2026-02-10,2026-03-09,27,https://disclosures-clerk.house.gov/public_disc/ptr-pdfs/2026/20034144.pdf
"Cisneros, Hon. Gilbert",D,CA31,PRU,"Prudential Financial, Inc. Common Stock",ST,sell_full,"$1,001 - $15,000",2026-02-10,2026-03-09,27,https://disclosures-clerk.house.gov/public_disc/ptr-pdfs/2026/20034144.pdf
"Cisneros, Hon. Gilbert",D,CA31,ROP,"Roper Technologies, Inc.",ST,sell_partial,"$15,001 - $50,000",2026-02-10,2026-03-09,27,https://disclosures-clerk.house.gov/public_disc/ptr-pdfs/2026/20034144.pdf
"Cisneros, Hon. Gilbert",D,CA31,SWKS,"Skyworks Solutions, Inc. - Common Stock",ST,sell_full,"$1,001 - $15,000",2026-02-10,2026-03-09,27,https://disclosures-clerk.house.gov/public_disc/ptr-pdfs/2026/20034144.pdf
"Cisneros, Hon. Gilbert",D,CA31,STE,STERIS plc,ST,buy,"$1,001 - $15,000",2026-02-10,2026-03-09,27,https://disclosures-clerk.house.gov/public_disc/ptr-pdfs/2026/20034144.pdf
"Cisneros, Hon. Gilbert",D,CA31,TRGP,"Targa Resources, Inc. Common Stock",ST,buy,"$1,001 - $15,000",2026-02-10,2026-03-09,27,https://disclosures-clerk.house.gov/public_disc/ptr-pdfs/2026/20034144.pdf
"Cisneros, Hon. Gilbert",D,CA31,TTD,"The Trade Desk, Inc. - Class A Common Stock",ST,sell_full,"$1,001 - $15,000",2026-02-10,2026-03-09,27,https://disclosures-clerk.house.gov/public_disc/ptr-pdfs/2026/20034144.pdf
"Cisneros, Hon. Gilbert",D,CA31,UAL,"United Airlines Holdings, Inc. - Common Stock",ST,sell_full,"$1,001 - $15,000",2026-02-10,2026-03-09,27,https://disclosures-clerk.house.gov/public_disc/ptr-pdfs/2026/20034144.pdf
"Cisneros, Hon. Gilbert",D,CA31,UNH,UnitedHealth Group Incorporated Common Stock,ST,sell_partial,"$15,001 - $50,000",2026-02-10,2026-03-09,27,https://disclosures-clerk.house.gov/public_disc/ptr-pdfs/2026/20034144.pdf
"Cisneros, Hon. Gilbert",D,CA31,VRSN,"VeriSign, Inc. - Common Stock",ST,buy,"$1,001 - $15,000",2026-02-10,2026-03-09,27,https://disclosures-clerk.house.gov/public_disc/ptr-pdfs/2026/20034144.pdf
"Cisneros, Hon. Gilbert",D,CA31,VRSK,"Verisk Analytics, Inc. - Common Stock",ST,buy,"$1,001 - $15,000",2026-02-10,2026-03-09,27,https://disclosures-clerk.house.gov/public_disc/ptr-pdfs/2026/20034144.pdf
"Cisneros, Hon. Gilbert",D,CA31,,Walt Disney Company (DIS),ST,sell_partial,"$1,001 - $15,000",2026-02-10,2026-03-09,27,https://disclosures-clerk.house.gov/public_disc/ptr-pdfs/2026/20034144.pdf
"Cisneros, Hon. Gilbert",D,CA31,WBD,"Warner Bros. Discovery, Inc. - Series A Common Stock",ST,sell_partial,"$1,001 - $15,000",2026-02-10,2026-03-09,27,https://disclosures-clerk.house.gov/public_disc/ptr-pdfs/2026/20034144.pdf
"Cisneros, Hon. Gilbert",D,CA31,WMB,"Williams Companies, Inc.",ST,buy,"$1,001 - $15,000",2026-02-10,2026-03-09,27,https://disclosures-clerk.house.gov/public_disc/ptr-pdfs/2026/20034144.pdf
"Cisneros, Hon. Gilbert",D,CA31,ZTS,Zoetis Inc. Class A Common Stock,ST,buy,"$1,001 - $15,000",2026-02-10,2026-03-09,27,https://disclosures-clerk.house.gov/public_disc/ptr-pdfs/2026/20034144.pdf
"Donalds, Hon. Byron",R,FL19,BRO,"Brown & Brown, Inc. Common Stock",ST,sell_full,"$1,001 - $15,000",2026-02-10,2026-03-06,24,https://disclosures-clerk.house.gov/public_disc/ptr-pdfs/2026/20034134.pdf
"Donalds, Hon. Byron",R,FL19,BRO,"Brown & Brown, Inc. Common Stock",ST,sell_full,"$1,001 - $15,000",2026-02-10,2026-03-06,24,https://disclosures-clerk.house.gov/public_disc/ptr-pdfs/2026/20034134.pdf
"Donalds, Hon. Byron",R,FL19,PYPL,"PayPal Holdings, Inc. - Common Stock",ST,sell_full,"$1,001 - $15,000",2026-02-10,2026-03-06,24,https://disclosures-clerk.house.gov/public_disc/ptr-pdfs/2026/20034134.pdf
"Donalds, Hon. Byron",R,FL19,PYPL,"PayPal Holdings, Inc. - Common Stock",ST,sell_full,"$1,001 - $15,000",2026-02-10,2026-03-06,24,https://disclosures-clerk.house.gov/public_disc/ptr-pdfs/2026/20034134.pdf
"Donalds, Hon. Byron",R,FL19,NOW,"ServiceNow, Inc. Common Stock",ST,buy,"$1,001 - $15,000",2026-02-10,2026-03-06,24,https://disclosures-clerk.house.gov/public_disc/ptr-pdfs/2026/20034134.pdf
"Donalds, Hon. Byron",R,FL19,NOW,"ServiceNow, Inc. Common Stock",ST,buy,"$1,001 - $15,000",2026-02-10,2026-03-06,24,https://disclosures-clerk.house.gov/public_disc/ptr-pdfs/2026/20034134.pdf
"Donalds, Hon. Byron",R,FL19,TTD,"The Trade Desk, Inc. - Class A Common Stock",ST,buy,"$1,001 - $15,000",2026-02-10,2026-03-06,24,https://disclosures-clerk.house.gov/public_disc/ptr-pdfs/2026/20034134.pdf
"Donalds, Hon. Byron",R,FL19,TTD,"The Trade Desk, Inc. - Class A Common Stock",ST,buy,"$1,001 - $15,000",2026-02-10,2026-03-06,24,https://disclosures-clerk.house.gov/public_disc/ptr-pdfs/2026/20034134.pdf
"Franklin, Hon. Scott Scott",R,FL18,HSY,The Hershey Company Common Stock,ST,sell_full,"$1,001 - $15,000",2026-02-10,2026-02-23,13,https://disclosures-clerk.house.gov/public_disc/ptr-pdfs/2026/20034050.pdf
"Franklin, Hon. Scott Scott",R,FL18,HSY,The Hershey Company Common Stock,ST,sell_full,"$1,001 - $15,000",2026-02-10,2026-02-23,13,https://disclosures-clerk.house.gov/public_disc/ptr-pdfs/2026/20034050.pdf
"Franklin, Hon. Scott Scott",R,FL18,HSY,The Hershey Company Common Stock,ST,sell_full,"$50,001 - $100,000",2026-02-10,2026-02-23,13,https://disclosures-clerk.house.gov/public_disc/ptr-pdfs/2026/20034050.pdf
"Taylor, Hon. David J.",R,OH02,PGR,Progressive Corporation,ST,buy,"$1,001 - $15,000",2026-02-10,2026-02-20,10,https://disclosures-clerk.house.gov/public_disc/ptr-pdfs/2026/20034036.pdf
"Shreve, Hon. Jefferson",R,IN06,,Brighthouse Buffered Annuity Russell 2000 Cap Rate,VA,sell_full,"$5,000,001 - $25,000,000",2026-02-09,2026-03-14,33,https://disclosures-clerk.house.gov/public_disc/ptr-pdfs/2026/20034084.pdf
"Shreve, Hon. Jefferson",R,IN06,,Brighthouse Buffered Annuity S&P 500 Trigger Rate,VA,sell_full,"$5,000,001 - $25,000,000",2026-02-09,2026-03-14,33,https://disclosures-clerk.house.gov/public_disc/ptr-pdfs/2026/20034084.pdf
"Delaney, Hon. April McClain",,MD06,BJ,"BJ's Wholesale Club Holdings, Inc. Common Stock",ST,sell_partial,"$1,001 - $15,000",2026-02-09,2026-03-10,29,https://disclosures-clerk.house.gov/public_disc/ptr-pdfs/2026/20034159.pdf
"Delaney, Hon. April McClain",,MD06,CHRW,"C.H. Robinson Worldwide, Inc. - Common Stock",ST,buy,"$1,001 - $15,000",2026-02-09,2026-03-10,29,https://disclosures-clerk.house.gov/public_disc/ptr-pdfs/2026/20034159.pdf
"Delaney, Hon. April McClain",,MD06,ENTG,"Entegris, Inc. - Common Stock",ST,sell_partial,"$1,001 - $15,000",2026-02-09,2026-03-10,29,https://disclosures-clerk.house.gov/public_disc/ptr-pdfs/2026/20034159.pdf
"Delaney, Hon. April McClain",,MD06,SGI,Somnigroup International Inc. Common Stock,ST,sell_partial,"$1,001 - $15,000",2026-02-09,2026-03-10,29,https://disclosures-clerk.house.gov/public_disc/ptr-pdfs/2026/20034159.pdf
"Delaney, Hon. April McClain",,MD06,VIK,Viking Holdings Ltd Ordinary Shares,ST,sell_partial,"$1,001 - $15,000",2026-02-09,2026-03-10,29,https://disclosures-clerk.house.gov/public_disc/ptr-pdfs/2026/20034159.pdf
"Cisneros, Hon. Gilbert",D,CA31,BABA,American Depositary Shares each representing eight Ordinary share,ST,buy,"$50,001 - $100,000",2026-02-09,2026-03-09,28,https://disclosures-clerk.house.gov/public_disc/ptr-pdfs/2026/20034144.pdf
"Cisneros, Hon. Gilbert",D,CA31,TSM,Taiwan Semiconductor Manufacturing Company Ltd.,ST,buy,"$100,001 - $250,000",2026-02-09,2026-03-09,28,https://disclosures-clerk.house.gov/public_disc/ptr-pdfs/2026/20034144.pdf
"Taylor, Hon. David J.",R,OH02,AMZN,"Amazon.com, Inc. - Common Stock",ST,buy,"$1,001 - $15,000",2026-02-09,2026-02-20,11,https://disclosures-clerk.house.gov/public_disc/ptr-pdfs/2026/20034036.pdf
"Taylor, Hon. David J.",R,OH02,LLY,Eli Lilly and Company Common Stock,ST,sell_full,"$1,001 - $15,000",2026-02-09,2026-02-20,11,https://disclosures-clerk.house.gov/public_disc/ptr-pdfs/2026/20034036.pdf
"Taylor, Hon. David J.",R,OH02,MSFT,Microsoft Corporation - Common Stock,ST,buy,"$1,001 - $15,000",2026-02-09,2026-02-20,11,https://disclosures-clerk.house.gov/public_disc/ptr-pdfs/2026/20034036.pdf
"Taylor, Hon. David J.",R,OH02,PH,Parker-Hannifin Corporation Common Stock,ST,sell_full,"$1,001 - $15,000",2026-02-09,2026-02-20,11,https://disclosures-clerk.house.gov/public_disc/ptr-pdfs/2026/20034036.pdf
"Taylor, Hon. David J.",R,OH02,,Procter & Gamble Company (PG),ST,buy,"$1,001 - $15,000",2026-02-09,2026-02-20,11,https://disclosures-clerk.house.gov/public_disc/ptr-pdfs/2026/20034036.pdf
"Taylor, Hon. David J.",R,OH02,CRM,"Salesforce, Inc. Common Stock",ST,buy,"$1,001 - $15,000",2026-02-09,2026-02-20,11,https://disclosures-clerk.house.gov/public_disc/ptr-pdfs/2026/20034036.pdf
"Taylor, Hon. David J.",R,OH02,V,Visa Inc.,ST,buy,"$1,001 - $15,000",2026-02-09,2026-02-20,11,https://disclosures-clerk.house.gov/public_disc/ptr-pdfs/2026/20034036.pdf
"Biggs, Hon. Sheri",R,SC03,,OAKTREE STRATEGIC CREDIT FUND CLASS S,OT,buy,"$1,001 - $15,000",2026-02-06,2026-03-21,43,https://disclosures-clerk.house.gov/public_disc/ptr-pdfs/2026/20034195.pdf
"Delaney, Hon. April McClain",,MD06,BRO,"Brown & Brown, Inc. Common Stock",ST,buy,"$1,001 - $15,000",2026-02-06,2026-03-10,32,https://disclosures-clerk.house.gov/public_disc/ptr-pdfs/2026/20034159.pdf
"Delaney, Hon. April McClain",,MD06,CHRW,"C.H. Robinson Worldwide, Inc. - Common Stock",ST,buy,"$1,001 - $15,000",2026-02-06,2026-03-10,32,https://disclosures-clerk.house.gov/public_disc/ptr-pdfs/2026/20034159.pdf
"Delaney, Hon. April McClain",,MD06,MORN,"Morningstar, Inc. - Common Stock",ST,sell_partial,"$1,001 - $15,000",2026-02-06,2026-03-10,32,https://disclosures-clerk.house.gov/public_disc/ptr-pdfs/2026/20034159.pdf
"Delaney, Hon. April McClain",,MD06,STE,STERIS plc,ST,buy,"$1,001 - $15,000",2026-02-06,2026-03-10,32,https://disclosures-clerk.house.gov/public_disc/ptr-pdfs/2026/20034159.pdf
"Delaney, Hon. April McClain",,MD06,MIDD,The Middleby Corporation - Common Stock,ST,sell_partial,"$15,001 - $50,000",2026-02-06,2026-03-10,32,https://disclosures-clerk.house.gov/public_disc/ptr-pdfs/2026/20034159.pdf
"McClain, Hon. Lisa",R,MI09,BBAI,"BigBear.ai, Inc. Common Stock",ST,buy,"$15,001 - $50,000",2026-02-06,2026-03-04,26,https://disclosures-clerk.house.gov/public_disc/ptr-pdfs/2026/20034105.pdf
"Rulli, Hon. Michael",R,OH06,MSFT,Microsoft Corporation - Common Stock,ST,buy,"$1,001 - $15,000",2026-02-05,2026-08-07,183,https://disclosures-clerk.house.gov/public_disc/ptr-pdfs/2026/20035147.pdf
"Kean, Hon. Thomas H., Jr",R,NJ07,GOOGL,Alphabet Inc. - Class A Common Stock,ST,sell_partial,"$15,001 - $50,000",2026-02-05,2026-03-18,41,https://disclosures-clerk.house.gov/public_disc/ptr-pdfs/2026/20034190.pdf
"Kean, Hon. Thomas H., Jr",R,NJ07,FCNCA,"First Citizens BancShares, Inc. - Class A Common Stock",ST,buy,"$1,001 - $15,000",2026-02-05,2026-03-18,41,https://disclosures-clerk.house.gov/public_disc/ptr-pdfs/2026/20034190.pdf
"Gottheimer, Hon. Josh",D,NJ05,CMI,Cummins Inc. Common Stock,ST,buy,"$1,001 - $15,000",2026-02-05,2026-03-16,39,https://disclosures-clerk.house.gov/public_disc/ptr-pdfs/2026/20034130.pdf
"Gottheimer, Hon. Josh",D,NJ05,GEV,GE Vernova Inc. Common Stock,ST,buy,"$1,001 - $15,000",2026-02-05,2026-03-16,39,https://disclosures-clerk.house.gov/public_disc/ptr-pdfs/2026/20034130.pdf
"Gottheimer, Hon. Josh",D,NJ05,UNH,UnitedHealth Group Incorporated Common Stock,ST,buy,"$1,001 - $15,000",2026-02-05,2026-03-16,39,https://disclosures-clerk.house.gov/public_disc/ptr-pdfs/2026/20034130.pdf
"Jackson, Hon. Jonathan",D,IL01,AMZN,"Amazon.com, Inc. - Common Stock",ST,buy,"$1,001 - $15,000",2026-02-05,2026-03-12,35,https://disclosures-clerk.house.gov/public_disc/ptr-pdfs/2026/20034113.pdf
"Jackson, Hon. Jonathan",D,IL01,C,"Citigroup, Inc. Common Stock",ST,buy,"$50,001 - $100,000",2026-02-05,2026-03-12,35,https://disclosures-clerk.house.gov/public_disc/ptr-pdfs/2026/20034113.pdf
"Jackson, Hon. Jonathan",D,IL01,PANW,"Palo Alto Networks, Inc.",ST,sell_full,"$50,001 - $100,000",2026-02-05,2026-03-12,35,https://disclosures-clerk.house.gov/public_disc/ptr-pdfs/2026/20034113.pdf
"Letlow, Hon. Julia",R,LA05,PEP,"Pepsico, Inc.",ST,buy,"$1,001 - $15,000",2026-02-05,2026-03-12,35,https://disclosures-clerk.house.gov/public_disc/ptr-pdfs/2026/20034106.pdf
"Letlow, Hon. Julia",R,LA05,PM,Philip Morris International Inc Common Stock,ST,sell_full,"$1,001 - $15,000",2026-02-05,2026-03-12,35,https://disclosures-clerk.house.gov/public_disc/ptr-pdfs/2026/20034106.pdf
"Delaney, Hon. April McClain",,MD06,BJ,"BJ's Wholesale Club Holdings, Inc. Common Stock",ST,sell_partial,"$1,001 - $15,000",2026-02-05,2026-03-10,33,https://disclosures-clerk.house.gov/public_disc/ptr-pdfs/2026/20034159.pdf
"Delaney, Hon. April McClain",,MD06,CHRW,"C.H. Robinson Worldwide, Inc. - Common Stock",ST,buy,"$1,001 - $15,000",2026-02-05,2026-03-10,33,https://disclosures-clerk.house.gov/public_disc/ptr-pdfs/2026/20034159.pdf
"Cisneros, Hon. Gilbert",D,CA31,APP,Applovin Corporation - Class A Common Stock,ST,sell_partial,"$1,001 - $15,000",2026-02-05,2026-03-09,32,https://disclosures-clerk.house.gov/public_disc/ptr-pdfs/2026/20034144.pdf
"Cisneros, Hon. Gilbert",D,CA31,DAY,"Dayforce, Inc. Common Stock",ST,sell_full,"$50,001 - $100,000",2026-02-05,2026-03-09,32,https://disclosures-clerk.house.gov/public_disc/ptr-pdfs/2026/20034144.pdf
"Moore, Hon. Tim",R,NC14,GNPX,"Genprex, Inc. - Common Stock",ST,buy,"$1,001 - $15,000",2026-02-05,2026-02-20,15,https://disclosures-clerk.house.gov/public_disc/ptr-pdfs/2026/20034034.pdf
"Biggs, Hon. Sheri",R,SC03,,APOLLO DEBT SOLUTIONS BDC CLASS S,OT,buy,"$1,001 - $15,000",2026-02-04,2026-03-21,45,https://disclosures-clerk.house.gov/public_disc/ptr-pdfs/2026/20034195.pdf
"Biggs, Hon. Sheri",R,SC03,KRSOX,KKR Real Estate Select Trust Class U,PS,buy,"$1,001 - $15,000",2026-02-04,2026-03-21,45,https://disclosures-clerk.house.gov/public_disc/ptr-pdfs/2026/20034195.pdf
"Peters, Hon. Scott H.",D,CA50,,Kent Street O&M Holdings LLC,OT,buy,"$100,001 - $250,000",2026-02-04,2026-03-18,42,https://disclosures-clerk.house.gov/public_disc/ptr-pdfs/2026/20034178.pdf
"Gottheimer, Hon. Josh",D,NJ05,NET,"Cloudflare, Inc. Class A Common Stock",ST,sell_full,"$1,001 - $15,000",2026-02-04,2026-03-16,40,https://disclosures-clerk.house.gov/public_disc/ptr-pdfs/2026/20034130.pdf
"Gottheimer, Hon. Josh",D,NJ05,XOM,Exxon Mobil Corporation Common Stock,ST,buy,"$1,001 - $15,000",2026-02-04,2026-03-16,40,https://disclosures-clerk.house.gov/public_disc/ptr-pdfs/2026/20034130.pdf
"Gottheimer, Hon. Josh",D,NJ05,FICO,Fair Isaac Corporation Common Stock,ST,sell_full,"$1,001 - $15,000",2026-02-04,2026-03-16,40,https://disclosures-clerk.house.gov/public_disc/ptr-pdfs/2026/20034130.pdf
"Gottheimer, Hon. Josh",D,NJ05,MRK,"Merck & Company, Inc. Common Stock",ST,buy,"$1,001 - $15,000",2026-02-04,2026-03-16,40,https://disclosures-clerk.house.gov/public_disc/ptr-pdfs/2026/20034130.pdf
"Jackson, Hon. Jonathan",D,IL01,BRCM,Broadcom Corporation - Class A,ST,sell_full,"$1,001 - $15,000",2026-02-04,2026-03-12,36,https://disclosures-clerk.house.gov/public_disc/ptr-pdfs/2026/20034113.pdf
"Jackson, Hon. Jonathan",D,IL01,C,"Citigroup, Inc. Common Stock",ST,buy,"$1,001 - $15,000",2026-02-04,2026-03-12,36,https://disclosures-clerk.house.gov/public_disc/ptr-pdfs/2026/20034113.pdf
"Letlow, Hon. Julia",R,LA05,MMM,3M Company Common Stock,ST,sell_full,"$1,001 - $15,000",2026-02-04,2026-03-12,36,https://disclosures-clerk.house.gov/public_disc/ptr-pdfs/2026/20034106.pdf
"Letlow, Hon. Julia",R,LA05,CMI,Cummins Inc. Common Stock,ST,buy,"$1,001 - $15,000",2026-02-04,2026-03-12,36,https://disclosures-clerk.house.gov/public_disc/ptr-pdfs/2026/20034106.pdf
"Delaney, Hon. April McClain",,MD06,EME,"EMCOR Group, Inc. Common Stock",ST,buy,"$1,001 - $15,000",2026-02-04,2026-03-10,34,https://disclosures-clerk.house.gov/public_disc/ptr-pdfs/2026/20034159.pdf
"Delaney, Hon. April McClain",,MD06,LH,Labcorp Holdings Inc. Common Stock,ST,buy,"$1,001 - $15,000",2026-02-04,2026-03-10,34,https://disclosures-clerk.house.gov/public_disc/ptr-pdfs/2026/20034159.pdf
"McClain, Hon. Lisa",R,MI09,BBAI,"BigBear.ai, Inc. Common Stock",ST,buy,"$1,001 - $15,000",2026-02-04,2026-03-04,28,https://disclosures-clerk.house.gov/public_disc/ptr-pdfs/2026/20034105.pdf
"Keating, Hon. William R.",D,MA09,,UNITED STATES TREAS BILLS ZERO CPN 0.00000% 03/24/2026,GS,buy,"$1,001 - $15,000",2026-02-04,2026-02-26,22,https://disclosures-clerk.house.gov/public_disc/ptr-pdfs/2026/20034068.pdf
"Keating, Hon. William R.",D,MA09,,VMWARE LLC NOTE CALL MAKE WHOLE 4.70000% 05/15/2030,CS,buy,"$1,001 - $15,000",2026-02-04,2026-02-26,22,https://disclosures-clerk.house.gov/public_disc/ptr-pdfs/2026/20034068.pdf
"Peters, Hon. Scott H.",D,CA50,,"Valo Ventures GP II, LP",OT,buy,"$50,001 - $100,000",2026-02-03,2026-03-18,43,https://disclosures-clerk.house.gov/public_disc/ptr-pdfs/2026/20034178.pdf
"Jackson, Hon. Jonathan",D,IL01,SHOP,Shopify Inc. - Class A Subordinate Voting Shares,ST,sell_full,"$1,001 - $15,000",2026-02-03,2026-03-12,37,https://disclosures-clerk.house.gov/public_disc/ptr-pdfs/2026/20034113.pdf
"Delaney, Hon. April McClain",,MD06,VIK,Viking Holdings Ltd Ordinary Shares,ST,sell_partial,"$1,001 - $15,000",2026-02-03,2026-03-10,35,https://disclosures-clerk.house.gov/public_disc/ptr-pdfs/2026/20034159.pdf
"Fields, Cleo",D,LA06,AMD,"Advanced Micro Devices, Inc.",ST,buy,"$50,001 - $100,000",2026-02-03,2026-02-24,21,https://disclosures-clerk.house.gov/public_disc/ptr-pdfs/2026/20034018.pdf
"Fields, Cleo",D,LA06,GOOGL,Alphabet Inc. - Class A Common Stock,ST,buy,"$100,001 - $250,000",2026-02-03,2026-02-24,21,https://disclosures-clerk.house.gov/public_disc/ptr-pdfs/2026/20034018.pdf
"Fields, Cleo",D,LA06,LRCX,Lam Research Corporation - Common Stock,ST,buy,"$15,001 - $50,000",2026-02-03,2026-02-24,21,https://disclosures-clerk.house.gov/public_disc/ptr-pdfs/2026/20034018.pdf
"Fields, Cleo",D,LA06,META,"Meta Platforms, Inc. - Class A Common Stock",ST,buy,"$100,001 - $250,000",2026-02-03,2026-02-24,21,https://disclosures-clerk.house.gov/public_disc/ptr-pdfs/2026/20034018.pdf
"Fields, Cleo",D,LA06,MU,"Micron Technology, Inc. - Common Stock",ST,buy,"$100,001 - $250,000",2026-02-03,2026-02-24,21,https://disclosures-clerk.house.gov/public_disc/ptr-pdfs/2026/20034018.pdf
"Bresnahan, Hon. Rob",R,PA08,,"Philadelphia, PA Municipal Bond",GS,buy,"$50,001 - $100,000",2026-02-03,2026-02-22,19,https://disclosures-clerk.house.gov/public_disc/ptr-pdfs/2026/20034044.pdf
"Bresnahan, Hon. Rob",R,PA08,,transaction was planned and executed by a financial advisor. US Treasury Note 01/31/27,GS,buy,"$1,001 - $15,000",2026-02-03,2026-02-22,19,https://disclosures-clerk.house.gov/public_disc/ptr-pdfs/2026/20034044.pdf
"Moore, Hon. Tim",R,NC14,SMPL,The Simply Good Foods Company - Common Stock,ST,buy,"$15,001 - $50,000",2026-02-03,2026-02-20,17,https://disclosures-clerk.house.gov/public_disc/ptr-pdfs/2026/20034034.pdf
"Cisneros, Hon. Gilbert",D,CA31,AJINF,"Ajinomoto Company, Inc. Ordinary Shares",ST,buy,"$1,001 - $15,000",2026-02-03,2026-02-13,10,https://disclosures-clerk.house.gov/public_disc/ptr-pdfs/2026/20033983.pdf
"Cisneros, Hon. Gilbert",D,CA31,BABAF,ALIBABA GROUP HOLDING LTD,ST,buy,"$1,001 - $15,000",2026-02-03,2026-02-13,10,https://disclosures-clerk.house.gov/public_disc/ptr-pdfs/2026/20033983.pdf
"Cisneros, Hon. Gilbert",D,CA31,SAN,"Banco Santander, S.A. Sponsored ADR",ST,buy,"$1,001 - $15,000",2026-02-03,2026-02-13,10,https://disclosures-clerk.house.gov/public_disc/ptr-pdfs/2026/20033983.pdf
"Cisneros, Hon. Gilbert",D,CA31,HESAF,Hermes Intl S A Ordinary Shares,ST,buy,"$1,001 - $15,000",2026-02-03,2026-02-13,10,https://disclosures-clerk.house.gov/public_disc/ptr-pdfs/2026/20033983.pdf
"Cisneros, Hon. Gilbert",D,CA31,,LEONARDO SPA ORD (FINMF),ST,buy,"$1,001 - $15,000",2026-02-03,2026-02-13,10,https://disclosures-clerk.house.gov/public_disc/ptr-pdfs/2026/20033983.pdf
"Cisneros, Hon. Gilbert",D,CA31,MHVYF,Mitsubishi Heavy Industries Ltd Ordinary Shares,ST,buy,"$1,001 - $15,000",2026-02-03,2026-02-13,10,https://disclosures-clerk.house.gov/public_disc/ptr-pdfs/2026/20033983.pdf
"Cisneros, Hon. Gilbert",D,CA31,RNMBF,Rheinmetall Ag Ordinary Shares,ST,buy,"$1,001 - $15,000",2026-02-03,2026-02-13,10,https://disclosures-clerk.house.gov/public_disc/ptr-pdfs/2026/20033983.pdf
"Cisneros, Hon. Gilbert",D,CA31,TCTZF,TENCENT HLDIGS LTD,ST,buy,"$1,001 - $15,000",2026-02-03,2026-02-13,10,https://disclosures-clerk.house.gov/public_disc/ptr-pdfs/2026/20033983.pdf
"Cisneros, Hon. Gilbert",D,CA31,XIACF,XIAOMI CORP,ST,buy,"$1,001 - $15,000",2026-02-03,2026-02-13,10,https://disclosures-clerk.house.gov/public_disc/ptr-pdfs/2026/20033983.pdf
"Gottheimer, Hon. Josh",D,NJ05,XOM,Exxon Mobil Corporation Common Stock,ST,buy,"$1,001 - $15,000",2026-02-02,2026-03-16,42,https://disclosures-clerk.house.gov/public_disc/ptr-pdfs/2026/20034130.pdf
"Gottheimer, Hon. Josh",D,NJ05,MSFT,Microsoft Corporation - Common Stock,ST,sell_partial,"$1,001 - $15,000",2026-02-02,2026-03-16,42,https://disclosures-clerk.house.gov/public_disc/ptr-pdfs/2026/20034130.pdf
"Gottheimer, Hon. Josh",D,NJ05,MNST,Monster Beverage Corporation - Common Stock,ST,buy,"$1,001 - $15,000",2026-02-02,2026-03-16,42,https://disclosures-clerk.house.gov/public_disc/ptr-pdfs/2026/20034130.pdf
"Letlow, Hon. Julia",R,LA05,MMM,3M Company Common Stock,ST,sell_partial,"$1,001 - $15,000",2026-02-02,2026-03-12,38,https://disclosures-clerk.house.gov/public_disc/ptr-pdfs/2026/20034106.pdf
"Letlow, Hon. Julia",R,LA05,AMD,"Advanced Micro Devices, Inc.",ST,buy,"$1,001 - $15,000",2026-02-02,2026-03-12,38,https://disclosures-clerk.house.gov/public_disc/ptr-pdfs/2026/20034106.pdf
"Letlow, Hon. Julia",R,LA05,AAPL,Apple Inc. - Common Stock,ST,buy,"$1,001 - $15,000",2026-02-02,2026-03-12,38,https://disclosures-clerk.house.gov/public_disc/ptr-pdfs/2026/20034106.pdf
"Letlow, Hon. Julia",R,LA05,,Boeing Company (BA),ST,buy,"$1,001 - $15,000",2026-02-02,2026-03-12,38,https://disclosures-clerk.house.gov/public_disc/ptr-pdfs/2026/20034106.pdf
"Letlow, Hon. Julia",R,LA05,CSCO,"Cisco Systems, Inc. - Common Stock",ST,buy,"$1,001 - $15,000",2026-02-02,2026-03-12,38,https://disclosures-clerk.house.gov/public_disc/ptr-pdfs/2026/20034106.pdf
"Letlow, Hon. Julia",R,LA05,IBM,International Business Machines Corporation Common Stock,ST,buy,"$1,001 - $15,000",2026-02-02,2026-03-12,38,https://disclosures-clerk.house.gov/public_disc/ptr-pdfs/2026/20034106.pdf
"Letlow, Hon. Julia",R,LA05,INTU,Intuit Inc. - Common Stock,ST,sell_full,"$1,001 - $15,000",2026-02-02,2026-03-12,38,https://disclosures-clerk.house.gov/public_disc/ptr-pdfs/2026/20034106.pdf
"Letlow, Hon. Julia",R,LA05,DRS,"Leonardo DRS, Inc. - Common Stock",ST,buy,"$1,001 - $15,000",2026-02-02,2026-03-12,38,https://disclosures-clerk.house.gov/public_disc/ptr-pdfs/2026/20034106.pdf
"Letlow, Hon. Julia",R,LA05,MKC,"McCormick & Company, Incorporated Common Stock",ST,sell_full,"$1,001 - $15,000",2026-02-02,2026-03-12,38,https://disclosures-clerk.house.gov/public_disc/ptr-pdfs/2026/20034106.pdf
"Letlow, Hon. Julia",R,LA05,MSFT,Microsoft Corporation - Common Stock,ST,sell_partial,"$1,001 - $15,000",2026-02-02,2026-03-12,38,https://disclosures-clerk.house.gov/public_disc/ptr-pdfs/2026/20034106.pdf
"Letlow, Hon. Julia",R,LA05,,Procter & Gamble Company (PG),ST,buy,"$1,001 - $15,000",2026-02-02,2026-03-12,38,https://disclosures-clerk.house.gov/public_disc/ptr-pdfs/2026/20034106.pdf
"Letlow, Hon. Julia",R,LA05,CRM,"Salesforce, Inc. Common Stock",ST,sell_full,"$1,001 - $15,000",2026-02-02,2026-03-12,38,https://disclosures-clerk.house.gov/public_disc/ptr-pdfs/2026/20034106.pdf
"Letlow, Hon. Julia",R,LA05,TSM,Taiwan Semiconductor Manufacturing Company Ltd.,ST,buy,"$1,001 - $15,000",2026-02-02,2026-03-12,38,https://disclosures-clerk.house.gov/public_disc/ptr-pdfs/2026/20034106.pdf
"Letlow, Hon. Julia",R,LA05,URI,"United Rentals, Inc. Common Stock",ST,sell_full,"$1,001 - $15,000",2026-02-02,2026-03-12,38,https://disclosures-clerk.house.gov/public_disc/ptr-pdfs/2026/20034106.pdf
"Delaney, Hon. April McClain",,MD06,BJ,"BJ's Wholesale Club Holdings, Inc. Common Stock",ST,sell_partial,"$1,001 - $15,000",2026-02-02,2026-03-10,36,https://disclosures-clerk.house.gov/public_disc/ptr-pdfs/2026/20034159.pdf
"Gottheimer, Hon. Josh",D,NJ05,NOW,"ServiceNow, Inc. Common Stock",ST,sell_full,"$1,001 - $15,000",2026-01-30,2026-02-26,27,https://disclosures-clerk.house.gov/public_disc/ptr-pdfs/2026/20033930.pdf
"Gottheimer, Hon. Josh",D,NJ05,UBER,"Uber Technologies, Inc. Common Stock",ST,sell_partial,"$1,001 - $15,000",2026-01-30,2026-02-26,27,https://disclosures-clerk.house.gov/public_disc/ptr-pdfs/2026/20033930.pdf
"Jackson, Hon. Jonathan",D,IL01,C,"Citigroup, Inc. Common Stock",ST,buy,"$15,001 - $50,000",2026-01-30,2026-02-23,24,https://disclosures-clerk.house.gov/public_disc/ptr-pdfs/2026/20033929.pdf
"Jackson, Hon. Jonathan",D,IL01,GEV,GE Vernova Inc. Common Stock,ST,buy,"$15,001 - $50,000",2026-01-30,2026-02-23,24,https://disclosures-clerk.house.gov/public_disc/ptr-pdfs/2026/20033929.pdf
"Jackson, Hon. Jonathan",D,IL01,SHOP,Shopify Inc. - Class A Subordinate Voting Shares,ST,sell_full,"$50,001 - $100,000",2026-01-30,2026-02-23,24,https://disclosures-clerk.house.gov/public_disc/ptr-pdfs/2026/20033929.pdf
"Moore, Hon. Tim",R,NC14,T,AT&T Inc.,ST,sell_full,"$15,001 - $50,000",2026-01-30,2026-02-20,21,https://disclosures-clerk.house.gov/public_disc/ptr-pdfs/2026/20034034.pdf
"Meuser, Hon. Daniel",R,PA09,NVDA,NVIDIA Corporation - Common Stock,ST,sell_partial,"$1,001 - $15,000",2026-01-30,2026-02-17,18,https://disclosures-clerk.house.gov/public_disc/ptr-pdfs/2026/20034016.pdf
"Cisneros, Hon. Gilbert",D,CA31,AMZN,"Amazon.com, Inc. - Common Stock",ST,buy,"$1,001 - $15,000",2026-01-30,2026-02-13,14,https://disclosures-clerk.house.gov/public_disc/ptr-pdfs/2026/20033983.pdf
"Cisneros, Hon. Gilbert",D,CA31,ANET,"Arista Networks, Inc. Common Stock",ST,buy,"$1,001 - $15,000",2026-01-30,2026-02-13,14,https://disclosures-clerk.house.gov/public_disc/ptr-pdfs/2026/20033983.pdf
"Cisneros, Hon. Gilbert",D,CA31,ASML,ASML Holding N.V. - New York Registry Shares,ST,buy,"$1,001 - $15,000",2026-01-30,2026-02-13,14,https://disclosures-clerk.house.gov/public_disc/ptr-pdfs/2026/20033983.pdf
"Cisneros, Hon. Gilbert",D,CA31,AZO,"AutoZone, Inc. Common Stock",ST,buy,"$1,001 - $15,000",2026-01-30,2026-02-13,14,https://disclosures-clerk.house.gov/public_disc/ptr-pdfs/2026/20033983.pdf
"Cisneros, Hon. Gilbert",D,CA31,BIIB,Biogen Inc. - Common Stock,ST,buy,"$1,001 - $15,000",2026-01-30,2026-02-13,14,https://disclosures-clerk.house.gov/public_disc/ptr-pdfs/2026/20033983.pdf
"Cisneros, Hon. Gilbert",D,CA31,BE,Bloom Energy Corporation Class A Common Stock,ST,buy,"$1,001 - $15,000",2026-01-30,2026-02-13,14,https://disclosures-clerk.house.gov/public_disc/ptr-pdfs/2026/20033983.pdf
"Cisneros, Hon. Gilbert",D,CA31,BSX,Boston Scientific Corporation Common Stock,ST,buy,"$1,001 - $15,000",2026-01-30,2026-02-13,14,https://disclosures-clerk.house.gov/public_disc/ptr-pdfs/2026/20033983.pdf
"Cisneros, Hon. Gilbert",D,CA31,,California Community Choice Financing Authority Rev Bonds,GS,buy,"$250,001 - $500,000",2026-01-30,2026-02-13,14,https://disclosures-clerk.house.gov/public_disc/ptr-pdfs/2026/20033983.pdf
"Cisneros, Hon. Gilbert",D,CA31,NET,"Cloudflare, Inc. Class A Common Stock",ST,buy,"$1,001 - $15,000",2026-01-30,2026-02-13,14,https://disclosures-clerk.house.gov/public_disc/ptr-pdfs/2026/20033983.pdf
"Cisneros, Hon. Gilbert",D,CA31,COIN,"Coinbase Global, Inc. - 3Class A Common Stock",ST,buy,"$1,001 - $15,000",2026-01-30,2026-02-13,14,https://disclosures-clerk.house.gov/public_disc/ptr-pdfs/2026/20033983.pdf
"Cisneros, Hon. Gilbert",D,CA31,COST,Costco Wholesale Corporation - Common Stock,ST,buy,"$1,001 - $15,000",2026-01-30,2026-02-13,14,https://disclosures-clerk.house.gov/public_disc/ptr-pdfs/2026/20033983.pdf
"Cisneros, Hon. Gilbert",D,CA31,HD,"Home Depot, Inc.",ST,buy,"$1,001 - $15,000",2026-01-30,2026-02-13,14,https://disclosures-clerk.house.gov/public_disc/ptr-pdfs/2026/20033983.pdf
"Cisneros, Hon. Gilbert",D,CA31,ISRG,"Intuitive Surgical, Inc. - Common Stock",ST,buy,"$1,001 - $15,000",2026-01-30,2026-02-13,14,https://disclosures-clerk.house.gov/public_disc/ptr-pdfs/2026/20033983.pdf
"Cisneros, Hon. Gilbert",D,CA31,MELI,"MercadoLibre, Inc. - Common Stock",ST,buy,"$1,001 - $15,000",2026-01-30,2026-02-13,14,https://disclosures-clerk.house.gov/public_disc/ptr-pdfs/2026/20033983.pdf
"Cisneros, Hon. Gilbert",D,CA31,META,"Meta Platforms, Inc. - Class A Common Stock",ST,buy,"$1,001 - $15,000",2026-01-30,2026-02-13,14,https://disclosures-clerk.house.gov/public_disc/ptr-pdfs/2026/20033983.pdf
"Cisneros, Hon. Gilbert",D,CA31,,"Milwaukee, Wisconsin GO Promissory Notes Series N2",GS,sell_partial,"$100,001 - $250,000",2026-01-30,2026-02-13,14,https://disclosures-clerk.house.gov/public_disc/ptr-pdfs/2026/20033983.pdf
"Cisneros, Hon. Gilbert",D,CA31,NVDA,NVIDIA Corporation - Common Stock,ST,buy,"$1,001 - $15,000",2026-01-30,2026-02-13,14,https://disclosures-clerk.house.gov/public_disc/ptr-pdfs/2026/20033983.pdf
"Cisneros, Hon. Gilbert",D,CA31,ORCL,Oracle Corporation Common Stock,ST,buy,"$1,001 - $15,000",2026-01-30,2026-02-13,14,https://disclosures-clerk.house.gov/public_disc/ptr-pdfs/2026/20033983.pdf
"Cisneros, Hon. Gilbert",D,CA31,,"Perris, CA Union High School District GO Ref. Bonds",GS,sell_full,"$250,001 - $500,000",2026-01-30,2026-02-13,14,https://disclosures-clerk.house.gov/public_disc/ptr-pdfs/2026/20033983.pdf
"Cisneros, Hon. Gilbert",D,CA31,,Procter & Gamble Company (PG),ST,sell_partial,"$1,001 - $15,000",2026-01-30,2026-02-13,14,https://disclosures-clerk.house.gov/public_disc/ptr-pdfs/2026/20033983.pdf
"Cisneros, Hon. Gilbert",D,CA31,PWR,"Quanta Services, Inc. Common Stock",ST,buy,"$1,001 - $15,000",2026-01-30,2026-02-13,14,https://disclosures-clerk.house.gov/public_disc/ptr-pdfs/2026/20033983.pdf
"Cisneros, Hon. Gilbert",D,CA31,,"Redlands, CA, Uni. School District GO Bonds",GS,sell_full,"$50,001 - $100,000",2026-01-30,2026-02-13,14,https://disclosures-clerk.house.gov/public_disc/ptr-pdfs/2026/20033983.pdf
"Cisneros, Hon. Gilbert",D,CA31,HOOD,"Robinhood Markets, Inc. - Class A Common Stock",ST,buy,"$1,001 - $15,000",2026-01-30,2026-02-13,14,https://disclosures-clerk.house.gov/public_disc/ptr-pdfs/2026/20033983.pdf
"Cisneros, Hon. Gilbert",D,CA31,,"San Francisco CA City & County, GO Bonds",GS,sell_full,"$250,001 - $500,000",2026-01-30,2026-02-13,14,https://disclosures-clerk.house.gov/public_disc/ptr-pdfs/2026/20033983.pdf
"Cisneros, Hon. Gilbert",D,CA31,TSM,Taiwan Semiconductor Manufacturing Company Ltd.,ST,buy,"$1,001 - $15,000",2026-01-30,2026-02-13,14,https://disclosures-clerk.house.gov/public_disc/ptr-pdfs/2026/20033983.pdf
"Cisneros, Hon. Gilbert",D,CA31,TDG,Transdigm Group Incorporated Common Stock,ST,buy,"$1,001 - $15,000",2026-01-30,2026-02-13,14,https://disclosures-clerk.house.gov/public_disc/ptr-pdfs/2026/20033983.pdf
"Cisneros, Hon. Gilbert",D,CA31,VRT,"Vertiv Holdings, LLC Class A Common Stock",ST,buy,"$1,001 - $15,000",2026-01-30,2026-02-13,14,https://disclosures-clerk.house.gov/public_disc/ptr-pdfs/2026/20033983.pdf
"McGuire, Hon. John",R,VA05,MSFT,Microsoft Corporation - Common Stock,ST,sell_partial,"$1,001 - $15,000",2026-01-30,2026-02-10,11,https://disclosures-clerk.house.gov/public_disc/ptr-pdfs/2026/20033956.pdf
"McGuire, Hon. John",R,VA05,NVDA,NVIDIA Corporation - Common Stock,ST,buy,"$1,001 - $15,000",2026-01-30,2026-02-10,11,https://disclosures-clerk.house.gov/public_disc/ptr-pdfs/2026/20033956.pdf
"Delaney, Hon. April McClain",,MD06,PTC,PTC Inc. - Common Stock,ST,sell_full,"$1,001 - $15,000",2026-01-30,2026-02-02,3,https://disclosures-clerk.house.gov/public_disc/ptr-pdfs/2026/20033921.pdf
"Delaney, Hon. April McClain",,MD06,WAB,Westinghouse Air Brake Technologies Corporation Common Stock,ST,sell_partial,"$1,001 - $15,000",2026-01-30,2026-02-02,3,https://disclosures-clerk.house.gov/public_disc/ptr-pdfs/2026/20033921.pdf
"Kean, Hon. Thomas H., Jr",R,NJ07,ABT,Abbott Laboratories Common Stock,ST,buy,"$1,001 - $15,000",2026-01-29,2026-02-19,21,https://disclosures-clerk.house.gov/public_disc/ptr-pdfs/2026/20034025.pdf
"Morrison, Hon. Kelly Louise",D,MN03,,Advanced Machine Intelligence (AMI) Labs,OI,buy,"$15,001 - $50,000",2026-01-29,2026-02-12,14,https://disclosures-clerk.house.gov/public_disc/ptr-pdfs/2026/20033989.pdf
"Morrison, Hon. Kelly Louise",D,MN03,,Aalo Atomics,OI,buy,"$15,001 - $50,000",2026-01-29,2026-02-04,6,https://disclosures-clerk.house.gov/public_disc/ptr-pdfs/2026/20033928.pdf
"Morrison, Hon. Kelly Louise",D,MN03,,"Sygaldry Technologies, Inc.",OI,buy,"$15,001 - $50,000",2026-01-29,2026-02-04,6,https://disclosures-clerk.house.gov/public_disc/ptr-pdfs/2026/20033928.pdf
"Delaney, Hon. April McClain",,MD06,TRMB,Trimble Inc. - Common Stock,ST,sell_partial,"$1,001 - $15,000",2026-01-29,2026-02-02,4,https://disclosures-clerk.house.gov/public_disc/ptr-pdfs/2026/20033921.pdf
"Taylor, Hon. David J.",R,OH02,AMZN,"Amazon.com, Inc. - Common Stock",ST,buy,"$1,001 - $15,000",2026-01-29,2026-02-02,4,https://disclosures-clerk.house.gov/public_disc/ptr-pdfs/2026/20033916.pdf
"Taylor, Hon. David J.",R,OH02,AMGN,Amgen Inc. - Common Stock,ST,sell_full,"$1,001 - $15,000",2026-01-29,2026-02-02,4,https://disclosures-clerk.house.gov/public_disc/ptr-pdfs/2026/20033916.pdf
"Taylor, Hon. David J.",R,OH02,T,AT&T Inc.,ST,buy,"$1,001 - $15,000",2026-01-29,2026-02-02,4,https://disclosures-clerk.house.gov/public_disc/ptr-pdfs/2026/20033916.pdf
"Taylor, Hon. David J.",R,OH02,AVGO,Broadcom Inc. - Common Stock,ST,buy,"$1,001 - $15,000",2026-01-29,2026-02-02,4,https://disclosures-clerk.house.gov/public_disc/ptr-pdfs/2026/20033916.pdf
"Taylor, Hon. David J.",R,OH02,IBP,"Installed Building Products, Inc. Common Stock",ST,buy,"$1,001 - $15,000",2026-01-29,2026-02-02,4,https://disclosures-clerk.house.gov/public_disc/ptr-pdfs/2026/20033916.pdf
"Taylor, Hon. David J.",R,OH02,JPM,JP Morgan Chase & Co. Common Stock,ST,buy,"$1,001 - $15,000",2026-01-29,2026-02-02,4,https://disclosures-clerk.house.gov/public_disc/ptr-pdfs/2026/20033916.pdf
"Taylor, Hon. David J.",R,OH02,MEDP,"Medpace Holdings, Inc. - Common Stock",ST,buy,"$1,001 - $15,000",2026-01-29,2026-02-02,4,https://disclosures-clerk.house.gov/public_disc/ptr-pdfs/2026/20033916.pdf
"Taylor, Hon. David J.",R,OH02,MSFT,Microsoft Corporation - Common Stock,ST,buy,"$1,001 - $15,000",2026-01-29,2026-02-02,4,https://disclosures-clerk.house.gov/public_disc/ptr-pdfs/2026/20033916.pdf
"Taylor, Hon. David J.",R,OH02,,Procter & Gamble Company (PG),ST,sell_full,"$1,001 - $15,000",2026-01-29,2026-02-02,4,https://disclosures-clerk.house.gov/public_disc/ptr-pdfs/2026/20033916.pdf
"Taylor, Hon. David J.",R,OH02,PLD,"Prologis, Inc. Common Stock",ST,buy,"$1,001 - $15,000",2026-01-29,2026-02-02,4,https://disclosures-clerk.house.gov/public_disc/ptr-pdfs/2026/20033916.pdf
"Taylor, Hon. David J.",R,OH02,RPM,RPM International Inc. Common Stock,ST,buy,"$1,001 - $15,000",2026-01-29,2026-02-02,4,https://disclosures-clerk.house.gov/public_disc/ptr-pdfs/2026/20033916.pdf
"Taylor, Hon. David J.",R,OH02,CRM,"Salesforce, Inc. Common Stock",ST,buy,"$1,001 - $15,000",2026-01-29,2026-02-02,4,https://disclosures-clerk.house.gov/public_disc/ptr-pdfs/2026/20033916.pdf
"Taylor, Hon. David J.",R,OH02,VRTX,Vertex Pharmaceuticals Incorporated - Common Stock,ST,sell_full,"$1,001 - $15,000",2026-01-29,2026-02-02,4,https://disclosures-clerk.house.gov/public_disc/ptr-pdfs/2026/20033916.pdf
"Taylor, Hon. David J.",R,OH02,JPM,JP Morgan Chase & Co. Common Stock,ST,buy,"$1,001 - $15,000",2026-01-29,2026-02-02,4,https://disclosures-clerk.house.gov/public_disc/ptr-pdfs/2026/20033918.pdf
"Beyer, Hon. Donald Sternoff, Jr",D,VA08,,University Wash Univ 4.00% 12/01/33,GS,buy,"$15,001 - $50,000",2026-01-29,2026-01-31,2,https://disclosures-clerk.house.gov/public_disc/ptr-pdfs/2026/20033903.pdf
"Cisneros, Hon. Gilbert",D,CA31,CSGP,"CoStar Group, Inc. - Common Stock",ST,buy,"$1,001 - $15,000",2026-01-28,2026-02-13,16,https://disclosures-clerk.house.gov/public_disc/ptr-pdfs/2026/20033983.pdf
"Cisneros, Hon. Gilbert",D,CA31,DLTR,"Dollar Tree, Inc. - Common Stock",ST,sell_partial,"$1,001 - $15,000",2026-01-28,2026-02-13,16,https://disclosures-clerk.house.gov/public_disc/ptr-pdfs/2026/20033983.pdf
"Cisneros, Hon. Gilbert",D,CA31,DASH,"DoorDash, Inc. - Common Stock",ST,buy,"$1,001 - $15,000",2026-01-28,2026-02-13,16,https://disclosures-clerk.house.gov/public_disc/ptr-pdfs/2026/20033983.pdf
"Cisneros, Hon. Gilbert",D,CA31,PTC,PTC Inc. - Common Stock,ST,buy,"$1,001 - $15,000",2026-01-28,2026-02-13,16,https://disclosures-clerk.house.gov/public_disc/ptr-pdfs/2026/20033983.pdf
"Cisneros, Hon. Gilbert",D,CA31,VLTO,Veralto Corp Common Stock,ST,sell_partial,"$1,001 - $15,000",2026-01-28,2026-02-13,16,https://disclosures-clerk.house.gov/public_disc/ptr-pdfs/2026/20033983.pdf
"Cisneros, Hon. Gilbert",D,CA31,WDAY,"Workday, Inc. - Class A Common Stock",ST,buy,"$1,001 - $15,000",2026-01-28,2026-02-13,16,https://disclosures-clerk.house.gov/public_disc/ptr-pdfs/2026/20033983.pdf
"Delaney, Hon. April McClain",,MD06,TECH,Bio-Techne Corp - Common Stock,ST,sell_partial,"$1,001 - $15,000",2026-01-28,2026-02-02,5,https://disclosures-clerk.house.gov/public_disc/ptr-pdfs/2026/20033921.pdf
"Delaney, Hon. April McClain",,MD06,BJ,"BJ's Wholesale Club Holdings, Inc. Common Stock",ST,sell_partial,"$1,001 - $15,000",2026-01-28,2026-02-02,5,https://disclosures-clerk.house.gov/public_disc/ptr-pdfs/2026/20033921.pdf
"Delaney, Hon. April McClain",,MD06,LH,Labcorp Holdings Inc. Common Stock,ST,buy,"$1,001 - $15,000",2026-01-28,2026-02-02,5,https://disclosures-clerk.house.gov/public_disc/ptr-pdfs/2026/20033921.pdf
"Delaney, Hon. April McClain",,MD06,TRMB,Trimble Inc. - Common Stock,ST,sell_partial,"$1,001 - $15,000",2026-01-28,2026-02-02,5,https://disclosures-clerk.house.gov/public_disc/ptr-pdfs/2026/20033921.pdf
"Gottheimer, Hon. Josh",D,NJ05,GILD,"Gilead Sciences, Inc. - Common Stock",ST,buy,"$1,001 - $15,000",2026-01-27,2026-02-26,30,https://disclosures-clerk.house.gov/public_disc/ptr-pdfs/2026/20033930.pdf
"Cisneros, Hon. Gilbert",D,CA31,AVAV,"AeroVironment, Inc. - Common Stock",ST,buy,"$1,001 - $15,000",2026-01-27,2026-02-13,17,https://disclosures-clerk.house.gov/public_disc/ptr-pdfs/2026/20033983.pdf
"Cisneros, Hon. Gilbert",D,CA31,,California Community Choice Financing Authority Rev Bonds,GS,buy,"$250,001 - $500,000",2026-01-27,2026-02-13,17,https://disclosures-clerk.house.gov/public_disc/ptr-pdfs/2026/20033983.pdf
"Cisneros, Hon. Gilbert",D,CA31,EPAC,Enerpac Tool Group Corp. Common Stock,ST,buy,"$1,001 - $15,000",2026-01-27,2026-02-13,17,https://disclosures-clerk.house.gov/public_disc/ptr-pdfs/2026/20033983.pdf
"Cisneros, Hon. Gilbert",D,CA31,PAAS,Pan American Silver Corp.,ST,sell_full,"$50,001 - $100,000",2026-01-27,2026-02-13,17,https://disclosures-clerk.house.gov/public_disc/ptr-pdfs/2026/20033983.pdf
"Cisneros, Hon. Gilbert",D,CA31,WPM,Wheaton Precious Metals Corp Common Shares,ST,buy,"$15,001 - $50,000",2026-01-27,2026-02-13,17,https://disclosures-clerk.house.gov/public_disc/ptr-pdfs/2026/20033983.pdf
"Gottheimer, Hon. Josh",D,NJ05,ICE,Intercontinental Exchange Inc. Common Stock,ST,buy,"$1,001 - $15,000",2026-01-26,2026-02-26,31,https://disclosures-clerk.house.gov/public_disc/ptr-pdfs/2026/20033930.pdf
"Gottheimer, Hon. Josh",D,NJ05,NSRGY,NESTLE S.A S/ADR,ST,sell_partial,"$1,001 - $15,000",2026-01-26,2026-02-26,31,https://disclosures-clerk.house.gov/public_disc/ptr-pdfs/2026/20033930.pdf
"Gottheimer, Hon. Josh",D,NJ05,SNDR,"Schneider National, Inc. Common Stock",ST,sell_full,"$1,001 - $15,000",2026-01-26,2026-02-26,31,https://disclosures-clerk.house.gov/public_disc/ptr-pdfs/2026/20033930.pdf
"Allen, Hon. Richard W.",R,GA12,,US Treasury Note 3.5% DUE 01/31/28 (91282CGH8),GS,buy,"$100,001 - $250,000",2026-01-26,2026-02-17,22,https://disclosures-clerk.house.gov/public_disc/ptr-pdfs/2026/20033945.pdf
"Keating, Hon. William R.",D,MA09,,UNITED STATES TREAS BILLS ZERO CPN 0.00000% 03/24/2026,GS,buy,"$1,001 - $15,000",2026-01-26,2026-02-06,11,https://disclosures-clerk.house.gov/public_disc/ptr-pdfs/2026/20033946.pdf
"Moore, Hon. Tim",R,NC14,HOG,"Harley-Davidson, Inc. Common Stock",ST,buy,"$15,001 - $50,000",2026-01-23,2026-02-20,28,https://disclosures-clerk.house.gov/public_disc/ptr-pdfs/2026/20034034.pdf
"Kean, Hon. Thomas H., Jr",R,NJ07,JNJ,Johnson & Johnson Common Stock,ST,sell_partial,"$15,001 - $50,000",2026-01-23,2026-02-19,27,https://disclosures-clerk.house.gov/public_disc/ptr-pdfs/2026/20034025.pdf
"Kean, Hon. Thomas H., Jr",R,NJ07,MKL,Markel Group Inc. Common Stock,ST,sell_partial,"$15,001 - $50,000",2026-01-23,2026-02-19,27,https://disclosures-clerk.house.gov/public_disc/ptr-pdfs/2026/20034025.pdf
"Kean, Hon. Thomas H., Jr",R,NJ07,MSFT,Microsoft Corporation - Common Stock,ST,sell_partial,"$1,001 - $15,000",2026-01-23,2026-02-19,27,https://disclosures-clerk.house.gov/public_disc/ptr-pdfs/2026/20034025.pdf
"Kean, Hon. Thomas H., Jr",R,NJ07,SYK,Stryker Corporation Common Stock,ST,sell_partial,"$15,001 - $50,000",2026-01-23,2026-02-19,27,https://disclosures-clerk.house.gov/public_disc/ptr-pdfs/2026/20034025.pdf
"Cisneros, Hon. Gilbert",D,CA31,,"Southeast Energy Authority Cooperative District, Alabama Bonds",GS,sell_full,"$250,001 - $500,000",2026-01-23,2026-02-13,21,https://disclosures-clerk.house.gov/public_disc/ptr-pdfs/2026/20033983.pdf
"Delaney, Hon. April McClain",,MD06,PTC,PTC Inc. - Common Stock,ST,sell_partial,"$1,001 - $15,000",2026-01-23,2026-02-02,10,https://disclosures-clerk.house.gov/public_disc/ptr-pdfs/2026/20033921.pdf
"Jackson, Hon. Jonathan",D,IL01,CPNG,"Coupang, Inc. Class A Common Stock",ST,sell_full,"$15,001 - $50,000",2026-01-22,2026-02-23,32,https://disclosures-clerk.house.gov/public_disc/ptr-pdfs/2026/20033929.pdf
"Jackson, Hon. Jonathan",D,IL01,VSAT,"ViaSat, Inc. - Common Stock",ST,buy,"$50,001 - $100,000",2026-01-22,2026-02-23,32,https://disclosures-clerk.house.gov/public_disc/ptr-pdfs/2026/20033929.pdf
"Delaney, Hon. April McClain",,MD06,SGI,Somnigroup International Inc. Common Stock,ST,sell_partial,"$1,001 - $15,000",2026-01-22,2026-02-02,11,https://disclosures-clerk.house.gov/public_disc/ptr-pdfs/2026/20033921.pdf
"Delaney, Hon. April McClain",,MD06,WAB,Westinghouse Air Brake Technologies Corporation Common Stock,ST,sell_partial,"$1,001 - $15,000",2026-01-22,2026-02-02,11,https://disclosures-clerk.house.gov/public_disc/ptr-pdfs/2026/20033921.pdf
"Peters, Hon. Scott H.",D,CA50,,Regeneration VC Fund 1 LP,OT,buy,"$15,001 - $50,000",2026-01-21,2026-02-25,35,https://disclosures-clerk.house.gov/public_disc/ptr-pdfs/2026/20034010.pdf
"Peters, Hon. Scott H.",D,CA50,,"Valo Ventures GP II, LP",OT,buy,"$15,001 - $50,000",2026-01-21,2026-02-25,35,https://disclosures-clerk.house.gov/public_disc/ptr-pdfs/2026/20034010.pdf
"McGuire, Hon. John",R,VA05,MSFT,Microsoft Corporation - Common Stock,ST,buy,"$1,001 - $15,000",2026-01-21,2026-02-10,20,https://disclosures-clerk.house.gov/public_disc/ptr-pdfs/2026/20033956.pdf
"Morrison, Hon. Kelly Louise",D,MN03,,Andersen Corporation,OI,sell_partial,"$250,001 - $500,000",2026-01-20,2026-04-02,72,https://disclosures-clerk.house.gov/public_disc/ptr-pdfs/2026/20034213.pdf
"Jackson, Hon. Jonathan",D,IL01,JPM,JP Morgan Chase & Co. Common Stock,ST,buy,"$1,001 - $15,000",2026-01-20,2026-02-23,34,https://disclosures-clerk.house.gov/public_disc/ptr-pdfs/2026/20033929.pdf
"Jackson, Hon. Jonathan",D,IL01,HOOD,"Robinhood Markets, Inc. - Class A Common Stock",ST,sell_full,"$1,001 - $15,000",2026-01-20,2026-02-23,34,https://disclosures-clerk.house.gov/public_disc/ptr-pdfs/2026/20033929.pdf
"Cisneros, Hon. Gilbert",D,CA31,AEIS,"Advanced Energy Industries, Inc. - Common Stock",ST,buy,"$1,001 - $15,000",2026-01-20,2026-02-13,24,https://disclosures-clerk.house.gov/public_disc/ptr-pdfs/2026/20033983.pdf
"Cisneros, Hon. Gilbert",D,CA31,CP,Canadian Pacific Kansas City Limited Common Shares,ST,buy,"$1,001 - $15,000",2026-01-20,2026-02-13,24,https://disclosures-clerk.house.gov/public_disc/ptr-pdfs/2026/20033983.pdf
"Cisneros, Hon. Gilbert",D,CA31,CRDO,Credo Technology Group Holding Ltd - Ordinary Shares,ST,buy,"$1,001 - $15,000",2026-01-20,2026-02-13,24,https://disclosures-clerk.house.gov/public_disc/ptr-pdfs/2026/20033983.pdf
"Cisneros, Hon. Gilbert",D,CA31,DASH,"DoorDash, Inc. - Common Stock",ST,buy,"$1,001 - $15,000",2026-01-20,2026-02-13,24,https://disclosures-clerk.house.gov/public_disc/ptr-pdfs/2026/20033983.pdf
"Cisneros, Hon. Gilbert",D,CA31,MTSI,"MACOM Technology Solutions Holdings, Inc. - Common Stock",ST,sell_partial,"$1,001 - $15,000",2026-01-20,2026-02-13,24,https://disclosures-clerk.house.gov/public_disc/ptr-pdfs/2026/20033983.pdf
"Cisneros, Hon. Gilbert",D,CA31,SMTC,Semtech Corporation - Common Stock,ST,buy,"$1,001 - $15,000",2026-01-20,2026-02-13,24,https://disclosures-clerk.house.gov/public_disc/ptr-pdfs/2026/20033983.pdf
"Cisneros, Hon. Gilbert",D,CA31,WRB,W.R. Berkley Corporation Common Stock,ST,sell_partial,"$1,001 - $15,000",2026-01-20,2026-02-13,24,https://disclosures-clerk.house.gov/public_disc/ptr-pdfs/2026/20033983.pdf
"Kelly, Hon. Mike",R,PA16,,N TX Tollway Auth Revenue Second Tie Rev 5% due 1/1/34,GS,buy,"$15,001 - $50,000",2026-01-20,2026-02-12,23,https://disclosures-clerk.house.gov/public_disc/ptr-pdfs/2026/20033991.pdf
"McGuire, Hon. John",R,VA05,WMT,Walmart Inc. - Common Stock,ST,sell_partial,"$1,001 - $15,000",2026-01-20,2026-02-10,21,https://disclosures-clerk.house.gov/public_disc/ptr-pdfs/2026/20033956.pdf
"Morrison, Hon. Kelly Louise",D,MN03,,"CogniChip, Inc.",OI,buy,"$15,001 - $50,000",2026-01-20,2026-02-04,15,https://disclosures-clerk.house.gov/public_disc/ptr-pdfs/2026/20033928.pdf
"Morrison, Hon. Kelly Louise",D,MN03,,Modak Communities Inc.,OI,buy,"$15,001 - $50,000",2026-01-20,2026-02-04,15,https://disclosures-clerk.house.gov/public_disc/ptr-pdfs/2026/20033928.pdf
"Morrison, Hon. Kelly Louise",D,MN03,,"Varda Space Industries, Inc.",OI,buy,"$15,001 - $50,000",2026-01-20,2026-02-04,15,https://disclosures-clerk.house.gov/public_disc/ptr-pdfs/2026/20033928.pdf
"Fields, Cleo",D,LA06,GOOG,Alphabet Inc. - Class C Capital Stock,ST,buy,"$100,001 - $250,000",2026-01-20,2026-02-03,14,https://disclosures-clerk.house.gov/public_disc/ptr-pdfs/2026/20033858.pdf
"Fields, Cleo",D,LA06,IREN,IREN Limited - Ordinary Shares,ST,buy,"$50,001 - $100,000",2026-01-20,2026-02-03,14,https://disclosures-clerk.house.gov/public_disc/ptr-pdfs/2026/20033858.pdf
"Fields, Cleo",D,LA06,META,"Meta Platforms, Inc. - Class A Common Stock",ST,buy,"$50,001 - $100,000",2026-01-20,2026-02-03,14,https://disclosures-clerk.house.gov/public_disc/ptr-pdfs/2026/20033858.pdf
"Fields, Cleo",D,LA06,NFLX,"Netflix, Inc. - Common Stock",ST,buy,"$50,001 - $100,000",2026-01-20,2026-02-03,14,https://disclosures-clerk.house.gov/public_disc/ptr-pdfs/2026/20033858.pdf
"Beyer, Hon. Donald Sternoff, Jr",D,VA08,,Madison Conn Go Bd 3.5% 12/18/25,GS,buy,"$50,001 - $100,000",2026-01-20,2026-01-31,11,https://disclosures-clerk.house.gov/public_disc/ptr-pdfs/2026/20033903.pdf
"Latta, Hon. Robert E.",R,OH05,FMAO,"Farmers & Merchants Bancorp, Inc.",ST,buy,"$1,001 - $15,000",2026-01-20,2026-01-23,3,https://disclosures-clerk.house.gov/public_disc/ptr-pdfs/2026/20033857.pdf
"Jackson, Hon. Jonathan",D,IL01,PLTR,Palantir Technologies Inc. - Class A Common Stock,ST,sell_full,"$15,001 - $50,000",2026-01-16,2026-02-23,38,https://disclosures-clerk.house.gov/public_disc/ptr-pdfs/2026/20033929.pdf
"Taylor, Hon. David J.",R,OH02,GOOGL,Alphabet Inc. - Class A Common Stock,ST,sell_full,"$1,001 - $15,000",2026-01-16,2026-02-02,17,https://disclosures-clerk.house.gov/public_disc/ptr-pdfs/2026/20033916.pdf
"Taylor, Hon. David J.",R,OH02,AEP,"American Electric Power Company, Inc.",ST,buy,"$1,001 - $15,000",2026-01-16,2026-02-02,17,https://disclosures-clerk.house.gov/public_disc/ptr-pdfs/2026/20033916.pdf
"Taylor, Hon. David J.",R,OH02,AMGN,Amgen Inc. - Common Stock,ST,buy,"$1,001 - $15,000",2026-01-16,2026-02-02,17,https://disclosures-clerk.house.gov/public_disc/ptr-pdfs/2026/20033916.pdf
"Taylor, Hon. David J.",R,OH02,AAPL,Apple Inc. - Common Stock,ST,buy,"$1,001 - $15,000",2026-01-16,2026-02-02,17,https://disclosures-clerk.house.gov/public_disc/ptr-pdfs/2026/20033916.pdf
"Taylor, Hon. David J.",R,OH02,AVGO,Broadcom Inc. - Common Stock,ST,sell_full,"$1,001 - $15,000",2026-01-16,2026-02-02,17,https://disclosures-clerk.house.gov/public_disc/ptr-pdfs/2026/20033916.pdf
"Taylor, Hon. David J.",R,OH02,ETN,"Eaton Corporation, PLC Ordinary Shares",ST,buy,"$1,001 - $15,000",2026-01-16,2026-02-02,17,https://disclosures-clerk.house.gov/public_disc/ptr-pdfs/2026/20033916.pdf
"Taylor, Hon. David J.",R,OH02,LLY,Eli Lilly and Company Common Stock,ST,sell_full,"$1,001 - $15,000",2026-01-16,2026-02-02,17,https://disclosures-clerk.house.gov/public_disc/ptr-pdfs/2026/20033916.pdf
"Taylor, Hon. David J.",R,OH02,HD,"Home Depot, Inc.",ST,sell_full,"$1,001 - $15,000",2026-01-16,2026-02-02,17,https://disclosures-clerk.house.gov/public_disc/ptr-pdfs/2026/20033916.pdf
"Taylor, Hon. David J.",R,OH02,IBP,"Installed Building Products, Inc. Common Stock",ST,sell_full,"$1,001 - $15,000",2026-01-16,2026-02-02,17,https://disclosures-clerk.house.gov/public_disc/ptr-pdfs/2026/20033916.pdf
"Taylor, Hon. David J.",R,OH02,,Kroger Company (KR),ST,buy,"$1,001 - $15,000",2026-01-16,2026-02-02,17,https://disclosures-clerk.house.gov/public_disc/ptr-pdfs/2026/20033916.pdf
"Taylor, Hon. David J.",R,OH02,LRCX,Lam Research Corporation - Common Stock,ST,sell_full,"$1,001 - $15,000",2026-01-16,2026-02-02,17,https://disclosures-clerk.house.gov/public_disc/ptr-pdfs/2026/20033916.pdf
"Taylor, Hon. David J.",R,OH02,MEDP,"Medpace Holdings, Inc. - Common Stock",ST,sell_full,"$1,001 - $15,000",2026-01-16,2026-02-02,17,https://disclosures-clerk.house.gov/public_disc/ptr-pdfs/2026/20033916.pdf
"Taylor, Hon. David J.",R,OH02,MSFT,Microsoft Corporation - Common Stock,ST,buy,"$1,001 - $15,000",2026-01-16,2026-02-02,17,https://disclosures-clerk.house.gov/public_disc/ptr-pdfs/2026/20033916.pdf
"Taylor, Hon. David J.",R,OH02,PH,Parker-Hannifin Corporation Common Stock,ST,sell_full,"$1,001 - $15,000",2026-01-16,2026-02-02,17,https://disclosures-clerk.house.gov/public_disc/ptr-pdfs/2026/20033916.pdf
"Taylor, Hon. David J.",R,OH02,PGR,Progressive Corporation,ST,buy,"$1,001 - $15,000",2026-01-16,2026-02-02,17,https://disclosures-clerk.house.gov/public_disc/ptr-pdfs/2026/20033916.pdf
"Taylor, Hon. David J.",R,OH02,PLD,"Prologis, Inc. Common Stock",ST,sell_full,"$1,001 - $15,000",2026-01-16,2026-02-02,17,https://disclosures-clerk.house.gov/public_disc/ptr-pdfs/2026/20033916.pdf
"Taylor, Hon. David J.",R,OH02,RPM,RPM International Inc. Common Stock,ST,buy,"$1,001 - $15,000",2026-01-16,2026-02-02,17,https://disclosures-clerk.house.gov/public_disc/ptr-pdfs/2026/20033916.pdf
"Taylor, Hon. David J.",R,OH02,V,Visa Inc.,ST,buy,"$1,001 - $15,000",2026-01-16,2026-02-02,17,https://disclosures-clerk.house.gov/public_disc/ptr-pdfs/2026/20033916.pdf
"Taylor, Hon. David J.",R,OH02,AAPL,Apple Inc. - Common Stock,ST,buy,"$1,001 - $15,000",2026-01-16,2026-02-02,17,https://disclosures-clerk.house.gov/public_disc/ptr-pdfs/2026/20033918.pdf
"Taylor, Hon. David J.",R,OH02,IBP,"Installed Building Products, Inc. Common Stock",ST,sell_full,"$1,001 - $15,000",2026-01-16,2026-02-02,17,https://disclosures-clerk.house.gov/public_disc/ptr-pdfs/2026/20033918.pdf
"Taylor, Hon. David J.",R,OH02,,Kroger Company (KR),ST,buy,"$1,001 - $15,000",2026-01-16,2026-02-02,17,https://disclosures-clerk.house.gov/public_disc/ptr-pdfs/2026/20033918.pdf
"Pelosi, Hon. Nancy",D,CA11,AB,AllianceBernstein Holding L.P. Units,AB,buy,"$1,000,001 - $5,000,000",2026-01-16,2026-01-23,7,https://disclosures-clerk.house.gov/public_disc/ptr-pdfs/2026/20033725.pdf
"Pelosi, Hon. Nancy",D,CA11,GOOGL,Alphabet Inc. - Class A Common Stock,ST,buy,"$500,001 - $1,000,000",2026-01-16,2026-01-23,7,https://disclosures-clerk.house.gov/public_disc/ptr-pdfs/2026/20033725.pdf
"Pelosi, Hon. Nancy",D,CA11,AMZN,"Amazon.com, Inc. - Common Stock",ST,buy,"$500,001 - $1,000,000",2026-01-16,2026-01-23,7,https://disclosures-clerk.house.gov/public_disc/ptr-pdfs/2026/20033725.pdf
"Pelosi, Hon. Nancy",D,CA11,NVDA,NVIDIA Corporation - Common Stock,ST,buy,"$250,001 - $500,000",2026-01-16,2026-01-23,7,https://disclosures-clerk.house.gov/public_disc/ptr-pdfs/2026/20033725.pdf
"Pelosi, Hon. Nancy",D,CA11,VST,Vistra Corp. Common Stock,ST,buy,"$100,001 - $250,000",2026-01-16,2026-01-23,7,https://disclosures-clerk.house.gov/public_disc/ptr-pdfs/2026/20033725.pdf
"Cisneros, Hon. Gilbert",D,CA31,ADC,Agree Realty Corporation Common Stock,ST,sell_full,"$15,001 - $50,000",2026-01-15,2026-02-13,29,https://disclosures-clerk.house.gov/public_disc/ptr-pdfs/2026/20033983.pdf
"Cisneros, Hon. Gilbert",D,CA31,AZTA,"Azenta, Inc. - Common Stock",ST,buy,"$1,001 - $15,000",2026-01-15,2026-02-13,29,https://disclosures-clerk.house.gov/public_disc/ptr-pdfs/2026/20033983.pdf
"Cisneros, Hon. Gilbert",D,CA31,CATY,Cathay General Bancorp - Common Stock,ST,buy,"$1,001 - $15,000",2026-01-15,2026-02-13,29,https://disclosures-clerk.house.gov/public_disc/ptr-pdfs/2026/20033983.pdf
"Cisneros, Hon. Gilbert",D,CA31,COLB,"Columbia Banking System, Inc. - Common Stock",ST,sell_full,"$15,001 - $50,000",2026-01-15,2026-02-13,29,https://disclosures-clerk.house.gov/public_disc/ptr-pdfs/2026/20033983.pdf
"Cisneros, Hon. Gilbert",D,CA31,CSW,"CSW Industrials, Inc. Common Stock",ST,buy,"$1,001 - $15,000",2026-01-15,2026-02-13,29,https://disclosures-clerk.house.gov/public_disc/ptr-pdfs/2026/20033983.pdf
"Cisneros, Hon. Gilbert",D,CA31,FBK,FB Financial Corporation Common Stock,ST,buy,"$1,001 - $15,000",2026-01-15,2026-02-13,29,https://disclosures-clerk.house.gov/public_disc/ptr-pdfs/2026/20033983.pdf
"Cisneros, Hon. Gilbert",D,CA31,GBCI,"Glacier Bancorp, Inc.",ST,buy,"$1,001 - $15,000",2026-01-15,2026-02-13,29,https://disclosures-clerk.house.gov/public_disc/ptr-pdfs/2026/20033983.pdf
"Cisneros, Hon. Gilbert",D,CA31,IRT,"Independence Realty Trust, Inc. Common Stock",ST,buy,"$1,001 - $15,000",2026-01-15,2026-02-13,29,https://disclosures-clerk.house.gov/public_disc/ptr-pdfs/2026/20033983.pdf
"Cisneros, Hon. Gilbert",D,CA31,LGN,Legence Corp. - Class A Common stock,ST,buy,"$1,001 - $15,000",2026-01-15,2026-02-13,29,https://disclosures-clerk.house.gov/public_disc/ptr-pdfs/2026/20033983.pdf
"Cisneros, Hon. Gilbert",D,CA31,LGND,Ligand Pharmaceuticals Incorporated - Common Stock,ST,buy,"$1,001 - $15,000",2026-01-15,2026-02-13,29,https://disclosures-clerk.house.gov/public_disc/ptr-pdfs/2026/20033983.pdf
"Cisneros, Hon. Gilbert",D,CA31,MEDP,"Medpace Holdings, Inc. - Common Stock",ST,sell_full,"$15,001 - $50,000",2026-01-15,2026-02-13,29,https://disclosures-clerk.house.gov/public_disc/ptr-pdfs/2026/20033983.pdf
"Cisneros, Hon. Gilbert",D,CA31,NHI,"National Health Investors, Inc. Common Stock",ST,buy,"$1,001 - $15,000",2026-01-15,2026-02-13,29,https://disclosures-clerk.house.gov/public_disc/ptr-pdfs/2026/20033983.pdf
"Cisneros, Hon. Gilbert",D,CA31,PWP,Perella Weinberg Partners - Class A Common Stock,ST,buy,"$1,001 - $15,000",2026-01-15,2026-02-13,29,https://disclosures-clerk.house.gov/public_disc/ptr-pdfs/2026/20033983.pdf
"Cisneros, Hon. Gilbert",D,CA31,SNDR,"Schneider National, Inc. Common Stock",ST,sell_full,"$1,001 - $15,000",2026-01-15,2026-02-13,29,https://disclosures-clerk.house.gov/public_disc/ptr-pdfs/2026/20033983.pdf
"Cisneros, Hon. Gilbert",D,CA31,SLGN,Silgan Holdings Inc.,ST,sell_full,"$1,001 - $15,000",2026-01-15,2026-02-13,29,https://disclosures-clerk.house.gov/public_disc/ptr-pdfs/2026/20033983.pdf
"Delaney, Hon. April McClain",,MD06,MORN,"Morningstar, Inc. - Common Stock",ST,sell_partial,"$1,001 - $15,000",2026-01-15,2026-02-02,18,https://disclosures-clerk.house.gov/public_disc/ptr-pdfs/2026/20033921.pdf
"Beyer, Hon. Donald Sternoff, Jr",D,VA08,,Virginia St Pub Bldg 4.00% 08/01/36,GS,buy,"$50,001 - $100,000",2026-01-15,2026-01-31,16,https://disclosures-clerk.house.gov/public_disc/ptr-pdfs/2026/20033903.pdf
"Peters, Hon. Scott H.",D,CA50,,Solace Health,OL,buy,"$250,001 - $500,000",2026-01-14,2026-02-25,42,https://disclosures-clerk.house.gov/public_disc/ptr-pdfs/2026/20034010.pdf
"Allen, Hon. Richard W.",R,GA12,AWK,"American Water Works Company, Inc. Common Stock",ST,sell_full,"$50,001 - $100,000",2026-01-14,2026-02-17,34,https://disclosures-clerk.house.gov/public_disc/ptr-pdfs/2026/20033945.pdf
"Allen, Hon. Richard W.",R,GA12,PAYX,"Paychex, Inc. - Common Stock",ST,sell_full,"$15,001 - $50,000",2026-01-14,2026-02-17,34,https://disclosures-clerk.house.gov/public_disc/ptr-pdfs/2026/20033945.pdf
"Allen, Hon. Richard W.",R,GA12,SPGI,S&P Global Inc. Common Stock,ST,buy,"$15,001 - $50,000",2026-01-14,2026-02-17,34,https://disclosures-clerk.house.gov/public_disc/ptr-pdfs/2026/20033945.pdf
"Meuser, Hon. Daniel",R,PA09,NVDA,NVIDIA Corporation - Common Stock,ST,sell_partial,"$1,001 - $15,000",2026-01-14,2026-02-17,34,https://disclosures-clerk.house.gov/public_disc/ptr-pdfs/2026/20034016.pdf
"Delaney, Hon. April McClain",,MD06,WAB,Westinghouse Air Brake Technologies Corporation Common Stock,ST,sell_partial,"$1,001 - $15,000",2026-01-14,2026-02-02,19,https://disclosures-clerk.house.gov/public_disc/ptr-pdfs/2026/20033921.pdf
"Jackson, Hon. Jonathan",D,IL01,TMUS,"T-Mobile US, Inc.",ST,sell_full,"$50,001 - $100,000",2026-01-13,2026-02-23,41,https://disclosures-clerk.house.gov/public_disc/ptr-pdfs/2026/20033929.pdf
"Jackson, Hon. Jonathan",D,IL01,WMT,Walmart Inc. - Common Stock,ST,buy,"$50,001 - $100,000",2026-01-13,2026-02-23,41,https://disclosures-clerk.house.gov/public_disc/ptr-pdfs/2026/20033929.pdf
"Pfluger, Hon. August Lee, II",R,TX11,SIRI,SiriusXM Holdings Inc. - Common Stock,ST,sell_full,"$1,001 - $15,000",2026-01-13,2026-02-11,29,https://disclosures-clerk.house.gov/public_disc/ptr-pdfs/2026/20033920.pdf
"Delaney, Hon. April McClain",,MD06,IDXX,"IDEXX Laboratories, Inc. - Common Stock",ST,sell_full,"$1,001 - $15,000",2026-01-13,2026-02-02,20,https://disclosures-clerk.house.gov/public_disc/ptr-pdfs/2026/20033921.pdf
"Delaney, Hon. April McClain",,MD06,VIK,Viking Holdings Ltd Ordinary Shares,ST,sell_partial,"$1,001 - $15,000",2026-01-13,2026-02-02,20,https://disclosures-clerk.house.gov/public_disc/ptr-pdfs/2026/20033921.pdf
"DelBene, Hon. Suzan K.",D,WA01,,"Arizona Indl Dev Auth Rev BDS Lincoln 5.00% Due Nov 1, 2029",GS,sell_partial,"$15,001 - $50,000",2026-01-13,2026-01-23,10,https://disclosures-clerk.house.gov/public_disc/ptr-pdfs/2026/20033835.pdf
"DelBene, Hon. Suzan K.",D,WA01,,"Illinois ST Sales Tax Rev JR Oblig 4.00% Due Jun 15, 2030",GS,sell_partial,"$15,001 - $50,000",2026-01-13,2026-01-23,10,https://disclosures-clerk.house.gov/public_disc/ptr-pdfs/2026/20033835.pdf
"DelBene, Hon. Suzan K.",D,WA01,,"Maryland ST Dept TR 5%27 Comb Tax Due 11/01/27 Due Nov 1, 2027",GS,sell_partial,"$15,001 - $50,000",2026-01-13,2026-01-23,10,https://disclosures-clerk.house.gov/public_disc/ptr-pdfs/2026/20033835.pdf
"DelBene, Hon. Suzan K.",D,WA01,,"North Dakota ST HSG Fin Agy Home MTG 1.85% Due Jan 1, 2032",GS,sell_partial,"$15,001 - $50,000",2026-01-13,2026-01-23,10,https://disclosures-clerk.house.gov/public_disc/ptr-pdfs/2026/20033835.pdf
"DelBene, Hon. Suzan K.",D,WA01,,"Philadelphia PA SCH Dist Go BDS Ser. F 5.00% Due Sep 1, 2027",GS,sell_partial,"$15,001 - $50,000",2026-01-13,2026-01-23,10,https://disclosures-clerk.house.gov/public_disc/ptr-pdfs/2026/20033835.pdf
"DelBene, Hon. Suzan K.",D,WA01,,"Southeast Energy Auth Coop Dist Ala 5.00% Due Sep 1, 2035",GS,sell_partial,"$15,001 - $50,000",2026-01-13,2026-01-23,10,https://disclosures-clerk.house.gov/public_disc/ptr-pdfs/2026/20033835.pdf
"DelBene, Hon. Suzan K.",D,WA01,,Spring TX Isd 4%31 Go Utx Due 08/15/31,GS,sell_partial,"$15,001 - $50,000",2026-01-13,2026-01-23,10,https://disclosures-clerk.house.gov/public_disc/ptr-pdfs/2026/20033835.pdf
"DelBene, Hon. Suzan K.",D,WA01,,"Tarrant CNTY Tex Cultural Ed Facs Fin 5.00% Due Nov 15, 2051",GS,sell_partial,"$50,001 - $100,000",2026-01-13,2026-01-23,10,https://disclosures-clerk.house.gov/public_disc/ptr-pdfs/2026/20033835.pdf
"DelBene, Hon. Suzan K.",D,WA01,,Triborough Bridge & 4%31 SPL Tax Due 11/15/31,GS,sell_partial,"$15,001 - $50,000",2026-01-13,2026-01-23,10,https://disclosures-clerk.house.gov/public_disc/ptr-pdfs/2026/20033835.pdf
"DelBene, Hon. Suzan K.",D,WA01,,TX Trans Commn TPK 5%42 TPK Tran Due 08/15/42,GS,sell_partial,"$15,001 - $50,000",2026-01-13,2026-01-23,10,https://disclosures-clerk.house.gov/public_disc/ptr-pdfs/2026/20033835.pdf
"DelBene, Hon. Suzan K.",D,WA01,,University Kans Hos 4%36 SYST HLTH Due 03/01/36,GS,sell_partial,"$50,001 - $100,000",2026-01-13,2026-01-23,10,https://disclosures-clerk.house.gov/public_disc/ptr-pdfs/2026/20033835.pdf
"DelBene, Hon. Suzan K.",D,WA01,,"Washington ST MTR Veh Fuel Tax Related 5.00% Due Aug 1, 2028",GS,sell_partial,"$50,001 - $100,000",2026-01-13,2026-01-23,10,https://disclosures-clerk.house.gov/public_disc/ptr-pdfs/2026/20033835.pdf
"DelBene, Hon. Suzan K.",D,WA01,,"Wisconsin ST Go BDS Ser. 2025 A 5.00% Due May 1, 2036",GS,sell_partial,"$15,001 - $50,000",2026-01-13,2026-01-23,10,https://disclosures-clerk.house.gov/public_disc/ptr-pdfs/2026/20033835.pdf
"Cisneros, Hon. Gilbert",D,CA31,SBGSF,Schneider Electric Sa Ordinary Shares,ST,sell_full,"$1,001 - $15,000",2026-01-12,2026-02-13,32,https://disclosures-clerk.house.gov/public_disc/ptr-pdfs/2026/20033983.pdf
"McClain, Hon. Lisa",R,MI09,,Apptronik,PS,buy,"$50,001 - $100,000",2026-01-12,2026-02-11,30,https://disclosures-clerk.house.gov/public_disc/ptr-pdfs/2026/20033964.pdf
"Pfluger, Hon. August Lee, II",R,TX11,FNF,"Fidelity National Financial, Inc. Common Stock",ST,sell_full,"$1,001 - $15,000",2026-01-12,2026-02-11,30,https://disclosures-clerk.house.gov/public_disc/ptr-pdfs/2026/20033920.pdf
"Foxx, Hon. Virginia",R,NC05,HTGC,"Hercules Capital, Inc. Common Stock",ST,sell_full,"$50,001 - $100,000",2026-01-12,2026-02-06,25,https://disclosures-clerk.house.gov/public_disc/ptr-pdfs/2026/20033947.pdf
"Foxx, Hon. Virginia",R,NC05,PSA,Public Storage Common Stock,ST,sell_full,"$1,001 - $15,000",2026-01-12,2026-02-06,25,https://disclosures-clerk.house.gov/public_disc/ptr-pdfs/2026/20033947.pdf
"Fields, Cleo",D,LA06,GOOG,Alphabet Inc. - Class C Capital Stock,ST,buy,"$1,001 - $15,000",2026-01-12,2026-02-03,22,https://disclosures-clerk.house.gov/public_disc/ptr-pdfs/2026/20033858.pdf
"Delaney, Hon. April McClain",,MD06,SGI,Somnigroup International Inc. Common Stock,ST,sell_partial,"$1,001 - $15,000",2026-01-12,2026-02-02,21,https://disclosures-clerk.house.gov/public_disc/ptr-pdfs/2026/20033921.pdf
"Collins, Hon. Michael A., Jr",R,GA10,,usdc,CT,sell_full,"$1,001 - $15,000",2026-01-12,2026-01-20,8,https://disclosures-clerk.house.gov/public_disc/ptr-pdfs/2026/20033840.pdf
"Thanedar, Hon. Shri",D,MI13,AAPL,Apple Inc. - Common Stock,ST,sell_partial,"$100,001 - $250,000",2026-01-09,2026-08-13,216,https://disclosures-clerk.house.gov/public_disc/ptr-pdfs/2026/20033910.pdf
"Rulli, Hon. Michael",R,OH06,META,"Meta Platforms, Inc. - Class A Common Stock",ST,sell_full,"$1,001 - $15,000",2026-01-09,2026-08-07,210,https://disclosures-clerk.house.gov/public_disc/ptr-pdfs/2026/20035147.pdf
"Rulli, Hon. Michael",R,OH06,PLTR,Palantir Technologies Inc. - Class A Common Stock,ST,buy,"$1,001 - $15,000",2026-01-09,2026-08-07,210,https://disclosures-clerk.house.gov/public_disc/ptr-pdfs/2026/20035147.pdf
"Guest, Hon. Michael Patrick",R,MS03,CHRD,Chord Energy Corporation - Common Stock,ST,sell_full,"$1,001 - $15,000",2026-01-09,2026-02-17,39,https://disclosures-clerk.house.gov/public_disc/ptr-pdfs/2026/20033944.pdf
"Guest, Hon. Michael Patrick",R,MS03,DT,"Dynatrace, Inc. Common Stock",ST,sell_full,"$1,001 - $15,000",2026-01-09,2026-02-17,39,https://disclosures-clerk.house.gov/public_disc/ptr-pdfs/2026/20033944.pdf
"Guest, Hon. Michael Patrick",R,MS03,EVVTY,EVOLUTION AB UNSP/ADR,ST,sell_full,"$1,001 - $15,000",2026-01-09,2026-02-17,39,https://disclosures-clerk.house.gov/public_disc/ptr-pdfs/2026/20033944.pdf
"Guest, Hon. Michael Patrick",R,MS03,OTCM,OTC Markets Group Inc. Common Stock Class A,ST,sell_full,"$1,001 - $15,000",2026-01-09,2026-02-17,39,https://disclosures-clerk.house.gov/public_disc/ptr-pdfs/2026/20033944.pdf
"Cisneros, Hon. Gilbert",D,CA31,AME,"AMETEK, Inc.",ST,buy,"$1,001 - $15,000",2026-01-09,2026-02-13,35,https://disclosures-clerk.house.gov/public_disc/ptr-pdfs/2026/20033983.pdf
"Cisneros, Hon. Gilbert",D,CA31,APA,APA Corporation - Common Stock,ST,sell_full,"$1,001 - $15,000",2026-01-09,2026-02-13,35,https://disclosures-clerk.house.gov/public_disc/ptr-pdfs/2026/20033983.pdf
"Cisneros, Hon. Gilbert",D,CA31,BKR,Baker Hughes Company - Common Stock,ST,sell_partial,"$1,001 - $15,000",2026-01-09,2026-02-13,35,https://disclosures-clerk.house.gov/public_disc/ptr-pdfs/2026/20033983.pdf
"Cisneros, Hon. Gilbert",D,CA31,BRO,"Brown & Brown, Inc. Common Stock",ST,sell_partial,"$1,001 - $15,000",2026-01-09,2026-02-13,35,https://disclosures-clerk.house.gov/public_disc/ptr-pdfs/2026/20033983.pdf
"Cisneros, Hon. Gilbert",D,CA31,CCJ,Cameco Corporation Common Stock,ST,sell_full,"$1,001 - $15,000",2026-01-09,2026-02-13,35,https://disclosures-clerk.house.gov/public_disc/ptr-pdfs/2026/20033983.pdf
"Cisneros, Hon. Gilbert",D,CA31,COF,Capital One Financial Corporation Common Stock,ST,buy,"$1,001 - $15,000",2026-01-09,2026-02-13,35,https://disclosures-clerk.house.gov/public_disc/ptr-pdfs/2026/20033983.pdf
"Cisneros, Hon. Gilbert",D,CA31,CF,"CF Industries Holdings, Inc. Common Stock",ST,buy,"$1,001 - $15,000",2026-01-09,2026-02-13,35,https://disclosures-clerk.house.gov/public_disc/ptr-pdfs/2026/20033983.pdf
"Cisneros, Hon. Gilbert",D,CA31,SCHW,Charles Schwab Corporation,ST,buy,"$1,001 - $15,000",2026-01-09,2026-02-13,35,https://disclosures-clerk.house.gov/public_disc/ptr-pdfs/2026/20033983.pdf
"Cisneros, Hon. Gilbert",D,CA31,CVX,Chevron Corporation Common Stock,ST,sell_partial,"$1,001 - $15,000",2026-01-09,2026-02-13,35,https://disclosures-clerk.house.gov/public_disc/ptr-pdfs/2026/20033983.pdf
"Cisneros, Hon. Gilbert",D,CA31,CVX,Chevron Corporation Common Stock,ST,sell_full,"$15,001 - $50,000",2026-01-09,2026-02-13,35,https://disclosures-clerk.house.gov/public_disc/ptr-pdfs/2026/20033983.pdf
"Cisneros, Hon. Gilbert",D,CA31,CHRD,Chord Energy Corporation - Common Stock,ST,sell_full,"$1,001 - $15,000",2026-01-09,2026-02-13,35,https://disclosures-clerk.house.gov/public_disc/ptr-pdfs/2026/20033983.pdf
"Cisneros, Hon. Gilbert",D,CA31,CB,Chubb Limited Common Stock,ST,buy,"$1,001 - $15,000",2026-01-09,2026-02-13,35,https://disclosures-clerk.house.gov/public_disc/ptr-pdfs/2026/20033983.pdf
"Cisneros, Hon. Gilbert",D,CA31,CSCO,"Cisco Systems, Inc. - Common Stock",ST,buy,"$1,001 - $15,000",2026-01-09,2026-02-13,35,https://disclosures-clerk.house.gov/public_disc/ptr-pdfs/2026/20033983.pdf
"Cisneros, Hon. Gilbert",D,CA31,CME,CME Group Inc. - Class A Common Stock,ST,buy,"$1,001 - $15,000",2026-01-09,2026-02-13,35,https://disclosures-clerk.house.gov/public_disc/ptr-pdfs/2026/20033983.pdf
"Cisneros, Hon. Gilbert",D,CA31,CMCSA,Comcast Corporation - Class A Common Stock,ST,buy,"$1,001 - $15,000",2026-01-09,2026-02-13,35,https://disclosures-clerk.house.gov/public_disc/ptr-pdfs/2026/20033983.pdf
"Cisneros, Hon. Gilbert",D,CA31,CAG,"ConAgra Brands, Inc. Common Stock",ST,sell_full,"$1,001 - $15,000",2026-01-09,2026-02-13,35,https://disclosures-clerk.house.gov/public_disc/ptr-pdfs/2026/20033983.pdf
"Cisneros, Hon. Gilbert",D,CA31,COP,ConocoPhillips Common Stock,ST,sell_full,"$1,001 - $15,000",2026-01-09,2026-02-13,35,https://disclosures-clerk.house.gov/public_disc/ptr-pdfs/2026/20033983.pdf
"Cisneros, Hon. Gilbert",D,CA31,DHI,"D.R. Horton, Inc. Common Stock",ST,sell_partial,"$1,001 - $15,000",2026-01-09,2026-02-13,35,https://disclosures-clerk.house.gov/public_disc/ptr-pdfs/2026/20033983.pdf
"Cisneros, Hon. Gilbert",D,CA31,DD,"DuPont de Nemours, Inc. Common Stock",ST,buy,"$1,001 - $15,000",2026-01-09,2026-02-13,35,https://disclosures-clerk.house.gov/public_disc/ptr-pdfs/2026/20033983.pdf
"Cisneros, Hon. Gilbert",D,CA31,EOG,"EOG Resources, Inc. Common Stock",ST,sell_full,"$1,001 - $15,000",2026-01-09,2026-02-13,35,https://disclosures-clerk.house.gov/public_disc/ptr-pdfs/2026/20033983.pdf
"Cisneros, Hon. Gilbert",D,CA31,EG,"Everest Group, Ltd. Common Stock",ST,buy,"$1,001 - $15,000",2026-01-09,2026-02-13,35,https://disclosures-clerk.house.gov/public_disc/ptr-pdfs/2026/20033983.pdf
"Cisneros, Hon. Gilbert",D,CA31,XOM,Exxon Mobil Corporation Common Stock,ST,sell_full,"$50,001 - $100,000",2026-01-09,2026-02-13,35,https://disclosures-clerk.house.gov/public_disc/ptr-pdfs/2026/20033983.pdf
"Cisneros, Hon. Gilbert",D,CA31,FDX,FedEx Corporation Common Stock,ST,buy,"$1,001 - $15,000",2026-01-09,2026-02-13,35,https://disclosures-clerk.house.gov/public_disc/ptr-pdfs/2026/20033983.pdf
"Cisneros, Hon. Gilbert",D,CA31,FSLR,"First Solar, Inc. - Common Stock",ST,buy,"$1,001 - $15,000",2026-01-09,2026-02-13,35,https://disclosures-clerk.house.gov/public_disc/ptr-pdfs/2026/20033983.pdf
"Cisneros, Hon. Gilbert",D,CA31,GE,GE Aerospace Common Stock,ST,buy,"$15,001 - $50,000",2026-01-09,2026-02-13,35,https://disclosures-clerk.house.gov/public_disc/ptr-pdfs/2026/20033983.pdf
"Cisneros, Hon. Gilbert",D,CA31,GEV,GE Vernova Inc. Common Stock,ST,buy,"$1,001 - $15,000",2026-01-09,2026-02-13,35,https://disclosures-clerk.house.gov/public_disc/ptr-pdfs/2026/20033983.pdf
"Cisneros, Hon. Gilbert",D,CA31,GD,General Dynamics Corporation Common Stock,ST,buy,"$1,001 - $15,000",2026-01-09,2026-02-13,35,https://disclosures-clerk.house.gov/public_disc/ptr-pdfs/2026/20033983.pdf
"Cisneros, Hon. Gilbert",D,CA31,GPOR,Gulfport Energy Corporation Common Shares,ST,sell_full,"$1,001 - $15,000",2026-01-09,2026-02-13,35,https://disclosures-clerk.house.gov/public_disc/ptr-pdfs/2026/20033983.pdf
"Cisneros, Hon. Gilbert",D,CA31,HAL,Halliburton Company Common Stock,ST,sell_full,"$1,001 - $15,000",2026-01-09,2026-02-13,35,https://disclosures-clerk.house.gov/public_disc/ptr-pdfs/2026/20033983.pdf
"Cisneros, Hon. Gilbert",D,CA31,DOC,"Healthpeak Properties, Inc. Common Stock",ST,buy,"$1,001 - $15,000",2026-01-09,2026-02-13,35,https://disclosures-clerk.house.gov/public_disc/ptr-pdfs/2026/20033983.pdf
"Cisneros, Hon. Gilbert",D,CA31,HST,"Host Hotels & Resorts, Inc. - Common Stock",ST,buy,"$1,001 - $15,000",2026-01-09,2026-02-13,35,https://disclosures-clerk.house.gov/public_disc/ptr-pdfs/2026/20033983.pdf
"Cisneros, Hon. Gilbert",D,CA31,INTC,Intel Corporation - Common Stock,ST,buy,"$1,001 - $15,000",2026-01-09,2026-02-13,35,https://disclosures-clerk.house.gov/public_disc/ptr-pdfs/2026/20033983.pdf
"Cisneros, Hon. Gilbert",D,CA31,IVZ,Invesco Ltd Common Stock,ST,buy,"$1,001 - $15,000",2026-01-09,2026-02-13,35,https://disclosures-clerk.house.gov/public_disc/ptr-pdfs/2026/20033983.pdf
"Cisneros, Hon. Gilbert",D,CA31,KVUE,Kenvue Inc. Common Stock,ST,sell_full,"$1,001 - $15,000",2026-01-09,2026-02-13,35,https://disclosures-clerk.house.gov/public_disc/ptr-pdfs/2026/20033983.pdf
"Cisneros, Hon. Gilbert",D,CA31,KEY,KeyCorp Common Stock,ST,buy,"$1,001 - $15,000",2026-01-09,2026-02-13,35,https://disclosures-clerk.house.gov/public_disc/ptr-pdfs/2026/20033983.pdf
"Cisneros, Hon. Gilbert",D,CA31,KMI,"Kinder Morgan, Inc. Common Stock",ST,sell_full,"$1,001 - $15,000",2026-01-09,2026-02-13,35,https://disclosures-clerk.house.gov/public_disc/ptr-pdfs/2026/20033983.pdf
"Cisneros, Hon. Gilbert",D,CA31,LEN,Lennar Corporation Class A Common Stock,ST,sell_full,"$1,001 - $15,000",2026-01-09,2026-02-13,35,https://disclosures-clerk.house.gov/public_disc/ptr-pdfs/2026/20033983.pdf
"Cisneros, Hon. Gilbert",D,CA31,LIN,Linde plc - Ordinary Shares,ST,buy,"$1,001 - $15,000",2026-01-09,2026-02-13,35,https://disclosures-clerk.house.gov/public_disc/ptr-pdfs/2026/20033983.pdf
"Cisneros, Hon. Gilbert",D,CA31,LYB,LyondellBasell Industries NV Ordinary Shares Class A,ST,buy,"$1,001 - $15,000",2026-01-09,2026-02-13,35,https://disclosures-clerk.house.gov/public_disc/ptr-pdfs/2026/20033983.pdf
"Cisneros, Hon. Gilbert",D,CA31,MTDR,Matador Resources Company Common Stock,ST,sell_full,"$15,001 - $50,000",2026-01-09,2026-02-13,35,https://disclosures-clerk.house.gov/public_disc/ptr-pdfs/2026/20033983.pdf
"Cisneros, Hon. Gilbert",D,CA31,,Mosaic Company (MOS),ST,buy,"$1,001 - $15,000",2026-01-09,2026-02-13,35,https://disclosures-clerk.house.gov/public_disc/ptr-pdfs/2026/20033983.pdf
"Cisneros, Hon. Gilbert",D,CA31,OKE,"ONEOK, Inc. Common Stock",ST,sell_full,"$1,001 - $15,000",2026-01-09,2026-02-13,35,https://disclosures-clerk.house.gov/public_disc/ptr-pdfs/2026/20033983.pdf
"Cisneros, Hon. Gilbert",D,CA31,PLTR,Palantir Technologies Inc. - Class A Common Stock,ST,buy,"$1,001 - $15,000",2026-01-09,2026-02-13,35,https://disclosures-clerk.house.gov/public_disc/ptr-pdfs/2026/20033983.pdf
"Cisneros, Hon. Gilbert",D,CA31,PGR,Progressive Corporation,ST,buy,"$1,001 - $15,000",2026-01-09,2026-02-13,35,https://disclosures-clerk.house.gov/public_disc/ptr-pdfs/2026/20033983.pdf
"Cisneros, Hon. Gilbert",D,CA31,PRU,"Prudential Financial, Inc. Common Stock",ST,buy,"$1,001 - $15,000",2026-01-09,2026-02-13,35,https://disclosures-clerk.house.gov/public_disc/ptr-pdfs/2026/20033983.pdf
"Cisneros, Hon. Gilbert",D,CA31,REG,Regency Centers Corporation,ST,buy,"$1,001 - $15,000",2026-01-09,2026-02-13,35,https://disclosures-clerk.house.gov/public_disc/ptr-pdfs/2026/20033983.pdf
"Cisneros, Hon. Gilbert",D,CA31,RTX,RTX Corporation Common Stock,ST,buy,"$1,001 - $15,000",2026-01-09,2026-02-13,35,https://disclosures-clerk.house.gov/public_disc/ptr-pdfs/2026/20033983.pdf
"Cisneros, Hon. Gilbert",D,CA31,SNDK,Sandisk Corporation - Common Stock,ST,buy,"$1,001 - $15,000",2026-01-09,2026-02-13,35,https://disclosures-clerk.house.gov/public_disc/ptr-pdfs/2026/20033983.pdf
"Cisneros, Hon. Gilbert",D,CA31,SBAC,SBA Communications Corporation - Class A Common Stock,ST,sell_partial,"$1,001 - $15,000",2026-01-09,2026-02-13,35,https://disclosures-clerk.house.gov/public_disc/ptr-pdfs/2026/20033983.pdf
"Cisneros, Hon. Gilbert",D,CA31,SWKS,"Skyworks Solutions, Inc. - Common Stock",ST,buy,"$1,001 - $15,000",2026-01-09,2026-02-13,35,https://disclosures-clerk.house.gov/public_disc/ptr-pdfs/2026/20033983.pdf
"Cisneros, Hon. Gilbert",D,CA31,SEI,"Solaris Energy Infrastructure, Inc. Class A Common Stock",ST,sell_full,"$15,001 - $50,000",2026-01-09,2026-02-13,35,https://disclosures-clerk.house.gov/public_disc/ptr-pdfs/2026/20033983.pdf
"Cisneros, Hon. Gilbert",D,CA31,STLD,"Steel Dynamics, Inc. - Common Stock",ST,buy,"$1,001 - $15,000",2026-01-09,2026-02-13,35,https://disclosures-clerk.house.gov/public_disc/ptr-pdfs/2026/20033983.pdf
"Cisneros, Hon. Gilbert",D,CA31,TRGP,"Targa Resources, Inc. Common Stock",ST,sell_full,"$1,001 - $15,000",2026-01-09,2026-02-13,35,https://disclosures-clerk.house.gov/public_disc/ptr-pdfs/2026/20033983.pdf
"Cisneros, Hon. Gilbert",D,CA31,TSLA,"Tesla, Inc. - Common Stock",ST,buy,"$1,001 - $15,000",2026-01-09,2026-02-13,35,https://disclosures-clerk.house.gov/public_disc/ptr-pdfs/2026/20033983.pdf
"Cisneros, Hon. Gilbert",D,CA31,KHC,The Kraft Heinz Company - Common Stock,ST,sell_partial,"$1,001 - $15,000",2026-01-09,2026-02-13,35,https://disclosures-clerk.house.gov/public_disc/ptr-pdfs/2026/20033983.pdf
"Cisneros, Hon. Gilbert",D,CA31,TTD,"The Trade Desk, Inc. - Class A Common Stock",ST,buy,"$1,001 - $15,000",2026-01-09,2026-02-13,35,https://disclosures-clerk.house.gov/public_disc/ptr-pdfs/2026/20033983.pdf
"Cisneros, Hon. Gilbert",D,CA31,UPS,"United Parcel Service, Inc. Common Stock",ST,buy,"$1,001 - $15,000",2026-01-09,2026-02-13,35,https://disclosures-clerk.house.gov/public_disc/ptr-pdfs/2026/20033983.pdf
"Cisneros, Hon. Gilbert",D,CA31,VLO,Valero Energy Corporation Common Stock,ST,sell_full,"$1,001 - $15,000",2026-01-09,2026-02-13,35,https://disclosures-clerk.house.gov/public_disc/ptr-pdfs/2026/20033983.pdf
"Cisneros, Hon. Gilbert",D,CA31,VTR,"Ventas, Inc. Common Stock",ST,sell_partial,"$1,001 - $15,000",2026-01-09,2026-02-13,35,https://disclosures-clerk.house.gov/public_disc/ptr-pdfs/2026/20033983.pdf
"Cisneros, Hon. Gilbert",D,CA31,VRSK,"Verisk Analytics, Inc. - Common Stock",ST,sell_full,"$1,001 - $15,000",2026-01-09,2026-02-13,35,https://disclosures-clerk.house.gov/public_disc/ptr-pdfs/2026/20033983.pdf
"Cisneros, Hon. Gilbert",D,CA31,VICI,VICI Properties Inc. Common Stock,ST,buy,"$1,001 - $15,000",2026-01-09,2026-02-13,35,https://disclosures-clerk.house.gov/public_disc/ptr-pdfs/2026/20033983.pdf
"Cisneros, Hon. Gilbert",D,CA31,,Walt Disney Company (DIS),ST,buy,"$1,001 - $15,000",2026-01-09,2026-02-13,35,https://disclosures-clerk.house.gov/public_disc/ptr-pdfs/2026/20033983.pdf
"Cisneros, Hon. Gilbert",D,CA31,WBD,"Warner Bros. Discovery, Inc. - Series A Common Stock",ST,buy,"$1,001 - $15,000",2026-01-09,2026-02-13,35,https://disclosures-clerk.house.gov/public_disc/ptr-pdfs/2026/20033983.pdf
"Cisneros, Hon. Gilbert",D,CA31,WMB,"Williams Companies, Inc.",ST,sell_full,"$1,001 - $15,000",2026-01-09,2026-02-13,35,https://disclosures-clerk.house.gov/public_disc/ptr-pdfs/2026/20033983.pdf
"Taylor, Hon. David J.",R,OH02,,Procter & Gamble Company (PG),ST,buy,"$1,001 - $15,000",2026-01-09,2026-01-21,12,https://disclosures-clerk.house.gov/public_disc/ptr-pdfs/2026/20033845.pdf
"Donalds, Hon. Byron",R,FL19,,Bitcoin (CRYPTO:BTC),CT,buy,"$1,001 - $15,000",2026-01-08,2026-02-12,35,https://disclosures-clerk.house.gov/public_disc/ptr-pdfs/2026/20033981.pdf
"Donalds, Hon. Byron",R,FL19,HWM,Howmet Aerospace Inc. Common Stock,ST,sell_partial,"$1,001 - $15,000",2026-01-08,2026-02-12,35,https://disclosures-clerk.house.gov/public_disc/ptr-pdfs/2026/20033981.pdf
"Donalds, Hon. Byron",R,FL19,PH,Parker-Hannifin Corporation Common Stock,ST,sell_partial,"$1,001 - $15,000",2026-01-08,2026-02-12,35,https://disclosures-clerk.house.gov/public_disc/ptr-pdfs/2026/20033981.pdf
"Donalds, Hon. Byron",R,FL19,TTD,"The Trade Desk, Inc. - Class A Common Stock",ST,sell_full,"$1,001 - $15,000",2026-01-08,2026-02-12,35,https://disclosures-clerk.house.gov/public_disc/ptr-pdfs/2026/20033981.pdf
"Donalds, Hon. Byron",R,FL19,TTD,"The Trade Desk, Inc. - Class A Common Stock",ST,sell_full,"$1,001 - $15,000",2026-01-08,2026-02-12,35,https://disclosures-clerk.house.gov/public_disc/ptr-pdfs/2026/20033981.pdf
"Keating, Hon. William R.",D,MA09,,UNITED STATES TREAS BILLS ZERO CPN 0.00000% 03/24/2026,GS,buy,"$1,001 - $15,000",2026-01-08,2026-02-06,29,https://disclosures-clerk.house.gov/public_disc/ptr-pdfs/2026/20033946.pdf
"Fields, Cleo",D,LA06,TSM,Taiwan Semiconductor Manufacturing Company Ltd.,ST,buy,"$1,001 - $15,000",2026-01-08,2026-02-03,26,https://disclosures-clerk.house.gov/public_disc/ptr-pdfs/2026/20033858.pdf
"Taylor, Hon. David J.",R,OH02,AVGO,Broadcom Inc. - Common Stock,ST,sell_full,"$1,001 - $15,000",2026-01-08,2026-01-21,13,https://disclosures-clerk.house.gov/public_disc/ptr-pdfs/2026/20033845.pdf
"Taylor, Hon. David J.",R,OH02,AVGO,Broadcom Inc. - Common Stock,ST,sell_full,"$1,001 - $15,000",2026-01-08,2026-01-21,13,https://disclosures-clerk.house.gov/public_disc/ptr-pdfs/2026/20033845.pdf
"Taylor, Hon. David J.",R,OH02,IBM,International Business Machines Corporation Common Stock,ST,buy,"$1,001 - $15,000",2026-01-08,2026-01-21,13,https://disclosures-clerk.house.gov/public_disc/ptr-pdfs/2026/20033845.pdf
"Taylor, Hon. David J.",R,OH02,IBM,International Business Machines Corporation Common Stock,ST,buy,"$15,001 - $50,000",2026-01-08,2026-01-21,13,https://disclosures-clerk.house.gov/public_disc/ptr-pdfs/2026/20033845.pdf
"Taylor, Hon. David J.",R,OH02,LRCX,Lam Research Corporation - Common Stock,ST,sell_full,"$15,001 - $50,000",2026-01-08,2026-01-21,13,https://disclosures-clerk.house.gov/public_disc/ptr-pdfs/2026/20033845.pdf
"Taylor, Hon. David J.",R,OH02,LRCX,Lam Research Corporation - Common Stock,ST,sell_full,"$15,001 - $50,000",2026-01-08,2026-01-21,13,https://disclosures-clerk.house.gov/public_disc/ptr-pdfs/2026/20033845.pdf
"Taylor, Hon. David J.",R,OH02,MSFT,Microsoft Corporation - Common Stock,ST,buy,"$1,001 - $15,000",2026-01-08,2026-01-21,13,https://disclosures-clerk.house.gov/public_disc/ptr-pdfs/2026/20033845.pdf
"Taylor, Hon. David J.",R,OH02,MSFT,Microsoft Corporation - Common Stock,ST,buy,"$1,001 - $15,000",2026-01-08,2026-01-21,13,https://disclosures-clerk.house.gov/public_disc/ptr-pdfs/2026/20033845.pdf
"Kean, Hon. Thomas H., Jr",R,NJ07,GM,General Motors Company Common Stock,ST,sell_full,"$1,001 - $15,000",2026-01-07,2026-02-19,43,https://disclosures-clerk.house.gov/public_disc/ptr-pdfs/2026/20034025.pdf
"Hern, Hon. Kevin",R,OK01,,ROYAL BANK OF CANADA 31F DUE 01/10/31,CS,buy,"$250,001 - $500,000",2026-01-07,2026-02-18,42,https://disclosures-clerk.house.gov/public_disc/ptr-pdfs/2026/20034012.pdf
"Cisneros, Hon. Gilbert",D,CA31,COP,ConocoPhillips Common Stock,ST,sell_full,"$15,001 - $50,000",2026-01-07,2026-02-13,37,https://disclosures-clerk.house.gov/public_disc/ptr-pdfs/2026/20033983.pdf
"Beyer, Hon. Donald Sternoff, Jr",D,VA08,,Ohio St Gen Oblig 5.00% 11/01/34,GS,buy,"$15,001 - $50,000",2026-01-07,2026-01-31,24,https://disclosures-clerk.house.gov/public_disc/ptr-pdfs/2026/20033903.pdf
"Miller, Hon. Max",R,OH07,,"Alpine Investors IX, LP (GLAS Funds, LP)",HN,buy,"$1,001 - $15,000",2026-01-07,2026-01-29,22,https://disclosures-clerk.house.gov/public_disc/ptr-pdfs/2026/20033881.pdf
"Miller, Hon. Max",R,OH07,,"GLAS Funds, LP",HN,buy,"$1,001 - $15,000",2026-01-07,2026-01-29,22,https://disclosures-clerk.house.gov/public_disc/ptr-pdfs/2026/20033881.pdf
"Larsen, Hon. Rick",D,WA02,DRI,"Darden Restaurants, Inc. Common Stock",ST,buy,"$1,001 - $15,000",2026-01-07,2026-01-14,7,https://disclosures-clerk.house.gov/public_disc/ptr-pdfs/2026/20033814.pdf
"Larsen, Hon. Rick",D,WA02,ESS,"Essex Property Trust, Inc. Common Stock",ST,sell_full,"$1,001 - $15,000",2026-01-07,2026-01-14,7,https://disclosures-clerk.house.gov/public_disc/ptr-pdfs/2026/20033814.pdf
"Larsen, Hon. Rick",D,WA02,META,"Meta Platforms, Inc. - Class A Common Stock",ST,buy,"$1,001 - $15,000",2026-01-07,2026-01-14,7,https://disclosures-clerk.house.gov/public_disc/ptr-pdfs/2026/20033814.pdf
"Larsen, Hon. Rick",D,WA02,MDLZ,"Mondelez International, Inc. - Class A Common Stock",ST,sell_full,"$1,001 - $15,000",2026-01-07,2026-01-14,7,https://disclosures-clerk.house.gov/public_disc/ptr-pdfs/2026/20033814.pdf
"Larsen, Hon. Rick",D,WA02,VRSK,"Verisk Analytics, Inc. - Common Stock",ST,sell_full,"$1,001 - $15,000",2026-01-07,2026-01-14,7,https://disclosures-clerk.house.gov/public_disc/ptr-pdfs/2026/20033814.pdf
"Larsen, Hon. Rick",D,WA02,WM,"Waste Management, Inc. Common Stock",ST,buy,"$1,001 - $15,000",2026-01-07,2026-01-14,7,https://disclosures-clerk.house.gov/public_disc/ptr-pdfs/2026/20033814.pdf
"Cisneros, Hon. Gilbert",D,CA31,DASH,"DoorDash, Inc. - Common Stock",ST,buy,"$1,001 - $15,000",2026-01-06,2026-02-13,38,https://disclosures-clerk.house.gov/public_disc/ptr-pdfs/2026/20033983.pdf
"Cisneros, Hon. Gilbert",D,CA31,WRB,W.R. Berkley Corporation Common Stock,ST,sell_partial,"$1,001 - $15,000",2026-01-06,2026-02-13,38,https://disclosures-clerk.house.gov/public_disc/ptr-pdfs/2026/20033983.pdf
"DelBene, Hon. Suzan K.",D,WA01,,"New York NY City Transitional Fin 5.00% Due Feb 1, 2032",GS,sell_full,"$250,001 - $500,000",2026-01-06,2026-01-23,17,https://disclosures-clerk.house.gov/public_disc/ptr-pdfs/2026/20033835.pdf
"DelBene, Hon. Suzan K.",D,WA01,,"New York NY City Transitional Fin 5.00% Due Nov 1, 2037",GS,buy,"$250,001 - $500,000",2026-01-06,2026-01-23,17,https://disclosures-clerk.house.gov/public_disc/ptr-pdfs/2026/20033835.pdf
"Biggs, Hon. Sheri",R,SC03,KRSOX,KKR Real Estate Select Trust Class U,PS,buy,"$1,001 - $15,000",2026-01-05,2026-02-17,43,https://disclosures-clerk.house.gov/public_disc/ptr-pdfs/2026/20034013.pdf
"Cisneros, Hon. Gilbert",D,CA31,ABCB,Ameris Bancorp - Common Stock,ST,sell_partial,"$1,001 - $15,000",2026-01-05,2026-02-13,39,https://disclosures-clerk.house.gov/public_disc/ptr-pdfs/2026/20033983.pdf
"Cisneros, Hon. Gilbert",D,CA31,FBK,FB Financial Corporation Common Stock,ST,buy,"$1,001 - $15,000",2026-01-05,2026-02-13,39,https://disclosures-clerk.house.gov/public_disc/ptr-pdfs/2026/20033983.pdf
"Cisneros, Hon. Gilbert",D,CA31,HMN,Horace Mann Educators Corporation Common Stock,ST,sell_partial,"$1,001 - $15,000",2026-01-05,2026-02-13,39,https://disclosures-clerk.house.gov/public_disc/ptr-pdfs/2026/20033983.pdf
"Cisneros, Hon. Gilbert",D,CA31,LGND,Ligand Pharmaceuticals Incorporated - Common Stock,ST,buy,"$1,001 - $15,000",2026-01-05,2026-02-13,39,https://disclosures-clerk.house.gov/public_disc/ptr-pdfs/2026/20033983.pdf
"Cisneros, Hon. Gilbert",D,CA31,MTX,Minerals Technologies Inc. Common Stock,ST,sell_partial,"$1,001 - $15,000",2026-01-05,2026-02-13,39,https://disclosures-clerk.house.gov/public_disc/ptr-pdfs/2026/20033983.pdf
"Cisneros, Hon. Gilbert",D,CA31,SHAK,"Shake Shack, Inc. Class A Common Stock",ST,buy,"$1,001 - $15,000",2026-01-05,2026-02-13,39,https://disclosures-clerk.house.gov/public_disc/ptr-pdfs/2026/20033983.pdf
"Cisneros, Hon. Gilbert",D,CA31,SLGN,Silgan Holdings Inc.,ST,sell_partial,"$1,001 - $15,000",2026-01-05,2026-02-13,39,https://disclosures-clerk.house.gov/public_disc/ptr-pdfs/2026/20033983.pdf
"Cisneros, Hon. Gilbert",D,CA31,SKWD,"Skyward Specialty Insurance Group, Inc. - Common Stock",ST,buy,"$1,001 - $15,000",2026-01-05,2026-02-13,39,https://disclosures-clerk.house.gov/public_disc/ptr-pdfs/2026/20033983.pdf
"Cisneros, Hon. Gilbert",D,CA31,TXRH,"Texas Roadhouse, Inc. - Common Stock",ST,sell_partial,"$1,001 - $15,000",2026-01-05,2026-02-13,39,https://disclosures-clerk.house.gov/public_disc/ptr-pdfs/2026/20033983.pdf
"Rulli, Hon. Michael",R,OH06,LLY,Eli Lilly and Company Common Stock,ST,buy,"$1,001 - $15,000",2026-01-02,2026-08-07,217,https://disclosures-clerk.house.gov/public_disc/ptr-pdfs/2026/20035147.pdf
"Kelly, Hon. Mike",R,PA16,,Social Bon Rev Call 07/01/30 3% due 7/1/52,GS,sell_partial,"$1,001 - $15,000",2026-01-02,2026-02-12,41,https://disclosures-clerk.house.gov/public_disc/ptr-pdfs/2026/20033991.pdf
"Biggs, Hon. Sheri",R,SC03,,BANK OF NOVA SCOTIA,CS,buy,"$50,001 - $100,000",2025-12-31,2026-02-05,36,https://disclosures-clerk.house.gov/public_disc/ptr-pdfs/2026/20033927.pdf
"Biggs, Hon. Sheri",R,SC03,,BNP PARIBAS,CS,buy,"$50,001 - $100,000",2025-12-31,2026-02-05,36,https://disclosures-clerk.house.gov/public_disc/ptr-pdfs/2026/20033927.pdf
"Hill, Hon. James French",R,AR02,KD,"Kyndryl Holdings, Inc. Common Stock",ST,sell_full,"$1,001 - $15,000",2025-12-31,2026-01-23,23,https://disclosures-clerk.house.gov/public_disc/ptr-pdfs/2026/20033661.pdf
"Hill, Hon. James French",R,AR02,PFE,"Pfizer, Inc. Common Stock",ST,sell_full,"$100,001 - $250,000",2025-12-31,2026-01-23,23,https://disclosures-clerk.house.gov/public_disc/ptr-pdfs/2026/20033661.pdf
"Hill, Hon. James French",R,AR02,SFL,SFL Corporation Ltd,ST,sell_full,"$15,001 - $50,000",2025-12-31,2026-01-23,23,https://disclosures-clerk.house.gov/public_disc/ptr-pdfs/2026/20033661.pdf
"Hill, Hon. James French",R,AR02,SOLV,Solventum Corporation Common Stock,ST,sell_full,"$15,001 - $50,000",2025-12-31,2026-01-23,23,https://disclosures-clerk.house.gov/public_disc/ptr-pdfs/2026/20033661.pdf
"Kean, Hon. Thomas H., Jr",R,NJ07,,U.S. Treasury Note,GS,buy,"$15,001 - $50,000",2025-12-31,2026-01-16,16,https://disclosures-clerk.house.gov/public_disc/ptr-pdfs/2026/20033821.pdf
"Newhouse, Hon. Dan",R,WA04,BR,"Broadridge Financial Solutions, Inc. Common Stock",ST,buy,"$1,001 - $15,000",2025-12-31,2026-01-15,15,https://disclosures-clerk.house.gov/public_disc/ptr-pdfs/2026/20033654.pdf
"Newhouse, Hon. Dan",R,WA04,RCL,Royal Caribbean Cruises Ltd. Common Stock,ST,buy,"$1,001 - $15,000",2025-12-31,2026-01-15,15,https://disclosures-clerk.house.gov/public_disc/ptr-pdfs/2026/20033654.pdf
"Newhouse, Hon. Dan",R,WA04,SNPS,"Synopsys, Inc. - Common Stock",ST,buy,"$1,001 - $15,000",2025-12-31,2026-01-15,15,https://disclosures-clerk.house.gov/public_disc/ptr-pdfs/2026/20033654.pdf
"Newhouse, Hon. Dan",R,WA04,,Tennessee Gas Pipeline Co Debenture,CS,buy,"$1,001 - $15,000",2025-12-31,2026-01-15,15,https://disclosures-clerk.house.gov/public_disc/ptr-pdfs/2026/20033654.pdf
"Cisneros, Hon. Gilbert",D,CA31,RNMBF,Rheinmetall Ag Ordinary Shares,ST,sell_partial,"$1,001 - $15,000",2025-12-31,2026-01-12,12,https://disclosures-clerk.house.gov/public_disc/ptr-pdfs/2026/20033762.pdf
"Moore, Hon. Tim",R,NC14,CBRL,"Cracker Barrel Old Country Store, Inc. - Common Stock",ST,buy,"$15,001 - $50,000",2025-12-31,2026-01-07,7,https://disclosures-clerk.house.gov/public_disc/ptr-pdfs/2026/20033746.pdf
"Biggs, Hon. Sheri",R,SC03,,APOLLO DEBT SOLUTIONS BDC CLASS S,OT,buy,"$1,001 - $15,000",2025-12-30,2026-02-05,37,https://disclosures-clerk.house.gov/public_disc/ptr-pdfs/2026/20033927.pdf
"Biggs, Hon. Sheri",R,SC03,,OAKTREE STRATEGIC CREDIT FUND CLASS S,OT,buy,"$1,001 - $15,000",2025-12-30,2026-02-05,37,https://disclosures-clerk.house.gov/public_disc/ptr-pdfs/2026/20033927.pdf
"Pelosi, Hon. Nancy",D,CA11,,Alphabet Inc. - Class A Common Stock (GOOGL),OP,buy,"$250,001 - $500,000",2025-12-30,2026-01-23,24,https://disclosures-clerk.house.gov/public_disc/ptr-pdfs/2026/20033725.pdf
"Pelosi, Hon. Nancy",D,CA11,GOOGL,Alphabet Inc. - Class A Common Stock,ST,sell_partial,"$1,000,001 - $5,000,000",2025-12-30,2026-01-23,24,https://disclosures-clerk.house.gov/public_disc/ptr-pdfs/2026/20033725.pdf
"Pelosi, Hon. Nancy",D,CA11,AMZN,"Amazon.com, Inc. - Common Stock",OP,buy,"$100,001 - $250,000",2025-12-30,2026-01-23,24,https://disclosures-clerk.house.gov/public_disc/ptr-pdfs/2026/20033725.pdf
"Pelosi, Hon. Nancy",D,CA11,,Apple Inc. - Common Stock (AAPL),OP,buy,"$250,001 - $500,000",2025-12-30,2026-01-23,24,https://disclosures-clerk.house.gov/public_disc/ptr-pdfs/2026/20033725.pdf
"Pelosi, Hon. Nancy",D,CA11,AAPL,Apple Inc. - Common Stock,ST,sell_partial,"$5,000,001 - $25,000,000",2025-12-30,2026-01-23,24,https://disclosures-clerk.house.gov/public_disc/ptr-pdfs/2026/20033725.pdf
"Pelosi, Hon. Nancy",D,CA11,NVDA,NVIDIA Corporation - Common Stock,OP,buy,"$100,001 - $250,000",2025-12-30,2026-01-23,24,https://disclosures-clerk.house.gov/public_disc/ptr-pdfs/2026/20033725.pdf
"Pelosi, Hon. Nancy",D,CA11,PYPL,"PayPal Holdings, Inc. - Common Stock",ST,sell_full,"$250,001 - $500,000",2025-12-30,2026-01-23,24,https://disclosures-clerk.house.gov/public_disc/ptr-pdfs/2026/20033725.pdf
"Pelosi, Hon. Nancy",D,CA11,,Walt Disney Company (DIS),ST,sell_full,"$1,000,001 - $5,000,000",2025-12-30,2026-01-23,24,https://disclosures-clerk.house.gov/public_disc/ptr-pdfs/2026/20033725.pdf
"Cisneros, Hon. Gilbert",D,CA31,BABAF,ALIBABA GROUP HOLDING LTD,ST,sell_partial,"$1,001 - $15,000",2025-12-30,2026-01-12,13,https://disclosures-clerk.house.gov/public_disc/ptr-pdfs/2026/20033762.pdf
"Cisneros, Hon. Gilbert",D,CA31,HESAF,Hermes Intl S A Ordinary Shares,ST,sell_partial,"$1,001 - $15,000",2025-12-30,2026-01-12,13,https://disclosures-clerk.house.gov/public_disc/ptr-pdfs/2026/20033762.pdf
"Cisneros, Hon. Gilbert",D,CA31,,SCHNEIDER ELECTRIC SA (SBGSF),ST,sell_partial,"$1,001 - $15,000",2025-12-30,2026-01-12,13,https://disclosures-clerk.house.gov/public_disc/ptr-pdfs/2026/20033762.pdf
"Cisneros, Hon. Gilbert",D,CA31,TCTZF,TENCENT HLDIGS LTD,ST,sell_partial,"$1,001 - $15,000",2025-12-30,2026-01-12,13,https://disclosures-clerk.house.gov/public_disc/ptr-pdfs/2026/20033762.pdf
"Cisneros, Hon. Gilbert",D,CA31,CPB,The Campbell's Company - Common Stock,ST,buy,"$50,001 - $100,000",2025-12-30,2026-01-12,13,https://disclosures-clerk.house.gov/public_disc/ptr-pdfs/2026/20033762.pdf
"Cisneros, Hon. Gilbert",D,CA31,,Wisconsin State Health & Educational Facilities Authority Rev. Bonds,GS,buy,"$250,001 - $500,000",2025-12-30,2026-01-12,13,https://disclosures-clerk.house.gov/public_disc/ptr-pdfs/2026/20033762.pdf
"Cisneros, Hon. Gilbert",D,CA31,XIACF,XIAOMI CORP,ST,sell_full,"$1,001 - $15,000",2025-12-30,2026-01-12,13,https://disclosures-clerk.house.gov/public_disc/ptr-pdfs/2026/20033762.pdf
"Foxx, Hon. Virginia",R,NC05,EFC,Ellington Financial Inc. Common Stock,ST,buy,"$1,001 - $15,000",2025-12-30,2026-01-05,6,https://disclosures-clerk.house.gov/public_disc/ptr-pdfs/2026/20033734.pdf
"Shreve, Hon. Jefferson",R,IN06,,JP Morgan 3-year auto callable buffer note,CS,buy,"$5,000,001 - $25,000,000",2025-12-30,2026-01-02,3,https://disclosures-clerk.house.gov/public_disc/ptr-pdfs/2026/20033709.pdf
"Shreve, Hon. Jefferson",R,IN06,,JP Morgan 3-year one-time callable barrier note,CS,buy,"$5,000,001 - $25,000,000",2025-12-30,2026-01-02,3,https://disclosures-clerk.house.gov/public_disc/ptr-pdfs/2026/20033709.pdf
"Shreve, Hon. Jefferson",R,IN06,,JP Morgan 3-year auto callable buffer note,CS,buy,"$5,000,001 - $25,000,000",2025-12-30,2026-01-01,2,https://disclosures-clerk.house.gov/public_disc/ptr-pdfs/2026/20033705.pdf
"Cohen, Hon. Steve",D,TN09,FLR,Fluor Corporation Common Stock,ST,sell_full,"$15,001 - $50,000",2025-12-29,2026-01-26,28,https://disclosures-clerk.house.gov/public_disc/ptr-pdfs/2026/20033813.pdf
"Cohen, Hon. Steve",D,TN09,NOC,Northrop Grumman Corporation Common Stock,ST,sell_partial,"$15,001 - $50,000",2025-12-29,2026-01-26,28,https://disclosures-clerk.house.gov/public_disc/ptr-pdfs/2026/20033813.pdf
"Peters, Hon. Scott H.",D,CA50,,U.S Treasury Bills,GS,buy,"$100,001 - $250,000",2025-12-29,2026-01-19,21,https://disclosures-clerk.house.gov/public_disc/ptr-pdfs/2026/20033815.pdf
"Shreve, Hon. Jefferson",R,IN06,,Prudential RILA - 10% Buffer 3-year Alliance Bernstein 500 Plus Index,VA,buy,"$5,000,001 - $25,000,000",2025-12-29,2026-01-01,3,https://disclosures-clerk.house.gov/public_disc/ptr-pdfs/2026/20033705.pdf
"Cohen, Hon. Steve",D,TN09,SFGYY,2000154444 SONY FINL GROUP INC U/ADR,ST,buy,"$1,001 - $15,000",2025-12-26,2026-05-15,140,https://disclosures-clerk.house.gov/public_disc/ptr-pdfs/2026/20034452.pdf
"Biggs, Hon. Sheri",R,SC03,,COATUE INNOVATION FUND,HN,buy,"$250,001 - $500,000",2025-12-26,2026-02-05,41,https://disclosures-clerk.house.gov/public_disc/ptr-pdfs/2026/20033927.pdf
"Biggs, Hon. Sheri",R,SC03,,"SL PARTNERS VII (ICAPITAL), L.P. FUND",HN,buy,"$50,001 - $100,000",2025-12-26,2026-02-05,41,https://disclosures-clerk.house.gov/public_disc/ptr-pdfs/2026/20033927.pdf
"Collins, Hon. Michael A., Jr",R,GA10,,usdc,CT,buy,"$1,001 - $15,000",2025-12-26,2026-01-20,25,https://disclosures-clerk.house.gov/public_disc/ptr-pdfs/2026/20033840.pdf
"Peters, Hon. Scott H.",D,CA50,,U.S Treasury Bills,GS,sell_partial,"$100,001 - $250,000",2025-12-26,2026-01-19,24,https://disclosures-clerk.house.gov/public_disc/ptr-pdfs/2026/20033815.pdf
"Fields, Cleo",D,LA06,GOOGL,Alphabet Inc. - Class A Common Stock,ST,buy,"$50,001 - $100,000",2025-12-26,2026-01-16,21,https://disclosures-clerk.house.gov/public_disc/ptr-pdfs/2026/20033732.pdf
"Fields, Cleo",D,LA06,,FIGMA INC CLASS A (FIG),OT,sell_partial,"$1,001 - $15,000",2025-12-26,2026-01-16,21,https://disclosures-clerk.house.gov/public_disc/ptr-pdfs/2026/20033732.pdf
"Fields, Cleo",D,LA06,,FIGMA INC CLASS A (FIG),OT,sell_full,"$15,001 - $50,000",2025-12-26,2026-01-16,21,https://disclosures-clerk.house.gov/public_disc/ptr-pdfs/2026/20033732.pdf
"Fields, Cleo",D,LA06,IREN,IREN Limited - Ordinary Shares,ST,sell_full,"$50,001 - $100,000",2025-12-26,2026-01-16,21,https://disclosures-clerk.house.gov/public_disc/ptr-pdfs/2026/20033732.pdf
"Fields, Cleo",D,LA06,OPEN,Opendoor Technologies Inc - Common Stock,ST,sell_full,"$1,001 - $15,000",2025-12-26,2026-01-16,21,https://disclosures-clerk.house.gov/public_disc/ptr-pdfs/2026/20033732.pdf
"Cisneros, Hon. Gilbert",D,CA31,AJINF,AJINOMOTO CO INC,ST,sell_full,"$1,001 - $15,000",2025-12-26,2026-01-12,17,https://disclosures-clerk.house.gov/public_disc/ptr-pdfs/2026/20033762.pdf
"Cisneros, Hon. Gilbert",D,CA31,MHVYF,Mitsubishi Heavy Industries Ltd Ordinary Shares,ST,sell_full,"$1,001 - $15,000",2025-12-26,2026-01-12,17,https://disclosures-clerk.house.gov/public_disc/ptr-pdfs/2026/20033762.pdf
"Cisneros, Hon. Gilbert",D,CA31,NTDOF,NINTENDO CO LTD ORD,ST,sell_full,"$1,001 - $15,000",2025-12-26,2026-01-12,17,https://disclosures-clerk.house.gov/public_disc/ptr-pdfs/2026/20033762.pdf
"Pelosi, Hon. Nancy",D,CA11,AMZN,"Amazon.com, Inc. - Common Stock",ST,sell_partial,"$1,000,001 - $5,000,000",2025-12-24,2026-01-23,30,https://disclosures-clerk.house.gov/public_disc/ptr-pdfs/2026/20033725.pdf
"Pelosi, Hon. Nancy",D,CA11,AAPL,Apple Inc. - Common Stock,ST,sell_partial,"$5,000,001 - $25,000,000",2025-12-24,2026-01-23,30,https://disclosures-clerk.house.gov/public_disc/ptr-pdfs/2026/20033725.pdf
"Pelosi, Hon. Nancy",D,CA11,NVDA,NVIDIA Corporation - Common Stock,ST,sell_partial,"$1,000,001 - $5,000,000",2025-12-24,2026-01-23,30,https://disclosures-clerk.house.gov/public_disc/ptr-pdfs/2026/20033725.pdf
"Cisneros, Hon. Gilbert",D,CA31,AMZN,"Amazon.com, Inc. - Common Stock",ST,sell_partial,"$1,001 - $15,000",2025-12-24,2026-01-12,19,https://disclosures-clerk.house.gov/public_disc/ptr-pdfs/2026/20033762.pdf
"Cisneros, Hon. Gilbert",D,CA31,ANET,"Arista Networks, Inc. Common Stock",ST,sell_partial,"$1,001 - $15,000",2025-12-24,2026-01-12,19,https://disclosures-clerk.house.gov/public_disc/ptr-pdfs/2026/20033762.pdf
"Cisneros, Hon. Gilbert",D,CA31,AZO,"AutoZone, Inc. Common Stock",ST,sell_partial,"$1,001 - $15,000",2025-12-24,2026-01-12,19,https://disclosures-clerk.house.gov/public_disc/ptr-pdfs/2026/20033762.pdf
"Cisneros, Hon. Gilbert",D,CA31,BRK.B,Berkshire Hathaway Inc. New Common Stock,ST,sell_partial,"$1,001 - $15,000",2025-12-24,2026-01-12,19,https://disclosures-clerk.house.gov/public_disc/ptr-pdfs/2026/20033762.pdf
"Cisneros, Hon. Gilbert",D,CA31,BE,Bloom Energy Corporation Class A Common Stock,ST,sell_partial,"$1,001 - $15,000",2025-12-24,2026-01-12,19,https://disclosures-clerk.house.gov/public_disc/ptr-pdfs/2026/20033762.pdf
"Cisneros, Hon. Gilbert",D,CA31,BSX,Boston Scientific Corporation Common Stock,ST,sell_partial,"$1,001 - $15,000",2025-12-24,2026-01-12,19,https://disclosures-clerk.house.gov/public_disc/ptr-pdfs/2026/20033762.pdf
"Cisneros, Hon. Gilbert",D,CA31,CCJ,Cameco Corporation Common Stock,ST,sell_partial,"$1,001 - $15,000",2025-12-24,2026-01-12,19,https://disclosures-clerk.house.gov/public_disc/ptr-pdfs/2026/20033762.pdf
"Cisneros, Hon. Gilbert",D,CA31,CVX,Chevron Corporation Common Stock,ST,sell_partial,"$1,001 - $15,000",2025-12-24,2026-01-12,19,https://disclosures-clerk.house.gov/public_disc/ptr-pdfs/2026/20033762.pdf
"Cisneros, Hon. Gilbert",D,CA31,NET,"Cloudflare, Inc. Class A Common Stock",ST,sell_full,"$1,001 - $15,000",2025-12-24,2026-01-12,19,https://disclosures-clerk.house.gov/public_disc/ptr-pdfs/2026/20033762.pdf
"Cisneros, Hon. Gilbert",D,CA31,COIN,"Coinbase Global, Inc. - Class A Common Stock",ST,sell_full,"$1,001 - $15,000",2025-12-24,2026-01-12,19,https://disclosures-clerk.house.gov/public_disc/ptr-pdfs/2026/20033762.pdf
"Cisneros, Hon. Gilbert",D,CA31,COST,Costco Wholesale Corporation - Common Stock,ST,sell_partial,"$1,001 - $15,000",2025-12-24,2026-01-12,19,https://disclosures-clerk.house.gov/public_disc/ptr-pdfs/2026/20033762.pdf
"Cisneros, Hon. Gilbert",D,CA31,ETN,"Eaton Corporation, PLC Ordinary Shares",ST,sell_partial,"$1,001 - $15,000",2025-12-24,2026-01-12,19,https://disclosures-clerk.house.gov/public_disc/ptr-pdfs/2026/20033762.pdf
"Cisneros, Hon. Gilbert",D,CA31,HD,"Home Depot, Inc.",ST,sell_partial,"$1,001 - $15,000",2025-12-24,2026-01-12,19,https://disclosures-clerk.house.gov/public_disc/ptr-pdfs/2026/20033762.pdf
"Cisneros, Hon. Gilbert",D,CA31,MELI,"MercadoLibre, Inc. - Common Stock",ST,sell_partial,"$1,001 - $15,000",2025-12-24,2026-01-12,19,https://disclosures-clerk.house.gov/public_disc/ptr-pdfs/2026/20033762.pdf
"Cisneros, Hon. Gilbert",D,CA31,META,"Meta Platforms, Inc. - Class A Common Stock",ST,sell_partial,"$1,001 - $15,000",2025-12-24,2026-01-12,19,https://disclosures-clerk.house.gov/public_disc/ptr-pdfs/2026/20033762.pdf
"Cisneros, Hon. Gilbert",D,CA31,NVDA,NVIDIA Corporation - Common Stock,ST,sell_partial,"$1,001 - $15,000",2025-12-24,2026-01-12,19,https://disclosures-clerk.house.gov/public_disc/ptr-pdfs/2026/20033762.pdf
"Cisneros, Hon. Gilbert",D,CA31,ORCL,Oracle Corporation Common Stock,ST,sell_partial,"$1,001 - $15,000",2025-12-24,2026-01-12,19,https://disclosures-clerk.house.gov/public_disc/ptr-pdfs/2026/20033762.pdf
"Cisneros, Hon. Gilbert",D,CA31,,Procter & Gamble Company (PG),ST,sell_partial,"$1,001 - $15,000",2025-12-24,2026-01-12,19,https://disclosures-clerk.house.gov/public_disc/ptr-pdfs/2026/20033762.pdf
"Cisneros, Hon. Gilbert",D,CA31,PWR,"Quanta Services, Inc. Common Stock",ST,sell_partial,"$1,001 - $15,000",2025-12-24,2026-01-12,19,https://disclosures-clerk.house.gov/public_disc/ptr-pdfs/2026/20033762.pdf
"Cisneros, Hon. Gilbert",D,CA31,HOOD,"Robinhood Markets, Inc. - Class A Common Stock",ST,sell_partial,"$1,001 - $15,000",2025-12-24,2026-01-12,19,https://disclosures-clerk.house.gov/public_disc/ptr-pdfs/2026/20033762.pdf
"Cisneros, Hon. Gilbert",D,CA31,RBLX,Roblox Corporation Class A Common Stock,ST,sell_full,"$1,001 - $15,000",2025-12-24,2026-01-12,19,https://disclosures-clerk.house.gov/public_disc/ptr-pdfs/2026/20033762.pdf
"Cisneros, Hon. Gilbert",D,CA31,SPOT,Spotify Technology S.A. Ordinary Shares,ST,sell_partial,"$1,001 - $15,000",2025-12-24,2026-01-12,19,https://disclosures-clerk.house.gov/public_disc/ptr-pdfs/2026/20033762.pdf
"Cisneros, Hon. Gilbert",D,CA31,TSM,Taiwan Semiconductor Manufacturing Company Ltd.,ST,sell_partial,"$1,001 - $15,000",2025-12-24,2026-01-12,19,https://disclosures-clerk.house.gov/public_disc/ptr-pdfs/2026/20033762.pdf
"Cisneros, Hon. Gilbert",D,CA31,TDG,Transdigm Group Incorporated Common Stock,ST,sell_partial,"$1,001 - $15,000",2025-12-24,2026-01-12,19,https://disclosures-clerk.house.gov/public_disc/ptr-pdfs/2026/20033762.pdf
"Cisneros, Hon. Gilbert",D,CA31,VRT,"Vertiv Holdings, LLC Class A Common Stock",ST,sell_partial,"$1,001 - $15,000",2025-12-24,2026-01-12,19,https://disclosures-clerk.house.gov/public_disc/ptr-pdfs/2026/20033762.pdf
"Hern, Hon. Kevin",R,OK01,UNH,UnitedHealth Group Incorporated Common Stock,ST,sell_full,"$250,001 - $500,000",2025-12-23,2026-01-22,30,https://disclosures-clerk.house.gov/public_disc/ptr-pdfs/2026/20033829.pdf
"Morrison, Hon. Kelly Louise",D,MN03,,Cavall,OI,buy,"$1,001 - $15,000",2025-12-22,2026-04-02,101,https://disclosures-clerk.house.gov/public_disc/ptr-pdfs/2026/20034213.pdf
"Morrison, Hon. Kelly Louise",D,MN03,,FluxAI,OI,buy,"$15,001 - $50,000",2025-12-22,2026-04-02,101,https://disclosures-clerk.house.gov/public_disc/ptr-pdfs/2026/20034213.pdf
"Biggs, Hon. Sheri",R,SC03,,Fannie Mae Note 9/24/26,GS,sell_partial,"$1,001 - $15,000",2025-12-22,2026-02-05,45,https://disclosures-clerk.house.gov/public_disc/ptr-pdfs/2026/20033927.pdf
"Biggs, Hon. Sheri",R,SC03,,US TSY NOTE 02/15/33,GS,sell_partial,"$1,001 - $15,000",2025-12-22,2026-02-05,45,https://disclosures-clerk.house.gov/public_disc/ptr-pdfs/2026/20033927.pdf
"Biggs, Hon. Sheri",R,SC03,,US TSY NOTE 02/15/28,GS,sell_partial,"$1,001 - $15,000",2025-12-22,2026-02-05,45,https://disclosures-clerk.house.gov/public_disc/ptr-pdfs/2026/20033927.pdf
"Biggs, Hon. Sheri",R,SC03,,US TSY NOTE 02/15/30,GS,sell_partial,"$1,001 - $15,000",2025-12-22,2026-02-05,45,https://disclosures-clerk.house.gov/public_disc/ptr-pdfs/2026/20033927.pdf
"Biggs, Hon. Sheri",R,SC03,,US TSY NOTE 02/15/31,GS,sell_partial,"$1,001 - $15,000",2025-12-22,2026-02-05,45,https://disclosures-clerk.house.gov/public_disc/ptr-pdfs/2026/20033927.pdf
"Biggs, Hon. Sheri",R,SC03,,US TSY NOTE 02/15/32,GS,sell_partial,"$1,001 - $15,000",2025-12-22,2026-02-05,45,https://disclosures-clerk.house.gov/public_disc/ptr-pdfs/2026/20033927.pdf
"Biggs, Hon. Sheri",R,SC03,,US TSY NOTE 02/15/34,GS,sell_partial,"$1,001 - $15,000",2025-12-22,2026-02-05,45,https://disclosures-clerk.house.gov/public_disc/ptr-pdfs/2026/20033927.pdf
"Biggs, Hon. Sheri",R,SC03,,US TSY NOTE 02/28/27,GS,sell_partial,"$1,001 - $15,000",2025-12-22,2026-02-05,45,https://disclosures-clerk.house.gov/public_disc/ptr-pdfs/2026/20033927.pdf
"Biggs, Hon. Sheri",R,SC03,,US TSY NOTE 05/15/32,GS,sell_partial,"$1,001 - $15,000",2025-12-22,2026-02-05,45,https://disclosures-clerk.house.gov/public_disc/ptr-pdfs/2026/20033927.pdf
"Biggs, Hon. Sheri",R,SC03,,US TSY NOTE 05/31/30,GS,sell_partial,"$1,001 - $15,000",2025-12-22,2026-02-05,45,https://disclosures-clerk.house.gov/public_disc/ptr-pdfs/2026/20033927.pdf
"Biggs, Hon. Sheri",R,SC03,,US TSY NOTE 08/15/27,GS,sell_partial,"$1,001 - $15,000",2025-12-22,2026-02-05,45,https://disclosures-clerk.house.gov/public_disc/ptr-pdfs/2026/20033927.pdf
"Biggs, Hon. Sheri",R,SC03,,US TSY NOTE 08/15/29,GS,sell_partial,"$1,001 - $15,000",2025-12-22,2026-02-05,45,https://disclosures-clerk.house.gov/public_disc/ptr-pdfs/2026/20033927.pdf
"Biggs, Hon. Sheri",R,SC03,,US TSY NOTE 08/15/31,GS,sell_partial,"$1,001 - $15,000",2025-12-22,2026-02-05,45,https://disclosures-clerk.house.gov/public_disc/ptr-pdfs/2026/20033927.pdf
"Biggs, Hon. Sheri",R,SC03,,US TSY NOTE 08/15/33,GS,sell_partial,"$1,001 - $15,000",2025-12-22,2026-02-05,45,https://disclosures-clerk.house.gov/public_disc/ptr-pdfs/2026/20033927.pdf
"Biggs, Hon. Sheri",R,SC03,,US TSY NOTE 11/15/29,GS,sell_partial,"$1,001 - $15,000",2025-12-22,2026-02-05,45,https://disclosures-clerk.house.gov/public_disc/ptr-pdfs/2026/20033927.pdf
"Biggs, Hon. Sheri",R,SC03,,US TSY NOTE 11/15/31,GS,sell_partial,"$1,001 - $15,000",2025-12-22,2026-02-05,45,https://disclosures-clerk.house.gov/public_disc/ptr-pdfs/2026/20033927.pdf
"Biggs, Hon. Sheri",R,SC03,,US TSY NOTE 11/15/32,GS,sell_partial,"$1,001 - $15,000",2025-12-22,2026-02-05,45,https://disclosures-clerk.house.gov/public_disc/ptr-pdfs/2026/20033927.pdf
"Biggs, Hon. Sheri",R,SC03,,US TSY NOTE 11/15/33,GS,sell_partial,"$1,001 - $15,000",2025-12-22,2026-02-05,45,https://disclosures-clerk.house.gov/public_disc/ptr-pdfs/2026/20033927.pdf
"Biggs, Hon. Sheri",R,SC03,,US TSY NOTE 11/15/34,GS,sell_partial,"$1,001 - $15,000",2025-12-22,2026-02-05,45,https://disclosures-clerk.house.gov/public_disc/ptr-pdfs/2026/20033927.pdf
"Biggs, Hon. Sheri",R,SC03,,US TSY NOTE 11/30/26,GS,sell_partial,"$1,001 - $15,000",2025-12-22,2026-02-05,45,https://disclosures-clerk.house.gov/public_disc/ptr-pdfs/2026/20033927.pdf
"Williams, Hon. Roger",R,TX25,CVX,Chevron Corporation Common Stock,ST,sell_partial,"$15,001 - $50,000",2025-12-22,2026-01-15,24,https://disclosures-clerk.house.gov/public_disc/ptr-pdfs/2026/20033783.pdf
"Williams, Hon. Roger",R,TX25,FANG,"Diamondback Energy, Inc. - Common Stock",ST,sell_partial,"$1,001 - $15,000",2025-12-22,2026-01-15,24,https://disclosures-clerk.house.gov/public_disc/ptr-pdfs/2026/20033783.pdf
"Williams, Hon. Roger",R,TX25,JPM,JP Morgan Chase & Co. Common Stock,ST,buy,"$1,001 - $15,000",2025-12-22,2026-01-15,24,https://disclosures-clerk.house.gov/public_disc/ptr-pdfs/2026/20033783.pdf
"Williams, Hon. Roger",R,TX25,RTX,RTX Corporation Common Stock,ST,buy,"$1,001 - $15,000",2025-12-22,2026-01-15,24,https://disclosures-clerk.house.gov/public_disc/ptr-pdfs/2026/20033783.pdf
"Jackson, Hon. Jonathan",D,IL01,PLTR,Palantir Technologies Inc. - Class A Common Stock,ST,buy,"$15,001 - $50,000",2025-12-22,2026-01-08,17,https://disclosures-clerk.house.gov/public_disc/ptr-pdfs/2026/20033739.pdf
"Jackson, Hon. Jonathan",D,IL01,HOOD,"Robinhood Markets, Inc. - Class A Common Stock",ST,sell_full,"$15,001 - $50,000",2025-12-22,2026-01-08,17,https://disclosures-clerk.house.gov/public_disc/ptr-pdfs/2026/20033739.pdf
"Peters, Hon. Scott H.",D,CA50,,Allocate Alpha Fund II LP,OT,buy,"$1,001 - $15,000",2025-12-19,2026-01-19,31,https://disclosures-clerk.house.gov/public_disc/ptr-pdfs/2026/20033815.pdf
"Peters, Hon. Scott H.",D,CA50,,Allocate Premier Access Fund,OT,buy,"$15,001 - $50,000",2025-12-19,2026-01-19,31,https://disclosures-clerk.house.gov/public_disc/ptr-pdfs/2026/20033815.pdf
"Cisneros, Hon. Gilbert",D,CA31,ABT,Abbott Laboratories Common Stock,ST,sell_partial,"$1,001 - $15,000",2025-12-19,2026-01-12,24,https://disclosures-clerk.house.gov/public_disc/ptr-pdfs/2026/20033762.pdf
"Cisneros, Hon. Gilbert",D,CA31,ACN,Accenture plc Class A Ordinary Shares,ST,buy,"$1,001 - $15,000",2025-12-19,2026-01-12,24,https://disclosures-clerk.house.gov/public_disc/ptr-pdfs/2026/20033762.pdf
"Cisneros, Hon. Gilbert",D,CA31,AMD,"Advanced Micro Devices, Inc.",ST,sell_partial,"$15,001 - $50,000",2025-12-19,2026-01-12,24,https://disclosures-clerk.house.gov/public_disc/ptr-pdfs/2026/20033762.pdf
"Cisneros, Hon. Gilbert",D,CA31,ARE,"Alexandria Real Estate Equities, Inc. Common Stock",ST,sell_full,"$1,001 - $15,000",2025-12-19,2026-01-12,24,https://disclosures-clerk.house.gov/public_disc/ptr-pdfs/2026/20033762.pdf
"Cisneros, Hon. Gilbert",D,CA31,AMZN,"Amazon.com, Inc. - Common Stock",ST,sell_partial,"$1,001 - $15,000",2025-12-19,2026-01-12,24,https://disclosures-clerk.house.gov/public_disc/ptr-pdfs/2026/20033762.pdf
"Cisneros, Hon. Gilbert",D,CA31,AMCR,Amcor plc Ordinary Shares,ST,sell_partial,"$1,001 - $15,000",2025-12-19,2026-01-12,24,https://disclosures-clerk.house.gov/public_disc/ptr-pdfs/2026/20033762.pdf
"Cisneros, Hon. Gilbert",D,CA31,APP,Applovin Corporation - Class A Common Stock,ST,buy,"$1,001 - $15,000",2025-12-19,2026-01-12,24,https://disclosures-clerk.house.gov/public_disc/ptr-pdfs/2026/20033762.pdf
"Cisneros, Hon. Gilbert",D,CA31,AJG,Arthur J. Gallagher & Co. Common Stock,ST,buy,"$1,001 - $15,000",2025-12-19,2026-01-12,24,https://disclosures-clerk.house.gov/public_disc/ptr-pdfs/2026/20033762.pdf
"Cisneros, Hon. Gilbert",D,CA31,BKR,Baker Hughes Company - Common Stock,ST,buy,"$1,001 - $15,000",2025-12-19,2026-01-12,24,https://disclosures-clerk.house.gov/public_disc/ptr-pdfs/2026/20033762.pdf
"Cisneros, Hon. Gilbert",D,CA31,SQ,"Block, Inc. Class A Common Stock",ST,buy,"$1,001 - $15,000",2025-12-19,2026-01-12,24,https://disclosures-clerk.house.gov/public_disc/ptr-pdfs/2026/20033762.pdf
"Cisneros, Hon. Gilbert",D,CA31,,Boeing Company (BA),ST,buy,"$1,001 - $15,000",2025-12-19,2026-01-12,24,https://disclosures-clerk.house.gov/public_disc/ptr-pdfs/2026/20033762.pdf
"Cisneros, Hon. Gilbert",D,CA31,BKNG,Booking Holdings Inc. - Common Stock,ST,buy,"$1,001 - $15,000",2025-12-19,2026-01-12,24,https://disclosures-clerk.house.gov/public_disc/ptr-pdfs/2026/20033762.pdf
"Cisneros, Hon. Gilbert",D,CA31,BMY,Bristol-Myers Squibb Company Common Stock,ST,buy,"$1,001 - $15,000",2025-12-19,2026-01-12,24,https://disclosures-clerk.house.gov/public_disc/ptr-pdfs/2026/20033762.pdf
"Cisneros, Hon. Gilbert",D,CA31,BXP,"BXP, Inc. Common Stock",ST,sell_full,"$1,001 - $15,000",2025-12-19,2026-01-12,24,https://disclosures-clerk.house.gov/public_disc/ptr-pdfs/2026/20033762.pdf
"Cisneros, Hon. Gilbert",D,CA31,CBOE,"Cboe Global Markets, Inc.",ST,sell_partial,"$1,001 - $15,000",2025-12-19,2026-01-12,24,https://disclosures-clerk.house.gov/public_disc/ptr-pdfs/2026/20033762.pdf
"Cisneros, Hon. Gilbert",D,CA31,,Clorox Company (CLX),ST,buy,"$1,001 - $15,000",2025-12-19,2026-01-12,24,https://disclosures-clerk.house.gov/public_disc/ptr-pdfs/2026/20033762.pdf
"Cisneros, Hon. Gilbert",D,CA31,COIN,"Coinbase Global, Inc. - Class A Common Stock",ST,sell_partial,"$1,001 - $15,000",2025-12-19,2026-01-12,24,https://disclosures-clerk.house.gov/public_disc/ptr-pdfs/2026/20033762.pdf
"Cisneros, Hon. Gilbert",D,CA31,CAG,"ConAgra Brands, Inc. Common Stock",ST,sell_partial,"$1,001 - $15,000",2025-12-19,2026-01-12,24,https://disclosures-clerk.house.gov/public_disc/ptr-pdfs/2026/20033762.pdf
"Cisneros, Hon. Gilbert",D,CA31,STZ,"Constellation Brands, Inc. Common Stock",ST,buy,"$1,001 - $15,000",2025-12-19,2026-01-12,24,https://disclosures-clerk.house.gov/public_disc/ptr-pdfs/2026/20033762.pdf
"Cisneros, Hon. Gilbert",D,CA31,CTRA,Coterra Energy Inc. Common Stock,ST,sell_partial,"$1,001 - $15,000",2025-12-19,2026-01-12,24,https://disclosures-clerk.house.gov/public_disc/ptr-pdfs/2026/20033762.pdf
"Cisneros, Hon. Gilbert",D,CA31,CCI,Crown Castle Inc. Common Stock,ST,sell_partial,"$1,001 - $15,000",2025-12-19,2026-01-12,24,https://disclosures-clerk.house.gov/public_disc/ptr-pdfs/2026/20033762.pdf
"Cisneros, Hon. Gilbert",D,CA31,DASH,"DoorDash, Inc. - Common Stock",ST,buy,"$1,001 - $15,000",2025-12-19,2026-01-12,24,https://disclosures-clerk.house.gov/public_disc/ptr-pdfs/2026/20033762.pdf
"Cisneros, Hon. Gilbert",D,CA31,ERIE,Erie Indemnity Company - Class A Common Stock,ST,buy,"$1,001 - $15,000",2025-12-19,2026-01-12,24,https://disclosures-clerk.house.gov/public_disc/ptr-pdfs/2026/20033762.pdf
"Cisneros, Hon. Gilbert",D,CA31,EXE,Expand Energy Corporation - Common Stock,ST,sell_full,"$1,001 - $15,000",2025-12-19,2026-01-12,24,https://disclosures-clerk.house.gov/public_disc/ptr-pdfs/2026/20033762.pdf
"Cisneros, Hon. Gilbert",D,CA31,FICO,Fair Isaac Corporation Common Stock,ST,buy,"$1,001 - $15,000",2025-12-19,2026-01-12,24,https://disclosures-clerk.house.gov/public_disc/ptr-pdfs/2026/20033762.pdf
"Cisneros, Hon. Gilbert",D,CA31,FIS,"Fidelity National Information Services, Inc. Common Stock",ST,buy,"$1,001 - $15,000",2025-12-19,2026-01-12,24,https://disclosures-clerk.house.gov/public_disc/ptr-pdfs/2026/20033762.pdf
"Cisneros, Hon. Gilbert",D,CA31,FISV,"Fiserv, Inc. - Common Stock",ST,buy,"$1,001 - $15,000",2025-12-19,2026-01-12,24,https://disclosures-clerk.house.gov/public_disc/ptr-pdfs/2026/20033762.pdf
"Cisneros, Hon. Gilbert",D,CA31,GEV,GE Vernova Inc. Common Stock,ST,buy,"$1,001 - $15,000",2025-12-19,2026-01-12,24,https://disclosures-clerk.house.gov/public_disc/ptr-pdfs/2026/20033762.pdf
"Cisneros, Hon. Gilbert",D,CA31,GIS,"General Mills, Inc. Common Stock",ST,buy,"$1,001 - $15,000",2025-12-19,2026-01-12,24,https://disclosures-clerk.house.gov/public_disc/ptr-pdfs/2026/20033762.pdf
"Cisneros, Hon. Gilbert",D,CA31,GPN,Global Payments Inc. Common Stock,ST,sell_full,"$1,001 - $15,000",2025-12-19,2026-01-12,24,https://disclosures-clerk.house.gov/public_disc/ptr-pdfs/2026/20033762.pdf
"Cisneros, Hon. Gilbert",D,CA31,HAL,Halliburton Company Common Stock,ST,sell_partial,"$1,001 - $15,000",2025-12-19,2026-01-12,24,https://disclosures-clerk.house.gov/public_disc/ptr-pdfs/2026/20033762.pdf
"Cisneros, Hon. Gilbert",D,CA31,IBM,International Business Machines Corporation Common Stock,ST,buy,"$1,001 - $15,000",2025-12-19,2026-01-12,24,https://disclosures-clerk.house.gov/public_disc/ptr-pdfs/2026/20033762.pdf
"Cisneros, Hon. Gilbert",D,CA31,INVH,Invitation Homes Inc. Common Stock,ST,buy,"$1,001 - $15,000",2025-12-19,2026-01-12,24,https://disclosures-clerk.house.gov/public_disc/ptr-pdfs/2026/20033762.pdf
"Cisneros, Hon. Gilbert",D,CA31,LEN,Lennar Corporation Class A Common Stock,ST,sell_partial,"$1,001 - $15,000",2025-12-19,2026-01-12,24,https://disclosures-clerk.house.gov/public_disc/ptr-pdfs/2026/20033762.pdf
"Cisneros, Hon. Gilbert",D,CA31,LIN,Linde plc - Ordinary Shares,ST,buy,"$1,001 - $15,000",2025-12-19,2026-01-12,24,https://disclosures-clerk.house.gov/public_disc/ptr-pdfs/2026/20033762.pdf
"Cisneros, Hon. Gilbert",D,CA31,LMT,Lockheed Martin Corporation Common Stock,ST,sell_partial,"$1,001 - $15,000",2025-12-19,2026-01-12,24,https://disclosures-clerk.house.gov/public_disc/ptr-pdfs/2026/20033762.pdf
"Cisneros, Hon. Gilbert",D,CA31,MCK,McKesson Corporation Common Stock,ST,sell_full,"$1,001 - $15,000",2025-12-19,2026-01-12,24,https://disclosures-clerk.house.gov/public_disc/ptr-pdfs/2026/20033762.pdf
"Cisneros, Hon. Gilbert",D,CA31,MRK,"Merck & Company, Inc. Common Stock",ST,buy,"$1,001 - $15,000",2025-12-19,2026-01-12,24,https://disclosures-clerk.house.gov/public_disc/ptr-pdfs/2026/20033762.pdf
"Cisneros, Hon. Gilbert",D,CA31,MSFT,Microsoft Corporation - Common Stock,ST,sell_partial,"$15,001 - $50,000",2025-12-19,2026-01-12,24,https://disclosures-clerk.house.gov/public_disc/ptr-pdfs/2026/20033762.pdf
"Cisneros, Hon. Gilbert",D,CA31,MBFJF,Mitsubishi UFJ Financial Group Inc Ordinary Shares,ST,buy,"$1,001 - $15,000",2025-12-19,2026-01-12,24,https://disclosures-clerk.house.gov/public_disc/ptr-pdfs/2026/20033762.pdf
"Cisneros, Hon. Gilbert",D,CA31,NVDA,NVIDIA Corporation - Common Stock,ST,sell_partial,"$15,001 - $50,000",2025-12-19,2026-01-12,24,https://disclosures-clerk.house.gov/public_disc/ptr-pdfs/2026/20033762.pdf
"Cisneros, Hon. Gilbert",D,CA31,ORCL,Oracle Corporation Common Stock,ST,sell_partial,"$1,001 - $15,000",2025-12-19,2026-01-12,24,https://disclosures-clerk.house.gov/public_disc/ptr-pdfs/2026/20033762.pdf
"Cisneros, Hon. Gilbert",D,CA31,PFE,"Pfizer, Inc. Common Stock",ST,sell_partial,"$1,001 - $15,000",2025-12-19,2026-01-12,24,https://disclosures-clerk.house.gov/public_disc/ptr-pdfs/2026/20033762.pdf
"Cisneros, Hon. Gilbert",D,CA31,PSA,Public Storage Common Stock,ST,sell_partial,"$1,001 - $15,000",2025-12-19,2026-01-12,24,https://disclosures-clerk.house.gov/public_disc/ptr-pdfs/2026/20033762.pdf
"Cisneros, Hon. Gilbert",D,CA31,PWR,"Quanta Services, Inc. Common Stock",ST,sell_partial,"$1,001 - $15,000",2025-12-19,2026-01-12,24,https://disclosures-clerk.house.gov/public_disc/ptr-pdfs/2026/20033762.pdf
"Cisneros, Hon. Gilbert",D,CA31,O,Realty Income Corporation Common Stock,ST,buy,"$1,001 - $15,000",2025-12-19,2026-01-12,24,https://disclosures-clerk.house.gov/public_disc/ptr-pdfs/2026/20033762.pdf
"Cisneros, Hon. Gilbert",D,CA31,TRGP,"Targa Resources, Inc. Common Stock",ST,buy,"$1,001 - $15,000",2025-12-19,2026-01-12,24,https://disclosures-clerk.house.gov/public_disc/ptr-pdfs/2026/20033762.pdf
"Cisneros, Hon. Gilbert",D,CA31,CPB,The Campbell's Company - Common Stock,ST,sell_full,"$1,001 - $15,000",2025-12-19,2026-01-12,24,https://disclosures-clerk.house.gov/public_disc/ptr-pdfs/2026/20033762.pdf
"Cisneros, Hon. Gilbert",D,CA31,CI,The Cigna Group Common Stock,ST,buy,"$1,001 - $15,000",2025-12-19,2026-01-12,24,https://disclosures-clerk.house.gov/public_disc/ptr-pdfs/2026/20033762.pdf
"Cisneros, Hon. Gilbert",D,CA31,UBER,"Uber Technologies, Inc. Common Stock",ST,buy,"$1,001 - $15,000",2025-12-19,2026-01-12,24,https://disclosures-clerk.house.gov/public_disc/ptr-pdfs/2026/20033762.pdf
"Cisneros, Hon. Gilbert",D,CA31,UAL,"United Airlines Holdings, Inc. - Common Stock",ST,buy,"$1,001 - $15,000",2025-12-19,2026-01-12,24,https://disclosures-clerk.house.gov/public_disc/ptr-pdfs/2026/20033762.pdf
"Cisneros, Hon. Gilbert",D,CA31,UNH,UnitedHealth Group Incorporated Common Stock,ST,buy,"$15,001 - $50,000",2025-12-19,2026-01-12,24,https://disclosures-clerk.house.gov/public_disc/ptr-pdfs/2026/20033762.pdf
"Cisneros, Hon. Gilbert",D,CA31,VRSN,"VeriSign, Inc. - Common Stock",ST,buy,"$1,001 - $15,000",2025-12-19,2026-01-12,24,https://disclosures-clerk.house.gov/public_disc/ptr-pdfs/2026/20033762.pdf
"Cisneros, Hon. Gilbert",D,CA31,VRSK,"Verisk Analytics, Inc. - Common Stock",ST,sell_partial,"$1,001 - $15,000",2025-12-19,2026-01-12,24,https://disclosures-clerk.house.gov/public_disc/ptr-pdfs/2026/20033762.pdf
"Cisneros, Hon. Gilbert",D,CA31,VICI,VICI Properties Inc. Common Stock,ST,buy,"$1,001 - $15,000",2025-12-19,2026-01-12,24,https://disclosures-clerk.house.gov/public_disc/ptr-pdfs/2026/20033762.pdf
"Cisneros, Hon. Gilbert",D,CA31,ZTS,Zoetis Inc. Class A Common Stock,ST,buy,"$1,001 - $15,000",2025-12-19,2026-01-12,24,https://disclosures-clerk.house.gov/public_disc/ptr-pdfs/2026/20033762.pdf
"Johnson, Hon. Julie",D,TX32,MMM,3M Company Common Stock,ST,sell_full,"$1,001 - $15,000",2025-12-18,2026-01-15,28,https://disclosures-clerk.house.gov/public_disc/ptr-pdfs/2026/20033789.pdf
"Johnson, Hon. Julie",D,TX32,ABT,Abbott Laboratories Common Stock,ST,sell_full,"$1,001 - $15,000",2025-12-18,2026-01-15,28,https://disclosures-clerk.house.gov/public_disc/ptr-pdfs/2026/20033789.pdf
"Johnson, Hon. Julie",D,TX32,ABBV,AbbVie Inc. Common Stock,ST,sell_full,"$1,001 - $15,000",2025-12-18,2026-01-15,28,https://disclosures-clerk.house.gov/public_disc/ptr-pdfs/2026/20033789.pdf
"Johnson, Hon. Julie",D,TX32,APD,"Air Products and Chemicals, Inc. Common Stock",ST,sell_full,"$1,001 - $15,000",2025-12-18,2026-01-15,28,https://disclosures-clerk.house.gov/public_disc/ptr-pdfs/2026/20033789.pdf
"Johnson, Hon. Julie",D,TX32,GOOG,Alphabet Inc. - Class C Capital Stock,ST,sell_full,"$1,001 - $15,000",2025-12-18,2026-01-15,28,https://disclosures-clerk.house.gov/public_disc/ptr-pdfs/2026/20033789.pdf
"Johnson, Hon. Julie",D,TX32,AXP,American Express Company Common Stock,ST,sell_full,"$1,001 - $15,000",2025-12-18,2026-01-15,28,https://disclosures-clerk.house.gov/public_disc/ptr-pdfs/2026/20033789.pdf
"Johnson, Hon. Julie",D,TX32,ADI,"Analog Devices, Inc. - Common Stock",ST,sell_full,"$1,001 - $15,000",2025-12-18,2026-01-15,28,https://disclosures-clerk.house.gov/public_disc/ptr-pdfs/2026/20033789.pdf
"Johnson, Hon. Julie",D,TX32,AJG,Arthur J. Gallagher & Co. Common Stock,ST,sell_full,"$1,001 - $15,000",2025-12-18,2026-01-15,28,https://disclosures-clerk.house.gov/public_disc/ptr-pdfs/2026/20033789.pdf
"Johnson, Hon. Julie",D,TX32,BAC,Bank of America Corporation Common Stock,ST,sell_full,"$1,001 - $15,000",2025-12-18,2026-01-15,28,https://disclosures-clerk.house.gov/public_disc/ptr-pdfs/2026/20033789.pdf
"Johnson, Hon. Julie",D,TX32,BX,Blackstone Inc. Common Stock,ST,sell_full,"$1,001 - $15,000",2025-12-18,2026-01-15,28,https://disclosures-clerk.house.gov/public_disc/ptr-pdfs/2026/20033789.pdf
"Johnson, Hon. Julie",D,TX32,BMY,Bristol-Myers Squibb Company Common Stock,ST,sell_full,"$1,001 - $15,000",2025-12-18,2026-01-15,28,https://disclosures-clerk.house.gov/public_disc/ptr-pdfs/2026/20033789.pdf
"Johnson, Hon. Julie",D,TX32,COF,Capital One Financial Corporation Common Stock,ST,sell_full,"$1,001 - $15,000",2025-12-18,2026-01-15,28,https://disclosures-clerk.house.gov/public_disc/ptr-pdfs/2026/20033789.pdf
"Johnson, Hon. Julie",D,TX32,CARR,Carrier Global Corporation Common Stock,ST,sell_full,"$1,001 - $15,000",2025-12-18,2026-01-15,28,https://disclosures-clerk.house.gov/public_disc/ptr-pdfs/2026/20033789.pdf
"Johnson, Hon. Julie",D,TX32,SCHW,Charles Schwab Corporation,ST,sell_full,"$1,001 - $15,000",2025-12-18,2026-01-15,28,https://disclosures-clerk.house.gov/public_disc/ptr-pdfs/2026/20033789.pdf
"Johnson, Hon. Julie",D,TX32,CVX,Chevron Corporation Common Stock,ST,sell_full,"$1,001 - $15,000",2025-12-18,2026-01-15,28,https://disclosures-clerk.house.gov/public_disc/ptr-pdfs/2026/20033789.pdf
"Johnson, Hon. Julie",D,TX32,CME,CME Group Inc. - Class A Common Stock,ST,sell_full,"$1,001 - $15,000",2025-12-18,2026-01-15,28,https://disclosures-clerk.house.gov/public_disc/ptr-pdfs/2026/20033789.pdf
"Johnson, Hon. Julie",D,TX32,CMS,CMS Energy Corporation Common Stock,ST,sell_full,"$1,001 - $15,000",2025-12-18,2026-01-15,28,https://disclosures-clerk.house.gov/public_disc/ptr-pdfs/2026/20033789.pdf
"Johnson, Hon. Julie",D,TX32,CMCSA,Comcast Corporation - Class A Common Stock,ST,sell_full,"$1,001 - $15,000",2025-12-18,2026-01-15,28,https://disclosures-clerk.house.gov/public_disc/ptr-pdfs/2026/20033789.pdf
"Johnson, Hon. Julie",D,TX32,COP,ConocoPhillips Common Stock,ST,sell_full,"$1,001 - $15,000",2025-12-18,2026-01-15,28,https://disclosures-clerk.house.gov/public_disc/ptr-pdfs/2026/20033789.pdf
"Johnson, Hon. Julie",D,TX32,DHR,Danaher Corporation Common Stock,ST,sell_full,"$1,001 - $15,000",2025-12-18,2026-01-15,28,https://disclosures-clerk.house.gov/public_disc/ptr-pdfs/2026/20033789.pdf
"Johnson, Hon. Julie",D,TX32,DE,Deere & Company Common Stock,ST,sell_full,"$1,001 - $15,000",2025-12-18,2026-01-15,28,https://disclosures-clerk.house.gov/public_disc/ptr-pdfs/2026/20033789.pdf
"Johnson, Hon. Julie",D,TX32,DOV,Dover Corporation Common Stock,ST,sell_full,"$1,001 - $15,000",2025-12-18,2026-01-15,28,https://disclosures-clerk.house.gov/public_disc/ptr-pdfs/2026/20033789.pdf
"Johnson, Hon. Julie",D,TX32,ETN,"Eaton Corporation, PLC Ordinary Shares",ST,sell_full,"$1,001 - $15,000",2025-12-18,2026-01-15,28,https://disclosures-clerk.house.gov/public_disc/ptr-pdfs/2026/20033789.pdf
"Johnson, Hon. Julie",D,TX32,LLY,Eli Lilly and Company Common Stock,ST,sell_full,"$1,001 - $15,000",2025-12-18,2026-01-15,28,https://disclosures-clerk.house.gov/public_disc/ptr-pdfs/2026/20033789.pdf
"Johnson, Hon. Julie",D,TX32,EOG,"EOG Resources, Inc. Common Stock",ST,sell_full,"$1,001 - $15,000",2025-12-18,2026-01-15,28,https://disclosures-clerk.house.gov/public_disc/ptr-pdfs/2026/20033789.pdf
"Johnson, Hon. Julie",D,TX32,FIS,"Fidelity National Information Services, Inc. Common Stock",ST,sell_full,"$1,001 - $15,000",2025-12-18,2026-01-15,28,https://disclosures-clerk.house.gov/public_disc/ptr-pdfs/2026/20033789.pdf
"Johnson, Hon. Julie",D,TX32,GD,General Dynamics Corporation Common Stock,ST,sell_full,"$1,001 - $15,000",2025-12-18,2026-01-15,28,https://disclosures-clerk.house.gov/public_disc/ptr-pdfs/2026/20033789.pdf
"Johnson, Hon. Julie",D,TX32,GS,"Goldman Sachs Group, Inc.",ST,sell_full,"$1,001 - $15,000",2025-12-18,2026-01-15,28,https://disclosures-clerk.house.gov/public_disc/ptr-pdfs/2026/20033789.pdf
"Johnson, Hon. Julie",D,TX32,HD,"Home Depot, Inc.",ST,sell_full,"$1,001 - $15,000",2025-12-18,2026-01-15,28,https://disclosures-clerk.house.gov/public_disc/ptr-pdfs/2026/20033789.pdf
"Johnson, Hon. Julie",D,TX32,IBM,International Business Machines Corporation Common Stock,ST,sell_full,"$1,001 - $15,000",2025-12-18,2026-01-15,28,https://disclosures-clerk.house.gov/public_disc/ptr-pdfs/2026/20033789.pdf
"Johnson, Hon. Julie",D,TX32,JNJ,Johnson & Johnson Common Stock,ST,sell_full,"$1,001 - $15,000",2025-12-18,2026-01-15,28,https://disclosures-clerk.house.gov/public_disc/ptr-pdfs/2026/20033789.pdf
"Johnson, Hon. Julie",D,TX32,MCD,McDonald's Corporation Common Stock,ST,sell_full,"$1,001 - $15,000",2025-12-18,2026-01-15,28,https://disclosures-clerk.house.gov/public_disc/ptr-pdfs/2026/20033789.pdf
"Johnson, Hon. Julie",D,TX32,MDT,Medtronic plc. Ordinary Shares,ST,sell_full,"$1,001 - $15,000",2025-12-18,2026-01-15,28,https://disclosures-clerk.house.gov/public_disc/ptr-pdfs/2026/20033789.pdf
"Johnson, Hon. Julie",D,TX32,MRK,"Merck & Company, Inc. Common Stock",ST,sell_full,"$1,001 - $15,000",2025-12-18,2026-01-15,28,https://disclosures-clerk.house.gov/public_disc/ptr-pdfs/2026/20033789.pdf
"Johnson, Hon. Julie",D,TX32,MSFT,Microsoft Corporation - Common Stock,ST,sell_full,"$1,001 - $15,000",2025-12-18,2026-01-15,28,https://disclosures-clerk.house.gov/public_disc/ptr-pdfs/2026/20033789.pdf
"Johnson, Hon. Julie",D,TX32,MDLZ,"Mondelez International, Inc. - Class A Common Stock",ST,sell_full,"$1,001 - $15,000",2025-12-18,2026-01-15,28,https://disclosures-clerk.house.gov/public_disc/ptr-pdfs/2026/20033789.pdf
"Johnson, Hon. Julie",D,TX32,MS,Morgan Stanley Common Stock,ST,sell_full,"$1,001 - $15,000",2025-12-18,2026-01-15,28,https://disclosures-clerk.house.gov/public_disc/ptr-pdfs/2026/20033789.pdf
"Johnson, Hon. Julie",D,TX32,NEE,"NextEra Energy, Inc. Common Stock",ST,sell_full,"$1,001 - $15,000",2025-12-18,2026-01-15,28,https://disclosures-clerk.house.gov/public_disc/ptr-pdfs/2026/20033789.pdf
"Johnson, Hon. Julie",D,TX32,NSC,Norfolk Southern Corporation Common Stock,ST,sell_full,"$1,001 - $15,000",2025-12-18,2026-01-15,28,https://disclosures-clerk.house.gov/public_disc/ptr-pdfs/2026/20033789.pdf
"Johnson, Hon. Julie",D,TX32,NXPI,NXP Semiconductors N.V. - Common Stock,ST,sell_full,"$1,001 - $15,000",2025-12-18,2026-01-15,28,https://disclosures-clerk.house.gov/public_disc/ptr-pdfs/2026/20033789.pdf
"Johnson, Hon. Julie",D,TX32,PKG,Packaging Corporation of America Common Stock,ST,sell_full,"$1,001 - $15,000",2025-12-18,2026-01-15,28,https://disclosures-clerk.house.gov/public_disc/ptr-pdfs/2026/20033789.pdf
"Johnson, Hon. Julie",D,TX32,PEP,"Pepsico, Inc.",ST,sell_full,"$1,001 - $15,000",2025-12-18,2026-01-15,28,https://disclosures-clerk.house.gov/public_disc/ptr-pdfs/2026/20033789.pdf
"Johnson, Hon. Julie",D,TX32,PM,Philip Morris International Inc Common Stock,ST,sell_full,"$1,001 - $15,000",2025-12-18,2026-01-15,28,https://disclosures-clerk.house.gov/public_disc/ptr-pdfs/2026/20033789.pdf
"Johnson, Hon. Julie",D,TX32,,Procter & Gamble Company (PG),ST,sell_full,"$1,001 - $15,000",2025-12-18,2026-01-15,28,https://disclosures-clerk.house.gov/public_disc/ptr-pdfs/2026/20033789.pdf
"Johnson, Hon. Julie",D,TX32,PGR,Progressive Corporation,ST,sell_full,"$1,001 - $15,000",2025-12-18,2026-01-15,28,https://disclosures-clerk.house.gov/public_disc/ptr-pdfs/2026/20033789.pdf
"Johnson, Hon. Julie",D,TX32,RSG,"Republic Services, Inc. Common Stock",ST,sell_full,"$1,001 - $15,000",2025-12-18,2026-01-15,28,https://disclosures-clerk.house.gov/public_disc/ptr-pdfs/2026/20033789.pdf
"Johnson, Hon. Julie",D,TX32,RTX,RTX Corporation Common Stock,ST,sell_full,"$1,001 - $15,000",2025-12-18,2026-01-15,28,https://disclosures-clerk.house.gov/public_disc/ptr-pdfs/2026/20033789.pdf
"Johnson, Hon. Julie",D,TX32,STX,Seagate Technology Holdings PLC - Ordinary Shares,ST,sell_full,"$1,001 - $15,000",2025-12-18,2026-01-15,28,https://disclosures-clerk.house.gov/public_disc/ptr-pdfs/2026/20033789.pdf
"Johnson, Hon. Julie",D,TX32,TXN,Texas Instruments Incorporated - Common Stock,ST,sell_full,"$1,001 - $15,000",2025-12-18,2026-01-15,28,https://disclosures-clerk.house.gov/public_disc/ptr-pdfs/2026/20033789.pdf
"Johnson, Hon. Julie",D,TX32,BK,The Bank of New York Mellon Corporation Common Stock,ST,sell_full,"$1,001 - $15,000",2025-12-18,2026-01-15,28,https://disclosures-clerk.house.gov/public_disc/ptr-pdfs/2026/20033789.pdf
"Johnson, Hon. Julie",D,TX32,CI,The Cigna Group Common Stock,ST,sell_full,"$1,001 - $15,000",2025-12-18,2026-01-15,28,https://disclosures-clerk.house.gov/public_disc/ptr-pdfs/2026/20033789.pdf
"Johnson, Hon. Julie",D,TX32,TJX,"TJX Companies, Inc.",ST,sell_full,"$1,001 - $15,000",2025-12-18,2026-01-15,28,https://disclosures-clerk.house.gov/public_disc/ptr-pdfs/2026/20033789.pdf
"Johnson, Hon. Julie",D,TX32,UNP,Union Pacific Corporation Common Stock,ST,sell_full,"$1,001 - $15,000",2025-12-18,2026-01-15,28,https://disclosures-clerk.house.gov/public_disc/ptr-pdfs/2026/20033789.pdf
"Johnson, Hon. Julie",D,TX32,UNH,UnitedHealth Group Incorporated Common Stock,ST,sell_full,"$1,001 - $15,000",2025-12-18,2026-01-15,28,https://disclosures-clerk.house.gov/public_disc/ptr-pdfs/2026/20033789.pdf
"Johnson, Hon. Julie",D,TX32,VZ,Verizon Communications Inc. Common Stock,ST,sell_full,"$1,001 - $15,000",2025-12-18,2026-01-15,28,https://disclosures-clerk.house.gov/public_disc/ptr-pdfs/2026/20033789.pdf
"Johnson, Hon. Julie",D,TX32,WMT,Walmart Inc. - Common Stock,ST,sell_full,"$1,001 - $15,000",2025-12-18,2026-01-15,28,https://disclosures-clerk.house.gov/public_disc/ptr-pdfs/2026/20033789.pdf
"Johnson, Hon. Julie",D,TX32,WFC,Wells Fargo & Company Common Stock,ST,sell_full,"$1,001 - $15,000",2025-12-18,2026-01-15,28,https://disclosures-clerk.house.gov/public_disc/ptr-pdfs/2026/20033789.pdf
"Johnson, Hon. Julie",D,TX32,XEL,Xcel Energy Inc.,ST,sell_full,"$1,001 - $15,000",2025-12-18,2026-01-15,28,https://disclosures-clerk.house.gov/public_disc/ptr-pdfs/2026/20033789.pdf
"Cisneros, Hon. Gilbert",D,CA31,AZN,AstraZeneca PLC - American Depositary Shares,ST,buy,"$1,001 - $15,000",2025-12-18,2026-01-12,25,https://disclosures-clerk.house.gov/public_disc/ptr-pdfs/2026/20033762.pdf
"Cisneros, Hon. Gilbert",D,CA31,RACE,Ferrari N.V. Common Shares,ST,sell_full,"$1,001 - $15,000",2025-12-18,2026-01-12,25,https://disclosures-clerk.house.gov/public_disc/ptr-pdfs/2026/20033762.pdf
"Donalds, Hon. Byron",R,FL19,,Bitcoin (CRYPTO:BTC),CT,buy,"$50,001 - $100,000",2025-12-18,2026-01-09,22,https://disclosures-clerk.house.gov/public_disc/ptr-pdfs/2026/20033780.pdf
"Donalds, Hon. Byron",R,FL19,,Bitcoin (BTC),CT,buy,"$50,001 - $100,000",2025-12-18,2026-01-07,20,https://disclosures-clerk.house.gov/public_disc/ptr-pdfs/2026/20033747.pdf
"Moore, Hon. Tim",R,NC14,GNPX,"Genprex, Inc. - Common Stock",ST,buy,"$1,001 - $15,000",2025-12-18,2026-01-07,20,https://disclosures-clerk.house.gov/public_disc/ptr-pdfs/2026/20033746.pdf
"Moore, Hon. Tim",R,NC14,HOG,"Harley-Davidson, Inc. Common Stock",ST,buy,"$15,001 - $50,000",2025-12-18,2026-01-07,20,https://disclosures-clerk.house.gov/public_disc/ptr-pdfs/2026/20033746.pdf
"Beyer, Hon. Donald Sternoff, Jr",D,VA08,,King CNTY Wash Ltd 4.00% 12/1/32,GS,sell_full,"$15,001 - $50,000",2025-12-18,2026-01-02,15,https://disclosures-clerk.house.gov/public_disc/ptr-pdfs/2026/20033714.pdf
"Beyer, Hon. Donald Sternoff, Jr",D,VA08,,Madison Conn GO BD 3.5% 12/18/25,GS,sell_full,"$50,001 - $100,000",2025-12-18,2026-01-02,15,https://disclosures-clerk.house.gov/public_disc/ptr-pdfs/2026/20033714.pdf
"Doggett, Hon. Lloyd",D,TX37,HD,"Home Depot, Inc.",ST,buy,"$1,001 - $15,000",2025-12-18,2026-01-02,15,https://disclosures-clerk.house.gov/public_disc/ptr-pdfs/2026/20033713.pdf
"Wagner, Hon. Ann",R,MO02,,Teays Valley OH 5.00% 12/1/2033,GS,buy,"$100,001 - $250,000",2025-12-18,2026-01-02,15,https://disclosures-clerk.house.gov/public_disc/ptr-pdfs/2026/20033718.pdf
"Cohen, Hon. Steve",D,TN09,OZKAP,Bank OZK - 4.625% Series A Non- Cumulative Perpetual Preferred Stock,ST,sell_partial,"$15,001 - $50,000",2025-12-17,2026-01-14,28,https://disclosures-clerk.house.gov/public_disc/ptr-pdfs/2026/20033754.pdf
"Cohen, Hon. Steve",D,TN09,RFI,"Cohen & Steers Total Return Realty Fund, Inc. Common Stock",ST,sell_full,"$1,001 - $15,000",2025-12-17,2026-01-14,28,https://disclosures-clerk.house.gov/public_disc/ptr-pdfs/2026/20033754.pdf
"Cohen, Hon. Steve",D,TN09,GS,"Goldman Sachs Group, Inc.",ST,sell_partial,"$15,001 - $50,000",2025-12-17,2026-01-14,28,https://disclosures-clerk.house.gov/public_disc/ptr-pdfs/2026/20033754.pdf
"Cohen, Hon. Steve",D,TN09,GS,"Goldman Sachs Group, Inc.",ST,sell_partial,"$15,001 - $50,000",2025-12-17,2026-01-14,28,https://disclosures-clerk.house.gov/public_disc/ptr-pdfs/2026/20033754.pdf
"Cohen, Hon. Steve",D,TN09,MS,Morgan Stanley Common Stock,ST,sell_partial,"$50,001 - $100,000",2025-12-17,2026-01-14,28,https://disclosures-clerk.house.gov/public_disc/ptr-pdfs/2026/20033754.pdf
"Gottheimer, Hon. Josh",D,NJ05,NOW,"ServiceNow, Inc. Common Stock",ST,sell_partial,"$1,001 - $15,000",2025-12-17,2026-01-14,28,https://disclosures-clerk.house.gov/public_disc/ptr-pdfs/2026/20033756.pdf
"Letlow, Hon. Julia",R,LA05,,US Treasury Note 10/31/2026,GS,sell_full,"$1,001 - $15,000",2025-12-17,2026-01-13,27,https://disclosures-clerk.house.gov/public_disc/ptr-pdfs/2026/20030977.pdf
"Letlow, Hon. Julia",R,LA05,,US Treasury Note 8/15/2034,GS,buy,"$1,001 - $15,000",2025-12-17,2026-01-13,27,https://disclosures-clerk.house.gov/public_disc/ptr-pdfs/2026/20030977.pdf
"Cisneros, Hon. Gilbert",D,CA31,AVGO,Broadcom Inc. - Common Stock,ST,buy,"$1,001 - $15,000",2025-12-17,2026-01-12,26,https://disclosures-clerk.house.gov/public_disc/ptr-pdfs/2026/20033762.pdf
"Cisneros, Hon. Gilbert",D,CA31,,"San Rafael, CA Elementary School District GO Bonds",GS,buy,"$100,001 - $250,000",2025-12-17,2026-01-12,26,https://disclosures-clerk.house.gov/public_disc/ptr-pdfs/2026/20033762.pdf
"DelBene, Hon. Suzan K.",D,WA01,,"Tarrant CNTY Tex Cultural Ed Facs Fin 5.00% Due Nov 15, 2051",GS,buy,"$1,001 - $15,000",2025-12-17,2026-01-12,26,https://disclosures-clerk.house.gov/public_disc/ptr-pdfs/2026/20033766.pdf
"Guest, Hon. Michael Patrick",R,MS03,ABNB,"Airbnb, Inc. - Class A Common Stock",ST,sell_full,"$1,001 - $15,000",2025-12-16,2026-08-14,241,https://disclosures-clerk.house.gov/public_disc/ptr-pdfs/2026/20035130.pdf
"Guest, Hon. Michael Patrick",R,MS03,CVX,Chevron Corporation Common Stock,ST,sell_full,"$1,001 - $15,000",2025-12-16,2026-08-14,241,https://disclosures-clerk.house.gov/public_disc/ptr-pdfs/2026/20035130.pdf
"Guest, Hon. Michael Patrick",R,MS03,ELF,"e.l.f. Beauty, Inc. Common Stock",ST,sell_full,"$1,001 - $15,000",2025-12-16,2026-08-14,241,https://disclosures-clerk.house.gov/public_disc/ptr-pdfs/2026/20035130.pdf
"Letlow, Hon. Julia",R,LA05,PINS,"Pinterest, Inc. Class A Common Stock",ST,sell_full,"$1,001 - $15,000",2025-12-16,2026-01-13,28,https://disclosures-clerk.house.gov/public_disc/ptr-pdfs/2026/20030977.pdf
"Letlow, Hon. Julia",R,LA05,CRM,"Salesforce, Inc. Common Stock",ST,sell_full,"$1,001 - $15,000",2025-12-16,2026-01-13,28,https://disclosures-clerk.house.gov/public_disc/ptr-pdfs/2026/20030977.pdf
"Letlow, Hon. Julia",R,LA05,URI,"United Rentals, Inc. Common Stock",ST,buy,"$1,001 - $15,000",2025-12-16,2026-01-13,28,https://disclosures-clerk.house.gov/public_disc/ptr-pdfs/2026/20030977.pdf
"Cisneros, Hon. Gilbert",D,CA31,AVAV,"AeroVironment, Inc. - Common Stock",ST,buy,"$1,001 - $15,000",2025-12-15,2026-01-12,28,https://disclosures-clerk.house.gov/public_disc/ptr-pdfs/2026/20033762.pdf
"McClain, Hon. Lisa",R,MI09,,xAI,PS,buy,"$100,001 - $250,000",2025-12-15,2026-01-07,23,https://disclosures-clerk.house.gov/public_disc/ptr-pdfs/2026/20033736.pdf
"Doggett, Hon. Lloyd",D,TX37,,Coca-Cola Company (KO),ST,buy,"$1,001 - $15,000",2025-12-15,2026-01-02,18,https://disclosures-clerk.house.gov/public_disc/ptr-pdfs/2026/20033713.pdf
"McCormick, Hon. Richard Dean Dr",,GA06,,US Treasury Bill,GS,buy,"$100,001 - $250,000",2025-12-12,2026-04-07,116,https://disclosures-clerk.house.gov/public_disc/ptr-pdfs/2026/20033648.pdf
"Allen, Hon. Richard W.",R,GA12,FERG,Ferguson Enterprises Inc. Common Stock,ST,buy,"$15,001 - $50,000",2025-12-12,2026-01-15,34,https://disclosures-clerk.house.gov/public_disc/ptr-pdfs/2026/20033751.pdf
"Allen, Hon. Richard W.",R,GA12,NFLX,"Netflix, Inc. - Common Stock",ST,sell_full,"$1,001 - $15,000",2025-12-12,2026-01-15,34,https://disclosures-clerk.house.gov/public_disc/ptr-pdfs/2026/20033751.pdf
"Biggs, Hon. Sheri",R,SC03,,UBS AG,CS,sell_full,"$15,001 - $50,000",2025-12-12,2026-01-14,33,https://disclosures-clerk.house.gov/public_disc/ptr-pdfs/2026/20033800.pdf
"Gottheimer, Hon. Josh",D,NJ05,LNG,"Cheniere Energy, Inc. Common Stock",ST,sell_full,"$1,001 - $15,000",2025-12-12,2026-01-14,33,https://disclosures-clerk.house.gov/public_disc/ptr-pdfs/2026/20033756.pdf
"Delaney, Hon. April McClain",,MD06,BRO,"Brown & Brown, Inc. Common Stock",ST,buy,"$1,001 - $15,000",2025-12-12,2026-01-05,24,https://disclosures-clerk.house.gov/public_disc/ptr-pdfs/2026/20033737.pdf
"Delaney, Hon. April McClain",,MD06,TSCO,Tractor Supply Company - Common Stock,ST,buy,"$1,001 - $15,000",2025-12-12,2026-01-05,24,https://disclosures-clerk.house.gov/public_disc/ptr-pdfs/2026/20033737.pdf
"Doggett, Hon. Lloyd",D,TX37,IBM,International Business Machines Corporation Common Stock,ST,buy,"$1,001 - $15,000",2025-12-12,2026-01-02,21,https://disclosures-clerk.house.gov/public_disc/ptr-pdfs/2026/20033713.pdf
"Doggett, Hon. Lloyd",D,TX37,PPG,"PPG Industries, Inc. Common Stock",ST,buy,"$1,001 - $15,000",2025-12-12,2026-01-02,21,https://disclosures-clerk.house.gov/public_disc/ptr-pdfs/2026/20033713.pdf
"Newhouse, Hon. Dan",R,WA04,GOOGL,Alphabet Inc. - Class A Common Stock,ST,sell_partial,"$1,001 - $15,000",2025-12-11,2026-01-15,35,https://disclosures-clerk.house.gov/public_disc/ptr-pdfs/2026/20033654.pdf
"Newhouse, Hon. Dan",R,WA04,BX,Blackstone Inc. Common Stock,ST,buy,"$1,001 - $15,000",2025-12-11,2026-01-15,35,https://disclosures-clerk.house.gov/public_disc/ptr-pdfs/2026/20033654.pdf
"Newhouse, Hon. Dan",R,WA04,AVGO,Broadcom Inc. - Common Stock,ST,sell_partial,"$1,001 - $15,000",2025-12-11,2026-01-15,35,https://disclosures-clerk.house.gov/public_disc/ptr-pdfs/2026/20033654.pdf
"Newhouse, Hon. Dan",R,WA04,BRO,"Brown & Brown, Inc. Common Stock",ST,sell_full,"$1,001 - $15,000",2025-12-11,2026-01-15,35,https://disclosures-clerk.house.gov/public_disc/ptr-pdfs/2026/20033654.pdf
"Newhouse, Hon. Dan",R,WA04,SCHW,Charles Schwab Corporation,ST,buy,"$1,001 - $15,000",2025-12-11,2026-01-15,35,https://disclosures-clerk.house.gov/public_disc/ptr-pdfs/2026/20033654.pdf
"Newhouse, Hon. Dan",R,WA04,DG,Dollar General Corporation Common Stock,ST,sell_full,"$1,001 - $15,000",2025-12-11,2026-01-15,35,https://disclosures-clerk.house.gov/public_disc/ptr-pdfs/2026/20033654.pdf
"Newhouse, Hon. Dan",R,WA04,LULU,lululemon athletica inc. - Common Stock,ST,buy,"$1,001 - $15,000",2025-12-11,2026-01-15,35,https://disclosures-clerk.house.gov/public_disc/ptr-pdfs/2026/20033654.pdf
"Newhouse, Hon. Dan",R,WA04,MGA,"Magna International, Inc. Common Stock",ST,sell_partial,"$1,001 - $15,000",2025-12-11,2026-01-15,35,https://disclosures-clerk.house.gov/public_disc/ptr-pdfs/2026/20033654.pdf
"Newhouse, Hon. Dan",R,WA04,NXPI,NXP Semiconductors N.V. - Common Stock,ST,buy,"$1,001 - $15,000",2025-12-11,2026-01-15,35,https://disclosures-clerk.house.gov/public_disc/ptr-pdfs/2026/20033654.pdf
"Newhouse, Hon. Dan",R,WA04,PANW,"Palo Alto Networks, Inc.",ST,buy,"$1,001 - $15,000",2025-12-11,2026-01-15,35,https://disclosures-clerk.house.gov/public_disc/ptr-pdfs/2026/20033654.pdf
"Newhouse, Hon. Dan",R,WA04,SBUX,Starbucks Corporation - Common Stock,ST,sell_full,"$1,001 - $15,000",2025-12-11,2026-01-15,35,https://disclosures-clerk.house.gov/public_disc/ptr-pdfs/2026/20033654.pdf
"Newhouse, Hon. Dan",R,WA04,TXT,Textron Inc. Common Stock,ST,buy,"$1,001 - $15,000",2025-12-11,2026-01-15,35,https://disclosures-clerk.house.gov/public_disc/ptr-pdfs/2026/20033654.pdf
"Newhouse, Hon. Dan",R,WA04,TMUS,"T-Mobile US, Inc.",ST,buy,"$1,001 - $15,000",2025-12-11,2026-01-15,35,https://disclosures-clerk.house.gov/public_disc/ptr-pdfs/2026/20033654.pdf
"Newhouse, Hon. Dan",R,WA04,TFC,Truist Financial Corporation Common Stock,ST,sell_full,"$1,001 - $15,000",2025-12-11,2026-01-15,35,https://disclosures-clerk.house.gov/public_disc/ptr-pdfs/2026/20033654.pdf
"Newhouse, Hon. Dan",R,WA04,ULTA,"Ulta Beauty, Inc. - Common Stock",ST,sell_partial,"$1,001 - $15,000",2025-12-11,2026-01-15,35,https://disclosures-clerk.house.gov/public_disc/ptr-pdfs/2026/20033654.pdf
"Gottheimer, Hon. Josh",D,NJ05,UBER,"Uber Technologies, Inc. Common Stock",ST,sell_partial,"$1,001 - $15,000",2025-12-11,2026-01-14,34,https://disclosures-clerk.house.gov/public_disc/ptr-pdfs/2026/20033756.pdf
"Cisneros, Hon. Gilbert",D,CA31,AGIO,"Agios Pharmaceuticals, Inc. - Common Stock",ST,buy,"$1,001 - $15,000",2025-12-11,2026-01-12,32,https://disclosures-clerk.house.gov/public_disc/ptr-pdfs/2026/20033762.pdf
"Cisneros, Hon. Gilbert",D,CA31,ARQT,"Arcutis Biotherapeutics, Inc. - Common stock",ST,sell_partial,"$1,001 - $15,000",2025-12-11,2026-01-12,32,https://disclosures-clerk.house.gov/public_disc/ptr-pdfs/2026/20033762.pdf
"Cisneros, Hon. Gilbert",D,CA31,ITT,ITT Inc. Common Stock,ST,buy,"$1,001 - $15,000",2025-12-11,2026-01-12,32,https://disclosures-clerk.house.gov/public_disc/ptr-pdfs/2026/20033762.pdf
"Cisneros, Hon. Gilbert",D,CA31,K,Kellanova Common Stock,ST,sell_full,"$1,001 - $15,000",2025-12-11,2026-01-12,32,https://disclosures-clerk.house.gov/public_disc/ptr-pdfs/2026/20033762.pdf
"Cisneros, Hon. Gilbert",D,CA31,PRIM,Primoris Services Corporation,ST,sell_partial,"$1,001 - $15,000",2025-12-11,2026-01-12,32,https://disclosures-clerk.house.gov/public_disc/ptr-pdfs/2026/20033762.pdf
"Cisneros, Hon. Gilbert",D,CA31,SUPN,"Supernus Pharmaceuticals, Inc. - Common Stock",ST,buy,"$1,001 - $15,000",2025-12-11,2026-01-12,32,https://disclosures-clerk.house.gov/public_disc/ptr-pdfs/2026/20033762.pdf
"Cisneros, Hon. Gilbert",D,CA31,COCO,"The Vita Coco Company, Inc. - Common Stock",ST,sell_partial,"$1,001 - $15,000",2025-12-11,2026-01-12,32,https://disclosures-clerk.house.gov/public_disc/ptr-pdfs/2026/20033762.pdf
"Lofgren, Hon. Zoe",D,CA18,,"California State Public Works Board Lease Revenue Bonds, Ser. D",GS,sell_full,"$1,001 - $15,000",2025-12-11,2026-01-06,26,https://disclosures-clerk.house.gov/public_disc/ptr-pdfs/2026/20033738.pdf
"Lofgren, Hon. Zoe",D,CA18,,Lynwood Unified School District GO Bonds,GS,sell_full,"$100,001 - $250,000",2025-12-11,2026-01-06,26,https://disclosures-clerk.house.gov/public_disc/ptr-pdfs/2026/20033738.pdf
"Cisneros, Hon. Gilbert",D,CA31,ARMK,Aramark Common Stock,ST,buy,"$1,001 - $15,000",2025-12-10,2026-01-12,33,https://disclosures-clerk.house.gov/public_disc/ptr-pdfs/2026/20033762.pdf
"Cisneros, Hon. Gilbert",D,CA31,,California State Dept. of Water Resources CVP Revenue Bonds,GS,buy,"$100,001 - $250,000",2025-12-10,2026-01-12,33,https://disclosures-clerk.house.gov/public_disc/ptr-pdfs/2026/20033762.pdf
"Cisneros, Hon. Gilbert",D,CA31,CP,Canadian Pacific Kansas City Limited Common Shares,ST,buy,"$1,001 - $15,000",2025-12-10,2026-01-12,33,https://disclosures-clerk.house.gov/public_disc/ptr-pdfs/2026/20033762.pdf
"Cisneros, Hon. Gilbert",D,CA31,SCHW,Charles Schwab Corporation,ST,sell_partial,"$1,001 - $15,000",2025-12-10,2026-01-12,33,https://disclosures-clerk.house.gov/public_disc/ptr-pdfs/2026/20033762.pdf
"Cisneros, Hon. Gilbert",D,CA31,CSGP,"CoStar Group, Inc. - Common Stock",ST,buy,"$1,001 - $15,000",2025-12-10,2026-01-12,33,https://disclosures-clerk.house.gov/public_disc/ptr-pdfs/2026/20033762.pdf
"Cisneros, Hon. Gilbert",D,CA31,DASH,"DoorDash, Inc. - Common Stock",ST,buy,"$1,001 - $15,000",2025-12-10,2026-01-12,33,https://disclosures-clerk.house.gov/public_disc/ptr-pdfs/2026/20033762.pdf
"Cisneros, Hon. Gilbert",D,CA31,FLEX,Flex Ltd. - Ordinary Shares,ST,sell_partial,"$15,001 - $50,000",2025-12-10,2026-01-12,33,https://disclosures-clerk.house.gov/public_disc/ptr-pdfs/2026/20033762.pdf
"Cisneros, Hon. Gilbert",D,CA31,GPN,Global Payments Inc. Common Stock,ST,sell_partial,"$15,001 - $50,000",2025-12-10,2026-01-12,33,https://disclosures-clerk.house.gov/public_disc/ptr-pdfs/2026/20033762.pdf
"Cisneros, Hon. Gilbert",D,CA31,ISRG,"Intuitive Surgical, Inc. - Common Stock",ST,buy,"$1,001 - $15,000",2025-12-10,2026-01-12,33,https://disclosures-clerk.house.gov/public_disc/ptr-pdfs/2026/20033762.pdf
"Cisneros, Hon. Gilbert",D,CA31,,"Los Angeles, CA, Dept. Wtr. & Pwr. Wtrwks. Rev. Bonds",GS,sell_full,"$250,001 - $500,000",2025-12-10,2026-01-12,33,https://disclosures-clerk.house.gov/public_disc/ptr-pdfs/2026/20033762.pdf
"Cisneros, Hon. Gilbert",D,CA31,LPLA,LPL Financial Holdings Inc. - Common Stock,ST,buy,"$1,001 - $15,000",2025-12-10,2026-01-12,33,https://disclosures-clerk.house.gov/public_disc/ptr-pdfs/2026/20033762.pdf
"Cisneros, Hon. Gilbert",D,CA31,NFLX,"Netflix, Inc. - Common Stock",ST,sell_partial,"$1,001 - $15,000",2025-12-10,2026-01-12,33,https://disclosures-clerk.house.gov/public_disc/ptr-pdfs/2026/20033762.pdf
"Cisneros, Hon. Gilbert",D,CA31,SARO,"StandardAero, Inc. Common Stock",ST,buy,"$1,001 - $15,000",2025-12-10,2026-01-12,33,https://disclosures-clerk.house.gov/public_disc/ptr-pdfs/2026/20033762.pdf
"Cisneros, Hon. Gilbert",D,CA31,SYK,Stryker Corporation Common Stock,ST,buy,"$1,001 - $15,000",2025-12-10,2026-01-12,33,https://disclosures-clerk.house.gov/public_disc/ptr-pdfs/2026/20033762.pdf
"Cisneros, Hon. Gilbert",D,CA31,COO,"The Cooper Companies, Inc.",ST,buy,"$1,001 - $15,000",2025-12-10,2026-01-12,33,https://disclosures-clerk.house.gov/public_disc/ptr-pdfs/2026/20033762.pdf
"Cisneros, Hon. Gilbert",D,CA31,WDAY,"Workday, Inc. - Class A Common Stock",ST,buy,"$1,001 - $15,000",2025-12-10,2026-01-12,33,https://disclosures-clerk.house.gov/public_disc/ptr-pdfs/2026/20033762.pdf
"Jackson, Hon. Jonathan",D,IL01,MELI,"MercadoLibre, Inc. - Common Stock",ST,sell_full,"$15,001 - $50,000",2025-12-10,2026-01-08,29,https://disclosures-clerk.house.gov/public_disc/ptr-pdfs/2026/20033739.pdf
"Jackson, Hon. Jonathan",D,IL01,THC,Tenet Healthcare Corporation Common Stock,ST,buy,"$15,001 - $50,000",2025-12-10,2026-01-08,29,https://disclosures-clerk.house.gov/public_disc/ptr-pdfs/2026/20033739.pdf
"Beyer, Hon. Donald Sternoff, Jr",D,VA08,,Virginia ST 4.00% 8/1/38,GS,sell_full,"$50,001 - $100,000",2025-12-10,2026-01-02,23,https://disclosures-clerk.house.gov/public_disc/ptr-pdfs/2026/20033714.pdf
"Johnson, Hon. Julie",D,TX32,CMS,CMS Energy Corporation Common Stock,ST,sell_full,"$1,001 - $15,000",2025-12-09,2026-01-15,37,https://disclosures-clerk.house.gov/public_disc/ptr-pdfs/2026/20033789.pdf
"Johnson, Hon. Julie",D,TX32,PEG,Public Service Enterprise Group Incorporated Common Stock,ST,sell_full,"$1,001 - $15,000",2025-12-09,2026-01-15,37,https://disclosures-clerk.house.gov/public_disc/ptr-pdfs/2026/20033789.pdf
"Rouzer, Hon. David",R,NC07,,Boeing Company (BA),ST,sell_full,"$1,001 - $15,000",2025-12-09,2026-01-07,29,https://disclosures-clerk.house.gov/public_disc/ptr-pdfs/2026/20033758.pdf
"Rouzer, Hon. David",R,NC07,,2000152831 Boeing Company (BA),ST,sell_full,"$1,001 - $15,000",2025-12-09,2026-01-07,29,https://disclosures-clerk.house.gov/public_disc/ptr-pdfs/2026/20033759.pdf
"Doggett, Hon. Lloyd",D,TX37,JNJ,Johnson & Johnson Common Stock,ST,buy,"$1,001 - $15,000",2025-12-09,2026-01-02,24,https://disclosures-clerk.house.gov/public_disc/ptr-pdfs/2026/20033713.pdf
"Johnson, Hon. Julie",D,TX32,CMS,CMS Energy Corporation Common Stock,ST,sell_full,"$1,001 - $15,000",2025-12-08,2026-08-05,240,https://disclosures-clerk.house.gov/public_disc/ptr-pdfs/2026/20035035.pdf
"Johnson, Hon. Julie",D,TX32,PEG,Public Service Enterprise Group Incorporated Common Stock,ST,buy,"$1,001 - $15,000",2025-12-08,2026-08-05,240,https://disclosures-clerk.house.gov/public_disc/ptr-pdfs/2026/20035035.pdf
"Johnson, Hon. Julie",D,TX32,PEG,Public Service Enterprise Group Incorporated Common Stock,ST,sell_full,"$1,001 - $15,000",2025-12-08,2026-08-05,240,https://disclosures-clerk.house.gov/public_disc/ptr-pdfs/2026/20035035.pdf
"Johnson, Hon. Julie",D,TX32,NOW,"ServiceNow, Inc. Common Stock",ST,sell_full,"$1,001 - $15,000",2025-12-08,2026-08-05,240,https://disclosures-clerk.house.gov/public_disc/ptr-pdfs/2026/20035035.pdf
"Johnson, Hon. Julie",D,TX32,NOW,"ServiceNow, Inc. Common Stock",ST,buy,"$1,001 - $15,000",2025-12-08,2026-08-05,240,https://disclosures-clerk.house.gov/public_disc/ptr-pdfs/2026/20035035.pdf
"Peters, Hon. Scott H.",D,CA50,,U.S Treasury Bills,GS,buy,"$50,001 - $100,000",2025-12-08,2026-01-19,42,https://disclosures-clerk.house.gov/public_disc/ptr-pdfs/2026/20033815.pdf
"Gottheimer, Hon. Josh",D,NJ05,APD,"Air Products and Chemicals, Inc. Common Stock",ST,sell_partial,"$15,001 - $50,000",2025-12-08,2026-01-14,37,https://disclosures-clerk.house.gov/public_disc/ptr-pdfs/2026/20033756.pdf
"Gottheimer, Hon. Josh",D,NJ05,UTZ,Utz Brands Inc Class A Common Stock,ST,sell_full,"$1,001 - $15,000",2025-12-08,2026-01-14,37,https://disclosures-clerk.house.gov/public_disc/ptr-pdfs/2026/20033756.pdf
"Letlow, Hon. Julia",R,LA05,ABT,Abbott Laboratories Common Stock,ST,sell_full,"$1,001 - $15,000",2025-12-08,2026-01-13,36,https://disclosures-clerk.house.gov/public_disc/ptr-pdfs/2026/20030977.pdf
"Letlow, Hon. Julia",R,LA05,ABBV,AbbVie Inc. Common Stock,ST,sell_full,"$1,001 - $15,000",2025-12-08,2026-01-13,36,https://disclosures-clerk.house.gov/public_disc/ptr-pdfs/2026/20030977.pdf
"Letlow, Hon. Julia",R,LA05,AZN,AstraZeneca PLC - American Depositary Shares,ST,buy,"$1,001 - $15,000",2025-12-08,2026-01-13,36,https://disclosures-clerk.house.gov/public_disc/ptr-pdfs/2026/20030977.pdf
"Letlow, Hon. Julia",R,LA05,DVN,Devon Energy Corporation Common Stock,ST,buy,"$1,001 - $15,000",2025-12-08,2026-01-13,36,https://disclosures-clerk.house.gov/public_disc/ptr-pdfs/2026/20030977.pdf
"Letlow, Hon. Julia",R,LA05,ICON,Icon Energy Corp. - Common stock,ST,buy,"$1,001 - $15,000",2025-12-08,2026-01-13,36,https://disclosures-clerk.house.gov/public_disc/ptr-pdfs/2026/20030977.pdf
"Letlow, Hon. Julia",R,LA05,MTD,"Mettler-Toledo International, Inc. Common Stock",ST,sell_full,"$1,001 - $15,000",2025-12-08,2026-01-13,36,https://disclosures-clerk.house.gov/public_disc/ptr-pdfs/2026/20030977.pdf
"Letlow, Hon. Julia",R,LA05,WBD,"Warner Bros. Discovery, Inc. - Series A Common Stock",ST,sell_full,"$1,001 - $15,000",2025-12-08,2026-01-13,36,https://disclosures-clerk.house.gov/public_disc/ptr-pdfs/2026/20030977.pdf
"Letlow, Hon. Julia",R,LA05,WAT,Waters Corporation Common Stock,ST,buy,"$1,001 - $15,000",2025-12-08,2026-01-13,36,https://disclosures-clerk.house.gov/public_disc/ptr-pdfs/2026/20030977.pdf
"Jackson, Hon. Jonathan",D,IL01,NFLX,"Netflix, Inc. - Common Stock",ST,sell_full,"$50,001 - $100,000",2025-12-08,2026-01-08,31,https://disclosures-clerk.house.gov/public_disc/ptr-pdfs/2026/20033739.pdf
"Jackson, Hon. Jonathan",D,IL01,SHOP,Shopify Inc. - Class A Subordinate Voting Shares,ST,buy,"$50,001 - $100,000",2025-12-08,2026-01-08,31,https://disclosures-clerk.house.gov/public_disc/ptr-pdfs/2026/20033739.pdf
"Gottheimer, Hon. Josh",D,NJ05,CVLT,"Commvault Systems, Inc. - Common Stock",ST,sell_full,"$1,001 - $15,000",2025-12-05,2026-01-14,40,https://disclosures-clerk.house.gov/public_disc/ptr-pdfs/2026/20033756.pdf
"Gottheimer, Hon. Josh",D,NJ05,MTHRY,M3 INC UNSP/ADR,ST,sell_full,"$1,001 - $15,000",2025-12-05,2026-01-14,40,https://disclosures-clerk.house.gov/public_disc/ptr-pdfs/2026/20033756.pdf
"Gottheimer, Hon. Josh",D,NJ05,SE,"Shares, each representing one Class A Ordinary Share",ST,sell_full,"$1,001 - $15,000",2025-12-05,2026-01-14,40,https://disclosures-clerk.house.gov/public_disc/ptr-pdfs/2026/20033756.pdf
"Gottheimer, Hon. Josh",D,NJ05,SSMXY,SYSMEX CORP UNSP/ASDR,ST,sell_partial,"$1,001 - $15,000",2025-12-05,2026-01-14,40,https://disclosures-clerk.house.gov/public_disc/ptr-pdfs/2026/20033756.pdf
"Delaney, Hon. April McClain",,MD06,TECH,Bio-Techne Corp - Common Stock,ST,buy,"$1,001 - $15,000",2025-12-05,2026-01-05,31,https://disclosures-clerk.house.gov/public_disc/ptr-pdfs/2026/20033737.pdf
"Delaney, Hon. April McClain",,MD06,BRO,"Brown & Brown, Inc. Common Stock",ST,buy,"$1,001 - $15,000",2025-12-05,2026-01-05,31,https://disclosures-clerk.house.gov/public_disc/ptr-pdfs/2026/20033737.pdf
"Delaney, Hon. April McClain",,MD06,CDW,CDW Corporation - Common Stock,ST,sell_partial,"$1,001 - $15,000",2025-12-05,2026-01-05,31,https://disclosures-clerk.house.gov/public_disc/ptr-pdfs/2026/20033737.pdf
"Delaney, Hon. April McClain",,MD06,PTC,PTC Inc. - Common Stock,ST,sell_partial,"$1,001 - $15,000",2025-12-05,2026-01-05,31,https://disclosures-clerk.house.gov/public_disc/ptr-pdfs/2026/20033737.pdf
"Wagner, Hon. Ann",R,MO02,,Floyd County IN 4.00% 12/30/2031,GS,buy,"$100,001 - $250,000",2025-12-05,2026-01-02,28,https://disclosures-clerk.house.gov/public_disc/ptr-pdfs/2026/20033718.pdf
"Wagner, Hon. Ann",R,MO02,,Fremont IN Cmnty Schs Gen Oblig Bds 4.00% 1/15/2032,GS,buy,"$100,001 - $250,000",2025-12-05,2026-01-02,28,https://disclosures-clerk.house.gov/public_disc/ptr-pdfs/2026/20033718.pdf
"Peters, Hon. Scott H.",D,CA50,,U.S Treasury Bills,GS,sell_partial,"$50,001 - $100,000",2025-12-04,2026-01-19,46,https://disclosures-clerk.house.gov/public_disc/ptr-pdfs/2026/20033815.pdf
"Donalds, Hon. Byron",R,FL19,ABT,Abbott Laboratories Common Stock,ST,sell_full,"$1,001 - $15,000",2025-12-04,2026-01-07,34,https://disclosures-clerk.house.gov/public_disc/ptr-pdfs/2026/20033747.pdf
"Donalds, Hon. Byron",R,FL19,ABT,Abbott Laboratories Common Stock,ST,sell_full,"$1,001 - $15,000",2025-12-04,2026-01-07,34,https://disclosures-clerk.house.gov/public_disc/ptr-pdfs/2026/20033747.pdf
"Donalds, Hon. Byron",R,FL19,FIX,"Comfort Systems USA, Inc. Common Stock",ST,buy,"$1,001 - $15,000",2025-12-04,2026-01-07,34,https://disclosures-clerk.house.gov/public_disc/ptr-pdfs/2026/20033747.pdf
"Donalds, Hon. Byron",R,FL19,FIX,"Comfort Systems USA, Inc. Common Stock",ST,buy,"$1,001 - $15,000",2025-12-04,2026-01-07,34,https://disclosures-clerk.house.gov/public_disc/ptr-pdfs/2026/20033747.pdf
"Wagner, Hon. Ann",R,MO02,,Logan Rogersville MO Reorg No R 08 Sch 4.00% 3/1/2033,GS,buy,"$100,001 - $250,000",2025-12-04,2026-01-02,29,https://disclosures-clerk.house.gov/public_disc/ptr-pdfs/2026/20033718.pdf
"Rulli, Hon. Michael",R,OH06,,Coca-Cola Company (KO),ST,buy,"$1,001 - $15,000",2025-12-03,2026-08-07,247,https://disclosures-clerk.house.gov/public_disc/ptr-pdfs/2026/20035147.pdf
"Johnson, Hon. Julie",D,TX32,,Boeing Company (BA),ST,sell_full,"$1,001 - $15,000",2025-12-03,2026-01-15,43,https://disclosures-clerk.house.gov/public_disc/ptr-pdfs/2026/20033789.pdf
"Delaney, Hon. April McClain",,MD06,CLH,"Clean Harbors, Inc. Common Stock",ST,buy,"$1,001 - $15,000",2025-12-03,2026-01-05,33,https://disclosures-clerk.house.gov/public_disc/ptr-pdfs/2026/20033737.pdf
"Rulli, Hon. Michael",R,OH06,LLY,Eli Lilly and Company Common Stock,ST,sell_full,"$1,001 - $15,000",2025-12-02,2026-08-07,248,https://disclosures-clerk.house.gov/public_disc/ptr-pdfs/2026/20035147.pdf
"Johnson, Hon. Julie",D,TX32,,Boeing Company (BA),ST,buy,"$1,001 - $15,000",2025-12-02,2026-08-05,246,https://disclosures-clerk.house.gov/public_disc/ptr-pdfs/2026/20035035.pdf
"Johnson, Hon. Julie",D,TX32,,Boeing Company (BA),ST,sell_full,"$1,001 - $15,000",2025-12-02,2026-08-05,246,https://disclosures-clerk.house.gov/public_disc/ptr-pdfs/2026/20035035.pdf
"Kean, Hon. Thomas H., Jr",R,NJ07,SNREY,SUNRISE COMMS AG ADR A,ST,sell_full,"$1,001 - $15,000",2025-12-02,2026-01-16,45,https://disclosures-clerk.house.gov/public_disc/ptr-pdfs/2026/20033821.pdf
"Moskowitz, Hon. Jared",D,FL23,ATO,Atmos Energy Corporation Common Stock,ST,buy,"$1,001 - $15,000",2025-12-02,2026-01-16,45,https://disclosures-clerk.house.gov/public_disc/ptr-pdfs/2026/20033760.pdf
"Moskowitz, Hon. Jared",D,FL23,MCK,McKesson Corporation Common Stock,ST,buy,"$1,001 - $15,000",2025-12-02,2026-01-16,45,https://disclosures-clerk.house.gov/public_disc/ptr-pdfs/2026/20033760.pdf
"Moskowitz, Hon. Jared",D,FL23,MCK,McKesson Corporation Common Stock,ST,buy,"$1,001 - $15,000",2025-12-02,2026-01-16,45,https://disclosures-clerk.house.gov/public_disc/ptr-pdfs/2026/20033760.pdf
"Moskowitz, Hon. Jared",D,FL23,PEP,"Pepsico, Inc.",ST,sell_full,"$1,001 - $15,000",2025-12-02,2026-01-16,45,https://disclosures-clerk.house.gov/public_disc/ptr-pdfs/2026/20033760.pdf
"Moskowitz, Hon. Jared",D,FL23,PEP,"Pepsico, Inc.",ST,sell_full,"$1,001 - $15,000",2025-12-02,2026-01-16,45,https://disclosures-clerk.house.gov/public_disc/ptr-pdfs/2026/20033760.pdf
"Moskowitz, Hon. Jared",D,FL23,PEP,"Pepsico, Inc.",ST,sell_full,"$15,001 - $50,000",2025-12-02,2026-01-16,45,https://disclosures-clerk.house.gov/public_disc/ptr-pdfs/2026/20033760.pdf
"Moskowitz, Hon. Jared",D,FL23,PEG,Public Service Enterprise Group Incorporated Common Stock,ST,buy,"$1,001 - $15,000",2025-12-02,2026-01-16,45,https://disclosures-clerk.house.gov/public_disc/ptr-pdfs/2026/20033760.pdf
"Moskowitz, Hon. Jared",D,FL23,,Southern Company (SO),ST,buy,"$1,001 - $15,000",2025-12-02,2026-01-16,45,https://disclosures-clerk.house.gov/public_disc/ptr-pdfs/2026/20033760.pdf
"Biggs, Hon. Sheri",R,SC03,,Fannie Mae Note 9/24/26,GS,buy,"$1,001 - $15,000",2025-12-02,2026-01-14,43,https://disclosures-clerk.house.gov/public_disc/ptr-pdfs/2026/20033800.pdf
"Biggs, Hon. Sheri",R,SC03,,KKR Real Estate Select Trust Class U,PS,buy,"$1,001 - $15,000",2025-12-02,2026-01-14,43,https://disclosures-clerk.house.gov/public_disc/ptr-pdfs/2026/20033800.pdf
"Biggs, Hon. Sheri",R,SC03,,US TSY DUE 05/15/34,GS,buy,"$1,001 - $15,000",2025-12-02,2026-01-14,43,https://disclosures-clerk.house.gov/public_disc/ptr-pdfs/2026/20033800.pdf
"Biggs, Hon. Sheri",R,SC03,,US TSY DUE 11/15/34,GS,buy,"$1,001 - $15,000",2025-12-02,2026-01-14,43,https://disclosures-clerk.house.gov/public_disc/ptr-pdfs/2026/20033800.pdf
"Biggs, Hon. Sheri",R,SC03,,US TSY NOTE 02/15/26,GS,buy,"$1,001 - $15,000",2025-12-02,2026-01-14,43,https://disclosures-clerk.house.gov/public_disc/ptr-pdfs/2026/20033800.pdf
"Biggs, Hon. Sheri",R,SC03,,US TSY NOTE 02/15/32,GS,buy,"$1,001 - $15,000",2025-12-02,2026-01-14,43,https://disclosures-clerk.house.gov/public_disc/ptr-pdfs/2026/20033800.pdf
"Biggs, Hon. Sheri",R,SC03,,US TSY NOTE 02/15/33,GS,buy,"$1,001 - $15,000",2025-12-02,2026-01-14,43,https://disclosures-clerk.house.gov/public_disc/ptr-pdfs/2026/20033800.pdf
"Biggs, Hon. Sheri",R,SC03,,US TSY NOTE 02/15/34,GS,buy,"$1,001 - $15,000",2025-12-02,2026-01-14,43,https://disclosures-clerk.house.gov/public_disc/ptr-pdfs/2026/20033800.pdf
"Biggs, Hon. Sheri",R,SC03,,US TSY NOTE 02/15/35,GS,buy,"$1,001 - $15,000",2025-12-02,2026-01-14,43,https://disclosures-clerk.house.gov/public_disc/ptr-pdfs/2026/20033800.pdf
"Biggs, Hon. Sheri",R,SC03,,US TSY NOTE 05/15/32,GS,buy,"$1,001 - $15,000",2025-12-02,2026-01-14,43,https://disclosures-clerk.house.gov/public_disc/ptr-pdfs/2026/20033800.pdf
"Biggs, Hon. Sheri",R,SC03,,US TSY NOTE 05/15/35,GS,buy,"$1,001 - $15,000",2025-12-02,2026-01-14,43,https://disclosures-clerk.house.gov/public_disc/ptr-pdfs/2026/20033800.pdf
"Biggs, Hon. Sheri",R,SC03,,US TSY NOTE 08/15/31,GS,buy,"$1,001 - $15,000",2025-12-02,2026-01-14,43,https://disclosures-clerk.house.gov/public_disc/ptr-pdfs/2026/20033800.pdf
"Biggs, Hon. Sheri",R,SC03,,US TSY NOTE 08/15/33,GS,buy,"$1,001 - $15,000",2025-12-02,2026-01-14,43,https://disclosures-clerk.house.gov/public_disc/ptr-pdfs/2026/20033800.pdf
"Biggs, Hon. Sheri",R,SC03,,US TSY NOTE 08/31/30,GS,buy,"$1,001 - $15,000",2025-12-02,2026-01-14,43,https://disclosures-clerk.house.gov/public_disc/ptr-pdfs/2026/20033800.pdf
"Biggs, Hon. Sheri",R,SC03,,US TSY NOTE 11/15/31,GS,buy,"$1,001 - $15,000",2025-12-02,2026-01-14,43,https://disclosures-clerk.house.gov/public_disc/ptr-pdfs/2026/20033800.pdf
"Biggs, Hon. Sheri",R,SC03,,US TSY NOTE 11/15/32,GS,buy,"$1,001 - $15,000",2025-12-02,2026-01-14,43,https://disclosures-clerk.house.gov/public_disc/ptr-pdfs/2026/20033800.pdf
"Biggs, Hon. Sheri",R,SC03,,US TSY NOTE 11/15/33,GS,buy,"$1,001 - $15,000",2025-12-02,2026-01-14,43,https://disclosures-clerk.house.gov/public_disc/ptr-pdfs/2026/20033800.pdf
"Delaney, Hon. April McClain",,MD06,TECH,Bio-Techne Corp - Common Stock,ST,buy,"$1,001 - $15,000",2025-12-02,2026-01-05,34,https://disclosures-clerk.house.gov/public_disc/ptr-pdfs/2026/20033737.pdf
"Delaney, Hon. April McClain",,MD06,CDW,CDW Corporation - Common Stock,ST,sell_partial,"$1,001 - $15,000",2025-12-02,2026-01-05,34,https://disclosures-clerk.house.gov/public_disc/ptr-pdfs/2026/20033737.pdf
"Delaney, Hon. April McClain",,MD06,LYV,"Live Nation Entertainment, Inc. Common Stock",ST,buy,"$1,001 - $15,000",2025-12-02,2026-01-05,34,https://disclosures-clerk.house.gov/public_disc/ptr-pdfs/2026/20033737.pdf
"Delaney, Hon. April McClain",,MD06,MLM,"Martin Marietta Materials, Inc. Common Stock",ST,buy,"$1,001 - $15,000",2025-12-02,2026-01-05,34,https://disclosures-clerk.house.gov/public_disc/ptr-pdfs/2026/20033737.pdf
"Delaney, Hon. April McClain",,MD06,PTC,PTC Inc. - Common Stock,ST,sell_partial,"$1,001 - $15,000",2025-12-02,2026-01-05,34,https://disclosures-clerk.house.gov/public_disc/ptr-pdfs/2026/20033737.pdf
"Delaney, Hon. April McClain",,MD06,PWR,"Quanta Services, Inc. Common Stock",ST,sell_partial,"$1,001 - $15,000",2025-12-02,2026-01-05,34,https://disclosures-clerk.house.gov/public_disc/ptr-pdfs/2026/20033737.pdf
"Delaney, Hon. April McClain",,MD06,TDY,Teledyne Technologies Incorporated Common Stock,ST,sell_partial,"$1,001 - $15,000",2025-12-02,2026-01-05,34,https://disclosures-clerk.house.gov/public_disc/ptr-pdfs/2026/20033737.pdf
"Delaney, Hon. April McClain",,MD06,TSCO,Tractor Supply Company - Common Stock,ST,buy,"$1,001 - $15,000",2025-12-02,2026-01-05,34,https://disclosures-clerk.house.gov/public_disc/ptr-pdfs/2026/20033737.pdf
"Biggs, Hon. Sheri",R,SC03,,Apollo Debt Solutions BDC Class S,OT,buy,"$1,001 - $15,000",2025-12-01,2026-01-14,44,https://disclosures-clerk.house.gov/public_disc/ptr-pdfs/2026/20033800.pdf
"Kelly, Hon. Mike",R,PA16,,California St Go Call 12/1/27 4% due 12/1/47,GS,sell_partial,"$1,001 - $15,000",2025-12-01,2026-01-08,38,https://disclosures-clerk.house.gov/public_disc/ptr-pdfs/2026/20033763.pdf
"Evans, Hon. Dwight",D,PA03,CVS,CVS Health Corporation Common Stock,ST,sell_partial,"$1,001 - $15,000",2025-11-21,2026-05-15,175,https://disclosures-clerk.house.gov/public_disc/ptr-pdfs/2026/20034556.pdf
"Letlow, Hon. Julia",R,LA05,STT,State Street Corporation Common Stock,ST,sell_partial,"$1,001 - $15,000",2025-11-21,2026-01-13,53,https://disclosures-clerk.house.gov/public_disc/ptr-pdfs/2026/20030977.pdf
"Case, Hon. Ed",D,HI01,AAPL,Apple Inc. - Common Stock,ST,buy,"$1,001 - $15,000",2025-11-13,2026-04-06,144,https://disclosures-clerk.house.gov/public_disc/ptr-pdfs/2026/20034221.pdf
"Letlow, Hon. Julia",R,LA05,CMG,"Chipotle Mexican Grill, Inc. Common Stock",ST,sell_full,"$1,001 - $15,000",2025-11-03,2026-01-13,71,https://disclosures-clerk.house.gov/public_disc/ptr-pdfs/2026/20030977.pdf
"Letlow, Hon. Julia",R,LA05,,Coca-Cola Company (KO),ST,buy,"$1,001 - $15,000",2025-11-03,2026-01-13,71,https://disclosures-clerk.house.gov/public_disc/ptr-pdfs/2026/20030977.pdf
"Letlow, Hon. Julia",R,LA05,EXR,Extra Space Storage Inc Common Stock,ST,sell_full,"$1,001 - $15,000",2025-11-03,2026-01-13,71,https://disclosures-clerk.house.gov/public_disc/ptr-pdfs/2026/20030977.pdf
"Letlow, Hon. Julia",R,LA05,SF,Stifel Financial Corporation Common Stock,ST,buy,"$1,001 - $15,000",2025-11-03,2026-01-13,71,https://disclosures-clerk.house.gov/public_disc/ptr-pdfs/2026/20030977.pdf
"Letlow, Hon. Julia",R,LA05,,Walt Disney Company (DIS),ST,buy,"$1,001 - $15,000",2025-11-03,2026-01-13,71,https://disclosures-clerk.house.gov/public_disc/ptr-pdfs/2026/20030977.pdf
"Johnson, Hon. Julie",D,TX32,ADBE,Adobe Inc. - Common Stock,ST,buy,"$1,001 - $15,000",2025-10-30,2026-08-05,279,https://disclosures-clerk.house.gov/public_disc/ptr-pdfs/2026/20035035.pdf
"Johnson, Hon. Julie",D,TX32,ADBE,Adobe Inc. - Common Stock,ST,sell_full,"$1,001 - $15,000",2025-10-30,2026-08-05,279,https://disclosures-clerk.house.gov/public_disc/ptr-pdfs/2026/20035035.pdf
"Johnson, Hon. Julie",D,TX32,IP,International Paper Company Common Stock,ST,buy,"$1,001 - $15,000",2025-10-30,2026-08-05,279,https://disclosures-clerk.house.gov/public_disc/ptr-pdfs/2026/20035035.pdf
"Johnson, Hon. Julie",D,TX32,IP,International Paper Company Common Stock,ST,sell_full,"$1,001 - $15,000",2025-10-30,2026-08-05,279,https://disclosures-clerk.house.gov/public_disc/ptr-pdfs/2026/20035035.pdf
"Johnson, Hon. Julie",D,TX32,MDLZ,"Mondelez International, Inc. - Class A Common Stock",ST,buy,"$1,001 - $15,000",2025-10-30,2026-08-05,279,https://disclosures-clerk.house.gov/public_disc/ptr-pdfs/2026/20035035.pdf
"Johnson, Hon. Julie",D,TX32,MDLZ,"Mondelez International, Inc. - Class A Common Stock",ST,sell_full,"$1,001 - $15,000",2025-10-30,2026-08-05,279,https://disclosures-clerk.house.gov/public_disc/ptr-pdfs/2026/20035035.pdf
"Johnson, Hon. Julie",D,TX32,DGX,Quest Diagnostics Incorporated Common Stock,ST,sell_full,"$1,001 - $15,000",2025-10-30,2026-08-05,279,https://disclosures-clerk.house.gov/public_disc/ptr-pdfs/2026/20035035.pdf
"Johnson, Hon. Julie",D,TX32,DGX,Quest Diagnostics Incorporated Common Stock,ST,buy,"$1,001 - $15,000",2025-10-30,2026-08-05,279,https://disclosures-clerk.house.gov/public_disc/ptr-pdfs/2026/20035035.pdf
"Johnson, Hon. Julie",D,TX32,VRSK,"Verisk Analytics, Inc. - Common Stock",ST,sell_full,"$1,001 - $15,000",2025-10-30,2026-08-05,279,https://disclosures-clerk.house.gov/public_disc/ptr-pdfs/2026/20035035.pdf
"Johnson, Hon. Julie",D,TX32,VRSK,"Verisk Analytics, Inc. - Common Stock",ST,buy,"$1,001 - $15,000",2025-10-30,2026-08-05,279,https://disclosures-clerk.house.gov/public_disc/ptr-pdfs/2026/20035035.pdf
"Sanchez, Hon. Linda T.",D,CA38,CSCO,"Cisco Systems, Inc. - Common Stock",ST,sell_full,"$1,001 - $15,000",2025-10-28,2026-01-09,73,https://disclosures-clerk.house.gov/public_disc/ptr-pdfs/2026/20033755.pdf
"Rulli, Hon. Michael",R,OH06,AAPL,Apple Inc. - Common Stock,ST,sell_full,"$1,001 - $15,000",2025-10-27,2026-08-07,284,https://disclosures-clerk.house.gov/public_disc/ptr-pdfs/2026/20035147.pdf
"Jordan, Hon. James D",R,OH04,CBSI,"Central Bancshares, Inc. New",ST,sell_full,"$50,001 - $100,000",2025-10-27,2026-01-14,79,https://disclosures-clerk.house.gov/public_disc/ptr-pdfs/2026/20033803.pdf
"Letlow, Hon. Julia",R,LA05,AMZN,"Amazon.com, Inc. - Common Stock",ST,sell_partial,"$1,001 - $15,000",2025-10-22,2026-01-13,83,https://disclosures-clerk.house.gov/public_disc/ptr-pdfs/2026/20030977.pdf
"Letlow, Hon. Julia",R,LA05,IBM,International Business Machines Corporation Common Stock,ST,buy,"$1,001 - $15,000",2025-10-22,2026-01-13,83,https://disclosures-clerk.house.gov/public_disc/ptr-pdfs/2026/20030977.pdf
"Letlow, Hon. Julia",R,LA05,RELX,RELX PLC PLC American Depositary Shares,ST,buy,"$1,001 - $15,000",2025-10-22,2026-01-13,83,https://disclosures-clerk.house.gov/public_disc/ptr-pdfs/2026/20030977.pdf
"Letlow, Hon. Julia",R,LA05,RBLX,Roblox Corporation Class A Common Stock,ST,sell_full,"$1,001 - $15,000",2025-10-22,2026-01-13,83,https://disclosures-clerk.house.gov/public_disc/ptr-pdfs/2026/20030977.pdf
"Thanedar, Hon. Shri",D,MI13,MSTR,Strategy Inc - Class A Common Stock,ST,sell_full,"$15,001 - $50,000",2025-10-21,2026-08-13,296,https://disclosures-clerk.house.gov/public_disc/ptr-pdfs/2026/20033910.pdf
"Johnson, Hon. Julie",D,TX32,ALK,"Alaska Air Group, Inc. Common Stock",ST,buy,"$1,001 - $15,000",2025-10-21,2026-08-05,288,https://disclosures-clerk.house.gov/public_disc/ptr-pdfs/2026/20035035.pdf
"Johnson, Hon. Julie",D,TX32,ALK,"Alaska Air Group, Inc. Common Stock",ST,sell_full,"$1,001 - $15,000",2025-10-21,2026-08-05,288,https://disclosures-clerk.house.gov/public_disc/ptr-pdfs/2026/20035035.pdf
"Johnson, Hon. Julie",D,TX32,DE,Deere & Company Common Stock,ST,buy,"$1,001 - $15,000",2025-10-21,2026-08-05,288,https://disclosures-clerk.house.gov/public_disc/ptr-pdfs/2026/20035035.pdf
"Johnson, Hon. Julie",D,TX32,FFIV,"F5, Inc. - Common Stock",ST,buy,"$1,001 - $15,000",2025-10-21,2026-08-05,288,https://disclosures-clerk.house.gov/public_disc/ptr-pdfs/2026/20035035.pdf
"Johnson, Hon. Julie",D,TX32,FFIV,"F5, Inc. - Common Stock",ST,sell_full,"$1,001 - $15,000",2025-10-21,2026-08-05,288,https://disclosures-clerk.house.gov/public_disc/ptr-pdfs/2026/20035035.pdf
"Johnson, Hon. Julie",D,TX32,GEN,Gen Digital Inc. - Common Stock,ST,buy,"$1,001 - $15,000",2025-10-21,2026-08-05,288,https://disclosures-clerk.house.gov/public_disc/ptr-pdfs/2026/20035035.pdf
"Johnson, Hon. Julie",D,TX32,GEN,Gen Digital Inc. - Common Stock,ST,sell_full,"$1,001 - $15,000",2025-10-21,2026-08-05,288,https://disclosures-clerk.house.gov/public_disc/ptr-pdfs/2026/20035035.pdf
"Johnson, Hon. Julie",D,TX32,WY,Weyerhaeuser Company Common Stock,ST,sell_full,"$1,001 - $15,000",2025-10-21,2026-08-05,288,https://disclosures-clerk.house.gov/public_disc/ptr-pdfs/2026/20035035.pdf
"Johnson, Hon. Julie",D,TX32,WY,Weyerhaeuser Company Common Stock,ST,buy,"$1,001 - $15,000",2025-10-21,2026-08-05,288,https://disclosures-clerk.house.gov/public_disc/ptr-pdfs/2026/20035035.pdf
"Letlow, Hon. Julia",R,LA05,ADBE,Adobe Inc. - Common Stock,ST,sell_full,"$1,001 - $15,000",2025-10-16,2026-01-13,89,https://disclosures-clerk.house.gov/public_disc/ptr-pdfs/2026/20030977.pdf
"Letlow, Hon. Julia",R,LA05,AVGO,Broadcom Inc. - Common Stock,ST,sell_partial,"$1,001 - $15,000",2025-10-16,2026-01-13,89,https://disclosures-clerk.house.gov/public_disc/ptr-pdfs/2026/20030977.pdf
"Letlow, Hon. Julia",R,LA05,,Procter & Gamble Company (PG),ST,buy,"$1,001 - $15,000",2025-10-16,2026-01-13,89,https://disclosures-clerk.house.gov/public_disc/ptr-pdfs/2026/20030977.pdf
"Letlow, Hon. Julia",R,LA05,RBLX,Roblox Corporation Class A Common Stock,ST,buy,"$1,001 - $15,000",2025-10-16,2026-01-13,89,https://disclosures-clerk.house.gov/public_disc/ptr-pdfs/2026/20030977.pdf
"Letlow, Hon. Julia",R,LA05,SYK,Stryker Corporation Common Stock,ST,sell_full,"$1,001 - $15,000",2025-10-16,2026-01-13,89,https://disclosures-clerk.house.gov/public_disc/ptr-pdfs/2026/20030977.pdf
"Morrison, Hon. Kelly Louise",D,MN03,,Andersen Corporation,OI,sell_partial,"$50,001 - $100,000",2025-10-15,2026-04-02,169,https://disclosures-clerk.house.gov/public_disc/ptr-pdfs/2026/20034213.pdf
"Rulli, Hon. Michael",R,OH06,GEV,GE Vernova Inc. Common Stock,ST,sell_full,"$1,001 - $15,000",2025-10-06,2026-08-07,305,https://disclosures-clerk.house.gov/public_disc/ptr-pdfs/2026/20035147.pdf
"Johnson, Hon. Julie",D,TX32,CARR,Carrier Global Corporation Common Stock,ST,sell_full,"$1,001 - $15,000",2025-10-03,2026-08-05,306,https://disclosures-clerk.house.gov/public_disc/ptr-pdfs/2026/20035035.pdf
"Johnson, Hon. Julie",D,TX32,CARR,Carrier Global Corporation Common Stock,ST,buy,"$1,001 - $15,000",2025-10-03,2026-08-05,306,https://disclosures-clerk.house.gov/public_disc/ptr-pdfs/2026/20035035.pdf
"Johnson, Hon. Julie",D,TX32,FISV,"Fiserv, Inc. - Common Stock",ST,sell_full,"$1,001 - $15,000",2025-10-03,2026-08-05,306,https://disclosures-clerk.house.gov/public_disc/ptr-pdfs/2026/20035035.pdf
"Johnson, Hon. Julie",D,TX32,FISV,"Fiserv, Inc. - Common Stock",ST,buy,"$1,001 - $15,000",2025-10-03,2026-08-05,306,https://disclosures-clerk.house.gov/public_disc/ptr-pdfs/2026/20035035.pdf
"Johnson, Hon. Julie",D,TX32,,Kroger Company (KR),ST,buy,"$1,001 - $15,000",2025-10-03,2026-08-05,306,https://disclosures-clerk.house.gov/public_disc/ptr-pdfs/2026/20035035.pdf
"Johnson, Hon. Julie",D,TX32,,Kroger Company (KR),ST,sell_full,"$1,001 - $15,000",2025-10-03,2026-08-05,306,https://disclosures-clerk.house.gov/public_disc/ptr-pdfs/2026/20035035.pdf
"Johnson, Hon. Julie",D,TX32,VRSN,"VeriSign, Inc. - Common Stock",ST,buy,"$1,001 - $15,000",2025-10-03,2026-08-05,306,https://disclosures-clerk.house.gov/public_disc/ptr-pdfs/2026/20035035.pdf
"Johnson, Hon. Julie",D,TX32,VRSN,"VeriSign, Inc. - Common Stock",ST,sell_full,"$1,001 - $15,000",2025-10-03,2026-08-05,306,https://disclosures-clerk.house.gov/public_disc/ptr-pdfs/2026/20035035.pdf
"Letlow, Hon. Julia",R,LA05,JCI,Johnson Controls International plc Ordinary Share,ST,sell_full,"$1,001 - $15,000",2025-10-02,2026-01-13,103,https://disclosures-clerk.house.gov/public_disc/ptr-pdfs/2026/20030977.pdf
"Letlow, Hon. Julia",R,LA05,AMZN,"Amazon.com, Inc. - Common Stock",ST,buy,"$1,001 - $15,000",2025-10-01,2026-01-13,104,https://disclosures-clerk.house.gov/public_disc/ptr-pdfs/2026/20030977.pdf
"Letlow, Hon. Julia",R,LA05,INTU,Intuit Inc. - Common Stock,ST,buy,"$1,001 - $15,000",2025-10-01,2026-01-13,104,https://disclosures-clerk.house.gov/public_disc/ptr-pdfs/2026/20030977.pdf
"Letlow, Hon. Julia",R,LA05,KVUE,Kenvue Inc. Common Stock,ST,sell_full,"$1,001 - $15,000",2025-10-01,2026-01-13,104,https://disclosures-clerk.house.gov/public_disc/ptr-pdfs/2026/20030977.pdf
"Letlow, Hon. Julia",R,LA05,MU,"Micron Technology, Inc. - Common Stock",ST,sell_partial,"$1,001 - $15,000",2025-10-01,2026-01-13,104,https://disclosures-clerk.house.gov/public_disc/ptr-pdfs/2026/20030977.pdf
"Letlow, Hon. Julia",R,LA05,TW,Tradeweb Markets Inc. - Class A Common Stock,ST,sell_full,"$1,001 - $15,000",2025-10-01,2026-01-13,104,https://disclosures-clerk.house.gov/public_disc/ptr-pdfs/2026/20030977.pdf
"Johnson, Hon. Julie",D,TX32,AOS,A.O. Smith Corporation Common Stock,ST,sell_full,"$1,001 - $15,000",2025-09-23,2026-08-05,316,https://disclosures-clerk.house.gov/public_disc/ptr-pdfs/2026/20035035.pdf
"Johnson, Hon. Julie",D,TX32,AOS,A.O. Smith Corporation Common Stock,ST,buy,"$1,001 - $15,000",2025-09-23,2026-08-05,316,https://disclosures-clerk.house.gov/public_disc/ptr-pdfs/2026/20035035.pdf
"Johnson, Hon. Julie",D,TX32,A,"Agilent Technologies, Inc. Common Stock",ST,sell_full,"$1,001 - $15,000",2025-09-23,2026-08-05,316,https://disclosures-clerk.house.gov/public_disc/ptr-pdfs/2026/20035035.pdf
"Johnson, Hon. Julie",D,TX32,A,"Agilent Technologies, Inc. Common Stock",ST,buy,"$1,001 - $15,000",2025-09-23,2026-08-05,316,https://disclosures-clerk.house.gov/public_disc/ptr-pdfs/2026/20035035.pdf
"Johnson, Hon. Julie",D,TX32,AEE,Ameren Corporation Common Stock,ST,sell_full,"$1,001 - $15,000",2025-09-23,2026-08-05,316,https://disclosures-clerk.house.gov/public_disc/ptr-pdfs/2026/20035035.pdf
"Johnson, Hon. Julie",D,TX32,AEE,Ameren Corporation Common Stock,ST,buy,"$1,001 - $15,000",2025-09-23,2026-08-05,316,https://disclosures-clerk.house.gov/public_disc/ptr-pdfs/2026/20035035.pdf
"Johnson, Hon. Julie",D,TX32,CL,Colgate-Palmolive Company Common Stock,ST,sell_full,"$1,001 - $15,000",2025-09-23,2026-08-05,316,https://disclosures-clerk.house.gov/public_disc/ptr-pdfs/2026/20035035.pdf
"Johnson, Hon. Julie",D,TX32,CL,Colgate-Palmolive Company Common Stock,ST,buy,"$1,001 - $15,000",2025-09-23,2026-08-05,316,https://disclosures-clerk.house.gov/public_disc/ptr-pdfs/2026/20035035.pdf
"Johnson, Hon. Julie",D,TX32,DVA,DaVita Inc. Common Stock,ST,buy,"$1,001 - $15,000",2025-09-23,2026-08-05,316,https://disclosures-clerk.house.gov/public_disc/ptr-pdfs/2026/20035035.pdf
"Johnson, Hon. Julie",D,TX32,DVA,DaVita Inc. Common Stock,ST,sell_full,"$1,001 - $15,000",2025-09-23,2026-08-05,316,https://disclosures-clerk.house.gov/public_disc/ptr-pdfs/2026/20035035.pdf
"Johnson, Hon. Julie",D,TX32,SRE,DBA Sempra Common Stock,ST,sell_full,"$1,001 - $15,000",2025-09-23,2026-08-05,316,https://disclosures-clerk.house.gov/public_disc/ptr-pdfs/2026/20035035.pdf
"Johnson, Hon. Julie",D,TX32,SRE,DBA Sempra Common Stock,ST,buy,"$1,001 - $15,000",2025-09-23,2026-08-05,316,https://disclosures-clerk.house.gov/public_disc/ptr-pdfs/2026/20035035.pdf
"Johnson, Hon. Julie",D,TX32,EQIX,"Equinix, Inc. - Common Stock",ST,sell_full,"$1,001 - $15,000",2025-09-23,2026-08-05,316,https://disclosures-clerk.house.gov/public_disc/ptr-pdfs/2026/20035035.pdf
"Johnson, Hon. Julie",D,TX32,EQIX,"Equinix, Inc. - Common Stock",ST,buy,"$1,001 - $15,000",2025-09-23,2026-08-05,316,https://disclosures-clerk.house.gov/public_disc/ptr-pdfs/2026/20035035.pdf
"Johnson, Hon. Julie",D,TX32,HON,Honeywell International Inc.,ST,sell_full,"$1,001 - $15,000",2025-09-23,2026-08-05,316,https://disclosures-clerk.house.gov/public_disc/ptr-pdfs/2026/20035035.pdf
"Johnson, Hon. Julie",D,TX32,HON,Honeywell International Inc.,ST,buy,"$1,001 - $15,000",2025-09-23,2026-08-05,316,https://disclosures-clerk.house.gov/public_disc/ptr-pdfs/2026/20035035.pdf
"Johnson, Hon. Julie",D,TX32,KEY,KeyCorp Common Stock,ST,sell_full,"$1,001 - $15,000",2025-09-23,2026-08-05,316,https://disclosures-clerk.house.gov/public_disc/ptr-pdfs/2026/20035035.pdf
"Johnson, Hon. Julie",D,TX32,KEY,KeyCorp Common Stock,ST,buy,"$1,001 - $15,000",2025-09-23,2026-08-05,316,https://disclosures-clerk.house.gov/public_disc/ptr-pdfs/2026/20035035.pdf
"Johnson, Hon. Julie",D,TX32,LYB,LyondellBasell Industries NV Ordinary Shares Class A,ST,buy,"$1,001 - $15,000",2025-09-23,2026-08-05,316,https://disclosures-clerk.house.gov/public_disc/ptr-pdfs/2026/20035035.pdf
"Johnson, Hon. Julie",D,TX32,MKC,"McCormick & Company, Incorporated Common Stock",ST,buy,"$1,001 - $15,000",2025-09-23,2026-08-05,316,https://disclosures-clerk.house.gov/public_disc/ptr-pdfs/2026/20035035.pdf
"Johnson, Hon. Julie",D,TX32,MKC,"McCormick & Company, Incorporated Common Stock",ST,sell_full,"$1,001 - $15,000",2025-09-23,2026-08-05,316,https://disclosures-clerk.house.gov/public_disc/ptr-pdfs/2026/20035035.pdf
"Johnson, Hon. Julie",D,TX32,TAP,Molson Coors Beverage Company Class B Common Stock,ST,sell_full,"$1,001 - $15,000",2025-09-23,2026-08-05,316,https://disclosures-clerk.house.gov/public_disc/ptr-pdfs/2026/20035035.pdf
"Johnson, Hon. Julie",D,TX32,TAP,Molson Coors Beverage Company Class B Common Stock,ST,buy,"$1,001 - $15,000",2025-09-23,2026-08-05,316,https://disclosures-clerk.house.gov/public_disc/ptr-pdfs/2026/20035035.pdf
"Johnson, Hon. Julie",D,TX32,MNST,Monster Beverage Corporation - Common Stock,ST,sell_full,"$1,001 - $15,000",2025-09-23,2026-08-05,316,https://disclosures-clerk.house.gov/public_disc/ptr-pdfs/2026/20035035.pdf
"Johnson, Hon. Julie",D,TX32,MNST,Monster Beverage Corporation - Common Stock,ST,buy,"$1,001 - $15,000",2025-09-23,2026-08-05,316,https://disclosures-clerk.house.gov/public_disc/ptr-pdfs/2026/20035035.pdf
"Johnson, Hon. Julie",D,TX32,PAYX,"Paychex, Inc. - Common Stock",ST,buy,"$1,001 - $15,000",2025-09-23,2026-08-05,316,https://disclosures-clerk.house.gov/public_disc/ptr-pdfs/2026/20035035.pdf
"Johnson, Hon. Julie",D,TX32,PAYX,"Paychex, Inc. - Common Stock",ST,sell_full,"$1,001 - $15,000",2025-09-23,2026-08-05,316,https://disclosures-clerk.house.gov/public_disc/ptr-pdfs/2026/20035035.pdf
"Johnson, Hon. Julie",D,TX32,PAYC,"Paycom Software, Inc. Common Stock",ST,sell_full,"$1,001 - $15,000",2025-09-23,2026-08-05,316,https://disclosures-clerk.house.gov/public_disc/ptr-pdfs/2026/20035035.pdf
"Johnson, Hon. Julie",D,TX32,PAYC,"Paycom Software, Inc. Common Stock",ST,buy,"$1,001 - $15,000",2025-09-23,2026-08-05,316,https://disclosures-clerk.house.gov/public_disc/ptr-pdfs/2026/20035035.pdf
"Johnson, Hon. Julie",D,TX32,ROL,"Rollins, Inc. Common Stock",ST,buy,"$1,001 - $15,000",2025-09-23,2026-08-05,316,https://disclosures-clerk.house.gov/public_disc/ptr-pdfs/2026/20035035.pdf
"Johnson, Hon. Julie",D,TX32,ROL,"Rollins, Inc. Common Stock",ST,sell_full,"$1,001 - $15,000",2025-09-23,2026-08-05,316,https://disclosures-clerk.house.gov/public_disc/ptr-pdfs/2026/20035035.pdf
"Johnson, Hon. Julie",D,TX32,CI,The Cigna Group Common Stock,ST,buy,"$1,001 - $15,000",2025-09-23,2026-08-05,316,https://disclosures-clerk.house.gov/public_disc/ptr-pdfs/2026/20035035.pdf
"Johnson, Hon. Julie",D,TX32,CI,The Cigna Group Common Stock,ST,sell_full,"$1,001 - $15,000",2025-09-23,2026-08-05,316,https://disclosures-clerk.house.gov/public_disc/ptr-pdfs/2026/20035035.pdf
"Johnson, Hon. Julie",D,TX32,UDR,"UDR, Inc. Common Stock",ST,sell_full,"$1,001 - $15,000",2025-09-23,2026-08-05,316,https://disclosures-clerk.house.gov/public_disc/ptr-pdfs/2026/20035035.pdf
"Johnson, Hon. Julie",D,TX32,UDR,"UDR, Inc. Common Stock",ST,buy,"$1,001 - $15,000",2025-09-23,2026-08-05,316,https://disclosures-clerk.house.gov/public_disc/ptr-pdfs/2026/20035035.pdf
"Johnson, Hon. Julie",D,TX32,WEC,"WEC Energy Group, Inc. Common Stock",ST,buy,"$1,001 - $15,000",2025-09-23,2026-08-05,316,https://disclosures-clerk.house.gov/public_disc/ptr-pdfs/2026/20035035.pdf
"Johnson, Hon. Julie",D,TX32,WEC,"WEC Energy Group, Inc. Common Stock",ST,sell_full,"$1,001 - $15,000",2025-09-23,2026-08-05,316,https://disclosures-clerk.house.gov/public_disc/ptr-pdfs/2026/20035035.pdf
"Letlow, Hon. Julia",R,LA05,DE,Deere & Company Common Stock,ST,sell_full,"$1,001 - $15,000",2025-09-22,2026-01-13,113,https://disclosures-clerk.house.gov/public_disc/ptr-pdfs/2026/20030977.pdf
"Letlow, Hon. Julia",R,LA05,DY,"Dycom Industries, Inc. Common Stock",ST,buy,"$1,001 - $15,000",2025-09-22,2026-01-13,113,https://disclosures-clerk.house.gov/public_disc/ptr-pdfs/2026/20030977.pdf
"Letlow, Hon. Julia",R,LA05,GTES,Gates Industrial Corporation plc Ordinary Shares,ST,buy,"$1,001 - $15,000",2025-09-22,2026-01-13,113,https://disclosures-clerk.house.gov/public_disc/ptr-pdfs/2026/20030977.pdf
"Letlow, Hon. Julia",R,LA05,INTC,Intel Corporation - Common Stock,ST,buy,"$1,001 - $15,000",2025-09-22,2026-01-13,113,https://disclosures-clerk.house.gov/public_disc/ptr-pdfs/2026/20030977.pdf
"Rulli, Hon. Michael",R,OH06,META,"Meta Platforms, Inc. - Class A Common Stock",ST,buy,"$1,001 - $15,000",2025-09-18,2026-08-07,323,https://disclosures-clerk.house.gov/public_disc/ptr-pdfs/2026/20035147.pdf
"Letlow, Hon. Julia",R,LA05,DLTR,"Dollar Tree, Inc. - Common Stock",ST,buy,"$1,001 - $15,000",2025-09-17,2026-01-13,118,https://disclosures-clerk.house.gov/public_disc/ptr-pdfs/2026/20030977.pdf
"Letlow, Hon. Julia",R,LA05,MU,"Micron Technology, Inc. - Common Stock",ST,sell_partial,"$1,001 - $15,000",2025-09-17,2026-01-13,118,https://disclosures-clerk.house.gov/public_disc/ptr-pdfs/2026/20030977.pdf
"Morrison, Hon. Kelly Louise",D,MN03,,Andersen Corporation,OI,sell_partial,"$100,001 - $250,000",2025-09-15,2026-04-02,199,https://disclosures-clerk.house.gov/public_disc/ptr-pdfs/2026/20034213.pdf
"Letlow, Hon. Julia",R,LA05,ACI,"Albertsons Companies, Inc. Class A Common Stock",ST,sell_full,"$1,001 - $15,000",2025-08-26,2026-01-13,140,https://disclosures-clerk.house.gov/public_disc/ptr-pdfs/2026/20030977.pdf
"Letlow, Hon. Julia",R,LA05,AIZ,"Assurant, Inc. Common Stock",ST,buy,"$1,001 - $15,000",2025-08-26,2026-01-13,140,https://disclosures-clerk.house.gov/public_disc/ptr-pdfs/2026/20030977.pdf
"Letlow, Hon. Julia",R,LA05,CMG,"Chipotle Mexican Grill, Inc. Common Stock",ST,buy,"$1,001 - $15,000",2025-08-26,2026-01-13,140,https://disclosures-clerk.house.gov/public_disc/ptr-pdfs/2026/20030977.pdf
"Case, Hon. Ed",D,HI01,AAPL,Apple Inc. - Common Stock,ST,buy,"$1,001 - $15,000",2025-08-14,2026-04-06,235,https://disclosures-clerk.house.gov/public_disc/ptr-pdfs/2026/20034221.pdf
"Letlow, Hon. Julia",R,LA05,CNC,Centene Corporation Common Stock,ST,sell_full,"$1,001 - $15,000",2025-08-08,2026-01-13,158,https://disclosures-clerk.house.gov/public_disc/ptr-pdfs/2026/20030977.pdf
"Letlow, Hon. Julia",R,LA05,CF,"CF Industries Holdings, Inc. Common Stock",ST,sell_full,"$1,001 - $15,000",2025-08-08,2026-01-13,158,https://disclosures-clerk.house.gov/public_disc/ptr-pdfs/2026/20030977.pdf
"Letlow, Hon. Julia",R,LA05,GLOB,Globant S.A. Common Shares,ST,sell_full,"$1,001 - $15,000",2025-08-08,2026-01-13,158,https://disclosures-clerk.house.gov/public_disc/ptr-pdfs/2026/20030977.pdf
"Letlow, Hon. Julia",R,LA05,DINO,HF Sinclair Corporation Common Stock,ST,sell_partial,"$1,001 - $15,000",2025-08-08,2026-01-13,158,https://disclosures-clerk.house.gov/public_disc/ptr-pdfs/2026/20030977.pdf
"Letlow, Hon. Julia",R,LA05,HUM,Humana Inc. Common Stock,ST,buy,"$1,001 - $15,000",2025-08-08,2026-01-13,158,https://disclosures-clerk.house.gov/public_disc/ptr-pdfs/2026/20030977.pdf
"Letlow, Hon. Julia",R,LA05,LOW,"Lowe's Companies, Inc. Common Stock",ST,buy,"$1,001 - $15,000",2025-08-08,2026-01-13,158,https://disclosures-clerk.house.gov/public_disc/ptr-pdfs/2026/20030977.pdf
"Rulli, Hon. Michael",R,OH06,AAPL,Apple Inc. - Common Stock,ST,buy,"$1,001 - $15,000",2025-08-01,2026-08-07,371,https://disclosures-clerk.house.gov/public_disc/ptr-pdfs/2026/20035147.pdf
"Rulli, Hon. Michael",R,OH06,NVDA,NVIDIA Corporation - Common Stock,ST,buy,"$1,001 - $15,000",2025-08-01,2026-08-07,371,https://disclosures-clerk.house.gov/public_disc/ptr-pdfs/2026/20035147.pdf
"Rulli, Hon. Michael",R,OH06,NVDA,NVIDIA Corporation - Common Stock,ST,sell_full,"$1,001 - $15,000",2025-07-31,2026-08-07,372,https://disclosures-clerk.house.gov/public_disc/ptr-pdfs/2026/20035147.pdf
"Letlow, Hon. Julia",R,LA05,AJG,Arthur J. Gallagher & Co. Common Stock,ST,sell_full,"$1,001 - $15,000",2025-07-29,2026-01-13,168,https://disclosures-clerk.house.gov/public_disc/ptr-pdfs/2026/20030977.pdf
"Letlow, Hon. Julia",R,LA05,TTWO,"Take-Two Interactive Software, Inc. - Common Stock",ST,buy,"$1,001 - $15,000",2025-07-29,2026-01-13,168,https://disclosures-clerk.house.gov/public_disc/ptr-pdfs/2026/20030977.pdf
"Letlow, Hon. Julia",R,LA05,TPR,"Tapestry, Inc. Common Stock",ST,sell_full,"$1,001 - $15,000",2025-07-29,2026-01-13,168,https://disclosures-clerk.house.gov/public_disc/ptr-pdfs/2026/20030977.pdf
"Letlow, Hon. Julia",R,LA05,TW,Tradeweb Markets Inc. - Class A Common Stock,ST,buy,"$1,001 - $15,000",2025-07-29,2026-01-13,168,https://disclosures-clerk.house.gov/public_disc/ptr-pdfs/2026/20030977.pdf
"Tran, Hon. Derek",D,CA45,,Litecoin (LTC),CT,sell_full,"$1,001 - $15,000",2025-07-28,2026-08-13,381,https://disclosures-clerk.house.gov/public_disc/ptr-pdfs/2026/20035183.pdf
"Letlow, Hon. Julia",R,LA05,AIG,"American International Group, Inc. New Common Stock",ST,sell_partial,"$1,001 - $15,000",2025-07-25,2026-01-13,172,https://disclosures-clerk.house.gov/public_disc/ptr-pdfs/2026/20030977.pdf
"Letlow, Hon. Julia",R,LA05,,Boeing Company (BA),ST,sell_partial,"$1,001 - $15,000",2025-07-25,2026-01-13,172,https://disclosures-clerk.house.gov/public_disc/ptr-pdfs/2026/20030977.pdf
"Letlow, Hon. Julia",R,LA05,EXE,Expand Energy Corporation - Common Stock,ST,sell_partial,"$1,001 - $15,000",2025-07-25,2026-01-13,172,https://disclosures-clerk.house.gov/public_disc/ptr-pdfs/2026/20030977.pdf
"Letlow, Hon. Julia",R,LA05,GLOB,Globant S.A. Common Shares,ST,buy,"$1,001 - $15,000",2025-07-25,2026-01-13,172,https://disclosures-clerk.house.gov/public_disc/ptr-pdfs/2026/20030977.pdf
"Letlow, Hon. Julia",R,LA05,JCI,Johnson Controls International plc Ordinary Share,ST,sell_partial,"$1,001 - $15,000",2025-07-25,2026-01-13,172,https://disclosures-clerk.house.gov/public_disc/ptr-pdfs/2026/20030977.pdf
"Letlow, Hon. Julia",R,LA05,MTD,"Mettler-Toledo International, Inc. Common Stock",ST,buy,"$1,001 - $15,000",2025-07-25,2026-01-13,172,https://disclosures-clerk.house.gov/public_disc/ptr-pdfs/2026/20030977.pdf
"Letlow, Hon. Julia",R,LA05,CRM,"Salesforce, Inc. Common Stock",ST,buy,"$1,001 - $15,000",2025-07-25,2026-01-13,172,https://disclosures-clerk.house.gov/public_disc/ptr-pdfs/2026/20030977.pdf
"Letlow, Hon. Julia",R,LA05,TMO,Thermo Fisher Scientific Inc Common Stock,ST,buy,"$1,001 - $15,000",2025-07-25,2026-01-13,172,https://disclosures-clerk.house.gov/public_disc/ptr-pdfs/2026/20030977.pdf
"Letlow, Hon. Julia",R,LA05,WBD,"Warner Bros. Discovery, Inc. - Series A Common Stock",ST,sell_partial,"$1,001 - $15,000",2025-07-25,2026-01-13,172,https://disclosures-clerk.house.gov/public_disc/ptr-pdfs/2026/20030977.pdf
"Letlow, Hon. Julia",R,LA05,WSM,"Williams-Sonoma, Inc. Common Stock",ST,buy,"$1,001 - $15,000",2025-07-25,2026-01-13,172,https://disclosures-clerk.house.gov/public_disc/ptr-pdfs/2026/20030977.pdf
"Letlow, Hon. Julia",R,LA05,ACN,Accenture plc Class A Ordinary Shares,ST,sell_full,"$1,001 - $15,000",2025-07-24,2026-01-13,173,https://disclosures-clerk.house.gov/public_disc/ptr-pdfs/2026/20030977.pdf
"Letlow, Hon. Julia",R,LA05,GS,"Goldman Sachs Group, Inc.",ST,sell_full,"$1,001 - $15,000",2025-07-24,2026-01-13,173,https://disclosures-clerk.house.gov/public_disc/ptr-pdfs/2026/20030977.pdf
"Letlow, Hon. Julia",R,LA05,DGX,Quest Diagnostics Incorporated Common Stock,ST,sell_full,"$1,001 - $15,000",2025-07-24,2026-01-13,173,https://disclosures-clerk.house.gov/public_disc/ptr-pdfs/2026/20030977.pdf
"Letlow, Hon. Julia",R,LA05,TSM,Taiwan Semiconductor Manufacturing Company Ltd.,ST,sell_partial,"$1,001 - $15,000",2025-07-24,2026-01-13,173,https://disclosures-clerk.house.gov/public_disc/ptr-pdfs/2026/20030977.pdf
"Letlow, Hon. Julia",R,LA05,V,Visa Inc.,ST,buy,"$1,001 - $15,000",2025-07-24,2026-01-13,173,https://disclosures-clerk.house.gov/public_disc/ptr-pdfs/2026/20030977.pdf
"Letlow, Hon. Julia",R,LA05,WDAY,"Workday, Inc. - Class A Common Stock",ST,sell_full,"$1,001 - $15,000",2025-07-24,2026-01-13,173,https://disclosures-clerk.house.gov/public_disc/ptr-pdfs/2026/20030977.pdf
"Kelly, Hon. Mike",R,PA16,,California Cmnty Choice Fing & Clean Ener 5% due 10/1/2034%,GS,buy,"$50,001 - $100,000",2025-07-17,2026-08-12,391,https://disclosures-clerk.house.gov/public_disc/ptr-pdfs/2026/20035203.pdf
"Rulli, Hon. Michael",R,OH06,GOOGL,Alphabet Inc. - Class A Common Stock,ST,sell_full,"$1,001 - $15,000",2025-07-03,2026-08-07,400,https://disclosures-clerk.house.gov/public_disc/ptr-pdfs/2026/20035147.pdf
"Rulli, Hon. Michael",R,OH06,AMZN,"Amazon.com, Inc. - Common Stock",ST,sell_full,"$1,001 - $15,000",2025-07-03,2026-08-07,400,https://disclosures-clerk.house.gov/public_disc/ptr-pdfs/2026/20035147.pdf
"Letlow, Hon. Julia",R,LA05,GOOGL,Alphabet Inc. - Class A Common Stock,ST,buy,"$1,001 - $15,000",2025-07-02,2026-01-13,195,https://disclosures-clerk.house.gov/public_disc/ptr-pdfs/2026/20030977.pdf
"Letlow, Hon. Julia",R,LA05,T,AT&T Inc.,ST,sell_partial,"$1,001 - $15,000",2025-07-02,2026-01-13,195,https://disclosures-clerk.house.gov/public_disc/ptr-pdfs/2026/20030977.pdf
"Letlow, Hon. Julia",R,LA05,META,"Meta Platforms, Inc. - Class A Common Stock",ST,sell_full,"$1,001 - $15,000",2025-07-02,2026-01-13,195,https://disclosures-clerk.house.gov/public_disc/ptr-pdfs/2026/20030977.pdf
"Letlow, Hon. Julia",R,LA05,SYF,Synchrony Financial Common Stock,ST,buy,"$1,001 - $15,000",2025-07-02,2026-01-13,195,https://disclosures-clerk.house.gov/public_disc/ptr-pdfs/2026/20030977.pdf
"Letlow, Hon. Julia",R,LA05,BK,The Bank of New York Mellon Corporation Common Stock,ST,sell_full,"$1,001 - $15,000",2025-07-02,2026-01-13,195,https://disclosures-clerk.house.gov/public_disc/ptr-pdfs/2026/20030977.pdf
"Letlow, Hon. Julia",R,LA05,,US Treasury Note 5/31/2026,GS,buy,"$15,001 - $50,000",2025-06-26,2026-01-13,201,https://disclosures-clerk.house.gov/public_disc/ptr-pdfs/2026/20030977.pdf
"Letlow, Hon. Julia",R,LA05,AMD,"Advanced Micro Devices, Inc.",ST,buy,"$1,001 - $15,000",2025-06-17,2026-01-13,210,https://disclosures-clerk.house.gov/public_disc/ptr-pdfs/2026/20030977.pdf
"Letlow, Hon. Julia",R,LA05,CSCO,"Cisco Systems, Inc. - Common Stock",ST,buy,"$1,001 - $15,000",2025-06-17,2026-01-13,210,https://disclosures-clerk.house.gov/public_disc/ptr-pdfs/2026/20030977.pdf
"Letlow, Hon. Julia",R,LA05,PFE,"Pfizer, Inc. Common Stock",ST,buy,"$1,001 - $15,000",2025-06-17,2026-01-13,210,https://disclosures-clerk.house.gov/public_disc/ptr-pdfs/2026/20030977.pdf
"Letlow, Hon. Julia",R,LA05,WDAY,"Workday, Inc. - Class A Common Stock",ST,sell_partial,"$1,001 - $15,000",2025-06-17,2026-01-13,210,https://disclosures-clerk.house.gov/public_disc/ptr-pdfs/2026/20030977.pdf
"Morrison, Hon. Kelly Louise",D,MN03,,Andersen Corporation,OI,sell_partial,"$250,001 - $500,000",2025-06-15,2026-04-02,291,https://disclosures-clerk.house.gov/public_disc/ptr-pdfs/2026/20034213.pdf
"Letlow, Hon. Julia",R,LA05,STT,State Street Corporation Common Stock,ST,buy,"$1,001 - $15,000",2025-05-27,2026-01-13,231,https://disclosures-clerk.house.gov/public_disc/ptr-pdfs/2026/20030977.pdf
"Letlow, Hon. Julia",R,LA05,UNH,UnitedHealth Group Incorporated Common Stock,ST,sell_full,"$1,001 - $15,000",2025-05-27,2026-01-13,231,https://disclosures-clerk.house.gov/public_disc/ptr-pdfs/2026/20030977.pdf
"Case, Hon. Ed",D,HI01,AAPL,Apple Inc. - Common Stock,ST,buy,"$1,001 - $15,000",2025-05-15,2026-04-06,326,https://disclosures-clerk.house.gov/public_disc/ptr-pdfs/2026/20034221.pdf
"Letlow, Hon. Julia",R,LA05,LVS,Las Vegas Sands Corp. Common Stock,ST,sell_full,"$1,001 - $15,000",2025-05-08,2026-01-13,250,https://disclosures-clerk.house.gov/public_disc/ptr-pdfs/2026/20030977.pdf
"Letlow, Hon. Julia",R,LA05,MSFT,Microsoft Corporation - Common Stock,ST,buy,"$1,001 - $15,000",2025-05-08,2026-01-13,250,https://disclosures-clerk.house.gov/public_disc/ptr-pdfs/2026/20030977.pdf
"Rulli, Hon. Michael",R,OH06,PRU,"Prudential Financial, Inc. Common Stock",ST,sell_full,"$1,001 - $15,000",2025-05-07,2026-08-07,457,https://disclosures-clerk.house.gov/public_disc/ptr-pdfs/2026/20035147.pdf
"Johnson, Hon. Julie",D,TX32,MDT,Medtronic plc. Ordinary Shares,ST,sell_partial,"$1,001 - $15,000",2025-05-07,2026-08-05,455,https://disclosures-clerk.house.gov/public_disc/ptr-pdfs/2026/20035035.pdf
"Letlow, Hon. Julia",R,LA05,AAPL,Apple Inc. - Common Stock,ST,sell_partial,"$1,001 - $15,000",2025-05-01,2026-01-13,257,https://disclosures-clerk.house.gov/public_disc/ptr-pdfs/2026/20030977.pdf
"Letlow, Hon. Julia",R,LA05,ABBV,AbbVie Inc. Common Stock,ST,buy,"$1,001 - $15,000",2025-04-28,2026-01-13,260,https://disclosures-clerk.house.gov/public_disc/ptr-pdfs/2026/20030977.pdf
"Letlow, Hon. Julia",R,LA05,BMY,Bristol-Myers Squibb Company Common Stock,ST,sell_full,"$1,001 - $15,000",2025-04-28,2026-01-13,260,https://disclosures-clerk.house.gov/public_disc/ptr-pdfs/2026/20030977.pdf
"Letlow, Hon. Julia",R,LA05,DHR,Danaher Corporation Common Stock,ST,buy,"$1,001 - $15,000",2025-04-28,2026-01-13,260,https://disclosures-clerk.house.gov/public_disc/ptr-pdfs/2026/20030977.pdf
"Letlow, Hon. Julia",R,LA05,DGX,Quest Diagnostics Incorporated Common Stock,ST,buy,"$1,001 - $15,000",2025-04-28,2026-01-13,260,https://disclosures-clerk.house.gov/public_disc/ptr-pdfs/2026/20030977.pdf
"Letlow, Hon. Julia",R,LA05,TMO,Thermo Fisher Scientific Inc Common Stock,ST,sell_full,"$1,001 - $15,000",2025-04-28,2026-01-13,260,https://disclosures-clerk.house.gov/public_disc/ptr-pdfs/2026/20030977.pdf
"Letlow, Hon. Julia",R,LA05,ACN,Accenture plc Class A Ordinary Shares,ST,buy,"$1,001 - $15,000",2025-04-22,2026-01-13,266,https://disclosures-clerk.house.gov/public_disc/ptr-pdfs/2026/20030977.pdf
"Letlow, Hon. Julia",R,LA05,DBX,"Dropbox, Inc. - Class A Common Stock",ST,sell_full,"$1,001 - $15,000",2025-04-22,2026-01-13,266,https://disclosures-clerk.house.gov/public_disc/ptr-pdfs/2026/20030977.pdf
"Letlow, Hon. Julia",R,LA05,CI,The Cigna Group Common Stock,ST,sell_full,"$1,001 - $15,000",2025-04-22,2026-01-13,266,https://disclosures-clerk.house.gov/public_disc/ptr-pdfs/2026/20030977.pdf
"Letlow, Hon. Julia",R,LA05,UNH,UnitedHealth Group Incorporated Common Stock,ST,buy,"$1,001 - $15,000",2025-04-22,2026-01-13,266,https://disclosures-clerk.house.gov/public_disc/ptr-pdfs/2026/20030977.pdf
"Letlow, Hon. Julia",R,LA05,CNC,Centene Corporation Common Stock,ST,buy,"$1,001 - $15,000",2025-04-14,2026-01-13,274,https://disclosures-clerk.house.gov/public_disc/ptr-pdfs/2026/20030977.pdf
"Letlow, Hon. Julia",R,LA05,MU,"Micron Technology, Inc. - Common Stock",ST,buy,"$1,001 - $15,000",2025-04-14,2026-01-13,274,https://disclosures-clerk.house.gov/public_disc/ptr-pdfs/2026/20030977.pdf
"Letlow, Hon. Julia",R,LA05,TTWO,"Take-Two Interactive Software, Inc. - Common Stock",ST,buy,"$1,001 - $15,000",2025-04-14,2026-01-13,274,https://disclosures-clerk.house.gov/public_disc/ptr-pdfs/2026/20030977.pdf
"Letlow, Hon. Julia",R,LA05,C,"Citigroup, Inc. Common Stock",ST,sell_full,"$1,001 - $15,000",2025-04-11,2026-01-13,277,https://disclosures-clerk.house.gov/public_disc/ptr-pdfs/2026/20030977.pdf
"Letlow, Hon. Julia",R,LA05,DOV,Dover Corporation Common Stock,ST,sell_full,"$1,001 - $15,000",2025-04-11,2026-01-13,277,https://disclosures-clerk.house.gov/public_disc/ptr-pdfs/2026/20030977.pdf
"Hoyle, Hon. Valerie",D,OR04,LPLA,LPL Financial Holdings Inc. - Common Stock,ST,sell_full,"$1,001 - $15,000",2025-04-02,2026-05-15,408,https://disclosures-clerk.house.gov/public_disc/ptr-pdfs/2026/20034581.pdf
"Letlow, Hon. Julia",R,LA05,JCI,Johnson Controls International plc Ordinary Share,ST,buy,"$1,001 - $15,000",2025-03-19,2026-01-13,300,https://disclosures-clerk.house.gov/public_disc/ptr-pdfs/2026/20030977.pdf
"Johnson, Hon. Julie",D,TX32,MMM,3M Company Common Stock,ST,buy,"$1,001 - $15,000",2025-03-15,2026-08-05,508,https://disclosures-clerk.house.gov/public_disc/ptr-pdfs/2026/20035035.pdf
"Morrison, Hon. Kelly Louise",D,MN03,,Andersen Corporation,OI,sell_partial,"$250,001 - $500,000",2025-03-15,2026-04-02,383,https://disclosures-clerk.house.gov/public_disc/ptr-pdfs/2026/20034213.pdf
"Letlow, Hon. Julia",R,LA05,HPE,Hewlett Packard Enterprise Company Common Stock,ST,sell_full,"$1,001 - $15,000",2025-03-13,2026-01-13,306,https://disclosures-clerk.house.gov/public_disc/ptr-pdfs/2026/20030977.pdf
"Miller, Hon. Carol Devine",R,WV01,PFE,"Pfizer, Inc. Common Stock",ST,sell_full,"$15,001 - $50,000",2025-03-10,2026-08-13,521,https://disclosures-clerk.house.gov/public_disc/ptr-pdfs/2026/20033779.pdf
"Miller, Hon. Carol Devine",R,WV01,DGX,Quest Diagnostics Incorporated Common Stock,ST,sell_full,"$15,001 - $50,000",2025-03-10,2026-08-13,521,https://disclosures-clerk.house.gov/public_disc/ptr-pdfs/2026/20033779.pdf
"Miller, Hon. Carol Devine",R,WV01,TGT,Target Corporation Common Stock,ST,sell_full,"$15,001 - $50,000",2025-03-10,2026-08-13,521,https://disclosures-clerk.house.gov/public_disc/ptr-pdfs/2026/20033779.pdf
"Miller, Hon. Carol Devine",R,WV01,USB,U.S. Bancorp Common Stock,ST,sell_full,"$15,001 - $50,000",2025-03-10,2026-08-13,521,https://disclosures-clerk.house.gov/public_disc/ptr-pdfs/2026/20033779.pdf
"Letlow, Hon. Julia",R,LA05,GLOB,Globant S.A. Common Shares,ST,buy,"$1,001 - $15,000",2025-02-28,2026-01-13,319,https://disclosures-clerk.house.gov/public_disc/ptr-pdfs/2026/20030977.pdf
"Webster, Hon. Daniel",R,FL11,REXR,"Rexford Industrial Realty, Inc. Common Stock",ST,sell_full,"$15,001 - $50,000",2025-02-26,2026-06-01,460,https://disclosures-clerk.house.gov/public_disc/ptr-pdfs/2026/20034562.pdf
"Letlow, Hon. Julia",R,LA05,AFG,"American Financial Group, Inc. Common Stock",ST,sell_full,"$1,001 - $15,000",2025-02-24,2026-01-13,323,https://disclosures-clerk.house.gov/public_disc/ptr-pdfs/2026/20030977.pdf
"Letlow, Hon. Julia",R,LA05,AIG,"American International Group, Inc. New Common Stock",ST,buy,"$1,001 - $15,000",2025-02-24,2026-01-13,323,https://disclosures-clerk.house.gov/public_disc/ptr-pdfs/2026/20030977.pdf
"Letlow, Hon. Julia",R,LA05,SLB,Schlumberger N.V. Common Stock,ST,sell_full,"$1,001 - $15,000",2025-02-24,2026-01-13,323,https://disclosures-clerk.house.gov/public_disc/ptr-pdfs/2026/20030977.pdf
"Case, Hon. Ed",D,HI01,AAPL,Apple Inc. - Common Stock,ST,buy,"$1,001 - $15,000",2025-02-13,2026-04-06,417,https://disclosures-clerk.house.gov/public_disc/ptr-pdfs/2026/20034221.pdf
"Walberg, Hon. Tim",R,MI05,AMZN,"Amazon.com, Inc. - Common Stock",ST,buy,"$1,001 - $15,000",2025-02-07,2026-06-03,481,https://disclosures-clerk.house.gov/public_disc/ptr-pdfs/2026/20034660.pdf
"Walberg, Hon. Tim",R,MI05,AAPL,Apple Inc. - Common Stock,ST,buy,"$15,001 - $50,000",2025-02-07,2026-06-03,481,https://disclosures-clerk.house.gov/public_disc/ptr-pdfs/2026/20034660.pdf
"Walberg, Hon. Tim",R,MI05,BAC,Bank of America Corporation Common Stock,ST,buy,"$15,001 - $50,000",2025-02-07,2026-06-03,481,https://disclosures-clerk.house.gov/public_disc/ptr-pdfs/2026/20034660.pdf
"Walberg, Hon. Tim",R,MI05,,Boeing Company (BA),ST,buy,"$15,001 - $50,000",2025-02-07,2026-06-03,481,https://disclosures-clerk.house.gov/public_disc/ptr-pdfs/2026/20034660.pdf
"Walberg, Hon. Tim",R,MI05,CAT,"Caterpillar, Inc. Common Stock",ST,buy,"$15,001 - $50,000",2025-02-07,2026-06-03,481,https://disclosures-clerk.house.gov/public_disc/ptr-pdfs/2026/20034660.pdf
"Walberg, Hon. Tim",R,MI05,CVX,Chevron Corporation Common Stock,ST,buy,"$15,001 - $50,000",2025-02-07,2026-06-03,481,https://disclosures-clerk.house.gov/public_disc/ptr-pdfs/2026/20034660.pdf
"Walberg, Hon. Tim",R,MI05,ETN,"Eaton Corporation, PLC Ordinary Shares",ST,buy,"$15,001 - $50,000",2025-02-07,2026-06-03,481,https://disclosures-clerk.house.gov/public_disc/ptr-pdfs/2026/20034660.pdf
"Walberg, Hon. Tim",R,MI05,FSSL,FS Specialty Lending Fund Common Shares of Beneficial Interest,ST,buy,"$1,001 - $15,000",2025-02-07,2026-06-03,481,https://disclosures-clerk.house.gov/public_disc/ptr-pdfs/2026/20034660.pdf
"Walberg, Hon. Tim",R,MI05,J,Jacobs Solutions Inc. Common Stock,ST,buy,"$15,001 - $50,000",2025-02-07,2026-06-03,481,https://disclosures-clerk.house.gov/public_disc/ptr-pdfs/2026/20034660.pdf
"Walberg, Hon. Tim",R,MI05,LHX,"L3Harris Technologies, Inc. Common Stock",ST,buy,"$15,001 - $50,000",2025-02-07,2026-06-03,481,https://disclosures-clerk.house.gov/public_disc/ptr-pdfs/2026/20034660.pdf
"Walberg, Hon. Tim",R,MI05,LMT,Lockheed Martin Corporation Common Stock,ST,buy,"$1,001 - $15,000",2025-02-07,2026-06-03,481,https://disclosures-clerk.house.gov/public_disc/ptr-pdfs/2026/20034660.pdf
"Walberg, Hon. Tim",R,MI05,UA,"Under Armour, Inc. Class C Common Stock",ST,buy,"$1,001 - $15,000",2025-02-07,2026-06-03,481,https://disclosures-clerk.house.gov/public_disc/ptr-pdfs/2026/20034660.pdf
"Walberg, Hon. Tim",R,MI05,WFC,Wells Fargo & Company Common Stock,ST,buy,"$15,001 - $50,000",2025-02-07,2026-06-03,481,https://disclosures-clerk.house.gov/public_disc/ptr-pdfs/2026/20034660.pdf
"Letlow, Hon. Julia",R,LA05,EXR,Extra Space Storage Inc Common Stock,ST,buy,"$1,001 - $15,000",2025-02-07,2026-01-13,340,https://disclosures-clerk.house.gov/public_disc/ptr-pdfs/2026/20030977.pdf
"Letlow, Hon. Julia",R,LA05,META,"Meta Platforms, Inc. - Class A Common Stock",ST,sell_partial,"$1,001 - $15,000",2025-02-07,2026-01-13,340,https://disclosures-clerk.house.gov/public_disc/ptr-pdfs/2026/20030977.pdf
"Letlow, Hon. Julia",R,LA05,CRM,"Salesforce, Inc. Common Stock",ST,sell_full,"$1,001 - $15,000",2025-02-07,2026-01-13,340,https://disclosures-clerk.house.gov/public_disc/ptr-pdfs/2026/20030977.pdf
"Letlow, Hon. Julia",R,LA05,AAPL,Apple Inc. - Common Stock,ST,buy,"$1,001 - $15,000",2025-01-31,2026-01-13,347,https://disclosures-clerk.house.gov/public_disc/ptr-pdfs/2026/20030977.pdf
"Letlow, Hon. Julia",R,LA05,C,"Citigroup, Inc. Common Stock",ST,buy,"$1,001 - $15,000",2025-01-31,2026-01-13,347,https://disclosures-clerk.house.gov/public_disc/ptr-pdfs/2026/20030977.pdf
"Letlow, Hon. Julia",R,LA05,DE,Deere & Company Common Stock,ST,buy,"$1,001 - $15,000",2025-01-31,2026-01-13,347,https://disclosures-clerk.house.gov/public_disc/ptr-pdfs/2026/20030977.pdf
"Letlow, Hon. Julia",R,LA05,IR,Ingersoll Rand Inc. Common Stock,ST,sell_full,"$1,001 - $15,000",2025-01-31,2026-01-13,347,https://disclosures-clerk.house.gov/public_disc/ptr-pdfs/2026/20030977.pdf
"Letlow, Hon. Julia",R,LA05,META,"Meta Platforms, Inc. - Class A Common Stock",ST,buy,"$1,001 - $15,000",2025-01-31,2026-01-13,347,https://disclosures-clerk.house.gov/public_disc/ptr-pdfs/2026/20030977.pdf
"Letlow, Hon. Julia",R,LA05,MSFT,Microsoft Corporation - Common Stock,ST,sell_partial,"$1,001 - $15,000",2025-01-31,2026-01-13,347,https://disclosures-clerk.house.gov/public_disc/ptr-pdfs/2026/20030977.pdf
"Letlow, Hon. Julia",R,LA05,NVDA,NVIDIA Corporation - Common Stock,ST,sell_partial,"$1,001 - $15,000",2025-01-31,2026-01-13,347,https://disclosures-clerk.house.gov/public_disc/ptr-pdfs/2026/20030977.pdf
"Letlow, Hon. Julia",R,LA05,ABBV,AbbVie Inc. Common Stock,ST,sell_full,"$1,001 - $15,000",2025-01-24,2026-01-13,354,https://disclosures-clerk.house.gov/public_disc/ptr-pdfs/2026/20030977.pdf
"Letlow, Hon. Julia",R,LA05,ADBE,Adobe Inc. - Common Stock,ST,buy,"$1,001 - $15,000",2025-01-24,2026-01-13,354,https://disclosures-clerk.house.gov/public_disc/ptr-pdfs/2026/20030977.pdf
"Letlow, Hon. Julia",R,LA05,ACI,"Albertsons Companies, Inc. Class A Common Stock",ST,buy,"$1,001 - $15,000",2025-01-24,2026-01-13,354,https://disclosures-clerk.house.gov/public_disc/ptr-pdfs/2026/20030977.pdf
"Letlow, Hon. Julia",R,LA05,HPE,Hewlett Packard Enterprise Company Common Stock,ST,buy,"$1,001 - $15,000",2025-01-24,2026-01-13,354,https://disclosures-clerk.house.gov/public_disc/ptr-pdfs/2026/20030977.pdf
"Letlow, Hon. Julia",R,LA05,PVH,PVH Corp. Common Stock,ST,sell_full,"$1,001 - $15,000",2025-01-24,2026-01-13,354,https://disclosures-clerk.house.gov/public_disc/ptr-pdfs/2026/20030977.pdf
"Letlow, Hon. Julia",R,LA05,TSM,Taiwan Semiconductor Manufacturing Company Ltd.,ST,sell_partial,"$1,001 - $15,000",2025-01-24,2026-01-13,354,https://disclosures-clerk.house.gov/public_disc/ptr-pdfs/2026/20030977.pdf
"Letlow, Hon. Julia",R,LA05,UHID,"Universal Health Services, Inc.",ST,sell_full,"$1,001 - $15,000",2025-01-24,2026-01-13,354,https://disclosures-clerk.house.gov/public_disc/ptr-pdfs/2026/20030977.pdf
"Morrison, Hon. Kelly Louise",D,MN03,,Andersen Corporation,OI,sell_partial,"$500,001 - $1,000,000",2025-01-20,2026-04-02,437,https://disclosures-clerk.house.gov/public_disc/ptr-pdfs/2026/20034213.pdf
"Letlow, Hon. Julia",R,LA05,MMM,3M Company Common Stock,ST,buy,"$1,001 - $15,000",2025-01-17,2026-01-13,361,https://disclosures-clerk.house.gov/public_disc/ptr-pdfs/2026/20030977.pdf
"Letlow, Hon. Julia",R,LA05,ACN,Accenture plc Class A Ordinary Shares,ST,sell_full,"$1,001 - $15,000",2025-01-15,2026-01-13,363,https://disclosures-clerk.house.gov/public_disc/ptr-pdfs/2026/20030977.pdf
"Letlow, Hon. Julia",R,LA05,NEE,"NextEra Energy, Inc. Common Stock",ST,sell_full,"$1,001 - $15,000",2025-01-15,2026-01-13,363,https://disclosures-clerk.house.gov/public_disc/ptr-pdfs/2026/20030977.pdf
"Rulli, Hon. Michael",R,OH06,ORCL,Oracle Corporation Common Stock,ST,buy,"$1,001 - $15,000",2025-01-14,2026-08-07,570,https://disclosures-clerk.house.gov/public_disc/ptr-pdfs/2026/20035147.pdf
"Torres, Hon. Ritchie John",D,NY15,MCK,McKesson Corporation Common Stock,ST,buy,"$1,001 - $15,000",2025-01-07,2026-07-08,547,https://disclosures-clerk.house.gov/public_disc/ptr-pdfs/2026/20034224.pdf
"Letlow, Hon. Julia",R,LA05,AAPL,Apple Inc. - Common Stock,ST,sell_partial,"$1,001 - $15,000",2024-12-18,2026-01-13,391,https://disclosures-clerk.house.gov/public_disc/ptr-pdfs/2026/20030977.pdf
"Letlow, Hon. Julia",R,LA05,AVGO,Broadcom Inc. - Common Stock,ST,sell_partial,"$1,001 - $15,000",2024-12-18,2026-01-13,391,https://disclosures-clerk.house.gov/public_disc/ptr-pdfs/2026/20030977.pdf
"Letlow, Hon. Julia",R,LA05,MCK,McKesson Corporation Common Stock,ST,buy,"$1,001 - $15,000",2024-12-18,2026-01-13,391,https://disclosures-clerk.house.gov/public_disc/ptr-pdfs/2026/20030977.pdf
"Letlow, Hon. Julia",R,LA05,MTD,"Mettler-Toledo International, Inc. Common Stock",ST,buy,"$1,001 - $15,000",2024-12-18,2026-01-13,391,https://disclosures-clerk.house.gov/public_disc/ptr-pdfs/2026/20030977.pdf
"Letlow, Hon. Julia",R,LA05,MU,"Micron Technology, Inc. - Common Stock",ST,buy,"$1,001 - $15,000",2024-12-18,2026-01-13,391,https://disclosures-clerk.house.gov/public_disc/ptr-pdfs/2026/20030977.pdf
"Rulli, Hon. Michael",R,OH06,NOW,"ServiceNow, Inc. Common Stock",ST,sell_full,"$1,001 - $15,000",2024-12-16,2026-08-07,599,https://disclosures-clerk.house.gov/public_disc/ptr-pdfs/2026/20035147.pdf
"Rulli, Hon. Michael",R,OH06,TMO,Thermo Fisher Scientific Inc Common Stock,ST,sell_full,"$1,001 - $15,000",2024-12-12,2026-08-07,603,https://disclosures-clerk.house.gov/public_disc/ptr-pdfs/2026/20035147.pdf
"Letlow, Hon. Julia",R,LA05,,CVS Health Corp,CS,sell_full,"$1,001 - $15,000",2024-12-11,2026-01-13,398,https://disclosures-clerk.house.gov/public_disc/ptr-pdfs/2026/20030977.pdf
"Letlow, Hon. Julia",R,LA05,AZPN,"Aspen Technology, Inc. - Common Stock",ST,sell_full,"$1,001 - $15,000",2024-12-06,2026-01-13,403,https://disclosures-clerk.house.gov/public_disc/ptr-pdfs/2026/20030977.pdf
"Letlow, Hon. Julia",R,LA05,MSFT,Microsoft Corporation - Common Stock,ST,buy,"$1,001 - $15,000",2024-12-06,2026-01-13,403,https://disclosures-clerk.house.gov/public_disc/ptr-pdfs/2026/20030977.pdf
"Letlow, Hon. Julia",R,LA05,CRM,"Salesforce, Inc. Common Stock",ST,sell_partial,"$1,001 - $15,000",2024-12-06,2026-01-13,403,https://disclosures-clerk.house.gov/public_disc/ptr-pdfs/2026/20030977.pdf
"Rulli, Hon. Michael",R,OH06,PFE,"Pfizer, Inc. Common Stock",ST,sell_full,"$1,001 - $15,000",2024-11-26,2026-08-07,619,https://disclosures-clerk.house.gov/public_disc/ptr-pdfs/2026/20035147.pdf
"Letlow, Hon. Julia",R,LA05,TPR,"Tapestry, Inc. Common Stock",ST,sell_partial,"$1,001 - $15,000",2024-11-26,2026-01-13,413,https://disclosures-clerk.house.gov/public_disc/ptr-pdfs/2026/20030977.pdf
"Letlow, Hon. Julia",R,LA05,AFG,"American Financial Group, Inc. Common Stock",ST,buy,"$1,001 - $15,000",2024-11-19,2026-01-13,420,https://disclosures-clerk.house.gov/public_disc/ptr-pdfs/2026/20030977.pdf
"Letlow, Hon. Julia",R,LA05,AMGN,Amgen Inc. - Common Stock,ST,sell_full,"$1,001 - $15,000",2024-11-19,2026-01-13,420,https://disclosures-clerk.house.gov/public_disc/ptr-pdfs/2026/20030977.pdf
"Letlow, Hon. Julia",R,LA05,KHC,The Kraft Heinz Company - Common Stock,ST,sell_full,"$1,001 - $15,000",2024-11-19,2026-01-13,420,https://disclosures-clerk.house.gov/public_disc/ptr-pdfs/2026/20030977.pdf
"Letlow, Hon. Julia",R,LA05,WAT,Waters Corporation Common Stock,ST,sell_full,"$1,001 - $15,000",2024-11-19,2026-01-13,420,https://disclosures-clerk.house.gov/public_disc/ptr-pdfs/2026/20030977.pdf
"Letlow, Hon. Julia",R,LA05,WDAY,"Workday, Inc. - Class A Common Stock",ST,buy,"$1,001 - $15,000",2024-11-19,2026-01-13,420,https://disclosures-clerk.house.gov/public_disc/ptr-pdfs/2026/20030977.pdf
"Case, Hon. Ed",D,HI01,AAPL,Apple Inc. - Common Stock,ST,buy,"$1,001 - $15,000",2024-11-14,2026-04-06,508,https://disclosures-clerk.house.gov/public_disc/ptr-pdfs/2026/20034221.pdf
"Letlow, Hon. Julia",R,LA05,,US Treasury Note 10/31/2029,GS,buy,"$1,001 - $15,000",2024-11-05,2026-01-13,434,https://disclosures-clerk.house.gov/public_disc/ptr-pdfs/2026/20030977.pdf
"Letlow, Hon. Julia",R,LA05,,US Treasury Note 4/30/2025,GS,sell_partial,"$1,001 - $15,000",2024-11-05,2026-01-13,434,https://disclosures-clerk.house.gov/public_disc/ptr-pdfs/2026/20030977.pdf
"Letlow, Hon. Julia",R,LA05,NEE,"NextEra Energy, Inc. Common Stock",ST,buy,"$1,001 - $15,000",2024-11-01,2026-01-13,438,https://disclosures-clerk.house.gov/public_disc/ptr-pdfs/2026/20030977.pdf
"Letlow, Hon. Julia",R,LA05,WBD,"Warner Bros. Discovery, Inc. - Series A Common Stock",ST,buy,"$1,001 - $15,000",2024-11-01,2026-01-13,438,https://disclosures-clerk.house.gov/public_disc/ptr-pdfs/2026/20030977.pdf
"Letlow, Hon. Julia",R,LA05,,Anheuser Busch InBev Fin,CS,buy,"$1,001 - $15,000",2024-10-25,2026-01-13,445,https://disclosures-clerk.house.gov/public_disc/ptr-pdfs/2026/20030977.pdf
"Letlow, Hon. Julia",R,LA05,,AT&T Inc.,CS,buy,"$1,001 - $15,000",2024-10-25,2026-01-13,445,https://disclosures-clerk.house.gov/public_disc/ptr-pdfs/2026/20030977.pdf
"Letlow, Hon. Julia",R,LA05,,CVS Health Corp,CS,buy,"$1,001 - $15,000",2024-10-25,2026-01-13,445,https://disclosures-clerk.house.gov/public_disc/ptr-pdfs/2026/20030977.pdf
"Letlow, Hon. Julia",R,LA05,,JPMorgan Chase & Co,CS,buy,"$1,001 - $15,000",2024-10-25,2026-01-13,445,https://disclosures-clerk.house.gov/public_disc/ptr-pdfs/2026/20030977.pdf
"Letlow, Hon. Julia",R,LA05,,Microsoft Corp,CS,buy,"$1,001 - $15,000",2024-10-25,2026-01-13,445,https://disclosures-clerk.house.gov/public_disc/ptr-pdfs/2026/20030977.pdf
"Letlow, Hon. Julia",R,LA05,,Pepsico Inc.,CS,buy,"$1,001 - $15,000",2024-10-25,2026-01-13,445,https://disclosures-clerk.house.gov/public_disc/ptr-pdfs/2026/20030977.pdf
"Letlow, Hon. Julia",R,LA05,,The Walt Disney Company,CS,buy,"$1,001 - $15,000",2024-10-25,2026-01-13,445,https://disclosures-clerk.house.gov/public_disc/ptr-pdfs/2026/20030977.pdf
"Letlow, Hon. Julia",R,LA05,,US Treasury Bond 8/15/2041,GS,buy,"$1,001 - $15,000",2024-10-25,2026-01-13,445,https://disclosures-clerk.house.gov/public_disc/ptr-pdfs/2026/20030977.pdf
"Letlow, Hon. Julia",R,LA05,,US Treasury Bond 8/15/2048,GS,buy,"$1,001 - $15,000",2024-10-25,2026-01-13,445,https://disclosures-clerk.house.gov/public_disc/ptr-pdfs/2026/20030977.pdf
"Letlow, Hon. Julia",R,LA05,,US Treasury Note 1/31/2029,GS,buy,"$1,001 - $15,000",2024-10-25,2026-01-13,445,https://disclosures-clerk.house.gov/public_disc/ptr-pdfs/2026/20030977.pdf
"Letlow, Hon. Julia",R,LA05,,US Treasury Note 10/31/2026,GS,buy,"$1,001 - $15,000",2024-10-25,2026-01-13,445,https://disclosures-clerk.house.gov/public_disc/ptr-pdfs/2026/20030977.pdf
"Letlow, Hon. Julia",R,LA05,,US Treasury Note 11/15/2032,GS,buy,"$1,001 - $15,000",2024-10-25,2026-01-13,445,https://disclosures-clerk.house.gov/public_disc/ptr-pdfs/2026/20030977.pdf
"Letlow, Hon. Julia",R,LA05,,US Treasury Note 4/30/2025,GS,buy,"$1,001 - $15,000",2024-10-25,2026-01-13,445,https://disclosures-clerk.house.gov/public_disc/ptr-pdfs/2026/20030977.pdf
"Letlow, Hon. Julia",R,LA05,,US Treasury Note 4/30/2025,GS,buy,"$1,001 - $15,000",2024-10-25,2026-01-13,445,https://disclosures-clerk.house.gov/public_disc/ptr-pdfs/2026/20030977.pdf
"Letlow, Hon. Julia",R,LA05,,US Treasury Note 5/15/2050,GS,buy,"$1,001 - $15,000",2024-10-25,2026-01-13,445,https://disclosures-clerk.house.gov/public_disc/ptr-pdfs/2026/20030977.pdf
"Letlow, Hon. Julia",R,LA05,,US Treasury Note 8/15/2028,GS,buy,"$1,001 - $15,000",2024-10-25,2026-01-13,445,https://disclosures-clerk.house.gov/public_disc/ptr-pdfs/2026/20030977.pdf
"Letlow, Hon. Julia",R,LA05,,US Treasury Note 8/15/2031,GS,buy,"$1,001 - $15,000",2024-10-25,2026-01-13,445,https://disclosures-clerk.house.gov/public_disc/ptr-pdfs/2026/20030977.pdf
"Letlow, Hon. Julia",R,LA05,,US Treasury Note 8/15/2034,GS,buy,"$1,001 - $15,000",2024-10-25,2026-01-13,445,https://disclosures-clerk.house.gov/public_disc/ptr-pdfs/2026/20030977.pdf
"Letlow, Hon. Julia",R,LA05,,Visa Inc.,CS,buy,"$1,001 - $15,000",2024-10-25,2026-01-13,445,https://disclosures-clerk.house.gov/public_disc/ptr-pdfs/2026/20030977.pdf
"Letlow, Hon. Julia",R,LA05,,Walmart Inc.,CS,buy,"$1,001 - $15,000",2024-10-25,2026-01-13,445,https://disclosures-clerk.house.gov/public_disc/ptr-pdfs/2026/20030977.pdf
"Letlow, Hon. Julia",R,LA05,ABT,Abbott Laboratories Common Stock,ST,buy,"$1,001 - $15,000",2024-10-23,2026-01-13,447,https://disclosures-clerk.house.gov/public_disc/ptr-pdfs/2026/20030977.pdf
"Letlow, Hon. Julia",R,LA05,ABBV,AbbVie Inc. Common Stock,ST,buy,"$1,001 - $15,000",2024-10-23,2026-01-13,447,https://disclosures-clerk.house.gov/public_disc/ptr-pdfs/2026/20030977.pdf
"Letlow, Hon. Julia",R,LA05,ACN,Accenture plc Class A Ordinary Shares,ST,buy,"$1,001 - $15,000",2024-10-23,2026-01-13,447,https://disclosures-clerk.house.gov/public_disc/ptr-pdfs/2026/20030977.pdf
"Letlow, Hon. Julia",R,LA05,AA,Alcoa Corporation Common Stock,ST,buy,"$1,001 - $15,000",2024-10-23,2026-01-13,447,https://disclosures-clerk.house.gov/public_disc/ptr-pdfs/2026/20030977.pdf
"Letlow, Hon. Julia",R,LA05,AMZN,"Amazon.com, Inc. - Common Stock",ST,buy,"$1,001 - $15,000",2024-10-23,2026-01-13,447,https://disclosures-clerk.house.gov/public_disc/ptr-pdfs/2026/20030977.pdf
"Letlow, Hon. Julia",R,LA05,AMGN,Amgen Inc. - Common Stock,ST,buy,"$1,001 - $15,000",2024-10-23,2026-01-13,447,https://disclosures-clerk.house.gov/public_disc/ptr-pdfs/2026/20030977.pdf
"Letlow, Hon. Julia",R,LA05,AAPL,Apple Inc. - Common Stock,ST,buy,"$15,001 - $50,000",2024-10-23,2026-01-13,447,https://disclosures-clerk.house.gov/public_disc/ptr-pdfs/2026/20030977.pdf
"Letlow, Hon. Julia",R,LA05,AJG,Arthur J. Gallagher & Co. Common Stock,ST,buy,"$1,001 - $15,000",2024-10-23,2026-01-13,447,https://disclosures-clerk.house.gov/public_disc/ptr-pdfs/2026/20030977.pdf
"Letlow, Hon. Julia",R,LA05,AZPN,"Aspen Technology, Inc. - Common Stock",ST,buy,"$1,001 - $15,000",2024-10-23,2026-01-13,447,https://disclosures-clerk.house.gov/public_disc/ptr-pdfs/2026/20030977.pdf
"Letlow, Hon. Julia",R,LA05,T,AT&T Inc.,ST,buy,"$1,001 - $15,000",2024-10-23,2026-01-13,447,https://disclosures-clerk.house.gov/public_disc/ptr-pdfs/2026/20030977.pdf
"Letlow, Hon. Julia",R,LA05,,Boeing Company (BA),ST,buy,"$1,001 - $15,000",2024-10-23,2026-01-13,447,https://disclosures-clerk.house.gov/public_disc/ptr-pdfs/2026/20030977.pdf
"Letlow, Hon. Julia",R,LA05,BAH,Booz Allen Hamilton Holding Corporation Common Stock,ST,buy,"$1,001 - $15,000",2024-10-23,2026-01-13,447,https://disclosures-clerk.house.gov/public_disc/ptr-pdfs/2026/20030977.pdf
"Letlow, Hon. Julia",R,LA05,BMY,Bristol-Myers Squibb Company Common Stock,ST,buy,"$1,001 - $15,000",2024-10-23,2026-01-13,447,https://disclosures-clerk.house.gov/public_disc/ptr-pdfs/2026/20030977.pdf
"Letlow, Hon. Julia",R,LA05,AVGO,Broadcom Inc. - Common Stock,ST,buy,"$1,001 - $15,000",2024-10-23,2026-01-13,447,https://disclosures-clerk.house.gov/public_disc/ptr-pdfs/2026/20030977.pdf
"Letlow, Hon. Julia",R,LA05,BXP,"BXP, Inc. Common Stock",ST,buy,"$1,001 - $15,000",2024-10-23,2026-01-13,447,https://disclosures-clerk.house.gov/public_disc/ptr-pdfs/2026/20030977.pdf
"Letlow, Hon. Julia",R,LA05,CF,"CF Industries Holdings, Inc. Common Stock",ST,buy,"$1,001 - $15,000",2024-10-23,2026-01-13,447,https://disclosures-clerk.house.gov/public_disc/ptr-pdfs/2026/20030977.pdf
"Letlow, Hon. Julia",R,LA05,CVX,Chevron Corporation Common Stock,ST,buy,"$1,001 - $15,000",2024-10-23,2026-01-13,447,https://disclosures-clerk.house.gov/public_disc/ptr-pdfs/2026/20030977.pdf
"Letlow, Hon. Julia",R,LA05,DBX,"Dropbox, Inc. - Class A Common Stock",ST,buy,"$1,001 - $15,000",2024-10-23,2026-01-13,447,https://disclosures-clerk.house.gov/public_disc/ptr-pdfs/2026/20030977.pdf
"Letlow, Hon. Julia",R,LA05,DUK,Duke Energy Corporation,ST,buy,"$1,001 - $15,000",2024-10-23,2026-01-13,447,https://disclosures-clerk.house.gov/public_disc/ptr-pdfs/2026/20030977.pdf
"Letlow, Hon. Julia",R,LA05,EXE,Expand Energy Corporation - Common Stock,ST,buy,"$1,001 - $15,000",2024-10-23,2026-01-13,447,https://disclosures-clerk.house.gov/public_disc/ptr-pdfs/2026/20030977.pdf
"Letlow, Hon. Julia",R,LA05,GS,"Goldman Sachs Group, Inc.",ST,buy,"$1,001 - $15,000",2024-10-23,2026-01-13,447,https://disclosures-clerk.house.gov/public_disc/ptr-pdfs/2026/20030977.pdf
"Letlow, Hon. Julia",R,LA05,DINO,HF Sinclair Corporation Common Stock,ST,buy,"$1,001 - $15,000",2024-10-23,2026-01-13,447,https://disclosures-clerk.house.gov/public_disc/ptr-pdfs/2026/20030977.pdf
"Letlow, Hon. Julia",R,LA05,IR,Ingersoll Rand Inc. Common Stock,ST,buy,"$1,001 - $15,000",2024-10-23,2026-01-13,447,https://disclosures-clerk.house.gov/public_disc/ptr-pdfs/2026/20030977.pdf
"Letlow, Hon. Julia",R,LA05,ICE,Intercontinental Exchange Inc. Common Stock,ST,buy,"$1,001 - $15,000",2024-10-23,2026-01-13,447,https://disclosures-clerk.house.gov/public_disc/ptr-pdfs/2026/20030977.pdf
"Letlow, Hon. Julia",R,LA05,JPM,JP Morgan Chase & Co. Common Stock,ST,buy,"$1,001 - $15,000",2024-10-23,2026-01-13,447,https://disclosures-clerk.house.gov/public_disc/ptr-pdfs/2026/20030977.pdf
"Letlow, Hon. Julia",R,LA05,KVUE,Kenvue Inc. Common Stock,ST,buy,"$1,001 - $15,000",2024-10-23,2026-01-13,447,https://disclosures-clerk.house.gov/public_disc/ptr-pdfs/2026/20030977.pdf
"Letlow, Hon. Julia",R,LA05,LVS,Las Vegas Sands Corp. Common Stock,ST,buy,"$1,001 - $15,000",2024-10-23,2026-01-13,447,https://disclosures-clerk.house.gov/public_disc/ptr-pdfs/2026/20030977.pdf
"Letlow, Hon. Julia",R,LA05,LOW,"Lowe's Companies, Inc. Common Stock",ST,buy,"$1,001 - $15,000",2024-10-23,2026-01-13,447,https://disclosures-clerk.house.gov/public_disc/ptr-pdfs/2026/20030977.pdf
"Letlow, Hon. Julia",R,LA05,MKC,"McCormick & Company, Incorporated Common Stock",ST,buy,"$1,001 - $15,000",2024-10-23,2026-01-13,447,https://disclosures-clerk.house.gov/public_disc/ptr-pdfs/2026/20030977.pdf
"Letlow, Hon. Julia",R,LA05,META,"Meta Platforms, Inc. - Class A Common Stock",ST,buy,"$1,001 - $15,000",2024-10-23,2026-01-13,447,https://disclosures-clerk.house.gov/public_disc/ptr-pdfs/2026/20030977.pdf
"Letlow, Hon. Julia",R,LA05,MSFT,Microsoft Corporation - Common Stock,ST,buy,"$1,001 - $15,000",2024-10-23,2026-01-13,447,https://disclosures-clerk.house.gov/public_disc/ptr-pdfs/2026/20030977.pdf
"Letlow, Hon. Julia",R,LA05,NEE,"NextEra Energy, Inc. Common Stock",ST,buy,"$1,001 - $15,000",2024-10-23,2026-01-13,447,https://disclosures-clerk.house.gov/public_disc/ptr-pdfs/2026/20030977.pdf
"Letlow, Hon. Julia",R,LA05,NUE,Nucor Corporation Common Stock,ST,buy,"$1,001 - $15,000",2024-10-23,2026-01-13,447,https://disclosures-clerk.house.gov/public_disc/ptr-pdfs/2026/20030977.pdf
"Letlow, Hon. Julia",R,LA05,NVDA,NVIDIA Corporation - Common Stock,ST,buy,"$1,001 - $15,000",2024-10-23,2026-01-13,447,https://disclosures-clerk.house.gov/public_disc/ptr-pdfs/2026/20030977.pdf
"Letlow, Hon. Julia",R,LA05,PH,Parker-Hannifin Corporation Common Stock,ST,buy,"$1,001 - $15,000",2024-10-23,2026-01-13,447,https://disclosures-clerk.house.gov/public_disc/ptr-pdfs/2026/20030977.pdf
"Letlow, Hon. Julia",R,LA05,PM,Philip Morris International Inc Common Stock,ST,buy,"$1,001 - $15,000",2024-10-23,2026-01-13,447,https://disclosures-clerk.house.gov/public_disc/ptr-pdfs/2026/20030977.pdf
"Letlow, Hon. Julia",R,LA05,PINS,"Pinterest, Inc. Class A Common Stock",ST,buy,"$1,001 - $15,000",2024-10-23,2026-01-13,447,https://disclosures-clerk.house.gov/public_disc/ptr-pdfs/2026/20030977.pdf
"Letlow, Hon. Julia",R,LA05,PNC,"PNC Financial Services Group, Inc.",ST,buy,"$1,001 - $15,000",2024-10-23,2026-01-13,447,https://disclosures-clerk.house.gov/public_disc/ptr-pdfs/2026/20030977.pdf
"Letlow, Hon. Julia",R,LA05,PEG,Public Service Enterprise Group Incorporated Common Stock,ST,buy,"$1,001 - $15,000",2024-10-23,2026-01-13,447,https://disclosures-clerk.house.gov/public_disc/ptr-pdfs/2026/20030977.pdf
"Letlow, Hon. Julia",R,LA05,PVH,PVH Corp. Common Stock,ST,buy,"$1,001 - $15,000",2024-10-23,2026-01-13,447,https://disclosures-clerk.house.gov/public_disc/ptr-pdfs/2026/20030977.pdf
"Letlow, Hon. Julia",R,LA05,SAIA,"Saia, Inc. - Common Stock",ST,buy,"$1,001 - $15,000",2024-10-23,2026-01-13,447,https://disclosures-clerk.house.gov/public_disc/ptr-pdfs/2026/20030977.pdf
"Letlow, Hon. Julia",R,LA05,CRM,"Salesforce, Inc. Common Stock",ST,buy,"$1,001 - $15,000",2024-10-23,2026-01-13,447,https://disclosures-clerk.house.gov/public_disc/ptr-pdfs/2026/20030977.pdf
"Letlow, Hon. Julia",R,LA05,SLB,Schlumberger N.V. Common Stock,ST,buy,"$1,001 - $15,000",2024-10-23,2026-01-13,447,https://disclosures-clerk.house.gov/public_disc/ptr-pdfs/2026/20030977.pdf
"Letlow, Hon. Julia",R,LA05,SYK,Stryker Corporation Common Stock,ST,buy,"$1,001 - $15,000",2024-10-23,2026-01-13,447,https://disclosures-clerk.house.gov/public_disc/ptr-pdfs/2026/20030977.pdf
"Letlow, Hon. Julia",R,LA05,TSM,Taiwan Semiconductor Manufacturing Company Ltd.,ST,buy,"$15,001 - $50,000",2024-10-23,2026-01-13,447,https://disclosures-clerk.house.gov/public_disc/ptr-pdfs/2026/20030977.pdf
"Letlow, Hon. Julia",R,LA05,TPR,"Tapestry, Inc. Common Stock",ST,buy,"$1,001 - $15,000",2024-10-23,2026-01-13,447,https://disclosures-clerk.house.gov/public_disc/ptr-pdfs/2026/20030977.pdf
"Letlow, Hon. Julia",R,LA05,BK,The Bank of New York Mellon Corporation Common Stock,ST,buy,"$1,001 - $15,000",2024-10-23,2026-01-13,447,https://disclosures-clerk.house.gov/public_disc/ptr-pdfs/2026/20030977.pdf
"Letlow, Hon. Julia",R,LA05,CI,The Cigna Group Common Stock,ST,buy,"$1,001 - $15,000",2024-10-23,2026-01-13,447,https://disclosures-clerk.house.gov/public_disc/ptr-pdfs/2026/20030977.pdf
"Letlow, Hon. Julia",R,LA05,KHC,The Kraft Heinz Company - Common Stock,ST,buy,"$1,001 - $15,000",2024-10-23,2026-01-13,447,https://disclosures-clerk.house.gov/public_disc/ptr-pdfs/2026/20030977.pdf
"Letlow, Hon. Julia",R,LA05,TMO,Thermo Fisher Scientific Inc Common Stock,ST,buy,"$1,001 - $15,000",2024-10-23,2026-01-13,447,https://disclosures-clerk.house.gov/public_disc/ptr-pdfs/2026/20030977.pdf
"Letlow, Hon. Julia",R,LA05,UNH,UnitedHealth Group Incorporated Common Stock,ST,buy,"$1,001 - $15,000",2024-10-23,2026-01-13,447,https://disclosures-clerk.house.gov/public_disc/ptr-pdfs/2026/20030977.pdf
"Letlow, Hon. Julia",R,LA05,VRTX,Vertex Pharmaceuticals Incorporated - Common Stock,ST,buy,"$1,001 - $15,000",2024-10-23,2026-01-13,447,https://disclosures-clerk.house.gov/public_disc/ptr-pdfs/2026/20030977.pdf
"Letlow, Hon. Julia",R,LA05,V,Visa Inc.,ST,buy,"$1,001 - $15,000",2024-10-23,2026-01-13,447,https://disclosures-clerk.house.gov/public_disc/ptr-pdfs/2026/20030977.pdf
"Letlow, Hon. Julia",R,LA05,WAT,Waters Corporation Common Stock,ST,buy,"$1,001 - $15,000",2024-10-23,2026-01-13,447,https://disclosures-clerk.house.gov/public_disc/ptr-pdfs/2026/20030977.pdf
"Letlow, Hon. Julia",R,LA05,WFC,Wells Fargo & Company Common Stock,ST,buy,"$1,001 - $15,000",2024-10-23,2026-01-13,447,https://disclosures-clerk.house.gov/public_disc/ptr-pdfs/2026/20030977.pdf
"Letlow, Hon. Julia",R,LA05,HCN,Welltower Inc.,ST,buy,"$1,001 - $15,000",2024-10-23,2026-01-13,447,https://disclosures-clerk.house.gov/public_disc/ptr-pdfs/2026/20030977.pdf
"Letlow, Hon. Julia",R,LA05,WSM,"Williams-Sonoma, Inc. Common Stock",ST,buy,"$1,001 - $15,000",2024-10-23,2026-01-13,447,https://disclosures-clerk.house.gov/public_disc/ptr-pdfs/2026/20030977.pdf
"Letlow, Hon. Julia",R,LA05,WDAY,"Workday, Inc. - Class A Common Stock",ST,buy,"$1,001 - $15,000",2024-10-23,2026-01-13,447,https://disclosures-clerk.house.gov/public_disc/ptr-pdfs/2026/20030977.pdf
"Case, Hon. Ed",D,HI01,AAPL,Apple Inc. - Common Stock,ST,buy,"$1,001 - $15,000",2024-08-15,2026-04-06,599,https://disclosures-clerk.house.gov/public_disc/ptr-pdfs/2026/20034221.pdf
"Case, Hon. Ed",D,HI01,AAPL,Apple Inc. - Common Stock,ST,buy,"$1,001 - $15,000",2024-05-16,2026-04-06,690,https://disclosures-clerk.house.gov/public_disc/ptr-pdfs/2026/20034221.pdf
"Jayapal, Hon. Pramila",D,WA07,NWL,Newell Brands Inc.,ST,sell_full,"$1,001 - $15,000",2023-10-31,2026-03-15,866,https://disclosures-clerk.house.gov/public_disc/ptr-pdfs/2026/20034160.pdf
