ticker,region,name,sector,score,prob_up,rank,n_region,rank_change,scores,smart_money_n,smart_money_latest,form4_n,form4_latest,reddit_mentions,politician_n,politician_latest,politician_sample
sh.688041,cn,海光信息,证监会: C39计算机、通信和其他电子设备制造业,2.28,0.43,1,929,24,"[null,null,0.866,0.866,0.407,0.829,0.08,0.14,0.619,0.532,1.059,1.846,1.102,2.28]",,,,,,,,
sh.603986,cn,兆易创新,证监会: C39计算机、通信和其他电子设备制造业,2.189,0.43,2,929,8,"[null,null,-0.581,0.062,1.244,0.617,0.839,0.029,0.979,-0.032,1.513,2.068,1.83,2.189]",,,,,,,,
sz.300223,cn,北京君正,证监会: C39计算机、通信和其他电子设备制造业,2.145,0.431,3,929,20,"[null,null,0.01,-0.391,0.531,0.148,1.678,0.926,1.382,0.184,0.733,1.892,1.156,2.145]",,,,,,,,
sz.002916,cn,深南电路,证监会: C39计算机、通信和其他电子设备制造业,2.135,0.431,4,929,4,"[null,null,-0.737,0.1,0.743,0.123,-0.092,0.425,0.649,0.837,0.577,0.128,1.925,2.135]",,,,,,,,
sz.300502,cn,新易盛,证监会: C39计算机、通信和其他电子设备制造业,2.105,0.431,5,929,-4,"[null,null,0.646,1.323,0.225,1.444,0.741,-0.301,0.45,1.014,0.97,0.319,3.055,2.105]",,,,,,,,
sh.688008,cn,澜起科技,证监会: C39计算机、通信和其他电子设备制造业,2.076,0.431,6,929,69,"[null,null,1.384,0.312,0.106,0.802,1.431,-0.078,1.446,1.242,1.045,0.981,0.453,2.076]",,,,,,,,
sh.688256,cn,寒武纪,证监会: I65软件和信息技术服务业,1.928,0.432,7,929,-2,"[null,null,0.625,0.683,0.388,0.588,-0.102,0.363,0.258,0.485,0.414,0.034,2.071,1.928]",,,,,,,,
sz.300394,cn,天孚通信,证监会: C39计算机、通信和其他电子设备制造业,1.925,0.432,8,929,-6,"[null,null,1.29,1.181,0.309,0.837,2.06,1.213,0.694,1.389,1.731,1.111,2.389,1.925]",,,,,,,,
sz.300308,cn,中际旭创,证监会: C39计算机、通信和其他电子设备制造业,1.782,0.433,9,929,-5,"[null,null,1.285,-0.022,0.485,0.945,0.931,0.102,0.278,0.979,1.015,0.024,2.16,1.782]",,,,,,,,
sh.600183,cn,生益科技,证监会: C39计算机、通信和其他电子设备制造业,1.771,0.433,10,929,-4,"[null,null,-0.776,0.426,1.957,0.396,0.516,0.309,0.908,0.508,1.181,1.021,1.985,1.771]",,,,,,,,
sz.301308,cn,江波龙,证监会: C39计算机、通信和其他电子设备制造业,1.732,0.434,11,929,28,"[null,null,0.668,-0.22,0.682,0.894,1.375,1.129,0.739,1.107,0.518,1.41,0.747,1.732]",,,,,,,,
sz.002384,cn,东山精密,证监会: C39计算机、通信和其他电子设备制造业,1.593,0.435,12,929,4,"[null,null,-0.563,-0.45,0.216,0.869,0.399,0.244,0.037,0.621,0.323,0.246,1.414,1.593]",,,,,,,,
sz.300476,cn,胜宏科技,证监会: C39计算机、通信和其他电子设备制造业,1.561,0.435,13,929,-6,"[null,null,0.408,0.52,0.701,1.263,-0.244,1.05,0.557,-0.079,0.837,0.835,1.958,1.561]",,,,,,,,
sh.600584,cn,长电科技,证监会: C39计算机、通信和其他电子设备制造业,1.552,0.435,14,929,111,"[null,null,-0.867,-0.876,-0.048,-0.187,-0.852,-0.788,0.401,-0.029,0.476,1.398,0.406,1.552]",,,,,,,,
sz.000988,cn,华工科技,证监会: C39计算机、通信和其他电子设备制造业,1.538,0.435,15,929,-6,"[null,null,-1.244,-0.648,1.749,0.338,-0.042,0.483,-0.86,0.001,-0.311,1.047,1.921,1.538]",,,,,,,,
sh.601231,cn,环旭电子,证监会: C39计算机、通信和其他电子设备制造业,1.515,0.435,16,929,-4,"[null,null,-0.699,-0.41,-0.108,0.033,0.243,0.366,0.595,1.666,0.692,1.854,1.567,1.515]",,,,,,,,
sh.688521,cn,芯原股份,证监会: I65软件和信息技术服务业,1.461,0.435,17,929,-6,"[null,null,-0.967,0.541,-0.143,0.21,1.167,0.538,1.391,0.749,0.428,0.827,1.575,1.461]",,,,,,,,
sz.000657,cn,中钨高新,证监会: C33金属制品业,1.414,0.436,18,929,1,"[null,null,-0.806,-0.906,-0.951,-0.66,0.565,-0.152,-0.251,0.467,0.519,0.797,1.237,1.414]",,,,,,,,
sz.000823,cn,超声电子,证监会: C39计算机、通信和其他电子设备制造业,1.403,0.436,19,929,34,"[null,null,-0.948,-0.671,-0.73,-0.683,-0.468,-0.685,0.122,-0.234,-0.431,-0.53,0.625,1.403]",,,,,,,,
sz.002463,cn,沪电股份,证监会: C39计算机、通信和其他电子设备制造业,1.381,0.436,20,929,-17,"[null,null,-0.921,-0.397,0.08,0.511,-0.114,0.15,-0.505,-0.414,1.029,0.582,2.172,1.381]",,,,,,,,
sh.688981,cn,中芯国际,证监会: C39计算机、通信和其他电子设备制造业,1.358,0.436,21,929,11,"[null,null,-0.297,-0.347,-0.012,0.032,-0.741,-0.363,-0.527,0.13,-0.348,0.927,0.827,1.358]",,,,,,,,
sh.600549,cn,厦门钨业,证监会: C32有色金属冶炼和压延加工业,1.35,0.436,22,929,16,"[null,null,-1.014,-1.18,-0.57,-0.615,-0.34,-0.377,0.227,0.829,-0.413,0.871,0.747,1.35]",,,,,,,,
sh.688183,cn,生益电子,证监会: C39计算机、通信和其他电子设备制造业,1.332,0.436,23,929,-9,"[null,null,-0.146,0.478,0.369,0.868,-0.439,-0.233,-0.038,-0.378,0.823,1.064,1.482,1.332]",,,,,,,,
sh.688012,cn,中微公司,证监会: C35专用设备制造业,1.246,0.437,24,929,6,"[null,null,0.075,-0.661,-0.426,0.22,-0.681,-0.668,0.127,0.305,-0.158,1.209,0.833,1.246]",,,,,,,,
sz.002938,cn,鹏鼎控股,证监会: C39计算机、通信和其他电子设备制造业,1.176,0.438,25,929,-4,"[null,null,-1.107,-0.093,1.25,-0.43,0,-0.053,-0.329,0.251,1.91,0.749,1.201,1.176]",,,,,,,,
sh.603290,cn,斯达半导,证监会: C39计算机、通信和其他电子设备制造业,1.153,0.438,26,929,40,"[null,null,-0.637,-0.751,-0.426,-0.834,-0.762,-0.622,-0.714,-0.963,-0.658,-0.442,0.515,1.153]",,,,,,,,
sh.600919,cn,江苏银行,证监会: J66货币金融服务,1.107,0.438,27,929,-7,"[null,null,-1.597,-0.822,0.543,0.836,-0.059,-0.187,-0.341,1.256,1.564,0.271,1.228,1.107]",,,,,,,,
sh.600508,cn,上海能源,证监会: B06煤炭开采和洗选业,1.083,0.438,28,929,-4,"[null,null,-1.21,-0.949,-1.04,-1.216,-1.109,-1.036,-1.011,-0.782,-0.64,-0.354,1.117,1.083]",,,,,,,,
sh.600900,cn,长江电力,证监会: D44电力、热力生产和供应业,1.082,0.438,29,929,6,"[null,null,-0.929,-0.144,1.057,0.298,-0.137,-0.269,1.533,1.563,1.066,0.42,0.777,1.082]",,,,,,,,
sh.688082,cn,盛美上海,证监会: C35专用设备制造业,1.069,0.438,30,929,163,"[null,null,0.295,-0.514,0.166,0.128,-0.095,1.311,0.334,-0.131,0.632,0.918,0.125,1.069]",,,,,,,,
sz.300136,cn,信维通信,证监会: C39计算机、通信和其他电子设备制造业,1.053,0.438,31,929,-14,"[null,null,0.002,-0.517,0.599,-0.17,-0.018,0,1.584,0.407,0.206,0.95,1.389,1.053]",,,,,,,,
sh.601138,cn,工业富联,证监会: C39计算机、通信和其他电子设备制造业,1.032,0.439,32,929,2,"[null,null,-0.846,-0.38,-0.081,0.51,-0.372,-0.714,-0.851,-0.681,-0.73,-0.182,0.8,1.032]",,,,,,,,
sh.601658,cn,邮储银行,证监会: J66货币金融服务,0.976,0.439,33,929,-7,"[null,null,-1.215,-0.789,-0.147,0.302,-0.64,-0.492,0.416,0.404,0.226,0.628,1.07,0.976]",,,,,,,,
sz.002837,cn,英维克,证监会: C35专用设备制造业,0.946,0.439,34,929,-16,"[null,null,-0.499,-0.14,0.303,0.259,0.436,0.075,1.122,0.578,0.592,0.508,1.385,0.946]",,,,,,,,
sz.000960,cn,锡业股份,证监会: C32有色金属冶炼和压延加工业,0.94,0.439,35,929,-20,"[null,null,-0.883,-0.908,-0.528,-0.776,0.412,-0.345,0.311,1.238,0.012,0.121,1.452,0.94]",,,,,,,,
sz.300751,cn,迈为股份,证监会: C35专用设备制造业,0.902,0.439,36,929,8,"[null,null,0.156,-0.075,0.559,0.602,0.506,0.713,0.353,0.59,-0.133,-0.284,0.682,0.902]",,,,,,,,
sh.601566,cn,九牧王,证监会: C18纺织服装、服饰业,0.861,0.44,37,929,18,"[null,null,-1.292,-1.263,-0.402,-1.271,-0.651,-0.209,-1.044,-0.544,-0.233,0.373,0.605,0.861]",,,,,,,,
sz.002142,cn,宁波银行,证监会: J66货币金融服务,0.849,0.44,38,929,11,"[null,null,-1.36,-0.909,-0.978,-0.977,-0.466,-0.78,-0.875,0.415,-0.376,-0.176,0.649,0.849]",,,,,,,,
sh.600015,cn,华夏银行,证监会: J66货币金融服务,0.824,0.44,39,929,11,"[null,null,-1.432,-0.981,-0.293,-0.46,-0.769,-0.405,-0.256,0.425,0.188,0.216,0.643,0.824]",,,,,,,,
sh.600016,cn,民生银行,证监会: J66货币金融服务,0.815,0.44,40,929,19,"[null,null,-1.49,-1.213,-0.404,-0.227,-0.6,-0.53,-0.657,-0.37,-0.477,-0.534,0.59,0.815]",,,,,,,,
sh.600498,cn,烽火通信,证监会: C39计算机、通信和其他电子设备制造业,0.803,0.44,41,929,-12,"[null,null,-1.079,-0.216,-0.279,0.2,-0.259,-0.185,-0.462,-0.252,-1.108,-0.574,0.876,0.803]",,,,,,,,
sh.601998,cn,中信银行,证监会: J66货币金融服务,0.785,0.44,42,929,-9,"[null,null,-1.374,-0.577,0.639,0.788,-1.133,-0.426,0.345,0.787,-0.242,-0.032,0.815,0.785]",,,,,,,,
sh.601009,cn,南京银行,证监会: J66货币金融服务,0.772,0.44,43,929,5,"[null,null,-1.111,-0.253,0.951,0.192,-0.401,0.009,0.539,1.43,0.031,-0.181,0.65,0.772]",,,,,,,,
sh.600460,cn,士兰微,证监会: C39计算机、通信和其他电子设备制造业,0.757,0.44,44,929,179,"[null,null,-0.888,-0.865,-0.817,-0.958,-0.817,-0.785,-0.703,-0.748,-0.617,0.253,0.044,0.757]",,,,,,,,
sh.601818,cn,光大银行,证监会: J66货币金融服务,0.747,0.44,45,929,-2,"[null,null,-1.51,-1.044,0.074,-0.413,-0.689,-0.997,-0.083,-0.271,-0.377,-0.413,0.682,0.747]",,,,,,,,
sh.600188,cn,兖矿能源,证监会: B06煤炭开采和洗选业,0.735,0.441,46,929,137,"[null,null,-1.083,-1.081,-1.1,-1.185,-0.984,-0.819,-0.836,-0.371,-0.507,-0.162,0.18,0.735]",,,,,,,,
sz.300408,cn,三环集团,证监会: C39计算机、通信和其他电子设备制造业,0.72,0.441,47,929,-34,"[null,null,-0.777,-0.954,-0.659,-0.873,-0.696,-0.221,-0.506,0.29,0.88,0.82,1.541,0.72]",,,,,,,,
sh.601939,cn,建设银行,证监会: J66货币金融服务,0.679,0.441,48,929,199,"[null,null,-0.861,-0.287,0.561,0.869,-0.495,-0.405,1.235,0.635,0.839,0.411,-0.039,0.679]",,,,,,,,
sh.601229,cn,上海银行,证监会: J66货币金融服务,0.669,0.441,49,929,8,"[null,null,-1.472,-0.747,0.161,0.686,-0.77,-0.339,1.194,0.091,0.004,0.285,0.604,0.669]",,,,,,,,
sh.601288,cn,农业银行,证监会: J66货币金融服务,0.667,0.441,50,929,109,"[null,null,-0.167,0.403,0.671,0.746,-0.748,-0.718,0.723,0.298,-0.056,-0.068,0.257,0.667]",,,,,,,,
sh.601166,cn,兴业银行,证监会: J66货币金融服务,0.664,0.441,51,929,5,"[null,null,-1.511,-1.086,0.324,0.042,-0.869,-1.09,0.027,0.053,0.573,0.317,0.605,0.664]",,,,,,,,
sh.601857,cn,中国石油,证监会: B07石油和天然气开采业,0.656,0.441,52,929,-10,"[null,null,-1.358,-0.397,-0.714,-0.78,-0.567,-0.901,-0.072,0.781,-0.419,0.187,0.696,0.656]",,,,,,,,
sh.601988,cn,中国银行,证监会: J66货币金融服务,0.65,0.441,53,929,-2,"[null,null,-1.029,0.003,-0.256,0.191,-0.101,-0.067,0.844,0.457,1.037,0.099,0.635,0.65]",,,,,,,,
sz.300661,cn,圣邦股份,证监会: C39计算机、通信和其他电子设备制造业,0.649,0.441,54,929,123,"[null,null,-0.374,-0.536,-0.683,-1.058,-0.816,-0.743,-1.041,-0.024,-0.001,-0.006,0.203,0.649]",,,,,,,,
sh.600630,cn,龙头股份,证监会: C18纺织服装、服饰业,0.645,0.441,55,929,8,"[null,null,-1.233,-1.044,-0.715,-0.875,-1.084,-1.143,-1.143,-1.09,-1.215,-0.495,0.524,0.645]",,,,,,,,
sh.600018,cn,上港集团,证监会: G55水上运输业,0.628,0.441,56,929,-10,"[null,null,-1.293,-1.068,-1.05,-1.209,-1.383,-1.003,-0.614,-0.134,0.328,-0.513,0.66,0.628]",,,,,,,,
sh.600601,cn,方正科技,证监会: C39计算机、通信和其他电子设备制造业,0.616,0.441,57,929,-29,"[null,null,-0.78,-0.561,-0.703,0.697,0.119,-0.762,-0.048,-0.848,-0.923,0.027,0.898,0.616]",,,,,,,,
sz.300433,cn,蓝思科技,证监会: C39计算机、通信和其他电子设备制造业,0.607,0.441,58,929,134,"[null,null,-0.139,-0.057,0.083,0.317,-0.154,-0.559,1.427,0.242,0.32,0.074,0.132,0.607]",,,,,,,,
sz.000895,cn,双汇发展,证监会: C13农副食品加工业,0.605,0.441,59,929,-5,"[null,null,-1.188,0.124,-0.104,-0.688,-0.407,-0.972,0.004,0.432,-0.572,-0.636,0.609,0.605]",,,,,,,,
sz.000333,cn,美的集团,证监会: C38电气机械和器材制造业,0.601,0.441,60,929,9,"[null,null,-0.855,-0.528,-0.305,-0.203,-0.734,-0.611,-0.741,0.488,0.055,0.03,0.503,0.601]",,,,,,,,
sz.000962,cn,东方钽业,证监会: C32有色金属冶炼和压延加工业,0.59,0.442,61,929,-24,"[null,null,-0.544,-0.774,0.076,-0.681,-0.329,-0.764,-0.084,0.157,-0.188,-0.216,0.756,0.59]",,,,,,,,
sz.002106,cn,莱宝高科,证监会: C39计算机、通信和其他电子设备制造业,0.59,0.442,62,929,91,"[null,null,-0.943,-1.086,-0.994,-1.163,-1.112,-0.916,-0.811,-0.997,-0.918,-1.128,0.27,0.59]",,,,,,,,
sz.002475,cn,立讯精密,证监会: C39计算机、通信和其他电子设备制造业,0.58,0.442,63,929,326,"[null,null,-0.753,-1.091,0.7,-0.023,-0.79,-0.728,-1.075,-0.975,-0.517,-0.899,-0.451,0.58]",,,,,,,,
sz.300442,cn,润泽科技,证监会: I65软件和信息技术服务业,0.566,0.442,64,929,-42,"[null,null,0.028,-0.412,-0.21,0.105,0.644,-1.098,0.151,0.222,-1.013,-0.106,1.157,0.566]",,,,,,,,
sh.601018,cn,宁波港,证监会: G55水上运输业,0.559,0.442,65,929,7,"[null,null,-1.247,-1.259,-1.181,-1.21,-0.707,-0.626,-1.144,-0.586,-0.88,-0.57,0.475,0.559]",,,,,,,,
sz.002049,cn,紫光国微,证监会: C39计算机、通信和其他电子设备制造业,0.545,0.442,66,929,64,"[null,null,-0.836,-0.749,-0.998,-0.817,-0.641,-0.668,-0.16,-0.943,-0.598,0.118,0.389,0.545]",,,,,,,,
sh.600333,cn,长春燃气,证监会: D45燃气生产和供应业,0.542,0.442,67,929,60,"[null,null,-0.971,-0.569,-0.234,-0.126,-0.416,-0.359,-0.353,-0.005,0.016,0.075,0.396,0.542]",,,,,,,,
sh.688047,cn,龙芯中科,证监会: C39计算机、通信和其他电子设备制造业,0.54,0.442,69,929,-1,"[null,null,-0.273,-0.51,-0.856,-1.042,-0.563,-0.329,-0.03,-0.547,-0.533,-0.651,0.509,0.54]",,,,,,,,
sh.600246,cn,万通发展,证监会: K70房地产业,0.54,0.442,68,929,186,"[null,null,-0.662,-1.196,-1.037,-0.406,-0.242,-0.277,0.622,-0.681,0.371,-0.012,-0.064,0.54]",,,,,,,,
sh.600487,cn,亨通光电,证监会: C38电气机械和器材制造业,0.538,0.442,70,929,84,"[null,null,-0.939,-0.905,-0.93,-0.856,-0.161,-0.625,-0.516,-0.945,-0.975,-0.404,0.269,0.538]",,,,,,,,
sh.600259,cn,中稀有色,证监会: B09有色金属矿采选业,0.524,0.442,71,929,-30,"[null,null,-0.503,-0.865,-0.837,-0.83,0.103,-0.755,-0.087,0.073,-0.378,-0.314,0.7,0.524]",,,,,,,,
sh.600028,cn,中国石化,证监会: B07石油和天然气开采业,0.493,0.442,72,929,93,"[null,null,-1.408,-1.011,-0.161,-0.488,-0.553,-0.849,-0.804,0.271,-0.744,-0.109,0.241,0.493]",,,,,,,,
sh.601398,cn,工商银行,证监会: J66货币金融服务,0.481,0.442,73,929,71,"[null,null,-0.718,0.77,1.045,0.916,-0.304,-0.503,1.13,0.567,0.201,0.513,0.319,0.481]",,,,,,,,
sh.600012,cn,皖通高速,证监会: G54道路运输业,0.47,0.442,74,929,308,"[null,null,-1.38,0.585,0.933,0.616,-0.491,-0.421,0.272,0.162,0.228,0.272,-0.397,0.47]",,,,,,,,
sz.000520,cn,凤凰航运,证监会: G55水上运输业,0.462,0.442,76,929,-14,"[null,null,-1.365,-1.303,-0.988,-0.953,-1.033,-1.134,-1.016,-1.018,-0.706,-0.872,0.541,0.462]",,,,,,,,
sh.601898,cn,中煤能源,证监会: B06煤炭开采和洗选业,0.462,0.442,75,929,77,"[null,null,-1.201,-0.378,-0.575,-0.955,-0.754,-1.007,-0.594,-0.051,-0.27,1.332,0.27,0.462]",,,,,,,,
sz.301269,cn,华大九天,证监会: I65软件和信息技术服务业,0.46,0.442,77,929,-12,"[null,null,-0.468,-1.063,0.474,-0.738,-1.237,-0.773,-0.202,-0.746,0.133,-0.47,0.517,0.46]",,,,,,,,
sz.001965,cn,招商公路,证监会: G54道路运输业,0.459,0.442,78,929,-17,"[null,null,-1.129,-0.266,0.174,0.609,-0.512,-0.139,0.736,0.333,0.231,0.171,0.573,0.459]",,,,,,,,
sh.688396,cn,华润微,证监会: C39计算机、通信和其他电子设备制造业,0.457,0.442,79,929,-27,"[null,null,-0.911,-0.956,-0.93,-0.695,-0.363,0.245,0.392,-0.486,-0.012,0.286,0.629,0.457]",,,,,,,,
sh.600938,cn,中国海油,证监会: B07石油和天然气开采业,0.455,0.443,80,929,62,"[null,null,-1.108,-0.74,-0.587,-0.742,-0.698,-0.649,-0.435,1.129,0.035,0.276,0.321,0.455]",,,,,,,,
sh.600190,cn,,,0.452,0.443,81,929,36,"[null,null,-0.472,-0.856,-0.858,0.074,0.01,-0.299,0.188,-0.338,0.267,-0.495,0.452,0.452]",,,,,,,,
sh.600277,cn,,,0.452,0.443,82,929,12,"[null,null,0.303,0.25,0.383,0.074,0.01,-0.299,0.188,-0.338,0.267,-0.495,0.452,0.452]",,,,,,,,
sh.600200,cn,,,0.452,0.443,83,929,23,"[null,null,0.145,-0.04,-0.285,-0.385,-0.774,-0.644,-0.846,0.401,0.639,-0.495,0.452,0.452]",,,,,,,,
sh.600297,cn,,,0.452,0.443,84,929,16,"[null,null,0.303,0.25,0.383,0.074,0.01,-0.299,0.188,-0.338,0.267,-0.495,0.452,0.452]",,,,,,,,
sh.600978,cn,,,0.452,0.443,85,929,5,"[null,null,0.303,0.25,0.383,0.074,0.01,-0.299,0.188,-0.338,0.267,-0.495,0.452,0.452]",,,,,,,,
sh.600005,cn,,,0.452,0.443,86,929,2,"[null,null,0.303,0.25,0.383,0.074,0.01,-0.299,0.188,-0.338,0.267,-0.495,0.452,0.452]",,,,,,,,
sh.600317,cn,,,0.452,0.443,87,929,17,"[null,null,0.303,0.25,0.383,0.074,0.01,-0.299,0.188,-0.338,0.267,-0.495,0.452,0.452]",,,,,,,,
sh.601299,cn,,,0.452,0.443,88,929,-4,"[null,null,0.303,0.25,0.383,0.074,0.01,-0.299,0.188,-0.338,0.267,-0.495,0.452,0.452]",,,,,,,,
sh.601268,cn,,,0.452,0.443,89,929,-10,"[null,null,0.303,0.25,0.383,0.074,0.01,-0.299,0.188,-0.338,0.267,-0.495,0.452,0.452]",,,,,,,,
sh.600432,cn,,,0.452,0.443,90,929,-12,"[null,null,0.303,0.25,0.383,0.074,0.01,-0.299,0.188,-0.338,0.267,-0.495,0.452,0.452]",,,,,,,,
sh.601258,cn,,,0.452,0.443,91,929,-11,"[null,null,0.303,0.25,0.383,0.074,0.01,-0.299,0.188,-0.338,0.267,-0.495,0.452,0.452]",,,,,,,,
sh.600270,cn,,,0.452,0.443,92,929,-7,"[null,null,0.303,0.25,0.383,0.074,0.01,-0.299,0.188,-0.338,0.267,-0.495,0.452,0.452]",,,,,,,,
sz.000780,cn,,,0.452,0.443,93,929,29,"[null,null,0.303,0.25,0.383,0.074,0.01,-0.299,0.188,-0.338,0.267,-0.495,0.452,0.452]",,,,,,,,
sz.000806,cn,,,0.452,0.443,94,929,26,"[null,null,0.303,0.25,0.383,0.074,0.01,-0.299,0.188,-0.338,0.267,-0.495,0.452,0.452]",,,,,,,,
sh.600652,cn,,,0.452,0.443,95,929,23,"[null,null,0.303,0.25,0.383,0.074,0.01,-0.299,0.188,-0.338,0.267,-0.495,0.452,0.452]",,,,,,,,
sh.600087,cn,,,0.452,0.443,96,929,23,"[null,null,0.303,0.25,0.383,0.074,0.01,-0.299,0.188,-0.338,0.267,-0.495,0.452,0.452]",,,,,,,,
sz.000939,cn,,,0.452,0.443,97,929,16,"[null,null,0.303,0.25,0.383,0.074,0.01,-0.299,0.188,-0.338,0.267,-0.495,0.452,0.452]",,,,,,,,
sh.600220,cn,,,0.452,0.443,98,929,18,"[null,null,0.303,0.25,0.383,0.074,0.01,-0.299,0.188,-0.338,0.267,-0.495,0.452,0.452]",,,,,,,,
sz.000961,cn,,,0.452,0.443,99,929,15,"[null,null,0.303,0.25,0.383,0.074,0.01,-0.299,0.188,-0.338,0.267,-0.495,0.452,0.452]",,,,,,,,
sh.600068,cn,,,0.452,0.443,100,929,15,"[null,null,0.303,0.25,0.383,0.074,0.01,-0.299,0.188,-0.338,0.267,-0.495,0.452,0.452]",,,,,,,,
sh.600074,cn,,,0.452,0.443,101,929,20,"[null,null,0.303,0.25,0.383,0.074,0.01,-0.299,0.188,-0.338,0.267,-0.495,0.452,0.452]",,,,,,,,
sz.000916,cn,,,0.452,0.443,102,929,10,"[null,null,0.303,0.25,0.383,0.074,0.01,-0.299,0.188,-0.338,0.267,-0.495,0.452,0.452]",,,,,,,,
sh.600705,cn,,,0.452,0.443,103,929,7,"[null,null,0.185,0.25,0.383,0.074,0.01,-0.299,0.188,-0.338,0.267,-0.495,0.452,0.452]",,,,,,,,
sz.000022,cn,,,0.452,0.443,104,929,5,"[null,null,0.303,0.25,0.383,0.074,0.01,-0.299,0.188,-0.338,0.267,-0.495,0.452,0.452]",,,,,,,,
sz.000024,cn,,,0.452,0.443,105,929,2,"[null,null,0.303,0.25,0.383,0.074,0.01,-0.299,0.188,-0.338,0.267,-0.495,0.452,0.452]",,,,,,,,
sz.000511,cn,,,0.452,0.443,106,929,5,"[null,null,0.303,0.25,0.383,0.074,0.01,-0.299,0.188,-0.338,0.267,-0.495,0.452,0.452]",,,,,,,,
sz.000540,cn,,,0.452,0.443,107,929,-2,"[null,null,0.303,0.25,0.383,0.074,0.01,-0.299,0.188,-0.338,0.267,-0.495,0.452,0.452]",,,,,,,,
sz.000413,cn,,,0.452,0.443,108,929,-7,"[null,null,0.303,0.25,0.383,0.074,0.01,-0.299,0.188,-0.338,0.267,-0.495,0.452,0.452]",,,,,,,,
sz.000046,cn,,,0.452,0.443,109,929,-7,"[null,null,0.303,0.25,0.383,0.074,0.01,-0.299,0.188,-0.338,0.267,-0.495,0.452,0.452]",,,,,,,,
sh.600091,cn,,,0.452,0.443,110,929,-11,"[null,null,0.303,0.25,0.383,0.074,0.01,-0.299,0.188,-0.338,0.267,-0.495,0.452,0.452]",,,,,,,,
sz.000627,cn,,,0.452,0.443,111,929,-20,"[null,null,0.233,0.872,0.284,0.074,0.01,-0.299,0.188,-0.338,0.267,-0.495,0.452,0.452]",,,,,,,,
sh.600747,cn,,,0.452,0.443,112,929,-14,"[null,null,0.303,0.25,0.383,0.074,0.01,-0.299,0.188,-0.338,0.267,-0.495,0.452,0.452]",,,,,,,,
sz.000671,cn,,,0.452,0.443,113,929,-18,"[null,null,0.303,0.25,0.383,0.074,0.01,-0.299,0.188,-0.338,0.267,-0.495,0.452,0.452]",,,,,,,,
sz.000667,cn,,,0.452,0.443,114,929,-18,"[null,null,0.303,0.25,0.383,0.074,0.01,-0.299,0.188,-0.338,0.267,-0.495,0.452,0.452]",,,,,,,,
sz.000666,cn,,,0.452,0.443,115,929,-18,"[null,null,0.303,0.25,0.383,0.074,0.01,-0.299,0.188,-0.338,0.267,-0.495,0.452,0.452]",,,,,,,,
sz.000562,cn,,,0.452,0.443,116,929,-24,"[null,null,0.303,0.25,0.383,0.074,0.01,-0.299,0.188,-0.338,0.267,-0.495,0.452,0.452]",,,,,,,,
sh.600823,cn,,,0.452,0.443,117,929,-34,"[null,null,0.303,0.25,0.383,0.074,0.01,-0.299,0.188,-0.338,0.267,-0.495,0.452,0.452]",,,,,,,,
sz.002411,cn,,,0.452,0.443,118,929,-37,"[null,null,0.303,0.25,0.383,0.074,0.01,-0.299,0.188,-0.338,0.267,-0.495,0.452,0.452]",,,,,,,,
sz.002450,cn,,,0.452,0.443,119,929,-42,"[null,null,0.303,0.25,0.383,0.074,0.01,-0.299,0.188,-0.338,0.267,-0.495,0.452,0.452]",,,,,,,,
sh.600485,cn,,,0.452,0.443,120,929,-17,"[null,null,0.303,0.25,0.383,0.074,0.01,-0.299,0.188,-0.338,0.267,-0.495,0.452,0.452]",,,,,,,,
sz.300104,cn,,,0.452,0.443,121,929,-13,"[null,null,0.303,0.25,0.383,0.074,0.01,-0.299,0.188,-0.338,0.267,-0.495,0.452,0.452]",,,,,,,,
sh.600837,cn,,,0.452,0.443,122,929,-29,"[null,null,0.303,0.25,0.383,0.074,0.01,-0.299,0.188,-0.338,0.267,-0.495,0.452,0.452]",,,,,,,,
sh.601558,cn,,,0.452,0.443,123,929,-34,"[null,null,0.303,0.25,0.383,0.074,0.01,-0.299,0.188,-0.338,0.267,-0.495,0.452,0.452]",,,,,,,,
sh.600832,cn,,,0.452,0.443,124,929,-42,"[null,null,0.303,0.25,0.383,0.074,0.01,-0.299,0.188,-0.338,0.267,-0.495,0.452,0.452]",,,,,,,,
sh.601989,cn,,,0.452,0.443,125,929,-49,"[null,null,-0.735,-0.902,-0.922,-0.589,-0.868,-0.299,0.188,-0.338,0.267,-0.495,0.452,0.452]",,,,,,,,
sh.600811,cn,,,0.452,0.443,126,929,-39,"[null,null,-0.6,0.25,0.383,0.074,0.01,-0.299,0.188,-0.338,0.267,-0.495,0.452,0.452]",,,,,,,,
sh.600804,cn,,,0.452,0.443,127,929,-41,"[null,null,0.151,-0.813,0.383,0.074,0.01,-0.299,0.188,-0.338,0.267,-0.495,0.452,0.452]",,,,,,,,
sz.300274,cn,阳光电源,证监会: C38电气机械和器材制造业,0.444,0.443,128,929,-70,"[null,null,0.771,0.468,-0.305,0.9,-0.267,-0.136,-0.724,-0.274,-0.396,-0.823,0.591,0.444]",,,,,,,,
sh.600377,cn,宁沪高速,证监会: G54道路运输业,0.44,0.443,129,929,-5,"[null,null,-1.13,0.78,0.691,0.106,0.082,-0.181,0.922,0.882,0.551,0.276,0.445,0.44]",,,,,,,,
sh.601991,cn,大唐发电,证监会: D44电力、热力生产和供应业,0.439,0.443,130,929,42,"[null,null,-1.28,-1.232,-1.227,-1.221,-1.013,-1.136,-1.505,-1.228,-1.12,-1.534,0.219,0.439]",,,,,,,,
sz.300316,cn,晶盛机电,证监会: C35专用设备制造业,0.436,0.443,131,929,-86,"[null,null,0.331,-0.222,-0.655,-0.512,-0.054,0.4,0.595,0.261,-0.33,0.333,0.666,0.436]",,,,,,,,
sh.600036,cn,招商银行,证监会: J66货币金融服务,0.432,0.443,132,929,-92,"[null,null,-1.248,-0.957,0.821,0.355,-0.579,-0.326,0.795,0.199,0.444,0.565,0.728,0.432]",,,,,,,,
sh.600926,cn,杭州银行,证监会: J66货币金融服务,0.422,0.443,133,929,67,"[null,null,-1.334,-0.781,0.262,-0.428,0.092,0.232,-0.007,1.792,-0.007,-0.011,0.106,0.422]",,,,,,,,
sh.600500,cn,中化国际,证监会: C26化学原料和化学制品制造业,0.419,0.443,134,929,55,"[null,null,-0.765,-0.988,-1.078,-1.264,-1.013,-0.939,-1.186,-0.988,-0.967,-1.377,0.137,0.419]",,,,,,,,
sz.002429,cn,兆驰股份,证监会: C39计算机、通信和其他电子设备制造业,0.398,0.443,135,929,8,"[null,null,-1.081,-1.157,-1.001,-0.927,-0.666,-0.79,-1.003,-1.257,-0.859,-0.894,0.32,0.398]",,,,,,,,
sh.600834,cn,申通地铁,证监会: S91综合,0.38,0.443,136,929,12,"[null,null,-1.305,-1.274,-1.291,-1.217,-1.2,-1.182,-0.961,-1.169,-1.123,-1.015,0.312,0.38]",,,,,,,,
sz.300763,cn,锦浪科技,证监会: C38电气机械和器材制造业,0.363,0.443,137,929,29,"[null,null,1.032,-0.416,-0.254,0.221,-0.652,-0.49,-0.595,-0.263,-0.549,-0.362,0.241,0.363]",,,,,,,,
sz.000001,cn,平安银行,证监会: J66货币金融服务,0.362,0.443,138,929,41,"[null,null,-1.273,-1.14,-0.831,-1.081,-1.03,-0.852,-0.271,0.025,-0.019,-0.367,0.197,0.362]",,,,,,,,
sz.002311,cn,海大集团,证监会: C13农副食品加工业,0.34,0.443,139,929,-5,"[null,null,-0.992,-1.239,-0.816,-0.904,-0.965,-0.419,-0.874,-0.309,0.295,-0.42,0.382,0.34]",,,,,,,,
sh.601158,cn,重庆水务,证监会: D46水的生产和供应业,0.334,0.443,140,929,7,"[null,null,-1.154,-1.332,-1.052,-1.065,-0.916,-0.363,-0.707,-0.97,-0.884,-0.731,0.314,0.334]",,,,,,,,
sh.601107,cn,四川成渝,证监会: G54道路运输业,0.331,0.443,141,929,53,"[null,null,-1.223,-1.044,-0.523,-0.54,-0.726,-0.661,-0.647,-0.012,0.437,-0.167,0.124,0.331]",,,,,,,,
sh.603296,cn,华勤技术,证监会: C39计算机、通信和其他电子设备制造业,0.33,0.443,142,929,191,"[null,null,-0.79,-1.013,0.156,0.089,-0.565,-0.448,-0.824,-0.287,-0.764,-0.068,-0.255,0.33]",,,,,,,,
sz.002352,cn,顺丰控股,证监会: G60邮政业,0.328,0.443,143,929,82,"[null,null,-1.257,-1.052,-1.225,-0.945,-0.914,-0.99,-1.101,-1.127,-0.954,-1.025,0.037,0.328]",,,,,,,,
sh.601169,cn,北京银行,证监会: J66货币金融服务,0.314,0.443,144,929,38,"[null,null,-1.55,-0.45,-0.567,-0.317,-0.372,-0.706,0.256,-0.106,-0.377,-0.292,0.181,0.314]",,,,,,,,
sh.600308,cn,华泰股份,证监会: C22造纸和纸制品业,0.309,0.444,145,929,45,"[null,null,-1.34,-1.316,-1.096,-1.034,-0.667,-0.955,-1.138,-0.72,-0.785,-0.659,0.137,0.309]",,,,,,,,
sz.000598,cn,兴蓉环境,证监会: D46水的生产和供应业,0.306,0.444,146,929,95,"[null,null,-1.219,-1.065,-0.45,-0.707,0.004,-0.156,-0.724,-0.444,-0.536,-0.478,-0.028,0.306]",,,,,,,,
sz.000538,cn,云南白药,证监会: C27医药制造业,0.301,0.444,147,929,38,"[null,null,-1.283,-1.22,-1.175,-1.027,-0.992,-0.69,-0.783,-0.517,-1.127,-0.43,0.165,0.301]",,,,,,,,
sh.600121,cn,郑州煤电,证监会: B06煤炭开采和洗选业,0.294,0.444,148,929,102,"[null,null,-1.167,-1.364,-1.22,-0.531,-0.977,-1.063,-1.833,-0.129,-0.297,-1.285,-0.044,0.294]",,,,,,,,
sh.601077,cn,渝农商行,证监会: J66货币金融服务,0.292,0.444,149,929,-76,"[null,null,-1.11,-0.182,0.083,0.096,-0.427,-0.369,0.023,0.333,-0.207,-0.054,0.471,0.292]",,,,,,,,
sh.600703,cn,三安光电,证监会: C39计算机、通信和其他电子设备制造业,0.291,0.444,150,929,-79,"[null,null,-0.882,-1.024,-1.119,-0.978,-0.858,-0.703,0.541,-0.834,-0.773,-0.153,0.489,0.291]",,,,,,,,
sz.002709,cn,天赐材料,证监会: C39计算机、通信和其他电子设备制造业,0.282,0.444,151,929,-84,"[null,null,-0.613,-0.936,-0.849,-0.838,-1,-0.722,-0.901,-0.633,-1.098,-1.13,0.51,0.282]",,,,,,,,
sh.600674,cn,川投能源,证监会: D44电力、热力生产和供应业,0.275,0.444,152,929,-29,"[null,null,-1.003,-0.669,0.109,-0.276,-0.463,0.313,0.347,0.998,-0.127,-0.231,0.449,0.275]",,,,,,,,
sz.002600,cn,领益智造,证监会: C39计算机、通信和其他电子设备制造业,0.275,0.444,153,929,-15,"[null,null,-0.746,-0.6,0.201,0.193,0.109,-0.178,-0.223,-0.388,-0.933,-0.211,0.356,0.275]",,,,,,,,
sz.002431,cn,ST棕榈,证监会: E48土木工程建筑业,0.274,0.444,154,929,79,"[null,null,-1.192,-1.016,-1.279,-1.016,-0.99,-0.953,-0.773,-0.811,-0.367,0.168,0,0.274]",,,,,,,,
sh.601139,cn,深圳燃气,证监会: D45燃气生产和供应业,0.271,0.444,155,929,1,"[null,null,-1.093,-1.306,-1.184,-1.082,-0.727,-0.471,-0.607,0.394,-0.675,-0.77,0.266,0.271]",,,,,,,,
sz.300085,cn,银之杰,证监会: I65软件和信息技术服务业,0.265,0.444,156,929,-120,"[null,null,0.034,1.669,0.974,0.835,-0.02,0.705,-0.031,0.09,0.249,-0.723,0.756,0.265]",,,,,,,,
sh.600803,cn,新奥股份,证监会: D45燃气生产和供应业,0.265,0.444,157,929,-29,"[null,null,-1.28,0.064,0.243,0.23,-0.508,-0.625,0.305,0.187,-0.026,-0.296,0.393,0.265]",,,,,,,,
sh.601225,cn,陕西煤业,证监会: B06煤炭开采和洗选业,0.264,0.444,158,929,132,"[null,null,-1.21,-0.049,-0.248,-0.676,-0.573,-0.655,-0.26,1.363,0.41,0.741,-0.136,0.264]",,,,,,,,
sh.600887,cn,伊利股份,证监会: C14食品制造业,0.263,0.444,159,929,156,"[null,null,-0.98,-1.103,-0.885,-0.577,-1.031,-1.032,-0.385,-0.573,-0.061,-0.565,-0.214,0.263]",,,,,,,,
sh.601298,cn,青岛港,证监会: G55水上运输业,0.257,0.444,160,929,-15,"[null,null,-1.315,-0.773,-0.543,-0.951,-0.309,-0.642,-0.815,-0.002,0.187,-0.508,0.316,0.257]",,,,,,,,
sh.600000,cn,浦发银行,证监会: J66货币金融服务,0.254,0.444,161,929,1,"[null,null,-1.226,-0.921,-0.752,-0.376,-0.679,-0.924,-0.15,-0.203,0.169,0.345,0.251,0.254]",,,,,,,,
sh.601918,cn,新集能源,证监会: B06煤炭开采和洗选业,0.248,0.444,162,929,127,"[null,null,-1.327,-1.02,-1.123,-1.212,-0.768,-1.077,-1.121,-0.732,-0.91,-0.417,-0.136,0.248]",,,,,,,,
sh.600482,cn,中国动力,证监会: C37铁路、船舶、航空航天和其他运输设备制造业,0.246,0.444,163,929,97,"[null,null,-1.296,-1.28,-1.295,-1.142,-0.817,-0.195,-1.183,-0.837,-0.874,-0.722,-0.073,0.246]",,,,,,,,
sh.601088,cn,中国神华,证监会: B06煤炭开采和洗选业,0.245,0.444,164,929,-28,"[null,null,-1.077,-0.773,0.176,-0.27,0.148,0.068,-0.032,1.297,0.688,-0.149,0.361,0.245]",,,,,,,,
sh.600707,cn,彩虹股份,证监会: C39计算机、通信和其他电子设备制造业,0.241,0.444,165,929,48,"[null,null,-1.285,-1.361,-1.273,-1.107,-1.035,-0.819,-0.618,-1.404,-0.761,-1.585,0.062,0.241]",,,,,,,,
sh.600783,cn,鲁信创投,证监会: J67资本市场服务,0.235,0.444,166,929,74,"[null,null,-0.909,-1.194,-0.601,-0.47,-0.35,-0.763,-0.375,-0.951,-1.207,-0.77,-0.025,0.235]",,,,,,,,
sh.600256,cn,广汇能源,证监会: B07石油和天然气开采业,0.232,0.444,167,929,14,"[null,null,-1.271,-1.398,-1.233,-1.219,-0.976,-1.071,-0.661,-0.568,-0.432,0.019,0.194,0.232]",,,,,,,,
sh.600025,cn,华能水电,证监会: D44电力、热力生产和供应业,0.222,0.444,168,929,2,"[null,null,-0.632,-0.398,-0.067,-0.456,-0.528,0.103,0.501,-0.046,-0.125,-0.389,0.228,0.222]",,,,,,,,
sh.600033,cn,福建高速,证监会: G54道路运输业,0.218,0.444,169,929,-12,"[null,null,-1.356,-0.603,-0.489,-0.804,-0.627,-0.602,-1.029,-0.798,-0.215,-0.812,0.265,0.218]",,,,,,,,
sz.000793,cn,*ST华闻,证监会: R86新闻和出版业,0.213,0.444,170,929,-143,"[null,null,-0.973,-0.95,-0.966,-1.09,-0.965,-0.612,-0.679,-0.711,-0.625,-0.919,0.907,0.213]",,,,,,,,
sh.601919,cn,中远海控,证监会: G55水上运输业,0.21,0.444,171,929,-97,"[null,null,-1.342,-1.201,-1.064,-0.816,-1.192,-0.994,-0.661,-0.226,-0.119,-0.375,0.453,0.21]",,,,,,,,
sh.600724,cn,宁波富达,证监会: C30非金属矿物制品业,0.204,0.444,172,929,4,"[null,null,-1.024,-1.014,-0.945,-0.987,-0.38,-0.682,-1.114,-0.604,-0.85,0.229,0.206,0.204]",,,,,,,,
sz.002508,cn,老板电器,证监会: C38电气机械和器材制造业,0.199,0.444,173,929,119,"[null,null,-1.264,-1.233,-1.069,-1.258,-0.606,-1.022,-0.994,-0.817,-1.146,-0.779,-0.143,0.199]",,,,,,,,
sh.600085,cn,同仁堂,证监会: C27医药制造业,0.198,0.444,174,929,41,"[null,null,-1.277,-1.245,-1.286,-1.265,-1.216,-1.099,-1.17,-1.043,-1.196,-0.679,0.057,0.198]",,,,,,,,
sh.601006,cn,大秦铁路,证监会: G53铁路运输业,0.197,0.444,175,929,44,"[null,null,-1.545,-0.754,-0.436,-0.726,-0.433,-0.92,0.303,0.097,-0.384,-0.821,0.049,0.197]",,,,,,,,
sh.600350,cn,山东高速,证监会: G54道路运输业,0.19,0.444,176,929,-45,"[null,null,-1.013,0.518,0.917,1.401,0.543,0.167,0.503,0.394,0.18,0.172,0.389,0.19]",,,,,,,,
sh.601328,cn,交通银行,证监会: J66货币金融服务,0.188,0.444,177,929,-44,"[null,null,-1.351,-0.757,-0.339,-0.602,-0.718,-1.13,0.635,0.827,0.266,0.401,0.382,0.188]",,,,,,,,
sz.000651,cn,格力电器,证监会: C38电气机械和器材制造业,0.181,0.444,178,929,13,"[null,null,-1.073,-0.976,0.101,-0.396,-1.023,-1.169,-0.225,-0.779,-0.447,-0.689,0.135,0.181]",,,,,,,,
sz.000912,cn,泸天化,证监会: C26化学原料和化学制品制造业,0.173,0.444,179,929,1,"[null,null,-1.395,-1.317,-0.986,-1.264,-1.025,-0.951,-1.727,-0.157,0.885,0.139,0.194,0.173]",,,,,,,,
sh.600961,cn,株冶集团,证监会: C32有色金属冶炼和压延加工业,0.17,0.444,180,929,-51,"[null,null,-0.792,-0.941,-1.037,-0.909,0.207,-1.052,0.144,-0.816,-0.624,-0.274,0.391,0.17]",,,,,,,,
sz.002008,cn,大族激光,证监会: C35专用设备制造业,0.165,0.445,181,929,-150,"[null,null,-0.989,-0.92,0.031,-0.551,0.043,0.497,0.357,1.305,0.233,0.064,0.827,0.165]",,,,,,,,
sz.000869,cn,张裕A,证监会: C15酒、饮料和精制茶制造业,0.16,0.445,182,929,-19,"[null,null,-1.316,-1.355,-1.314,-1.463,-1.04,-1.257,-0.951,-1.028,-1.362,-0.909,0.248,0.16]",,,,,,,,
sh.600941,cn,中国移动,证监会: I63电信、广播电视和卫星传输服务,0.159,0.445,183,929,-33,"[null,null,-1.168,-0.061,0.689,0.363,-0.252,-0.718,-0.135,0.149,0.08,-0.548,0.28,0.159]",,,,,,,,
sh.601816,cn,京沪高铁,证监会: G53铁路运输业,0.154,0.445,184,929,-24,"[null,null,-1.438,-1.144,-0.896,-0.931,-1.119,-0.799,0.16,-0.463,0.264,-0.568,0.255,0.154]",,,,,,,,
sh.600608,cn,*ST沪科,沪主板 (SSE Main),0.152,0.445,185,929,3,"[null,null,-1.197,-0.534,-0.828,0.473,-0.594,-0.845,-0.134,0.345,0.659,0.113,0.152,0.152]",,,,,,,,
sh.601825,cn,沪农商行,证监会: J66货币金融服务,0.145,0.445,186,929,13,"[null,null,-1.387,-0.81,0.273,-0.625,-0.608,-0.761,0.396,0.28,-0.035,-0.317,0.108,0.145]",,,,,,,,
sh.601997,cn,贵阳银行,证监会: J66货币金融服务,0.144,0.445,187,929,25,"[null,null,-1.338,-1.127,-0.622,-0.999,-0.836,-0.857,-0.452,-0.002,-0.129,-0.793,0.064,0.144]",,,,,,,,
sz.000021,cn,深科技,证监会: C39计算机、通信和其他电子设备制造业,0.142,0.445,188,929,227,"[null,null,-0.996,-0.954,0.44,0.275,0.133,-0.802,0.274,1.135,0.142,0.845,-0.501,0.142]",,,,,,,,
sz.000968,cn,蓝焰控股,证监会: B07石油和天然气开采业,0.14,0.445,189,929,63,"[null,null,-1.318,-1.264,-0.898,-1.091,-0.748,-0.841,-0.645,-0.513,0.316,1.108,-0.045,0.14]",,,,,,,,
sh.600886,cn,国投电力,证监会: D44电力、热力生产和供应业,0.131,0.445,190,929,-39,"[null,null,-1.091,-0.205,0.524,-0.339,-0.537,-0.075,0.486,0.107,0.01,-0.414,0.278,0.131]",,,,,,,,
sh.600653,cn,申华控股,证监会: F52零售业,0.127,0.445,191,929,26,"[null,null,-1.11,-1.171,-1.077,-1.261,-1.313,-1.13,-1.171,-1.019,-1.231,-1.246,0.052,0.127]",,,,,,,,
sz.000429,cn,粤高速A,证监会: G54道路运输业,0.115,0.445,192,929,-66,"[null,null,-1.13,-0.002,0.004,-0.275,-0.052,0.102,-0.403,-0.407,-0.416,-0.446,0.404,0.115]",,,,,,,,
sz.000858,cn,五粮液,证监会: C15酒、饮料和精制茶制造业,0.114,0.445,193,929,62,"[null,null,-0.924,-1.122,-0.766,-0.99,-0.668,-0.819,-0.996,-1.13,-0.612,-0.557,-0.064,0.114]",,,,,,,,
sh.600989,cn,宝丰能源,证监会: C26化学原料和化学制品制造业,0.111,0.445,194,929,212,"[null,null,-1.08,-1.035,-1.109,-0.78,-0.714,-0.666,-1.173,-0.419,0.097,0.451,-0.477,0.111]",,,,,,,,
sz.000068,cn,华控赛格,证监会: F51批发业,0.107,0.445,195,929,127,"[null,null,-1.092,-1.022,-1.063,-1.263,-1.149,-1.083,-1.085,-1.191,-1.018,-1.014,-0.236,0.107]",,,,,,,,
sh.600566,cn,济川药业,证监会: C27医药制造业,0.107,0.445,196,929,22,"[null,null,-0.971,-1.335,-1.027,-0.881,-1.149,-0.841,-1.072,-0.427,-0.621,-0.554,0.051,0.107]",,,,,,,,
sh.601607,cn,上海医药,证监会: F52零售业,0.102,0.445,197,929,-60,"[null,null,-1.258,-1.317,-1.266,-1.127,-1.198,-1.242,-1.053,-0.345,-0.912,-0.433,0.357,0.102]",,,,,,,,
sz.000401,cn,金隅冀东,证监会: C30非金属矿物制品业,0.101,0.445,199,929,-30,"[null,null,-1.147,-1.387,-1.312,-1.318,-0.923,-1.021,-1.205,-0.891,-0.811,-0.848,0.228,0.101]",,,,,,,,
sz.002032,cn,苏泊尔,证监会: C38电气机械和器材制造业,0.101,0.445,198,929,-3,"[null,null,-1.463,-0.798,0.189,-0.771,-0.651,-0.793,-0.419,-0.34,-0.316,-0.703,0.118,0.101]",,,,,,,,
sh.603939,cn,益丰药房,证监会: F52零售业,0.096,0.445,200,929,72,"[null,null,-1.011,-1.218,-1.022,-1.061,-0.634,-1.018,-0.967,-0.927,-1.054,-0.404,-0.095,0.096]",,,,,,,,
sh.600118,cn,中国卫星,证监会: C39计算机、通信和其他电子设备制造业,0.095,0.445,201,929,-28,"[null,null,-0.752,-0.646,-0.809,-1.295,-0.543,-0.545,0.254,-0.413,0.087,-0.21,0.219,0.095]",,,,,,,,
sh.601838,cn,成都银行,证监会: J66货币金融服务,0.094,0.445,202,929,-62,"[null,null,-1.326,-0.548,0.055,-0.117,0.101,-0.305,0.181,0.463,0.477,0.108,0.343,0.094]",,,,,,,,
sz.000937,cn,冀中能源,证监会: B06煤炭开采和洗选业,0.088,0.445,203,929,-32,"[null,null,-1.244,-1.265,-1.227,-1.191,-0.865,-0.997,-0.947,-0.229,-0.834,-0.097,0.222,0.088]",,,,,,,,
sh.601668,cn,中国建筑,证监会: E48土木工程建筑业,0.086,0.445,204,929,70,"[null,null,-1.258,-1.247,-0.839,-1.022,-0.743,-0.969,-0.509,-1.016,-0.54,-0.605,-0.104,0.086]",,,,,,,,
sh.600971,cn,恒源煤电,证监会: B06煤炭开采和洗选业,0.083,0.445,206,929,-22,"[null,null,-1.272,-1.2,-1.131,-1.251,-0.999,-0.938,-0.891,-0.068,-0.813,-0.356,0.175,0.083]",,,,,,,,
sh.600125,cn,铁龙物流,证监会: G53铁路运输业,0.083,0.445,205,929,2,"[null,null,-1.013,-1.166,-1.205,-1.141,-1.063,-1.139,-1.032,-0.994,-1.241,-0.719,0.081,0.083]",,,,,,,,
sz.002378,cn,章源钨业,证监会: C32有色金属冶炼和压延加工业,0.081,0.445,207,929,-75,"[null,null,-1.07,-1.019,-0.948,-1.077,0.393,-0.336,-0.401,0.256,-0.802,-0.748,0.383,0.081]",,,,,,,,
sz.300979,cn,华利集团,证监会: C19皮革、毛皮、羽毛及其制品和制鞋业,0.077,0.445,208,929,51,"[null,null,-1.095,-1.143,-0.982,-0.401,-1.022,-1.195,-1.086,-0.918,-0.087,-0.613,-0.07,0.077]",,,,,,,,
sz.301165,cn,锐捷网络,证监会: C39计算机、通信和其他电子设备制造业,0.073,0.445,209,929,-74,"[null,null,1.196,1.359,0.346,-0.138,0.078,0.356,1.361,0.879,0.566,0.781,0.374,0.073]",,,,,,,,
sh.601728,cn,中国电信,证监会: I63电信、广播电视和卫星传输服务,0.072,0.445,210,929,-140,"[null,null,-1.38,-1.029,-0.565,-1.189,-0.692,-1.094,-0.452,0.231,-0.104,-0.905,0.5,0.072]",,,,,,,,
sh.600597,cn,光明乳业,证监会: C14食品制造业,0.072,0.445,211,929,-14,"[null,null,-1.305,-1.353,-1.257,-1.255,-1.162,-1.19,-1.242,-1.089,-1.329,-0.722,0.114,0.072]",,,,,,,,
sz.000826,cn,*ST启环,证监会: N78公共设施管理业,0.07,0.445,212,929,-3,"[null,null,-1.31,-1.59,-1.236,-0.898,-0.882,-1.241,-0.017,-0.761,-0.97,-0.165,0.078,0.07]",,,,,,,,
sz.002069,cn,獐子岛,证监会: A04渔业,0.059,0.445,213,929,9,"[null,null,-1.297,-1.204,-1.205,-0.901,-0.909,-0.642,-1.056,-0.757,-0.669,-0.204,0.048,0.059]",,,,,,,,
sh.605117,cn,德业股份,证监会: C38电气机械和器材制造业,0.049,0.445,214,929,107,"[null,null,-0.81,-0.764,-0.771,-0.914,-0.879,-0.589,-1.134,-0.677,-0.743,-0.576,-0.232,0.049]",,,,,,,,
sz.000488,cn,ST晨鸣,证监会: C22造纸和纸制品业,0.049,0.445,215,929,92,"[null,null,-1.153,-1.23,-1.146,-1.096,-1.006,-1.15,-0.822,-0.882,-0.293,-0.16,-0.193,0.049]",,,,,,,,
sh.601577,cn,长沙银行,证监会: J66货币金融服务,0.048,0.445,216,929,-61,"[null,null,-1.324,-1.109,-0.238,-0.833,-0.379,-0.514,-0.372,0.003,-0.244,-0.503,0.268,0.048]",,,,,,,,
sh.600198,cn,大唐电信,证监会: C39计算机、通信和其他电子设备制造业,0.032,0.445,217,929,50,"[null,null,-1.193,-1.19,-1.129,-1.072,-0.821,-0.576,-0.656,-0.982,-1.09,-0.984,-0.086,0.032]",,,,,,,,
sh.600757,cn,长江传媒,证监会: R86新闻和出版业,0.023,0.445,218,929,26,"[null,null,-1.296,-1.286,-0.791,-1.141,-0.909,-0.947,-0.697,-1.031,-1.216,-0.662,-0.032,0.023]",,,,,,,,
sz.002465,cn,海格通信,证监会: C39计算机、通信和其他电子设备制造业,0.02,0.446,219,929,30,"[null,null,-1.337,-0.976,-1.103,-0.631,-0.554,-0.551,0.236,-0.917,-1.117,0.788,-0.044,0.02]",,,,,,,,
sh.600011,cn,华能国际,证监会: D44电力、热力生产和供应业,0.019,0.446,220,929,203,"[null,null,-1.353,-0.678,-0.395,-1.034,-1.026,-0.796,-0.658,-1.099,-0.569,-1.03,-0.519,0.019]",,,,,,,,
sh.600408,cn,安泰集团,证监会: C31黑色金属冶炼和压延加工业,0.017,0.446,221,929,43,"[null,null,-0.853,-0.996,-0.871,-0.637,-0.494,-0.88,-1.418,-0.047,-0.424,0.718,-0.079,0.017]",,,,,,,,
sh.601689,cn,拓普集团,证监会: C36汽车制造业,0.012,0.446,222,929,-18,"[null,null,-0.714,-1,-0.502,-0.274,-0.827,-0.367,-0.586,-0.869,-0.991,-0.939,0.093,0.012]",,,,,,,,
sh.600648,cn,外高桥,证监会: F51批发业,0.01,0.446,223,929,101,"[null,null,-1.362,-1.446,-1.262,-1.275,-1.162,-1.153,-1.218,-1.284,-1.304,-0.73,-0.242,0.01]",,,,,,,,
sz.002831,cn,裕同科技,证监会: C22造纸和纸制品业,0.006,0.446,225,929,74,"[null,null,-1.045,-0.961,-0.836,-1.022,-1.026,-0.928,-1.034,-0.717,-0.771,-0.569,-0.168,0.006]",,,,,,,,
sh.600039,cn,四川路桥,证监会: E48土木工程建筑业,0.006,0.446,224,929,-46,"[null,null,-1.306,-0.627,-0.123,0.053,-0.18,-0.219,-0.519,0.777,-0.274,-0.636,0.202,0.006]",,,,,,,,
sh.601003,cn,柳钢股份,证监会: C31黑色金属冶炼和压延加工业,0.004,0.446,226,929,100,"[null,null,-0.685,-1.242,-1.102,-1.138,-1.123,-1.021,-0.987,-0.642,-0.565,-0.686,-0.248,0.004]",,,,,,,,
sz.000423,cn,东阿阿胶,证监会: C27医药制造业,0.003,0.446,227,929,50,"[null,null,-1.292,-1.304,-0.961,-0.205,-0.702,-0.995,-0.323,-0.941,-1.094,-0.578,-0.105,0.003]",,,,,,,,
sz.000698,cn,ST沈化,证监会: C26化学原料和化学制品制造业,0.002,0.446,228,929,110,"[null,null,-1.3,-0.094,-0.697,-1.197,-0.975,-1.066,-1.169,-0.923,-1.122,-0.856,-0.265,0.002]",,,,,,,,
sh.600057,cn,厦门象屿,证监会: L72商务服务业,-0.004,0.446,229,929,10,"[null,null,-1.305,-0.957,-0.817,-0.719,-0.458,-1.12,-1.099,-0.856,-1.022,-0.907,-0.024,-0.004]",,,,,,,,
sh.600596,cn,新安股份,证监会: C26化学原料和化学制品制造业,-0.005,0.446,230,929,-91,"[null,null,-0.943,-1.142,-0.933,-0.874,-0.828,-0.77,-0.209,-0.69,-1.022,-0.769,0.354,-0.005]",,,,,,,,
sh.601001,cn,晋控煤业,证监会: B06煤炭开采和洗选业,-0.013,0.446,231,929,14,"[null,null,-0.987,-1.108,-0.852,-0.989,-0.753,-0.831,-0.91,-0.034,-0.277,-0.577,-0.035,-0.013]",,,,,,,,
sh.600017,cn,日照港,证监会: G55水上运输业,-0.019,0.446,232,929,6,"[null,null,-1.371,-1.335,-1.296,-1.215,-0.978,-1.07,-1.224,-1.181,-1.121,-1.162,-0.023,-0.019]",,,,,,,,
sh.600023,cn,浙能电力,证监会: D44电力、热力生产和供应业,-0.021,0.446,233,929,107,"[null,null,-1.261,-1.291,-0.575,-1.129,-1.028,-0.469,-0.907,-0.803,-1.098,-0.789,-0.271,-0.021]",,,,,,,,
sz.000729,cn,燕京啤酒,证监会: C15酒、饮料和精制茶制造业,-0.023,0.446,234,929,-73,"[null,null,-1.256,-0.876,0.054,-0.714,-0.195,-0.27,-0.016,-0.011,-0.257,-0.274,0.254,-0.023]",,,,,,,,
sh.600207,cn,安彩高科,证监会: C30非金属矿物制品业,-0.027,0.446,235,929,-5,"[null,null,-1.205,-0.793,-1.044,-0.958,-0.968,-1.239,-1.019,-0.841,-0.7,0.021,0.01,-0.027]",,,,,,,,
sh.600078,cn,澄星股份,证监会: C26化学原料和化学制品制造业,-0.027,0.446,236,929,-69,"[null,null,-1.035,-1.001,-0.664,-0.424,-0.517,-1.166,-0.468,-0.929,-1.036,-0.762,0.236,-0.027]",,,,,,,,
sh.601718,cn,ST际华,证监会: C18纺织服装、服饰业,-0.034,0.446,237,929,-173,"[null,null,-1.252,-1.198,-1.145,-1.165,-1.149,-1.215,-1.222,-0.783,-0.153,0.143,0.523,-0.034]",,,,,,,,
sz.300782,cn,卓胜微,证监会: C39计算机、通信和其他电子设备制造业,-0.035,0.446,238,929,-191,"[null,null,-0.049,-0.645,-1.034,-0.499,-0.879,-0.834,-1.338,-0.333,-0.933,-0.393,0.651,-0.035]",,,,,,,,
sh.600726,cn,华电能源,证监会: D44电力、热力生产和供应业,-0.037,0.446,239,929,-65,"[null,null,-1.262,-1.38,-1.164,-1.294,-1.12,-1.197,-1.141,-1.88,-1.412,-1.279,0.218,-0.037]",,,,,,,,
sh.600020,cn,中原高速,证监会: G54道路运输业,-0.039,0.446,240,929,44,"[null,null,-1.355,-1.19,-0.942,-1.042,-1.139,-0.896,-0.585,-0.717,-0.197,-0.66,-0.123,-0.039]",,,,,,,,
sh.600066,cn,宇通客车,证监会: C36汽车制造业,-0.044,0.446,241,929,-9,"[null,null,-1.22,-0.788,-0.739,-0.809,-0.942,-1.055,-0.764,-0.053,-0.554,-0.293,0.002,-0.044]",,,,,,,,
sh.600132,cn,重庆啤酒,证监会: C15酒、饮料和精制茶制造业,-0.045,0.446,243,929,-37,"[null,null,-1.246,-1.274,-1.191,-1.371,-0.965,-0.683,-0.581,-0.581,-0.682,-0.313,0.082,-0.045]",,,,,,,,
sh.603899,cn,晨光股份,证监会: C24文教、工美、体育和娱乐用品制造业,-0.045,0.446,242,929,27,"[null,null,-1.242,-1.301,-1.29,-1.327,-1.264,-1.198,-1.201,-1.171,-1.011,-0.668,-0.092,-0.045]",,,,,,,,
sh.603517,cn,ST绝味,证监会: C13农副食品加工业,-0.045,0.446,244,929,22,"[null,null,-1.175,-0.784,-1.122,-1.284,-1.293,-1.259,-1.151,-1.023,-0.787,0.685,-0.085,-0.045]",,,,,,,,
sh.600153,cn,建发股份,证监会: L72商务服务业,-0.047,0.446,245,929,16,"[null,null,-1.152,-1.363,-0.739,-1.197,-0.689,-0.995,-1.154,-0.892,-0.42,-0.883,-0.075,-0.047]",,,,,,,,
sh.600019,cn,宝钢股份,证监会: C31黑色金属冶炼和压延加工业,-0.048,0.446,246,929,7,"[null,null,-1.255,-0.587,-0.371,-0.713,-0.953,-1.095,-1.207,-1.008,-1.073,-0.871,-0.062,-0.048]",,,,,,,,
sh.600332,cn,白云山,证监会: C27医药制造业,-0.051,0.446,247,929,9,"[null,null,-1.277,-1.109,-1.172,-1.01,-1.033,-1.014,-1.043,-0.896,-1.021,-0.783,-0.065,-0.051]",,,,,,,,
sh.600110,cn,诺德股份,证监会: C39计算机、通信和其他电子设备制造业,-0.056,0.446,248,929,31,"[null,null,-1.015,-1.174,-1.166,-1.204,-0.921,-0.987,-1.484,-1.109,-0.612,-1.263,-0.11,-0.056]",,,,,,,,
sh.600239,cn,ST云城,证监会: K70房地产业,-0.059,0.446,249,929,-35,"[null,null,-1.203,-1.411,-0.99,-0.888,-1.315,-1.228,-0.91,-0.802,-0.449,-0.39,0.06,-0.059]",,,,,,,,
sh.600879,cn,航天电子,证监会: C37铁路、船舶、航空航天和其他运输设备制造业,-0.06,0.446,250,929,-52,"[null,null,-0.963,-1.191,-1.084,-0.783,-0.556,-0.883,0.21,-1.071,-0.645,-0.826,0.113,-0.06]",,,,,,,,
sh.600928,cn,西安银行,证监会: J66货币金融服务,-0.068,0.446,251,929,-76,"[null,null,-1.246,-1.142,-1.209,-1.231,-0.671,-1.069,-0.697,-0.326,-0.664,-0.576,0.208,-0.068]",,,,,,,,
sh.600073,cn,光明肉业,证监会: C13农副食品加工业,-0.069,0.446,252,929,53,"[null,null,-1.311,-1.304,-1.16,-1.173,-0.839,-0.759,-0.505,-0.984,-1.244,-0.642,-0.182,-0.069]",,,,,,,,
sz.000733,cn,振华科技,证监会: C39计算机、通信和其他电子设备制造业,-0.076,0.446,253,929,-52,"[null,null,-1.064,-1.105,-1.182,-0.822,-0.873,-0.827,-0.59,-1.23,-1.031,-1.079,0.102,-0.076]",,,,,,,,
sz.000088,cn,盐田港,证监会: G55水上运输业,-0.076,0.446,254,929,-86,"[null,null,-1.188,-1.3,-1.271,-1.175,-0.927,-0.984,-1.195,-1.083,-0.794,-1.066,0.229,-0.076]",,,,,,,,
sh.600436,cn,片仔癀,证监会: C27医药制造业,-0.081,0.446,255,929,25,"[null,null,-1.224,-1.01,-1.105,-1.157,-1.093,-0.93,-0.879,-1.018,-1.148,-0.757,-0.11,-0.081]",,,,,,,,
sz.002572,cn,索菲亚,证监会: C21家具制造业,-0.084,0.446,256,929,15,"[null,null,-1.312,-1.266,-1.055,-1.244,-0.78,-1.029,-1.097,-0.971,0.217,-0.02,-0.093,-0.084]",,,,,,,,
sh.600522,cn,中天科技,证监会: C38电气机械和器材制造业,-0.085,0.446,257,929,-111,"[null,null,-0.794,-1.03,-1.026,-0.883,-0.285,-0.785,-0.958,-1.319,-0.728,-0.251,0.314,-0.085]",,,,,,,,
sz.000999,cn,华润三九,证监会: C27医药制造业,-0.093,0.446,258,929,-72,"[null,null,-1.317,-1.348,-1.117,-0.969,-1.029,-0.871,-0.989,-0.804,-1.004,-0.439,0.154,-0.093]",,,,,,,,
sh.600398,cn,海澜之家,证监会: C18纺织服装、服饰业,-0.099,0.446,259,929,23,"[null,null,-1.341,-1.37,-1.262,-1.188,-1.008,-1.115,-1.096,-0.832,-0.908,-0.706,-0.116,-0.099]",,,,,,,,
sh.600616,cn,金枫酒业,证监会: C15酒、饮料和精制茶制造业,-0.099,0.446,260,929,59,"[null,null,-1.372,-1.314,-1.174,-1.275,-1.147,-1.128,-0.916,-0.975,-1.187,-0.822,-0.226,-0.099]",,,,,,,,
sh.600600,cn,青岛啤酒,证监会: C15酒、饮料和精制茶制造业,-0.1,0.446,261,929,-18,"[null,null,-1.305,-1.221,-1.265,-1.219,-1.072,-0.809,-0.891,-0.325,-0.729,-0.898,-0.028,-0.1]",,,,,,,,
sz.000573,cn,粤宏远A,证监会: C42废弃资源综合利用业,-0.115,0.446,262,929,365,"[null,null,-1.175,-1.242,-0.756,-1.129,-0.935,-1.023,-1.077,-0.745,-0.718,-0.179,-0.877,-0.115]",,,,,,,,
sz.002252,cn,上海莱士,证监会: C27医药制造业,-0.121,0.446,263,929,31,"[null,null,-1.295,-1.311,-1.192,-1.137,-1.064,-1.063,-1.068,-1.085,-0.925,-1.046,-0.146,-0.121]",,,,,,,,
sh.600582,cn,天地科技,证监会: C35专用设备制造业,-0.124,0.447,264,929,52,"[null,null,-1.306,-1.356,-1.213,-1.219,-1.209,-1.016,-1.239,-1.074,-1.193,-1.094,-0.216,-0.124]",,,,,,,,
sz.000096,cn,广聚能源,证监会: F51批发业,-0.125,0.447,265,929,-62,"[null,null,-1.293,-1.241,-1.22,-1.348,-0.596,-1.031,-0.631,-0.026,-0.583,-0.576,0.096,-0.125]",,,,,,,,
sz.002371,cn,北方华创,证监会: C35专用设备制造业,-0.127,0.447,266,929,-37,"[null,null,-0.613,-0.657,-0.58,-0.638,-0.666,-0.668,-1.018,-0.752,-0.025,0.312,0.013,-0.127]",,,,,,,,
sz.300454,cn,深信服,证监会: I65软件和信息技术服务业,-0.129,0.447,267,929,45,"[null,null,0.382,-0.046,-0.244,0.188,0.907,0.372,0.55,0.615,-0.495,-0.222,-0.21,-0.129]",,,,,,,,
sh.600395,cn,盘江股份,证监会: B06煤炭开采和洗选业,-0.129,0.447,268,929,2,"[null,null,-1.101,-1.311,-1.251,-1.161,-1.01,-0.383,-0.919,-0.375,-0.916,-0.372,-0.093,-0.129]",,,,,,,,
sh.600641,cn,先导基电,证监会: K70房地产业,-0.132,0.447,269,929,207,"[null,null,-0.867,-0.653,-0.997,-0.98,-1.052,-0.843,-0.998,-0.166,-0.841,-0.257,-0.608,-0.132]",,,,,,,,
sh.601916,cn,浙商银行,证监会: J66货币金融服务,-0.134,0.447,270,929,50,"[null,null,-1.48,-1.022,-0.567,-0.585,-0.635,-0.181,-0.414,-0.094,0.521,-0.83,-0.229,-0.134]",,,,,,,,
sh.601808,cn,中海油服,证监会: B11开采专业及辅助性活动,-0.136,0.447,271,929,-20,"[null,null,-1.274,-1.161,-1.136,-1.13,-0.793,-0.733,-0.489,0.843,-0.801,-0.612,-0.045,-0.136]",,,,,,,,
sh.600123,cn,兰花科创,证监会: B06煤炭开采和洗选业,-0.138,0.447,272,929,42,"[null,null,-1.244,-1.284,-1.196,-1.316,-1.074,-1.005,-1.081,-0.461,-0.087,0.309,-0.213,-0.138]",,,,,,,,
sh.603799,cn,华友钴业,证监会: C32有色金属冶炼和压延加工业,-0.139,0.447,273,929,-213,"[null,null,-0.608,-1.366,-1.027,-0.916,-0.741,-0.628,0.496,0.451,-0.313,-0.027,0.576,-0.139]",,,,,,,,
sz.002304,cn,洋河股份,证监会: C15酒、饮料和精制茶制造业,-0.14,0.447,274,929,-9,"[null,null,-1.3,-1.131,-1.281,-1.321,-0.811,-0.902,-1.037,-1.17,-1.225,-0.83,-0.081,-0.14]",,,,,,,,
sz.000012,cn,南玻A,证监会: C30非金属矿物制品业,-0.141,0.447,275,929,-40,"[null,null,-1.361,-1.283,-1.202,-1.331,-1.095,-0.975,-1.18,-1.126,-1.312,-0.931,-0.005,-0.141]",,,,,,,,
sz.002568,cn,百润股份,证监会: C15酒、饮料和精制茶制造业,-0.143,0.447,276,929,47,"[null,null,-1.087,-0.985,-1.183,-1.197,-0.891,-0.646,-0.706,-0.915,-0.928,-0.619,-0.236,-0.143]",,,,,,,,
sz.000860,cn,顺鑫农业,证监会: C15酒、饮料和精制茶制造业,-0.15,0.447,278,929,66,"[null,null,-1.291,-1.298,-1.248,-1.317,-1.031,-1.126,-1.056,-1.086,-1.066,-1.138,-0.278,-0.15]",,,,,,,,
sz.002958,cn,青农商行,证监会: J66货币金融服务,-0.15,0.447,277,929,25,"[null,null,-1.366,-1.43,-0.9,-1.071,-0.631,-0.442,-0.838,-0.44,-0.656,-0.622,-0.181,-0.15]",,,,,,,,
sh.600997,cn,开滦股份,证监会: C25石油、煤炭及其他燃料加工业,-0.153,0.447,279,929,67,"[null,null,-1.15,-0.884,-1.221,-1.244,-1.095,-0.979,-0.993,-1.011,-0.953,-0.482,-0.284,-0.153]",,,,,,,,
sh.600339,cn,中油工程,证监会: B11开采专业及辅助性活动,-0.16,0.447,280,929,3,"[null,null,-1.354,-1.345,-1.135,-1.211,-0.951,-1.115,-1.276,0.033,-0.406,0.356,-0.122,-0.16]",,,,,,,,
sh.600009,cn,上海机场,证监会: G56航空运输业,-0.163,0.447,281,929,17,"[null,null,-1.23,-1.183,-1.214,-0.943,-1.208,-1.29,-1.181,-1.19,-1.15,-1.169,-0.161,-0.163]",,,,,,,,
sh.600004,cn,白云机场,证监会: G56航空运输业,-0.165,0.447,282,929,-20,"[null,null,-1.138,-1.193,-1.115,-1.194,-1.3,-1.214,-1.159,-0.678,-1.111,-1.251,-0.076,-0.165]",,,,,,,,
sh.600968,cn,海油发展,证监会: B11开采专业及辅助性活动,-0.166,0.447,283,929,-59,"[null,null,-1.338,-1.368,-1.273,-1.184,-0.905,-1.181,-1.36,0.268,-0.526,-0.718,0.044,-0.166]",,,,,,,,
sh.600827,cn,百联股份,证监会: F52零售业,-0.168,0.447,284,929,11,"[null,null,-1.316,-1.292,-1.192,-1.204,-1.174,-1.213,-1.26,-1.324,-0.814,-0.713,-0.146,-0.168]",,,,,,,,
sh.600177,cn,雅戈尔,证监会: C18纺织服装、服饰业,-0.177,0.447,285,929,-58,"[null,null,-1.122,-1.167,-0.949,-0.974,-0.944,-1.042,-0.276,-0.076,-0.728,-0.147,0.028,-0.177]",,,,,,,,
sh.600583,cn,海油工程,证监会: B11开采专业及辅助性活动,-0.178,0.447,286,929,-40,"[null,null,-1.333,-1.364,-1.112,-1.152,-0.835,-1.13,-1.026,-0.1,-0.115,-0.632,-0.038,-0.178]",,,,,,,,
sh.600740,cn,山西焦化,证监会: C25石油、煤炭及其他燃料加工业,-0.179,0.447,287,929,31,"[null,null,-1.277,-1.097,-0.871,-1.189,-1.113,-1.05,-0.8,-0.512,-0.829,-0.423,-0.223,-0.179]",,,,,,,,
sz.000761,cn,本钢板材,证监会: C31黑色金属冶炼和压延加工业,-0.181,0.447,288,929,74,"[null,null,-1.33,-1.249,-1.202,-1.226,-1.002,-0.864,-0.953,-1.174,-0.531,-0.823,-0.336,-0.181]",,,,,,,,
sz.000938,cn,紫光股份,证监会: C39计算机、通信和其他电子设备制造业,-0.182,0.447,289,929,175,"[null,null,-0.632,0.029,0.457,-0.457,-0.724,-0.597,-0.677,-0.752,-1.277,-0.788,-0.589,-0.182]",,,,,,,,
sh.600905,cn,三峡能源,证监会: D44电力、热力生产和供应业,-0.183,0.447,290,929,-33,"[null,null,-1.18,-1.313,-0.913,-1.112,-1.277,-0.605,-0.18,-0.608,-0.69,-0.724,-0.066,-0.183]",,,,,,,,
sz.002460,cn,赣锋锂业,证监会: C32有色金属冶炼和压延加工业,-0.184,0.447,291,929,-95,"[null,null,-0.608,-1.139,-1.111,-0.745,-0.601,-0.58,-0.576,-0.412,-0.664,-0.266,0.116,-0.184]",,,,,,,,
sh.600138,cn,中青旅,证监会: L72商务服务业,-0.185,0.447,294,929,35,"[null,null,-1.254,-1.324,-1.242,-1.146,-1.16,-1.216,-1.145,-1.162,-1.037,-0.528,-0.251,-0.185]",,,,,,,,
sh.688506,cn,百利天恒,证监会: C27医药制造业,-0.185,0.447,292,929,154,"[null,null,-0.516,-0.769,-1.021,-0.772,-0.95,-0.721,-0.857,-0.976,-0.406,0.025,-0.558,-0.185]",,,,,,,,
sh.600598,cn,北大荒,证监会: A01农业,-0.185,0.447,293,929,8,"[null,null,-1.316,-0.736,0.352,0.294,0.564,-0.1,-0.668,-0.932,-0.737,0.337,-0.175,-0.185]",,,,,,,,
sz.300450,cn,先导智能,证监会: C35专用设备制造业,-0.187,0.447,295,929,-75,"[null,null,0.587,-0.164,0.089,0.173,-0.533,-0.494,0.328,-0.116,-0.686,0.447,0.049,-0.187]",,,,,,,,
sz.000066,cn,中国长城,证监会: C39计算机、通信和其他电子设备制造业,-0.188,0.447,296,929,-91,"[null,null,-0.863,-1.065,-0.979,-1.14,-0.886,-0.985,-0.762,-0.704,-1.071,-0.51,0.087,-0.188]",,,,,,,,
sz.000707,cn,双环科技,证监会: C26化学原料和化学制品制造业,-0.191,0.447,297,929,68,"[null,null,-1.381,-1.31,-1.154,-1.364,-1.179,-1.01,-1.138,-0.954,-0.419,-0.457,-0.343,-0.191]",,,,,,,,
sh.601333,cn,广深铁路,证监会: G53铁路运输业,-0.192,0.447,298,929,-2,"[null,null,-1.001,-0.904,-1.129,-1.153,-0.796,-1.064,-1.171,-0.964,-0.674,-1.231,-0.147,-0.192]",,,,,,,,
sh.600535,cn,天士力,证监会: C27医药制造业,-0.192,0.447,299,929,-2,"[null,null,-1.327,-1.331,-1.185,-1.211,-1.194,-1.26,-1.122,-0.708,-1.088,-0.532,-0.151,-0.192]",,,,,,,,
sz.002839,cn,张家港行,证监会: J66货币金融服务,-0.193,0.447,300,929,-89,"[null,null,-1.345,-1.405,-1.027,-1.055,-0.671,-0.959,-0.763,-0.237,-0.786,-0.544,0.068,-0.193]",,,,,,,,
sz.002025,cn,航天电器,证监会: C39计算机、通信和其他电子设备制造业,-0.194,0.447,301,929,-64,"[null,null,-1.129,-1.094,-1.109,-0.834,-0.863,-0.847,-0.659,-0.399,-0.837,-0.674,-0.015,-0.194]",,,,,,,,
sz.000969,cn,安泰科技,证监会: C33金属制品业,-0.199,0.447,302,929,-54,"[null,null,-1.078,-1.503,-0.84,-0.861,-0.549,-0.649,0.113,-0.874,-0.929,-1.069,-0.041,-0.199]",,,,,,,,
sh.601928,cn,凤凰传媒,证监会: R86新闻和出版业,-0.2,0.447,303,929,-12,"[null,null,-1.29,-1.212,-0.735,-1.142,-1.035,-1.205,-0.824,-0.938,-1.243,-0.677,-0.137,-0.2]",,,,,,,,
sh.600160,cn,巨化股份,证监会: C26化学原料和化学制品制造业,-0.201,0.447,304,929,-23,"[null,null,-0.755,-1.051,-1.015,-0.667,-0.76,-0.722,-1.104,-0.88,-1.128,0.071,-0.115,-0.201]",,,,,,,,
sh.600027,cn,华电国际,证监会: D44电力、热力生产和供应业,-0.203,0.447,305,929,46,"[null,null,-1.423,-0.957,-0.612,-1.083,-1.191,-0.713,-1.185,-0.656,-1.037,-1.04,-0.303,-0.203]",,,,,,,,
sh.600930,cn,华电新能,证监会: D44电力、热力生产和供应业,-0.206,0.447,306,929,81,"[null,null,-0.764,-0.928,-0.617,-1.204,-1.084,-0.517,-0.665,-0.818,-0.931,-0.728,-0.426,-0.206]",,,,,,,,
sh.601888,cn,中国中免,证监会: L72商务服务业,-0.212,0.447,307,929,50,"[null,null,-0.817,-0.914,-0.677,-0.712,-0.667,-0.941,-0.757,-0.899,-1.034,-1.087,-0.318,-0.212]",,,,,,,,
sz.000786,cn,北新建材,证监会: C30非金属矿物制品业,-0.213,0.447,308,929,19,"[null,null,-1.3,-1.233,-0.113,-0.444,-0.422,-0.917,-1.043,-0.975,-0.947,-0.899,-0.249,-0.213]",,,,,,,,
sh.600851,cn,海欣股份,证监会: C27医药制造业,-0.215,0.447,310,929,125,"[null,null,-1.35,-1.31,-1.112,-1.255,-1.019,-0.984,-1.006,-0.856,-0.903,-0.683,-0.532,-0.215]",,,,,,,,
sh.600169,cn,ST太重,证监会: C35专用设备制造业,-0.215,0.447,309,929,-1,"[null,null,-1.139,-1.137,-0.962,-1.016,-0.874,-1.052,-1.226,-1.232,-1.222,-1.238,-0.194,-0.215]",,,,,,,,
sz.000900,cn,现代投资,证监会: G54道路运输业,-0.216,0.447,311,929,42,"[null,null,-1.405,-1.354,-1.119,-1.35,-1.14,-1.126,-1.287,-0.988,-1.112,-1.059,-0.306,-0.216]",,,,,,,,
sh.600171,cn,上海贝岭,证监会: C39计算机、通信和其他电子设备制造业,-0.221,0.447,312,929,84,"[null,null,-1.044,-1.043,-1.009,-0.774,-1.13,-1.003,-0.595,-0.962,-0.911,-0.91,-0.464,-0.221]",,,,,,,,
sh.600269,cn,赣粤高速,证监会: G54道路运输业,-0.222,0.447,313,929,-55,"[null,null,-1.271,-1.044,-1.073,-1.076,-1.222,-1.03,-1.19,-0.805,-0.717,-0.541,-0.069,-0.222]",,,,,,,,
sz.000977,cn,浪潮信息,证监会: C39计算机、通信和其他电子设备制造业,-0.226,0.447,314,929,31,"[null,null,-0.518,-0.847,0.358,0.659,0.042,0.068,-0.397,-0.291,-1.041,-0.426,-0.281,-0.226]",,,,,,,,
sh.603288,cn,海天味业,证监会: C14食品制造业,-0.231,0.447,315,929,-39,"[null,null,-1.095,-1.242,-1.258,-1.165,-1.014,-1.186,-0.86,-1.053,-0.922,-0.574,-0.104,-0.231]",,,,,,,,
sh.600548,cn,深高速,证监会: G54道路运输业,-0.233,0.447,316,929,-158,"[null,null,-1.639,-1.139,-0.648,-0.504,-0.268,-0.64,-0.459,-0.548,-0.07,-0.278,0.257,-0.233]",,,,,,,,
sz.000089,cn,深圳机场,证监会: G56航空运输业,-0.234,0.447,317,929,0,"[null,null,-1.279,-1.328,-1.288,-1.141,-0.786,-1.035,-1.167,-0.797,-0.763,-1.109,-0.218,-0.234]",,,,,,,,
sz.000920,cn,沃顿科技,证监会: C26化学原料和化学制品制造业,-0.235,0.447,318,929,-45,"[null,null,-0.992,-0.897,-0.988,-1.09,-1.122,-0.999,-0.989,-0.979,-0.749,-0.957,-0.1,-0.235]",,,,,,,,
sh.688187,cn,时代电气,证监会: C37铁路、船舶、航空航天和其他运输设备制造业,-0.235,0.447,319,929,-170,"[null,null,-0.881,-0.894,-0.971,-1.045,-0.957,-0.826,-0.868,-1.086,-1.025,-0.388,0.293,-0.235]",,,,,,,,
sh.600008,cn,首创环保,证监会: D46水的生产和供应业,-0.247,0.447,320,929,10,"[null,null,-1.152,-1.304,-1.292,-1.204,-1.174,-1.024,-1.13,-1.248,-0.576,-1.577,-0.252,-0.247]",,,,,,,,
sz.300498,cn,温氏股份,证监会: A03畜牧业,-0.248,0.447,321,929,-10,"[null,null,-0.915,-1.226,-1.174,-1.096,-1.192,-0.736,-0.382,-0.957,-0.887,-0.735,-0.2,-0.248]",,,,,,,,
sh.600299,cn,安迪苏,证监会: C14食品制造业,-0.254,0.447,322,929,50,"[null,null,-1.316,-1.368,-1.331,-1.257,-1.157,-0.682,-1.183,-0.31,1.412,0.124,-0.371,-0.254]",,,,,,,,
sz.000636,cn,风华高科,证监会: C39计算机、通信和其他电子设备制造业,-0.257,0.447,323,929,-136,"[null,null,-0.957,-1.027,-0.931,-0.889,-0.609,-0.87,0.323,0.223,0.244,-0.859,0.154,-0.257]",,,,,,,,
sz.002344,cn,海宁皮城,证监会: L72商务服务业,-0.259,0.447,324,929,23,"[null,null,-1.218,-1.281,-1.069,-1.117,-1.022,-1.069,-1.115,-1.028,-1.22,-1.156,-0.288,-0.259]",,,,,,,,
sz.003816,cn,中国广核,证监会: D44电力、热力生产和供应业,-0.262,0.447,325,929,10,"[null,null,-1.308,-1.163,-1.287,-1.132,-0.957,-0.899,-0.586,-0.612,-0.869,-1.298,-0.26,-0.262]",,,,,,,,
sz.002756,cn,永兴材料,证监会: C32有色金属冶炼和压延加工业,-0.264,0.447,326,929,23,"[null,null,-1.113,-0.789,-0.563,-0.586,-0.637,-0.893,-0.97,-0.85,0.448,-0.575,-0.297,-0.264]",,,,,,,,
sz.002242,cn,九阳股份,证监会: C38电气机械和器材制造业,-0.268,0.448,327,929,185,"[null,null,-1.34,-1.365,-0.822,-0.933,-1.021,-1.247,-1.012,-0.795,-0.358,-0.238,-0.664,-0.268]",,,,,,,,
sh.600628,cn,新世界,证监会: F52零售业,-0.272,0.448,328,929,6,"[null,null,-1.294,-1.298,-1.087,-1.112,-0.849,-1.131,-1.071,-0.963,-1.086,-1.192,-0.257,-0.272]",,,,,,,,
sz.000751,cn,锌业股份,证监会: C32有色金属冶炼和压延加工业,-0.277,0.448,329,929,-108,"[null,null,-1.248,-1.153,-1.034,-0.914,-0.696,-0.998,-0.319,-0.408,-0.647,-1.128,0.048,-0.277]",,,,,,,,
sz.002202,cn,金风科技,证监会: C34通用设备制造业,-0.277,0.448,330,929,-26,"[null,null,-0.734,-1.159,-1.207,-0.6,-0.284,-0.444,-0.883,-0.957,-0.402,-0.812,-0.181,-0.277]",,,,,,,,
sz.002179,cn,中航光电,证监会: C39计算机、通信和其他电子设备制造业,-0.279,0.448,331,929,117,"[null,null,-1.11,-0.993,-1.163,-0.908,-1.055,-0.895,-1.169,-0.872,-0.998,-0.141,-0.56,-0.279]",,,,,,,,
sz.000059,cn,华锦股份,证监会: C25石油、煤炭及其他燃料加工业,-0.283,0.448,332,929,44,"[null,null,-1.253,-1.331,-1.105,-0.959,-0.998,-0.834,-0.991,-1.053,-0.365,-0.497,-0.38,-0.283]",,,,,,,,
sh.603195,cn,公牛集团,证监会: C38电气机械和器材制造业,-0.285,0.448,333,929,-8,"[null,null,-1.299,-1.201,-1.269,-1.338,-0.945,-0.718,-0.885,-1.133,-0.624,-0.509,-0.246,-0.285]",,,,,,,,
sz.000767,cn,晋控电力,证监会: D44电力、热力生产和供应业,-0.287,0.448,334,929,242,"[null,null,-1.232,-1.26,-1.257,-1.287,-1.086,-0.796,-1.57,-1.579,-0.562,-0.927,-0.778,-0.287]",,,,,,,,
sz.300832,cn,新产业,证监会: C27医药制造业,-0.289,0.448,335,929,-60,"[null,null,-0.781,-1.111,-0.999,-1.356,-1.144,-1.292,-1.084,-0.842,-0.861,-1.173,-0.104,-0.289]",,,,,,,,
sh.600340,cn,*ST华幸,证监会: K70房地产业,-0.296,0.448,336,929,-23,"[null,null,-1.209,-1.235,-1.179,-1.06,0.773,-0.879,-0.708,-0.869,0.361,-0.562,-0.213,-0.296]",,,,,,,,
sh.603260,cn,合盛硅业,证监会: C26化学原料和化学制品制造业,-0.296,0.448,337,929,51,"[null,null,-1.061,-1.145,-0.771,-0.966,-0.499,-0.816,-0.596,-0.889,-0.696,-0.814,-0.441,-0.296]",,,,,,,,
sh.600795,cn,国电电力,证监会: D44电力、热力生产和供应业,-0.299,0.448,338,929,-28,"[null,null,-0.908,-0.54,-0.941,-0.844,-1.356,-0.616,-0.714,-0.806,-0.645,-0.84,-0.2,-0.299]",,,,,,,,
sz.002466,cn,天齐锂业,证监会: C32有色金属冶炼和压延加工业,-0.304,0.448,339,929,-129,"[null,null,-0.89,-1.14,-0.868,-0.724,-0.737,-0.536,-0.536,0.29,-0.595,-0.572,0.07,-0.304]",,,,,,,,
sz.000559,cn,万向钱潮,证监会: C36汽车制造业,-0.307,0.448,340,929,45,"[null,null,-1.15,-1.393,-1.187,-0.733,-1.013,-0.77,-0.084,-0.918,-1.09,-0.403,-0.409,-0.307]",,,,,,,,
sh.600809,cn,山西汾酒,证监会: C15酒、饮料和精制茶制造业,-0.308,0.448,341,929,146,"[null,null,-0.989,-1.183,-1.111,-1.266,-0.751,-1.126,-0.85,-0.9,-0.917,-1.374,-0.631,-0.308]",,,,,,,,
sh.600664,cn,哈药股份,证监会: C27医药制造业,-0.311,0.448,342,929,-108,"[null,null,-1.317,-1.35,-1.129,-1.346,-1.246,-1.189,-1.218,-1.331,-1.089,-0.575,-0.003,-0.311]",,,,,,,,
sz.300769,cn,德方纳米,证监会: C39计算机、通信和其他电子设备制造业,-0.316,0.448,343,929,-127,"[null,null,0.952,-0.477,0.297,-0.193,-0.465,-0.838,-0.541,-0.899,-0.312,-0.639,0.053,-0.316]",,,,,,,,
sz.002024,cn,ST易购,证监会: F52零售业,-0.32,0.448,344,929,4,"[null,null,-1.364,-1.388,-1.244,-1.189,-1.287,-1.279,-1.128,-1.077,-0.913,-1.085,-0.293,-0.32]",,,,,,,,
sz.000607,cn,华媒控股,证监会: L72商务服务业,-0.321,0.448,345,929,18,"[null,null,-0.976,-1.255,-1.107,-1.355,-0.858,-1.316,-1.011,-0.96,-1.052,-0.856,-0.339,-0.321]",,,,,,,,
sh.600007,cn,中国国贸,证监会: K70房地产业,-0.324,0.448,346,929,-37,"[null,null,-1.25,-1.316,-1.169,-1.243,-0.721,-1.162,-0.63,-0.379,-0.597,-0.543,-0.2,-0.324]",,,,,,,,
sh.600780,cn,通宝能源,证监会: D44电力、热力生产和供应业,-0.327,0.448,347,929,22,"[null,null,-1.318,-1.263,-1.247,-1.22,-0.972,-1.057,-1.227,-0.747,-0.749,-0.048,-0.358,-0.327]",,,,,,,,
sh.601985,cn,中国核电,证监会: D44电力、热力生产和供应业,-0.328,0.448,348,929,-85,"[null,null,-1.108,-1.401,-0.524,-0.97,-1.027,-1.083,-0.667,0.026,-0.621,-0.576,-0.079,-0.328]",,,,,,,,
sh.600428,cn,中远海特,证监会: G55水上运输业,-0.329,0.448,350,929,0,"[null,null,-1.266,-1.047,-1.134,-1.219,-1.061,-0.893,-1.166,-0.955,-0.65,-0.783,-0.302,-0.329]",,,,,,,,
sz.002275,cn,桂林三金,证监会: C27医药制造业,-0.329,0.448,349,929,-10,"[null,null,-1.307,-1.215,-1.12,-1.425,-1.257,-1.271,-1.16,-1.111,-1.198,-0.93,-0.266,-0.329]",,,,,,,,
sh.600863,cn,华能蒙电,证监会: D44电力、热力生产和供应业,-0.334,0.448,351,929,32,"[null,null,-1.1,-0.519,-0.533,-0.814,0.071,-0.279,-0.657,-0.635,-0.374,-1.059,-0.4,-0.334]",,,,,,,,
sz.000539,cn,粤电力A,证监会: D44电力、热力生产和供应业,-0.336,0.448,352,929,-65,"[null,null,-1.154,-1.3,-1.291,-1.353,-0.635,-0.987,-1.556,-1.228,-0.719,-0.894,-0.133,-0.336]",,,,,,,,
sz.002714,cn,牧原股份,证监会: A03畜牧业,-0.34,0.448,353,929,75,"[null,null,-0.897,-1.037,-1.075,-0.677,-1.156,-1.038,-0.841,-0.759,-0.91,-0.652,-0.526,-0.34]",,,,,,,,
sh.600519,cn,贵州茅台,证监会: C15酒、饮料和精制茶制造业,-0.342,0.448,354,929,-112,"[null,null,-0.858,-1.036,-0.6,-0.845,-0.786,-0.705,-0.819,-0.918,-0.896,-0.435,-0.028,-0.342]",,,,,,,,
sh.600578,cn,京能电力,证监会: D44电力、热力生产和供应业,-0.342,0.448,355,929,159,"[null,null,-1.335,-1.042,-1.086,-0.882,-1.03,-0.958,-1.105,-1.39,-0.608,-1.009,-0.668,-0.342]",,,,,,,,
sh.605499,cn,东鹏饮料,证监会: C15酒、饮料和精制茶制造业,-0.343,0.448,356,929,0,"[null,null,-1.042,-0.864,0.034,-0.56,-0.701,-0.621,-0.307,-0.923,0.196,-0.391,-0.314,-0.343]",,,,,,,,
sh.603233,cn,大参林,证监会: F52零售业,-0.346,0.448,357,929,7,"[null,null,-1.229,-1.184,-1.016,-1.171,-0.65,-1.005,-1.126,-1.043,-0.932,-0.806,-0.341,-0.346]",,,,,,,,
sz.002426,cn,胜利精密,证监会: C39计算机、通信和其他电子设备制造业,-0.351,0.448,358,929,-150,"[null,null,-1.222,-0.967,-1.326,-1.113,-1.09,-1.002,-0.87,-0.806,-0.617,-1.318,0.08,-0.351]",,,,,,,,
sz.000930,cn,中粮科技,证监会: C26化学原料和化学制品制造业,-0.352,0.448,359,929,-27,"[null,null,-1.269,-1.288,-1.238,-1.21,-0.827,-0.984,-1.176,-0.924,-0.678,-0.342,-0.255,-0.352]",,,,,,,,
sh.600035,cn,楚天高速,证监会: G54道路运输业,-0.356,0.448,360,929,-24,"[null,null,-1.302,-1.281,-1.238,-1.174,-1.189,-0.451,-1.247,-0.854,-0.641,-0.953,-0.263,-0.356]",,,,,,,,
sh.601101,cn,昊华能源,证监会: B06煤炭开采和洗选业,-0.357,0.448,361,929,90,"[null,null,-1.128,-1.167,-1.155,-1.192,-0.844,-1.011,-0.934,-1.45,-0.271,-0.663,-0.565,-0.357]",,,,,,,,
sh.600790,cn,轻纺城,证监会: L72商务服务业,-0.359,0.448,362,929,107,"[null,null,-1.299,-1.338,-1.286,-1.211,-1.166,-1.161,-1.21,-0.968,-0.88,-0.649,-0.601,-0.359]",,,,,,,,
sz.000983,cn,山西焦煤,证监会: B06煤炭开采和洗选业,-0.36,0.448,364,929,-9,"[null,null,-1.275,-1.278,-1.297,-1.278,-1.012,-1.127,-1.372,-0.822,-0.834,-0.475,-0.313,-0.36]",,,,,,,,
sz.002456,cn,欧菲光,证监会: C39计算机、通信和其他电子设备制造业,-0.36,0.448,363,929,5,"[null,null,-1.008,-1.135,-0.866,-1.197,-1.325,-1.324,-1.061,-1.182,-1.022,-1.391,-0.357,-0.36]",,,,,,,,
sh.601318,cn,中国平安,证监会: J68保险业,-0.364,0.448,365,929,-37,"[null,null,-1.104,-0.987,-0.407,-0.894,-0.889,-1.225,-1.311,-0.732,-0.791,-0.607,-0.251,-0.364]",,,,,,,,
sz.000755,cn,山西高速,证监会: G54道路运输业,-0.365,0.448,366,929,-60,"[null,null,-1.226,-1.22,-1.024,-1.282,-1.023,-1.12,-1.194,-1.182,-0.751,0.058,-0.183,-0.365]",,,,,,,,
sh.600236,cn,桂冠电力,证监会: D44电力、热力生产和供应业,-0.369,0.448,367,929,-64,"[null,null,-0.988,-0.456,-0.795,-0.678,-0.669,-0.249,-0.93,0.495,-0.427,-0.345,-0.181,-0.369]",,,,,,,,
sz.300896,cn,爱美客,证监会: C35专用设备制造业,-0.372,0.448,369,929,68,"[null,null,-0.572,-1.193,-0.962,-1.188,-1.1,-1.101,-0.839,-0.974,-0.972,-0.832,-0.541,-0.372]",,,,,,,,
sz.002092,cn,中泰化学,证监会: C26化学原料和化学制品制造业,-0.372,0.448,368,929,25,"[null,null,-1.32,-1.294,-0.909,-0.914,-0.508,-0.785,-1.181,-0.735,0.793,0.103,-0.457,-0.372]",,,,,,,,
sh.603893,cn,瑞芯微,证监会: C39计算机、通信和其他电子设备制造业,-0.373,0.448,370,929,40,"[null,null,-0.892,0.428,0.279,-0.144,-0.247,-0.476,-0.147,-0.414,-0.841,-0.51,-0.485,-0.373]",,,,,,,,
sz.000568,cn,泸州老窖,证监会: C15酒、饮料和精制茶制造业,-0.375,0.448,371,929,7,"[null,null,-0.979,-1.01,-0.927,-1.074,-0.943,-1.051,-1.016,-1.172,-0.996,-0.987,-0.387,-0.375]",,,,,,,,
sz.002007,cn,华兰生物,证监会: C27医药制造业,-0.376,0.448,372,929,41,"[null,null,-1.297,-1.269,-1.18,-1.208,-0.822,-0.91,-0.926,-1.135,-1.213,-1.1,-0.495,-0.376]",,,,,,,,
sh.601699,cn,潞安环能,证监会: B06煤炭开采和洗选业,-0.378,0.448,373,929,-12,"[null,null,-1.059,-1.044,-0.713,-1.012,-0.81,-0.985,-1.012,-0.718,-0.651,-0.948,-0.332,-0.378]",,,,,,,,
sh.600161,cn,天坛生物,证监会: C27医药制造业,-0.388,0.448,374,929,-22,"[null,null,-1.311,-1.104,-0.672,-0.675,-0.298,-0.689,-0.545,-1.142,-1.047,-1.218,-0.305,-0.388]",,,,,,,,
sh.600117,cn,西宁特钢,证监会: C31黑色金属冶炼和压延加工业,-0.393,0.448,375,929,-90,"[null,null,-0.52,-1.125,-1.155,-1.233,-1.158,-1.054,-1.048,-1.11,-1.235,-1.128,-0.123,-0.393]",,,,,,,,
sz.001979,cn,招商蛇口,证监会: K70房地产业,-0.393,0.448,376,929,22,"[null,null,-1.111,-1.077,-1.203,-1.279,-0.908,-0.966,-0.981,-0.943,-0.955,-0.518,-0.468,-0.393]",,,,,,,,
sh.600158,cn,中体产业,证监会: R89体育,-0.394,0.448,377,929,-36,"[null,null,-1.112,-1.103,-1.174,-1.155,-1.01,-0.928,-1.254,-1.353,-1.315,0.473,-0.274,-0.394]",,,,,,,,
sh.688111,cn,金山办公,证监会: I65软件和信息技术服务业,-0.395,0.448,378,929,525,"[null,null,0.523,-0.182,-0.892,-0.415,-0.676,-0.734,-0.422,-0.752,-0.982,-0.766,-1.228,-0.395]",,,,,,,,
sz.002375,cn,亚厦股份,证监会: E50建筑装饰、装修和其他建筑业,-0.403,0.448,379,929,-91,"[null,null,-1.362,-1.343,-1.152,-1.352,-1.151,-1.01,-1.188,-0.971,-1.117,-0.428,-0.133,-0.403]",,,,,,,,
sz.000656,cn,*ST金科,证监会: K70房地产业,-0.404,0.448,380,929,-178,"[null,null,-0.963,-0.699,-0.785,-0.631,-0.654,-0.963,-0.657,-0.627,-0.393,0.218,0.1,-0.404]",,,,,,,,
sh.600231,cn,凌钢股份,证监会: C31黑色金属冶炼和压延加工业,-0.405,0.448,381,929,59,"[null,null,-1.062,-0.984,-0.801,-1.101,-1.038,-1.026,-0.663,-0.925,-1.081,0.004,-0.544,-0.405]",,,,,,,,
sh.601228,cn,广州港,证监会: G55水上运输业,-0.409,0.448,382,929,23,"[null,null,-1.332,-1.308,-1.286,-1.196,-1.037,-1.058,-1.163,-1.157,-1.198,-1.216,-0.477,-0.409]",,,,,,,,
sh.600881,cn,亚泰集团,证监会: C30非金属矿物制品业,-0.41,0.448,384,929,86,"[null,null,-1.066,-1.288,-0.912,-0.887,-1.178,-1.227,-1.275,-1.217,-1.034,-1.072,-0.604,-0.41]",,,,,,,,
sh.600854,cn,春兰股份,证监会: C38电气机械和器材制造业,-0.41,0.448,383,929,61,"[null,null,-1.302,-1.316,-1.13,-1.336,-1.303,-1.06,-1.05,-0.968,-0.911,-0.292,-0.554,-0.41]",,,,,,,,
sz.000876,cn,新希望,证监会: C13农副食品加工业,-0.41,0.448,385,929,-27,"[null,null,-1.156,-1.435,-0.997,-0.807,-0.9,-0.945,-0.493,-0.969,-1.053,-0.263,-0.319,-0.41]",,,,,,,,
sh.600403,cn,大有能源,证监会: B06煤炭开采和洗选业,-0.413,0.449,386,929,81,"[null,null,-0.842,-1.133,-1.225,-0.254,-0.576,-0.938,0.382,1.019,-0.68,-0.347,-0.592,-0.413]",,,,,,,,
sz.000536,cn,华映科技,证监会: C39计算机、通信和其他电子设备制造业,-0.414,0.449,387,929,-159,"[null,null,-1.029,-0.641,-1.137,-1.275,-0.928,-1.002,-1.108,-1.198,-1.062,-0.878,0.02,-0.414]",,,,,,,,
sz.300418,cn,昆仑万维,证监会: I64互联网和相关服务,-0.415,0.449,388,929,444,"[null,null,0.314,-0.041,-0.557,0.188,-0.208,-0.54,1.64,0.561,-0.13,-0.317,-1.099,-0.415]",,,,,,,,
sz.002001,cn,新和成,证监会: C27医药制造业,-0.423,0.449,389,929,35,"[null,null,-1.091,-1.089,-1.077,-1.063,-0.92,-0.644,-0.917,-0.969,-0.295,-0.54,-0.519,-0.423]",,,,,,,,
sh.600717,cn,天津港,证监会: G55水上运输业,-0.424,0.449,390,929,-15,"[null,null,-1.238,-1.256,-1.262,-1.276,-1.055,-1.041,-1.193,-0.907,-0.887,-0.844,-0.378,-0.424]",,,,,,,,
sh.601600,cn,中国铝业,证监会: C32有色金属冶炼和压延加工业,-0.424,0.449,391,929,51,"[null,null,-0.868,-0.596,-0.782,-0.779,-0.79,-1.044,-0.103,-0.747,-1.222,0.277,-0.554,-0.424]",,,,,,,,
sh.600805,cn,悦达投资,证监会: S91综合,-0.427,0.449,392,929,-26,"[null,null,-1.206,-0.984,-1.099,-1.27,-1.202,-1.132,-1.095,-0.998,-0.933,-0.922,-0.348,-0.427]",,,,,,,,
sh.600874,cn,创业环保,证监会: D46水的生产和供应业,-0.428,0.449,393,929,32,"[null,null,-1.192,-1.216,-1.068,-1.194,-0.884,-1.067,-1.264,-0.841,-1.098,-1.027,-0.52,-0.428]",,,,,,,,
sh.600642,cn,申能股份,证监会: D44电力、热力生产和供应业,-0.431,0.449,394,929,-34,"[null,null,-1.262,0.267,0.349,-0.307,0.31,0.416,-0.246,-0.175,-0.399,-0.91,-0.331,-0.431]",,,,,,,,
sh.600660,cn,福耀玻璃,证监会: C30非金属矿物制品业,-0.433,0.449,395,929,-41,"[null,null,-0.805,-0.827,-1.18,-1.07,-1.159,-0.995,-1.207,-1.111,-1.121,-1.111,-0.311,-0.433]",,,,,,,,
sh.603833,cn,欧派家居,证监会: C21家具制造业,-0.435,0.449,396,929,-23,"[null,null,-1.079,-1.254,-1.209,-1.297,-0.864,-1.031,-1.014,-0.598,-0.336,-0.904,-0.371,-0.435]",,,,,,,,
sh.601800,cn,中国交建,证监会: E48土木工程建筑业,-0.435,0.449,397,929,-5,"[null,null,-1.278,-1.35,-1.356,-1.309,-1.252,-1.244,-1.198,-1.248,-1.23,-1.268,-0.457,-0.435]",,,,,,,,
sz.002812,cn,恩捷股份,证监会: C29橡胶和塑料制品业,-0.437,0.449,398,929,-105,"[null,null,-0.681,-0.463,-0.436,-0.845,-0.743,-0.727,-0.572,-0.756,-0.736,-0.791,-0.145,-0.437]",,,,,,,,
sz.000498,cn,山东路桥,证监会: E48土木工程建筑业,-0.438,0.449,399,929,-15,"[null,null,-1.249,-1.272,-1.28,-1.201,-1.011,-1.065,-1.277,-1.121,-1.23,-1.068,-0.406,-0.438]",,,,,,,,
sh.600569,cn,安阳钢铁,证监会: C31黑色金属冶炼和压延加工业,-0.439,0.449,400,929,155,"[null,null,-1.097,-1.001,-0.724,-1.079,-1.059,-1.155,-0.724,-0.695,-0.738,-1.085,-0.733,-0.439]",,,,,,,,
sh.600060,cn,海信视像,证监会: C39计算机、通信和其他电子设备制造业,-0.44,0.449,401,929,129,"[null,null,-1.121,-0.91,-0.957,-1.21,-0.838,-1.128,-1.172,-0.842,-0.864,-0.66,-0.695,-0.44]",,,,,,,,
sz.002424,cn,ST百灵,证监会: C27医药制造业,-0.442,0.449,402,929,-60,"[null,null,-0.914,-1.094,-0.628,-0.071,-0.633,-0.677,-0.001,-0.985,-0.968,-0.91,-0.277,-0.442]",,,,,,,,
sz.002821,cn,凯莱英,证监会: C27医药制造业,-0.442,0.449,403,929,15,"[null,null,-0.738,-0.798,-0.851,-1.086,-1.162,-1.066,-1.05,-0.723,-0.8,-1.035,-0.511,-0.442]",,,,,,,,
sz.002385,cn,大北农,证监会: C13农副食品加工业,-0.447,0.449,404,929,-45,"[null,null,-1.396,-0.975,-0.684,-0.686,-0.524,-0.416,-0.669,-0.975,-1.099,-0.479,-0.324,-0.447]",,,,,,,,
sz.300803,cn,指南针,证监会: J69其他金融业,-0.449,0.449,405,929,-74,"[null,null,1.171,0.37,0.762,1.386,0.369,0.505,0.265,0.214,0.796,-0.061,-0.253,-0.449]",,,,,,,,
sh.600663,cn,陆家嘴,证监会: K70房地产业,-0.449,0.449,406,929,3,"[null,null,-1.193,-1.311,-1.356,-1.301,-1.232,-1.045,-1.181,-1.07,-0.969,-0.831,-0.484,-0.449]",,,,,,,,
sh.600812,cn,华北制药,证监会: C27医药制造业,-0.451,0.449,407,929,-6,"[null,null,-1.301,-1.316,-1.196,-1.298,-1.217,-1.18,-1.157,-1.067,-1.074,-0.813,-0.474,-0.451]",,,,,,,,
sz.002653,cn,海思科,证监会: C27医药制造业,-0.464,0.449,408,929,-4,"[null,null,-0.97,-0.971,-0.688,-0.865,-0.824,-1.173,-0.716,-0.982,-0.666,-0.973,-0.476,-0.464]",,,,,,,,
sz.002027,cn,分众传媒,证监会: L72商务服务业,-0.477,0.449,409,929,-66,"[null,null,-1.209,-1.216,-1.2,-0.985,-1.047,-1.263,-1.287,-1.287,-1.119,-1.436,-0.278,-0.477]",,,,,,,,
sh.601828,cn,美凯龙,证监会: L72商务服务业,-0.48,0.449,410,929,19,"[null,null,-1.274,-1.41,-1.267,-1.435,-0.882,-0.973,-1.276,-0.988,-0.989,-1.038,-0.526,-0.48]",,,,,,,,
sh.601168,cn,西部矿业,证监会: B09有色金属矿采选业,-0.483,0.449,411,929,-20,"[null,null,-0.959,-0.886,-0.742,-0.748,-0.397,-1.094,-0.674,0.089,-0.846,-1.091,-0.456,-0.483]",,,,,,,,
sh.600748,cn,上实发展,证监会: K70房地产业,-0.483,0.449,412,929,-112,"[null,null,-0.779,-0.787,-0.72,-0.797,-1.088,-0.892,-0.956,-0.918,-0.544,0.211,-0.172,-0.483]",,,,,,,,
sh.601098,cn,中南传媒,证监会: R86新闻和出版业,-0.489,0.449,413,929,48,"[null,null,-1.305,-1.174,-0.763,-0.691,-0.881,-0.493,-0.637,-0.887,-0.959,-1.127,-0.586,-0.489]",,,,,,,,
sh.600866,cn,星湖科技,证监会: C14食品制造业,-0.49,0.449,415,929,64,"[null,null,-1.257,-1.281,-1.258,-1.256,-1.139,-0.994,-1.095,-0.143,0.602,-0.798,-0.615,-0.49]",,,,,,,,
sh.601801,cn,皖新传媒,证监会: R86新闻和出版业,-0.49,0.449,416,929,31,"[null,null,-1.342,-1.317,-1.218,-1.242,-1.231,-1.084,-1.229,-1.152,-1.165,-1.2,-0.559,-0.49]",,,,,,,,
sz.002353,cn,杰瑞股份,证监会: C35专用设备制造业,-0.49,0.449,414,929,201,"[null,null,-0.434,-0.946,-0.817,-0.237,-0.563,-0.092,-0.964,-0.556,-0.441,-0.722,-0.863,-0.49]",,,,,,,,
sz.000822,cn,山东海化,证监会: C26化学原料和化学制品制造业,-0.491,0.449,418,929,-2,"[null,null,-1.315,-1.366,-1.163,-1.285,-0.928,-0.843,-1.534,-0.556,1.037,-0.546,-0.505,-0.491]",,,,,,,,
sz.000631,cn,顺发恒能,证监会: K70房地产业,-0.491,0.449,417,929,-14,"[null,null,-1.098,-1.32,-0.938,-1.076,-0.333,-1.158,-0.918,0.383,-0.916,-0.835,-0.476,-0.491]",,,,,,,,
sz.002050,cn,三花智控,证监会: C34通用设备制造业,-0.492,0.449,420,929,137,"[null,null,-0.487,-0.618,0.527,0.703,-0.504,-0.655,-0.538,-0.946,-1.006,-0.766,-0.738,-0.492]",,,,,,,,
sz.002081,cn,金螳螂,证监会: E50建筑装饰、装修和其他建筑业,-0.492,0.449,419,929,-183,"[null,null,-1.226,-1.329,-1.218,-1.009,-1.088,-0.997,-1.191,-1.008,-1.103,-1.191,-0.013,-0.492]",,,,,,,,
sz.000807,cn,云铝股份,证监会: C32有色金属冶炼和压延加工业,-0.495,0.449,421,929,86,"[null,null,-0.865,-1.113,-0.85,-0.632,-0.727,-1.026,-0.942,-0.886,-1.097,1.042,-0.659,-0.495]",,,,,,,,
sz.000507,cn,珠海港,证监会: G55水上运输业,-0.495,0.449,422,929,96,"[null,null,-1.349,-1.354,-1.336,-1.294,-1.234,-1.053,-1.066,-1.135,-0.985,-1.134,-0.675,-0.495]",,,,,,,,
sh.601633,cn,长城汽车,证监会: C36汽车制造业,-0.496,0.449,423,929,10,"[null,null,-1.13,-1.222,-1.235,-1.187,-1.289,-1.244,-1.143,-1.25,-0.838,-1.017,-0.53,-0.496]",,,,,,,,
sz.000016,cn,*ST康佳A,证监会: C39计算机、通信和其他电子设备制造业,-0.498,0.449,424,929,-17,"[null,null,-1.116,-0.781,-0.691,-1.175,-1.014,-0.218,-0.469,-0.409,-0.352,-0.157,-0.481,-0.498]",,,,,,,,
sz.300999,cn,金龙鱼,证监会: C13农副食品加工业,-0.501,0.449,426,929,-18,"[null,null,-1.139,-1.285,-1.164,-1.249,-1.136,-1.117,-1.084,-0.992,-1.063,-1.188,-0.484,-0.501]",,,,,,,,
sh.600111,cn,北方稀土,证监会: C32有色金属冶炼和压延加工业,-0.501,0.449,425,929,-88,"[null,null,-1.037,-1.159,-0.696,-0.639,-0.813,-0.656,-0.821,0.18,-0.954,-0.517,-0.264,-0.501]",,,,,,,,
sh.600098,cn,广州发展,证监会: D44电力、热力生产和供应业,-0.503,0.449,427,929,62,"[null,null,-1.196,-1.178,-1.098,-1.285,-0.711,-0.995,-1.18,-0.78,-0.796,-0.343,-0.632,-0.503]",,,,,,,,
sh.600639,cn,浦东金桥,证监会: K70房地产业,-0.504,0.449,429,929,26,"[null,null,-1.042,-1.159,-1.327,-1.317,-0.997,-1.157,-1.102,-1.322,-1.157,-0.969,-0.577,-0.504]",,,,,,,,
sz.000886,cn,海南高速,证监会: G54道路运输业,-0.504,0.449,428,929,-11,"[null,null,-0.986,-0.954,-0.872,-1.359,-0.66,-1.056,-1.136,-1.117,-0.821,-1.015,-0.511,-0.504]",,,,,,,,
sh.600546,cn,山煤国际,证监会: B06煤炭开采和洗选业,-0.506,0.449,430,929,-60,"[null,null,-1.04,-1.126,-0.997,-1.17,-1.015,-0.933,-1.062,-0.563,-0.775,-0.167,-0.362,-0.506]",,,,,,,,
sz.002594,cn,比亚迪,证监会: C36汽车制造业,-0.512,0.449,431,929,135,"[null,null,-0.599,-0.991,-0.732,-0.733,-1.137,-0.996,-0.885,-0.659,-0.878,-1.175,-0.765,-0.512]",,,,,,,,
sz.300558,cn,贝达药业,证监会: C27医药制造业,-0.514,0.449,432,929,42,"[null,null,-0.869,0.308,-0.75,-1.036,-1.215,-1.221,-1.022,-1.25,-0.759,-0.677,-0.608,-0.514]",,,,,,,,
sh.601958,cn,金钼股份,证监会: B09有色金属矿采选业,-0.516,0.449,433,929,-292,"[null,null,-0.985,-0.884,-1.045,-0.893,-0.62,-1.181,-0.129,-0.243,-0.788,-1.27,0.34,-0.516]",,,,,,,,
sh.601698,cn,中国卫通,证监会: I63电信、广播电视和卫星传输服务,-0.519,0.449,434,929,192,"[null,null,-1.049,-0.529,-1.024,-1.288,-0.512,-0.323,0.357,-0.613,0.046,-0.658,-0.876,-0.519]",,,,,,,,
sh.600215,cn,派斯林,证监会: C34通用设备制造业,-0.528,0.449,435,929,65,"[null,null,-1.284,-1.217,-0.871,-0.983,-0.536,-0.895,-0.595,-0.915,-1.155,-0.861,-0.645,-0.528]",,,,,,,,
sh.600088,cn,中视传媒,证监会: R87广播、电视、电影和录音制作业,-0.529,0.449,436,929,-34,"[null,null,-1.062,-1.236,-1.028,-1.311,-0.976,-0.997,-1.033,-1.046,-0.891,0.453,-0.475,-0.529]",,,,,,,,
sh.600770,cn,综艺股份,证监会: D44电力、热力生产和供应业,-0.529,0.449,437,929,-206,"[null,null,-1.167,-1.177,-1.136,-1.145,-0.649,-0.995,-0.651,-0.954,-0.974,-0.988,0.01,-0.529]",,,,,,,,
sz.000726,cn,鲁泰A,证监会: C17纺织业,-0.531,0.449,438,929,60,"[null,null,-1.376,-1.226,-1.118,-1.261,-0.9,-1.109,-1.143,-1.106,-1.201,-1.073,-0.645,-0.531]",,,,,,,,
sh.600872,cn,中炬高新,证监会: C14食品制造业,-0.532,0.449,440,929,10,"[null,null,-1.283,-1.331,-1.279,-1.191,-1.211,-1.048,-1.174,-0.741,-0.972,-1.016,-0.563,-0.532]",,,,,,,,
sz.000828,cn,东莞控股,证监会: G54道路运输业,-0.532,0.449,439,929,-42,"[null,null,-1.285,-1.227,-1.31,-1.249,-1.288,-1.095,-1.054,-1.038,-1.152,-1.091,-0.467,-0.532]",,,,,,,,
sh.600282,cn,南钢股份,证监会: C31黑色金属冶炼和压延加工业,-0.537,0.449,442,929,14,"[null,null,-1.076,-0.869,-0.384,-0.791,-0.846,-0.993,-1.123,-1.023,-0.86,-1.101,-0.578,-0.537]",,,,,,,,
sz.300677,cn,英科医疗,证监会: C29橡胶和塑料制品业,-0.537,0.449,443,929,-22,"[null,null,-0.998,-0.972,-0.61,-1.04,-0.935,-0.916,-0.898,-0.363,0.784,-0.233,-0.514,-0.537]",,,,,,,,
sz.002570,cn,贝因美,证监会: C14食品制造业,-0.537,0.449,441,929,39,"[null,null,-1.079,-1.152,-1.099,-1.169,-1.186,-1.185,-0.924,-0.977,-0.95,-0.32,-0.617,-0.537]",,,,,,,,
sh.603501,cn,豪威集团,证监会: C39计算机、通信和其他电子设备制造业,-0.539,0.449,444,929,80,"[null,null,-0.636,-1.024,-1.031,-0.874,-1.083,-1.024,-0.382,-0.677,-1.133,-0.65,-0.686,-0.539]",,,,,,,,
sh.600820,cn,隧道股份,证监会: E48土木工程建筑业,-0.541,0.449,445,929,0,"[null,null,-1.244,-1.18,-1.239,-1.097,-0.769,-1.06,-1.164,-1.141,-0.963,-1.101,-0.558,-0.541]",,,,,,,,
sz.000883,cn,湖北能源,证监会: D44电力、热力生产和供应业,-0.546,0.449,446,929,-10,"[null,null,-1.104,-1.033,-1.171,-1.141,-1.171,-0.924,-1.098,-0.958,-0.741,-1.038,-0.534,-0.546]",,,,,,,,
sz.001289,cn,龙源电力,证监会: D44电力、热力生产和供应业,-0.547,0.449,447,929,-25,"[null,null,-1.041,-1.167,-1.087,-1.26,-1.124,-0.784,-0.405,-0.98,-0.849,-0.52,-0.515,-0.547]",,,,,,,,
sh.601186,cn,中国铁建,证监会: E48土木工程建筑业,-0.549,0.449,448,929,36,"[null,null,-1.264,-1.378,-1.249,-1.226,-1.267,-1.165,-1.229,-1.208,-1.126,-1.191,-0.624,-0.549]",,,,,,,,
sz.002028,cn,思源电气,证监会: C38电气机械和器材制造业,-0.55,0.449,449,929,105,"[null,null,-0.586,-0.707,-0.215,-0.852,-0.565,-0.415,-0.995,-0.91,-0.968,-0.668,-0.732,-0.55]",,,,,,,,
sh.601021,cn,春秋航空,证监会: G56航空运输业,-0.556,0.45,451,929,82,"[null,null,-1.05,-1.302,-0.972,-0.896,-1.115,-1.2,-0.528,-0.953,-0.808,-0.928,-0.695,-0.556]",,,,,,,,
sz.000596,cn,古井贡酒,证监会: C15酒、饮料和精制茶制造业,-0.556,0.45,450,929,-69,"[null,null,-0.966,-1.026,-0.815,-0.334,-0.806,-0.725,-0.825,-0.916,-1.058,-1.023,-0.393,-0.556]",,,,,,,,
sh.601369,cn,陕鼓动力,证监会: C34通用设备制造业,-0.56,0.45,452,929,-184,"[null,null,-1.227,-1.153,-1.083,-1.005,-0.631,-0.719,-1.085,-0.905,-0.801,-0.236,-0.087,-0.56]",,,,,,,,
sz.002299,cn,圣农发展,证监会: C13农副食品加工业,-0.562,0.45,453,929,-26,"[null,null,-1.008,-1.132,-1.191,-0.895,-0.472,-0.668,-1.051,-1.069,-1.061,-1.111,-0.522,-0.562]",,,,,,,,
sz.000029,cn,深深房A,证监会: K70房地产业,-0.563,0.45,454,929,5,"[null,null,-0.55,-1.009,-0.648,-0.817,-0.896,-0.893,-0.913,-0.915,-0.502,-0.869,-0.582,-0.563]",,,,,,,,
sz.000717,cn,中南股份,证监会: C31黑色金属冶炼和压延加工业,-0.567,0.45,456,929,89,"[null,null,-1.212,-1.231,-1.072,-1.206,-1.175,-1.087,-1.151,-1.002,-1.148,-1.092,-0.721,-0.567]",,,,,,,,
sh.600050,cn,中国联通,证监会: I63电信、广播电视和卫星传输服务,-0.567,0.45,455,929,-6,"[null,null,-1.159,-1.142,-0.537,-1.321,-0.943,-1.136,-1.021,-1.142,-1.092,-1.207,-0.562,-0.567]",,,,,,,,
sz.002648,cn,卫星化学,证监会: C26化学原料和化学制品制造业,-0.568,0.45,457,929,-18,"[null,null,-1.21,-1.253,-1.186,-1.049,-0.477,-0.799,-1.18,-0.779,-0.707,-0.556,-0.544,-0.568]",,,,,,,,
sz.000601,cn,韶能股份,证监会: D44电力、热力生产和供应业,-0.569,0.45,458,929,-44,"[null,null,-1.234,-1.276,-1.292,-1.359,-1.058,-0.987,-1.435,-1.187,-1.226,-0.334,-0.5,-0.569]",,,,,,,,
sz.000069,cn,华侨城A,证监会: K70房地产业,-0.571,0.45,459,929,7,"[null,null,-1.113,-1.318,-1.238,-1.165,-1.038,-1.259,-0.951,-1.056,-1.196,-1.153,-0.591,-0.571]",,,,,,,,
sh.603259,cn,药明康德,证监会: M73研究和试验发展,-0.574,0.45,461,929,107,"[null,null,-0.699,-1.024,-0.582,-0.638,-0.746,-0.799,-1.071,-0.479,-0.782,-0.32,-0.768,-0.574]",,,,,,,,
sz.002244,cn,滨江集团,证监会: K70房地产业,-0.574,0.45,460,929,75,"[null,null,-0.806,-0.752,-0.962,-1.109,-0.782,-1.025,-0.958,-0.996,-0.799,-0.527,-0.696,-0.574]",,,,,,,,
sh.600871,cn,石化油服,证监会: B11开采专业及辅助性活动,-0.583,0.45,462,929,-51,"[null,null,-1.09,-1.265,-0.99,-1.378,-1.217,-1.106,-1.157,-0.267,-0.157,-0.675,-0.493,-0.583]",,,,,,,,
sh.600135,cn,乐凯胶片,证监会: C26化学原料和化学制品制造业,-0.587,0.45,463,929,-25,"[null,null,-1.307,-1.25,-1.078,-0.837,-1.069,-0.928,-1.048,-0.941,-0.557,-0.396,-0.542,-0.587]",,,,,,,,
sh.603392,cn,万泰生物,证监会: C27医药制造业,-0.587,0.45,464,929,-87,"[null,null,-1.278,-1.179,-1.014,-1.37,-1.137,-1.243,-1.107,-1.129,-0.747,0.342,-0.385,-0.587]",,,,,,,,
sh.601628,cn,中国人寿,证监会: J68保险业,-0.597,0.45,465,929,-3,"[null,null,-1.211,-0.912,-0.979,-0.988,-0.999,-1.261,-0.788,-0.964,-1.165,-0.937,-0.587,-0.597]",,,,,,,,
sh.600690,cn,海尔智家,证监会: C38电气机械和器材制造业,-0.598,0.45,466,929,-180,"[null,null,-1.174,-0.982,-0.88,-1.194,-1.187,-1.029,-0.976,-0.843,-0.613,-0.923,-0.125,-0.598]",,,,,,,,
sh.600754,cn,锦江酒店,证监会: H61住宿业,-0.599,0.45,467,929,-24,"[null,null,-1.039,-1.289,-0.933,-0.974,-0.726,-0.946,-1.092,-0.898,0.226,-0.669,-0.554,-0.599]",,,,,,,,
sh.600649,cn,城投控股,证监会: K70房地产业,-0.601,0.45,468,929,85,"[null,null,-1.071,-1.336,-1.147,-1.213,-0.999,-1.202,-0.671,-1.108,-1.228,-1.195,-0.731,-0.601]",,,,,,,,
sh.601799,cn,星宇股份,证监会: C36汽车制造业,-0.604,0.45,469,929,3,"[null,null,-0.937,-1.08,-1.216,-1.213,-0.981,-0.604,-0.743,-0.678,-0.977,0.394,-0.607,-0.604]",,,,,,,,
sz.000625,cn,长安汽车,证监会: C36汽车制造业,-0.606,0.45,470,929,20,"[null,null,-1.219,-1.188,-1.221,-1.117,-1.211,-1.203,-1.088,-1.144,-0.847,-0.917,-0.633,-0.606]",,,,,,,,
sz.300124,cn,汇川技术,证监会: C38电气机械和器材制造业,-0.607,0.45,472,929,87,"[null,null,-0.009,-0.687,-0.739,-0.824,-0.745,-1.002,-1.002,-0.996,-1.147,-0.654,-0.747,-0.607]",,,,,,,,
sh.600585,cn,海螺水泥,证监会: C30非金属矿物制品业,-0.607,0.45,471,929,20,"[null,null,-1.166,-0.891,-0.851,-0.965,-0.42,-0.622,-1.139,-1.11,-1.015,-1.218,-0.633,-0.607]",,,,,,,,
sh.600873,cn,梅花生物,证监会: C14食品制造业,-0.61,0.45,473,929,10,"[null,null,-1.288,-0.785,-0.694,-0.963,-0.561,-0.351,-0.912,-0.854,-0.686,-0.507,-0.619,-0.61]",,,,,,,,
sz.300033,cn,同花顺,证监会: J69其他金融业,-0.612,0.45,474,929,14,"[null,null,0.213,0.488,0.703,0.542,-0.268,-0.197,-0.608,0.78,0.015,-0.237,-0.632,-0.612]",,,,,,,,
sh.688363,cn,华熙生物,证监会: C26化学原料和化学制品制造业,-0.619,0.45,475,929,36,"[null,null,-0.528,-1.249,-0.961,-1.251,-1.225,-0.987,-1.066,-1.028,-1.026,-0.707,-0.663,-0.619]",,,,,,,,
sh.600079,cn,ST人福,证监会: C27医药制造业,-0.62,0.45,476,929,-90,"[null,null,-1.091,-1.047,-1.225,-1.137,-1.218,-1.104,-1.159,-1.069,-1.249,-1.021,-0.419,-0.62]",,,,,,,,
sh.600021,cn,上海电力,证监会: D44电力、热力生产和供应业,-0.621,0.45,477,929,48,"[null,null,-1.385,-0.891,-0.853,0.106,-0.944,-0.705,-0.375,-1.14,-1.162,-0.045,-0.687,-0.621]",,,,,,,,
sh.601866,cn,中远海发,证监会: G55水上运输业,-0.622,0.45,478,929,-88,"[null,null,-1.177,-1.296,-1.292,-1.234,-1.168,-0.924,-1.423,-0.795,-0.821,-1.354,-0.454,-0.622]",,,,,,,,
sz.000735,cn,罗牛山,证监会: A03畜牧业,-0.626,0.45,480,929,22,"[null,null,-1.032,-1.02,-0.937,-1.541,-0.729,-0.648,-0.799,-0.839,-0.663,-0.865,-0.649,-0.626]",,,,,,,,
sh.603338,cn,浙江鼎力,证监会: C35专用设备制造业,-0.626,0.45,479,929,-60,"[null,null,-0.994,-1.21,-0.999,-0.947,-1.059,-0.946,-0.797,-0.878,-0.918,-0.839,-0.512,-0.626]",,,,,,,,
sh.603658,cn,安图生物,证监会: C27医药制造业,-0.627,0.45,482,929,45,"[null,null,-1.296,-1.381,-1.291,-1.251,-1.211,-1.136,-1.211,-1.138,-1.041,-1.215,-0.688,-0.627]",,,,,,,,
sz.000008,cn,神州高铁,证监会: C37铁路、船舶、航空航天和其他运输设备制造业,-0.627,0.45,483,929,11,"[null,null,-1.144,-1.308,-1.127,-1.231,-1.109,-0.913,-1.143,-0.676,-1.075,-0.826,-0.636,-0.627]",,,,,,,,
sz.001391,cn,国货航,证监会: G56航空运输业,-0.627,0.45,481,929,14,"[null,null,-1.256,-1.323,-1.283,-1.38,-1.326,-1.169,-1.174,-1.172,-1.004,-0.831,-0.637,-0.627]",,,,,,,,
sh.600998,cn,九州通,证监会: F51批发业,-0.628,0.45,484,929,-19,"[null,null,-1.431,-1.232,-1.327,-1.247,-1.193,-1.09,-1.248,-1.095,-1.035,-1.05,-0.59,-0.628]",,,,,,,,
sh.603882,cn,金域医学,证监会: Q84卫生,-0.631,0.45,485,929,56,"[null,null,-1.13,-1.183,-1.063,-1.232,-0.934,-0.871,-0.21,-0.996,-1.1,-0.645,-0.717,-0.631]",,,,,,,,
sh.600410,cn,华胜天成,证监会: I65软件和信息技术服务业,-0.632,0.45,486,929,-322,"[null,null,-0.993,0.175,-0.524,-0.259,-0.555,0.191,-0.051,-0.132,1.186,0.123,0.246,-0.632]",,,,,,,,
sz.300014,cn,亿纬锂能,证监会: C38电气机械和器材制造业,-0.632,0.45,487,929,-107,"[null,null,1.168,-0.457,0.075,0.659,-0.838,-0.887,-1.242,-0.742,-0.842,-1.101,-0.392,-0.632]",,,,,,,,
sz.300866,cn,安克创新,证监会: C39计算机、通信和其他电子设备制造业,-0.635,0.45,488,929,120,"[null,null,-0.67,-0.87,-0.869,-0.999,-0.838,-1.108,-0.799,-0.959,-0.908,-0.231,-0.857,-0.635]",,,,,,,,
sz.000921,cn,海信家电,证监会: C38电气机械和器材制造业,-0.638,0.45,490,929,93,"[null,null,-1.035,-1.184,-1.056,-1.312,-1.314,-1.252,-1.231,-1.054,-0.924,-0.655,-0.799,-0.638]",,,,,,,,
sz.002608,cn,江苏国信,证监会: D44电力、热力生产和供应业,-0.638,0.45,489,929,-16,"[null,null,-1.074,-1.099,-1.267,-1.339,-1.198,-1.023,-1.023,-1.244,-1.018,-0.316,-0.608,-0.638]",,,,,,,,
sz.000532,cn,华金资本,证监会: S91综合,-0.642,0.45,491,929,-31,"[null,null,-1.26,-1.241,-1.127,-0.866,-0.83,-0.896,-0.569,-0.999,-1.101,-0.429,-0.583,-0.642]",,,,,,,,
sh.600348,cn,华阳股份,证监会: B06煤炭开采和洗选业,-0.647,0.45,493,929,-18,"[null,null,-1.082,-0.98,-1.004,-0.915,-0.949,-0.815,-0.894,-0.93,-1.048,-0.78,-0.608,-0.647]",,,,,,,,
sh.600662,cn,外服控股,证监会: L72商务服务业,-0.647,0.45,492,929,-14,"[null,null,-1.339,-1.363,-1.346,-1.339,-0.561,-0.996,-0.811,-1.094,-1.249,-1.073,-0.614,-0.647]",,,,,,,,
sh.600875,cn,东方电气,证监会: C34通用设备制造业,-0.648,0.45,494,929,37,"[null,null,-1.055,-1.105,-1.037,-0.995,-0.685,-0.264,-1.227,-0.885,-0.619,0.484,-0.695,-0.648]",,,,,,,,
sz.000970,cn,中科三环,证监会: C39计算机、通信和其他电子设备制造业,-0.649,0.45,495,929,14,"[null,null,-1.101,-1.081,-0.964,-0.951,-1.063,-0.921,-0.774,-0.85,-1.009,-0.916,-0.661,-0.649]",,,,,,,,
sh.600373,cn,中文传媒,证监会: R86新闻和出版业,-0.65,0.45,496,929,0,"[null,null,-1.085,-1.246,-1.112,-1.153,-1.098,-1.025,-1.164,-1.176,-1.215,-1.28,-0.638,-0.65]",,,,,,,,
sz.300529,cn,健帆生物,证监会: C35专用设备制造业,-0.653,0.45,497,929,-77,"[null,null,-1.189,-1.244,-1.241,-1.324,-1.262,-1.144,-1.275,-0.847,-0.912,-1.033,-0.514,-0.653]",,,,,,,,
sh.600528,cn,中铁工业,证监会: C35专用设备制造业,-0.655,0.45,498,929,-99,"[null,null,-1.041,-1.271,-1.28,-1.219,-1.217,-1.076,-1.316,-0.774,-1.083,-1.058,-0.473,-0.655]",,,,,,,,
sz.000800,cn,一汽解放,证监会: C36汽车制造业,-0.656,0.45,499,929,-45,"[null,null,-1.209,-1.282,-1.164,-1.275,-1.283,-1.057,-1.218,-1.063,-1.258,-1.216,-0.574,-0.656]",,,,,,,,
sz.000630,cn,铜陵有色,证监会: C32有色金属冶炼和压延加工业,-0.658,0.45,501,929,45,"[null,null,-1.021,-1.136,-1.114,-0.822,-0.138,-0.483,0.209,-0.084,-0.618,-1.093,-0.722,-0.658]",,,,,,,,
sz.002078,cn,太阳纸业,证监会: C22造纸和纸制品业,-0.658,0.45,500,929,8,"[null,null,-1.145,-1.2,-1.026,-0.816,-0.538,-0.962,-1.05,-0.925,-1.146,-1.178,-0.66,-0.658]",,,,,,,,
sh.600252,cn,中恒集团,证监会: C27医药制造业,-0.658,0.45,502,929,-68,"[null,null,-1.218,-1.202,-1.124,-1.267,-1.175,-1.178,-1.258,-1.216,-1.199,0.604,-0.532,-0.658]",,,,,,,,
sz.002194,cn,武汉凡谷,证监会: C39计算机、通信和其他电子设备制造业,-0.659,0.45,503,929,17,"[null,null,-1,-1.017,-0.888,-0.946,-0.9,-0.854,-0.234,-1.095,-0.774,-0.864,-0.677,-0.659]",,,,,,,,
sz.000661,cn,长春高新,证监会: C27医药制造业,-0.663,0.45,504,929,38,"[null,null,-0.846,-0.715,-0.911,-1.186,-1.186,-1,-1.111,-1.045,-1.168,-1.071,-0.717,-0.663]",,,,,,,,
sh.600744,cn,华银电力,证监会: D44电力、热力生产和供应业,-0.669,0.45,505,929,79,"[null,null,-0.863,-1.266,-0.904,-1.12,-0.952,-0.832,-1.679,-1.399,-1.215,-0.016,-0.8,-0.669]",,,,,,,,
sh.600581,cn,*ST八钢,证监会: C31黑色金属冶炼和压延加工业,-0.672,0.45,506,929,63,"[null,null,-0.953,-0.815,-0.358,-0.869,-0.946,-1.172,-0.867,-0.653,-0.569,0.542,-0.768,-0.672]",,,,,,,,
sh.600675,cn,中华企业,证监会: K70房地产业,-0.673,0.45,507,929,-49,"[null,null,-1.262,-1.175,-1.13,-1.29,-1.051,-1.102,-1.159,-1.136,-1.23,-1.5,-0.581,-0.673]",,,,,,,,
sh.600276,cn,恒瑞医药,证监会: C27医药制造业,-0.674,0.45,508,929,-16,"[null,null,-0.825,-1.001,-0.83,-0.978,-0.993,-1.153,-0.981,-0.887,-0.93,-0.853,-0.633,-0.674]",,,,,,,,
sz.002399,cn,海普瑞,证监会: C27医药制造业,-0.674,0.45,509,929,-28,"[null,null,-1.334,-1.237,-1.214,-1.301,-1.246,-1.163,-1.191,-1.264,-1.257,-0.951,-0.617,-0.674]",,,,,,,,
sh.600694,cn,大商股份,证监会: F52零售业,-0.676,0.45,510,929,90,"[null,null,-1.303,-1.375,-1.264,-1.085,-0.831,-1.191,-1.158,-1.01,-0.914,-0.805,-0.843,-0.676]",,,,,,,,
sh.603486,cn,科沃斯,证监会: C39计算机、通信和其他电子设备制造业,-0.677,0.45,511,929,69,"[null,null,-0.529,-0.706,-0.793,-1.058,-0.704,-1.065,-0.796,-0.882,-0.967,-0.361,-0.794,-0.677]",,,,,,,,
sz.300144,cn,宋城演艺,证监会: R88文化艺术业,-0.679,0.45,512,929,44,"[null,null,-1.171,-1.352,-1.162,-1.153,-1.165,-1.14,-1.091,-1.037,-1.175,-1.272,-0.735,-0.679]",,,,,,,,
sh.600300,cn,维维股份,证监会: C15酒、饮料和精制茶制造业,-0.68,0.45,513,929,-36,"[null,null,-1.333,-1.222,-1.077,-1.301,-0.683,-1.206,-1.144,-1.015,-1.043,-1.193,-0.611,-0.68]",,,,,,,,
sz.000737,cn,北方铜业,证监会: C32有色金属冶炼和压延加工业,-0.68,0.45,514,929,-15,"[null,null,-1.231,-1.062,-1.02,-0.989,-0.572,-1.023,0.558,0.668,-0.649,-0.868,-0.645,-0.68]",,,,,,,,
sh.601336,cn,新华保险,证监会: J68保险业,-0.683,0.45,516,929,63,"[null,null,-1.234,-0.84,-1.005,-0.889,-0.488,-0.832,-0.563,-0.89,-1.058,-0.903,-0.792,-0.683]",,,,,,,,
sh.600859,cn,王府井,证监会: F52零售业,-0.683,0.45,515,929,-12,"[null,null,-1.239,-1.237,-1.117,-1.032,-1.047,-1.117,-0.9,-1.118,-1.178,-0.801,-0.65,-0.683]",,,,,,,,
sh.601666,cn,平煤股份,证监会: B06煤炭开采和洗选业,-0.685,0.45,517,929,-122,"[null,null,-1.047,-1.093,-1.255,-1.077,-0.767,-1.072,-1.179,-0.46,-0.958,-1.085,-0.458,-0.685]",,,,,,,,
sh.600030,cn,中信证券,证监会: J67资本市场服务,-0.693,0.45,519,929,-119,"[null,null,-0.952,-0.863,-0.621,-0.919,-0.798,-0.946,-1.243,-0.812,-0.785,-0.984,-0.474,-0.693]",,,,,,,,
sz.002183,cn,怡亚通,证监会: L72商务服务业,-0.693,0.45,518,929,-86,"[null,null,-1.2,-1.149,-0.927,-1.148,-0.698,-1.182,-0.973,-1.29,-1.09,-1.319,-0.53,-0.693]",,,,,,,,
sz.000703,cn,恒逸石化,证监会: C28化学纤维制造业,-0.694,0.45,520,929,132,"[null,null,-1.11,-1.115,-0.862,-1.077,-0.771,-0.693,-1.225,-0.913,-0.812,-0.88,-0.918,-0.694]",,,,,,,,
sh.603659,cn,璞泰来,证监会: C39计算机、通信和其他电子设备制造业,-0.697,0.45,521,929,-64,"[null,null,-0.697,-0.682,-0.794,-1.008,-0.933,-0.884,-1.088,-0.706,-0.344,-0.666,-0.581,-0.697]",,,,,,,,
sz.000897,cn,津滨发展,证监会: K70房地产业,-0.699,0.451,522,929,-54,"[null,null,-1.234,-1.25,-1.049,-1.249,-1.22,-1.214,-1.179,-1.128,-1.289,-1.378,-0.598,-0.699]",,,,,,,,
sh.688169,cn,石头科技,证监会: C39计算机、通信和其他电子设备制造业,-0.7,0.451,523,929,114,"[null,null,-0.557,0.324,-0.466,-1.043,-1.194,-1.191,-0.697,-0.919,-1.207,-0.75,-0.892,-0.7]",,,,,,,,
sh.600999,cn,招商证券,证监会: J67资本市场服务,-0.701,0.451,524,929,63,"[null,null,-1.495,-1.112,-1.227,-1.024,-0.918,-1.05,-1.259,-1.227,-0.93,-0.593,-0.802,-0.701]",,,,,,,,
sh.600894,cn,广日股份,证监会: C34通用设备制造业,-0.702,0.451,525,929,-15,"[null,null,-1.33,-1.384,-1.353,-1.179,-0.988,-1.108,-1.335,-0.865,-0.661,-0.645,-0.663,-0.702]",,,,,,,,
sz.300024,cn,机器人,证监会: C34通用设备制造业,-0.709,0.451,526,929,41,"[null,null,0.031,0.107,-0.023,-0.344,-0.286,-0.778,-0.489,-0.996,-1.112,-1.279,-0.765,-0.709]",,,,,,,,
sh.601058,cn,赛轮轮胎,证监会: C29橡胶和塑料制品业,-0.713,0.451,528,929,92,"[null,null,-1.054,-1.088,-1.08,-1.063,-1.12,-1.184,-0.737,-0.958,-1.118,-0.899,-0.867,-0.713]",,,,,,,,
sh.600380,cn,健康元,证监会: C27医药制造业,-0.713,0.451,527,929,-4,"[null,null,-1.213,-1.187,-1.078,-1.312,-1.289,-1.25,-1.193,-1.146,-1.199,-1.134,-0.683,-0.713]",,,,,,,,
sh.603087,cn,甘李药业,证监会: C27医药制造业,-0.715,0.451,529,929,68,"[null,null,-0.802,-0.919,-1.032,-1.012,-1.039,-1.152,-0.973,-1.136,-1.13,-0.964,-0.829,-0.715]",,,,,,,,
sz.002294,cn,信立泰,证监会: C27医药制造业,-0.716,0.451,530,929,142,"[null,null,-0.798,-0.894,-0.837,0.655,-0.847,-1.081,-0.93,-0.835,0.258,-0.838,-0.94,-0.716]",,,,,,,,
sh.600635,cn,大众公用,证监会: D45燃气生产和供应业,-0.717,0.451,531,929,87,"[null,null,-0.954,-1.372,-0.877,-0.686,-0.967,-1.032,-0.966,-0.908,-0.964,-1.107,-0.866,-0.717]",,,,,,,,
sz.002415,cn,海康威视,证监会: C39计算机、通信和其他电子设备制造业,-0.718,0.451,532,929,28,"[null,null,-0.942,-1.072,-1.18,-1.018,-1.01,-0.896,-0.99,-0.905,-1.164,-0.746,-0.747,-0.718]",,,,,,,,
sh.600787,cn,中储股份,证监会: G59装卸搬运和仓储业,-0.723,0.451,533,929,-32,"[null,null,-1.276,-1.342,-1.256,-1.218,-1.185,-1.033,-1.287,-1.235,-1.326,-1.334,-0.649,-0.723]",,,,,,,,
sh.600518,cn,康美药业,证监会: C27医药制造业,-0.724,0.451,534,929,15,"[null,null,-1.359,-1.323,-1.278,-1.35,-1.422,-1.293,-1.314,-1.277,-1.29,0.04,-0.726,-0.724]",,,,,,,,
sh.600315,cn,上海家化,证监会: C26化学原料和化学制品制造业,-0.725,0.451,535,929,96,"[null,null,-0.945,-0.696,-1.066,-1.093,-1.106,-1.154,-1.047,-1.115,-1.17,-1.031,-0.882,-0.725]",,,,,,,,
sz.000708,cn,中信特钢,证监会: C31黑色金属冶炼和压延加工业,-0.727,0.451,536,929,2,"[null,null,-1.017,-0.773,-0.832,-0.804,-0.586,-1.111,-1.107,-1.18,-1.203,-1.263,-0.706,-0.727]",,,,,,,,
sh.688072,cn,拓荆科技,证监会: C35专用设备制造业,-0.728,0.451,537,929,-84,"[null,null,0.167,-0.537,-0.274,0.62,-0.193,-0.264,-0.905,-0.045,1.027,-0.956,-0.568,-0.728]",,,,,,,,
sh.601588,cn,北辰实业,证监会: K70房地产业,-0.732,0.451,538,929,-32,"[null,null,-1.109,-1.307,-1.187,-1.23,-1.124,-1.092,-1.216,-1.416,-0.958,-0.027,-0.659,-0.732]",,,,,,,,
sz.000951,cn,中国重汽,证监会: C36汽车制造业,-0.736,0.451,539,929,36,"[null,null,-1.234,-1.184,-1.225,-1.171,-0.827,-0.871,-0.881,-1.122,-0.886,-0.796,-0.778,-0.736]",,,,,,,,
sh.601966,cn,玲珑轮胎,证监会: C29橡胶和塑料制品业,-0.741,0.451,540,929,-1,"[null,null,-1.212,-1.286,-1.238,-1.257,-1.256,-1.048,-1.3,-1.22,-1.364,-1.155,-0.709,-0.741]",,,,,,,,
sz.000652,cn,泰达股份,证监会: F51批发业,-0.744,0.451,541,929,41,"[null,null,-1.372,-1.328,-1.033,-1.206,-0.959,-1.119,-1.122,-0.921,-1.076,-0.979,-0.796,-0.744]",,,,,,,,
sh.600868,cn,梅雁吉祥,证监会: D44电力、热力生产和供应业,-0.745,0.451,542,929,51,"[null,null,-1.351,-1.334,-0.941,-0.648,-0.911,-1.349,-0.785,-1.167,-0.953,0.395,-0.821,-0.745]",,,,,,,,
sh.688065,cn,凯赛生物,证监会: C28化学纤维制造业,-0.747,0.451,543,929,38,"[null,null,-1.043,-1.118,-1.118,-1.212,-0.7,-0.837,-0.699,-1.035,-0.957,-0.937,-0.794,-0.747]",,,,,,,,
sh.600062,cn,华润双鹤,证监会: C27医药制造业,-0.748,0.451,544,929,8,"[null,null,-1.288,-1.291,-1.27,-1.333,-1.242,-1.176,-1.15,-1.216,-1.308,-0.788,-0.731,-0.748]",,,,,,,,
sz.300296,cn,利亚德,证监会: C39计算机、通信和其他电子设备制造业,-0.749,0.451,545,929,45,"[null,null,-0.667,-0.726,-0.276,-0.171,-0.68,-0.376,-1.006,-1.211,-0.963,-0.765,-0.809,-0.749]",,,,,,,,
sz.002422,cn,科伦药业,证监会: C27医药制造业,-0.751,0.451,546,929,171,"[null,null,-1.147,-1.122,-0.844,-0.877,-1.106,-1.23,-0.879,-0.817,-1.023,-0.64,-0.982,-0.751]",,,,,,,,
sh.601233,cn,桐昆股份,证监会: C28化学纤维制造业,-0.752,0.451,547,929,56,"[null,null,-0.813,-1.093,-0.796,-0.923,-0.529,-0.634,-0.577,-0.727,-0.956,-1.184,-0.846,-0.752]",,,,,,,,
sh.601163,cn,三角轮胎,证监会: C29橡胶和塑料制品业,-0.754,0.451,548,929,41,"[null,null,-1.191,-1.233,-1.091,-1.364,-0.8,-1.052,-1.137,-1.054,-1.09,-1.182,-0.805,-0.754]",,,,,,,,
sz.000959,cn,首钢股份,证监会: C31黑色金属冶炼和压延加工业,-0.755,0.451,549,929,-9,"[null,null,-1.184,-1.138,-0.9,-1.022,-0.924,-0.703,-1.304,-1.062,0.386,-0.606,-0.712,-0.755]",,,,,,,,
sh.600233,cn,圆通速递,证监会: G60邮政业,-0.757,0.451,550,929,-18,"[null,null,-0.779,-1.054,-1.021,-1.253,-1.108,-1.014,-0.89,-0.821,-0.956,-0.653,-0.695,-0.757]",,,,,,,,
sh.600867,cn,通化东宝,证监会: C27医药制造业,-0.758,0.451,552,929,148,"[null,null,-1.252,-1.161,-1.095,-1.318,-1.096,-1.089,-1.084,-0.995,-0.925,-0.746,-0.965,-0.758]",,,,,,,,
sh.600216,cn,浙江医药,证监会: C27医药制造业,-0.758,0.451,551,929,-47,"[null,null,-1.316,-1.231,-1.2,-1.24,-1.112,-0.793,-1.193,-1.05,-0.82,-1.132,-0.652,-0.758]",,,,,,,,
sz.300146,cn,汤臣倍健,证监会: C14食品制造业,-0.761,0.451,553,929,53,"[null,null,-1.288,-1.166,-1.148,-1.256,-1.202,-1.236,-1.256,-1.188,-1.172,-0.937,-0.853,-0.761]",,,,,,,,
sz.300750,cn,宁德时代,证监会: C38电气机械和器材制造业,-0.763,0.451,555,929,15,"[null,null,-0.225,-0.445,-0.313,-0.758,-0.984,-1.188,-0.554,-0.515,-0.654,-0.711,-0.771,-0.763]",,,,,,,,
sz.002310,cn,东方新能,证监会: D44电力、热力生产和供应业,-0.763,0.451,554,929,-39,"[null,null,-1.215,-1.185,-1.073,-1.151,-1.051,-1.011,-1.011,-1.227,-1.267,0.776,-0.669,-0.763]",,,,,,,,
sz.000776,cn,广发证券,证监会: J67资本市场服务,-0.768,0.451,556,929,203,"[null,null,-0.945,-0.998,-1.021,-0.881,-0.919,-1.164,-0.836,-0.887,-1.009,-0.45,-1.021,-0.768]",,,,,,,,
sz.002120,cn,韵达股份,证监会: G60邮政业,-0.768,0.451,557,929,133,"[null,null,-1.2,-1.171,-1.284,-1.235,-1.063,-1.023,-1.182,-0.865,-1.054,-1.095,-0.953,-0.768]",,,,,,,,
sz.300919,cn,中伟新材,证监会: C39计算机、通信和其他电子设备制造业,-0.771,0.451,558,929,-21,"[null,null,0.278,-0.869,-0.902,-0.933,-0.372,-0.515,-0.593,-0.679,-0.844,-0.349,-0.7,-0.771]",,,,,,,,
sh.600267,cn,海正药业,证监会: C27医药制造业,-0.774,0.451,559,929,19,"[null,null,-1.192,-1.271,-1.142,-1.293,-1.172,-1.097,-1.089,-0.904,-0.934,-0.897,-0.783,-0.774]",,,,,,,,
sz.002603,cn,以岭药业,证监会: C27医药制造业,-0.777,0.451,560,929,72,"[null,null,-1.233,-1.109,-0.795,-1.171,-0.955,-1.022,-1.077,-0.984,-1.033,-1.04,-0.884,-0.777]",,,,,,,,
sz.000725,cn,京东方A,证监会: C39计算机、通信和其他电子设备制造业,-0.778,0.451,561,929,-45,"[null,null,-1.024,-1.218,-0.658,-0.684,-0.941,-0.877,-1.044,-0.956,-1.073,-1.132,-0.674,-0.778]",,,,,,,,
sh.603369,cn,今世缘,证监会: C15酒、饮料和精制茶制造业,-0.78,0.451,562,929,-43,"[null,null,-1.259,-1.267,-1.205,-1.382,-0.802,-0.819,-0.571,-0.883,-1.057,-0.338,-0.675,-0.78]",,,,,,,,
sh.600835,cn,上海机电,证监会: C34通用设备制造业,-0.782,0.451,564,929,-14,"[null,null,-0.968,-0.623,-0.914,-0.612,-1.003,-0.969,-0.476,-0.993,-1.224,-0.895,-0.73,-0.782]",,,,,,,,
sh.600151,cn,航天机电,证监会: C38电气机械和器材制造业,-0.782,0.451,563,929,96,"[null,null,-0.984,-1.06,-0.898,-0.439,-0.698,-0.684,-0.564,-1.023,-1.156,-0.307,-0.928,-0.782]",,,,,,,,
sh.600104,cn,上汽集团,证监会: C36汽车制造业,-0.784,0.451,565,929,-80,"[null,null,-1.259,-1.122,-1.064,-1.121,-1.189,-1.311,-1.085,-1.189,-1.28,-0.705,-0.625,-0.784]",,,,,,,,
sz.300759,cn,康龙化成,证监会: M73研究和试验发展,-0.787,0.451,566,929,8,"[null,null,0.279,-0.508,0.375,-0.344,-0.565,-1.001,-0.778,-1.024,-1.037,-0.997,-0.775,-0.787]",,,,,,,,
sz.002625,cn,光启技术,证监会: C37铁路、船舶、航空航天和其他运输设备制造业,-0.787,0.451,567,929,101,"[null,null,-0.963,-0.546,-0.929,-0.796,-0.709,-0.991,-0.735,-0.928,-0.981,0.009,-0.937,-0.787]",,,,,,,,
sh.601766,cn,中国中车,证监会: C37铁路、船舶、航空航天和其他运输设备制造业,-0.788,0.451,568,929,-71,"[null,null,-1.204,-1.3,-1.297,-1.183,-1.274,-1.327,-1.021,-1.244,-1.03,-1.219,-0.641,-0.788]",,,,,,,,
sh.688561,cn,奇安信-U,证监会: I65软件和信息技术服务业,-0.789,0.451,569,929,267,"[null,null,0.254,-0.682,-0.238,-0.637,-0.341,-0.923,-0.209,-0.936,-0.703,-1.012,-1.102,-0.789]",,,,,,,,
sz.002128,cn,电投能源,证监会: B06煤炭开采和洗选业,-0.799,0.451,570,929,-199,"[null,null,-0.943,-0.736,-0.748,-0.752,-0.927,-1.073,-0.957,-0.948,-0.988,0.04,-0.365,-0.799]",,,,,,,,
sh.603993,cn,洛阳钼业,证监会: B09有色金属矿采选业,-0.803,0.451,571,929,1,"[null,null,-0.779,-1.182,-0.861,-0.681,-0.319,-0.979,-0.016,0.386,-0.957,-0.81,-0.774,-0.803]",,,,,,,,
sz.000518,cn,四环生物,证监会: C27医药制造业,-0.804,0.451,572,929,-193,"[null,null,-1.239,-1.123,-0.874,-1.232,-0.988,-0.742,-1.028,-1.057,-0.866,-1.04,-0.39,-0.804]",,,,,,,,
sh.600893,cn,航发动力,证监会: C37铁路、船舶、航空航天和其他运输设备制造业,-0.808,0.451,574,929,87,"[null,null,-0.971,-1.091,-1.179,-0.827,-0.973,-0.865,-0.361,-0.52,-0.507,-0.547,-0.931,-0.808]",,,,,,,,
sz.000039,cn,中集集团,证监会: C33金属制品业,-0.808,0.451,573,929,-8,"[null,null,-1.091,-1.307,-1.025,-0.83,-1.03,-1.048,-0.973,-0.685,-1.287,-0.06,-0.755,-0.808]",,,,,,,,
sh.600176,cn,中国巨石,证监会: C30非金属矿物制品业,-0.81,0.451,575,929,-49,"[null,null,-1.018,-0.812,-1.027,-1.032,-0.55,-0.677,-0.973,-0.31,-0.365,0.069,-0.687,-0.81]",,,,,,,,
sh.600309,cn,万华化学,证监会: C26化学原料和化学制品制造业,-0.814,0.451,577,929,48,"[null,null,-1.036,-1.143,-0.922,-0.705,-0.659,-0.69,-0.896,-0.896,-1.027,-0.862,-0.873,-0.814]",,,,,,,,
sh.600426,cn,华鲁恒升,证监会: C26化学原料和化学制品制造业,-0.814,0.451,578,929,95,"[null,null,-1.035,-1.111,-0.843,-0.794,-0.689,-0.834,-1.12,-0.863,0.404,0.338,-0.94,-0.814]",,,,,,,,
sz.000783,cn,长江证券,证监会: J67资本市场服务,-0.814,0.451,576,929,120,"[null,null,-1.059,-1.207,-1.101,-1.211,-1.1,-1.274,-0.631,-1.031,-1.067,-1.065,-0.957,-0.814]",,,,,,,,
sh.600779,cn,水井坊,证监会: C15酒、饮料和精制茶制造业,-0.816,0.451,579,929,-51,"[null,null,-1.139,-1.246,-1.175,-1.034,-0.915,-0.716,-0.888,-1.037,-0.974,-0.497,-0.69,-0.816]",,,,,,,,
sh.603160,cn,汇顶科技,证监会: C39计算机、通信和其他电子设备制造业,-0.819,0.451,580,929,-87,"[null,null,-1.011,-0.949,-0.942,-1.101,-1.189,-1.122,-0.512,-0.986,-1.032,-1.017,-0.636,-0.819]",,,,,,,,
sh.601016,cn,节能风电,证监会: D44电力、热力生产和供应业,-0.821,0.451,582,929,-130,"[null,null,-1.172,-1.319,-1.278,-1.249,-1.239,-1.083,-1.536,-1.238,-1.03,-0.569,-0.567,-0.821]",,,,,,,,
sh.688126,cn,沪硅产业,证监会: C39计算机、通信和其他电子设备制造业,-0.821,0.451,581,929,171,"[null,null,-0.462,-0.901,-0.65,-0.992,-0.9,-0.988,-0.481,-1.135,-0.724,-0.092,-1.016,-0.821]",,,,,,,,
sz.000060,cn,中金岭南,证监会: C32有色金属冶炼和压延加工业,-0.823,0.451,583,929,-61,"[null,null,-1.063,-1.117,-1.175,-0.996,-0.691,-1.323,-0.69,-0.614,-0.642,-0.98,-0.681,-0.823]",,,,,,,,
sh.603019,cn,中科曙光,证监会: C39计算机、通信和其他电子设备制造业,-0.823,0.451,584,929,1,"[null,null,-0.673,0.699,0.772,0.891,0.328,-0.072,0.286,-0.003,0.281,-0.08,-0.8,-0.823]",,,,,,,,
sz.000301,cn,东方盛虹,证监会: C26化学原料和化学制品制造业,-0.826,0.451,585,929,194,"[null,null,-1.204,-1.175,-1.058,-0.849,-0.653,-0.703,-0.606,-0.436,-0.938,-0.966,-1.042,-0.826]",,,,,,,,
sh.688009,cn,中国通号,证监会: C37铁路、船舶、航空航天和其他运输设备制造业,-0.828,0.451,586,929,5,"[null,null,-1.231,-1.297,-1.278,-1.11,-1.176,-1.029,-1.196,-1.316,-1.262,-1.102,-0.817,-0.828]",,,,,,,,
sh.601519,cn,大智慧,证监会: J69其他金融业,-0.829,0.451,587,929,17,"[null,null,-0.708,-0.291,0.137,-0.491,-0.542,-0.973,-0.702,-0.596,-0.943,-1.029,-0.848,-0.829]",,,,,,,,
sz.000659,cn,珠海中富,证监会: C29橡胶和塑料制品业,-0.832,0.451,589,929,-55,"[null,null,-1.32,-1.109,-0.958,-0.791,-0.639,-0.912,-1.103,-0.975,-0.316,-0.178,-0.696,-0.832]",,,,,,,,
sz.002230,cn,科大讯飞,证监会: I65软件和信息技术服务业,-0.832,0.451,588,929,-52,"[null,null,-0.903,-0.941,-1.182,-0.787,-0.91,-0.873,-0.686,-0.981,-1.023,-0.669,-0.697,-0.832]",,,,,,,,
sz.000712,cn,锦龙股份,证监会: J67资本市场服务,-0.833,0.451,592,929,3,"[null,null,-1.103,-1.165,-1.173,-1.238,-1.225,-0.912,-0.821,-1.016,-0.875,-0.046,-0.827,-0.833]",,,,,,,,
sh.688303,cn,大全能源,证监会: C38电气机械和器材制造业,-0.833,0.451,591,929,-14,"[null,null,-0.576,-0.867,-0.894,-0.988,-0.85,-0.987,-0.773,-0.865,-1.017,-0.541,-0.782,-0.833]",,,,,,,,
sz.002841,cn,视源股份,证监会: C39计算机、通信和其他电子设备制造业,-0.833,0.451,590,929,-149,"[null,null,-0.989,-0.965,-1.135,-1.07,-1.158,-1.112,-0.686,-1.023,-1.046,-1.184,-0.55,-0.833]",,,,,,,,
sz.000571,cn,新大洲A,证监会: B06煤炭开采和洗选业,-0.834,0.451,593,929,-226,"[null,null,-0.777,-0.86,-0.851,-1.118,-0.723,-0.473,-0.375,-0.549,-0.891,-0.57,-0.349,-0.834]",,,,,,,,
sz.002601,cn,龙佰集团,证监会: C26化学原料和化学制品制造业,-0.836,0.451,594,929,2,"[null,null,-0.977,-1.177,-1.049,-0.925,-0.829,-0.769,-0.577,-0.937,-0.196,-1.046,-0.828,-0.836]",,,,,,,,
sh.600406,cn,国电南瑞,证监会: I65软件和信息技术服务业,-0.84,0.451,595,929,3,"[null,null,-0.845,-0.789,-1.272,-1.031,-0.88,-0.851,-1.076,-0.925,-1.252,-0.965,-0.838,-0.84]",,,,,,,,
sz.002468,cn,申通快递,证监会: G60邮政业,-0.846,0.452,597,929,16,"[null,null,-0.885,-0.442,-0.892,-1.143,-1.272,-1.24,-1.103,-0.838,-0.806,-0.741,-0.862,-0.846]",,,,,,,,
sh.601933,cn,永辉超市,证监会: F52零售业,-0.846,0.452,596,929,25,"[null,null,-1.287,-1.292,-1.007,-1,-1.002,-0.948,-0.958,-1.041,-1.033,-0.406,-0.868,-0.846]",,,,,,,,
sh.601211,cn,国泰海通,证监会: J67资本市场服务,-0.847,0.452,598,929,-85,"[null,null,-1.414,-1.13,-0.996,-0.875,-1.062,-1.277,-1.063,-1.22,-1.055,-0.77,-0.668,-0.847]",,,,,,,,
sz.000933,cn,神火股份,证监会: C32有色金属冶炼和压延加工业,-0.848,0.452,599,929,44,"[null,null,-1.004,-0.874,-0.763,-0.891,-0.673,-0.736,-1.165,-0.784,-1.116,1.5,-0.9,-0.848]",,,,,,,,
sz.002153,cn,石基信息,证监会: I65软件和信息技术服务业,-0.852,0.452,600,929,199,"[null,null,-1.037,-0.959,-0.562,-0.936,-0.681,-0.417,-0.012,-0.956,-0.512,-0.761,-1.058,-0.852]",,,,,,,,
sz.000927,cn,中国铁物,证监会: L72商务服务业,-0.855,0.452,601,929,-53,"[null,null,-1.376,-1.3,-1.25,-1.32,-1.054,-1.074,-1.615,-1.22,-0.816,-1.063,-0.725,-0.855]",,,,,,,,
sz.002155,cn,湖南黄金,证监会: B09有色金属矿采选业,-0.858,0.452,602,929,165,"[null,null,-1.068,-1.149,-1.125,-1.023,-1.305,-0.57,0.048,-0.361,-0.462,-0.775,-1.031,-0.858]",,,,,,,,
sh.601118,cn,海南橡胶,证监会: A01农业,-0.859,0.452,603,929,-56,"[null,null,-1.038,-1.125,-1.084,-1.226,-0.933,-1.018,-0.462,-0.812,-1.139,0.533,-0.725,-0.859]",,,,,,,,
sz.300628,cn,亿联网络,证监会: C39计算机、通信和其他电子设备制造业,-0.861,0.452,604,929,123,"[null,null,-0.995,-1.145,-1.107,-1.247,-1.052,-0.889,-1.138,-0.816,-1.037,-1.038,-0.99,-0.861]",,,,,,,,
sz.000727,cn,冠捷科技,证监会: C39计算机、通信和其他电子设备制造业,-0.864,0.452,605,929,-175,"[null,null,-1.114,-1.318,-1.082,-1.202,-1.09,-0.954,-1.206,-1.132,-0.98,-1.411,-0.527,-0.864]",,,,,,,,
sz.301236,cn,软通动力,证监会: I65软件和信息技术服务业,-0.865,0.452,606,929,-180,"[null,null,-0.51,-0.355,-0.32,-0.367,-0.435,-0.661,-0.775,-0.743,-0.168,-0.805,-0.52,-0.865]",,,,,,,,
sh.600838,cn,上海九百,证监会: F52零售业,-0.866,0.452,607,929,82,"[null,null,-1.295,-1.237,-1.105,-1.031,-0.556,0.001,-0.287,-1.139,-1.191,-0.942,-0.953,-0.866]",,,,,,,,
sz.000063,cn,中兴通讯,证监会: C39计算机、通信和其他电子设备制造业,-0.867,0.452,608,929,-47,"[null,null,-1.021,-0.912,-0.011,0.638,-0.14,-0.159,-0.785,-0.503,-0.764,-0.725,-0.75,-0.867]",,,,,,,,
sz.002400,cn,省广集团,证监会: L72商务服务业,-0.868,0.452,609,929,166,"[null,null,-1.303,-1.147,-1.22,-1.03,-0.612,-0.811,-0.137,-1.033,-1.204,0.441,-1.039,-0.868]",,,,,,,,
sz.000027,cn,深圳能源,证监会: D44电力、热力生产和供应业,-0.869,0.452,610,929,93,"[null,null,-1.124,-1.197,-1.161,-1.135,-1.069,-1.042,-1.297,-1.045,-0.951,-0.185,-0.967,-0.869]",,,,,,,,
sz.300122,cn,智飞生物,证监会: C27医药制造业,-0.869,0.452,611,929,104,"[null,null,0.254,-1.126,-1.142,-1.295,-0.941,-0.983,-0.996,-1.026,-1.007,-0.812,-0.981,-0.869]",,,,,,,,
sh.600782,cn,新钢股份,证监会: C31黑色金属冶炼和压延加工业,-0.871,0.452,612,929,197,"[null,null,-1.161,-1.161,-1.093,-1.134,-0.914,-1.147,-0.858,-0.949,-1.128,-1.279,-1.069,-0.871]",,,,,,,,
sz.300888,cn,稳健医疗,证监会: C17纺织业,-0.875,0.452,614,929,126,"[null,null,-1.24,-1.223,-1.065,-1.284,-1.247,-1.185,-1.211,-1.166,-1.285,-1.027,-1.007,-0.875]",,,,,,,,
sz.000758,cn,中色股份,证监会: B09有色金属矿采选业,-0.875,0.452,613,929,37,"[null,null,-1.156,-1.193,-0.822,-0.912,-1.079,-1.625,-0.228,-0.535,-0.956,-1.201,-0.915,-0.875]",,,,,,,,
sz.000963,cn,华东医药,证监会: F52零售业,-0.877,0.452,615,929,51,"[null,null,-1.213,-1.183,-1.048,-1.268,-1.272,-1.242,-1.118,-1.212,-1.409,-0.792,-0.936,-0.877]",,,,,,,,
sh.600031,cn,三一重工,证监会: C35专用设备制造业,-0.878,0.452,616,929,18,"[null,null,-0.947,-1.053,-1.194,-1.011,-1.082,-0.943,-1.051,-0.893,-1.155,-0.774,-0.885,-0.878]",,,,,,,,
sz.300760,cn,迈瑞医疗,证监会: C35专用设备制造业,-0.881,0.452,618,929,-54,"[null,null,-0.804,-1.166,-0.895,-1.272,-1.129,-1.149,-0.988,-0.92,-1.087,-1.053,-0.755,-0.881]",,,,,,,,
sh.688271,cn,联影医疗,证监会: C35专用设备制造业,-0.881,0.452,617,929,80,"[null,null,-0.908,-0.964,-1.119,-1.24,-1.09,-1.003,-1.1,-1.124,-0.941,-1.072,-0.957,-0.881]",,,,,,,,
sz.300676,cn,华大基因,证监会: M74专业技术服务业,-0.888,0.452,619,929,73,"[null,null,-0.655,-1.144,-1.128,-1.179,-0.885,-0.942,-0.098,-0.924,-0.899,-1.006,-0.955,-0.888]",,,,,,,,
sz.300017,cn,网宿科技,证监会: I65软件和信息技术服务业,-0.889,0.452,620,929,-49,"[null,null,-0.191,-0.588,-0.084,-0.053,-0.402,-0.615,-0.736,-0.595,-0.57,-0.243,-0.773,-0.889]",,,,,,,,
sh.600456,cn,宝钛股份,证监会: C32有色金属冶炼和压延加工业,-0.891,0.452,621,929,-22,"[null,null,-1.074,-1.164,-1.196,-0.793,-0.793,-0.78,-0.728,-0.856,-0.937,-0.54,-0.838,-0.891]",,,,,,,,
sz.300601,cn,康泰生物,证监会: C27医药制造业,-0.891,0.452,622,929,138,"[null,null,0.222,-1.038,-1.117,-1.312,-1.065,-1.091,-1.069,-0.986,-0.962,-0.998,-1.021,-0.891]",,,,,,,,
sh.601601,cn,中国太保,证监会: J68保险业,-0.897,0.452,623,929,-14,"[null,null,-1.24,-1.144,-1.184,-0.675,-0.69,-0.83,-0.93,-0.994,-1.266,-0.447,-0.858,-0.897]",,,,,,,,
sz.000612,cn,焦作万方,证监会: C32有色金属冶炼和压延加工业,-0.899,0.452,624,929,18,"[null,null,-1.169,-0.91,-0.847,-0.893,-0.978,-0.85,-0.395,-0.737,-0.544,-0.81,-0.897,-0.899]",,,,,,,,
sz.000917,cn,电广传媒,证监会: I63电信、广播电视和卫星传输服务,-0.902,0.452,625,929,50,"[null,null,-1.103,-1.035,-0.995,-1.394,-1.11,-0.986,-0.575,-1.01,-0.253,-0.563,-0.942,-0.902]",,,,,,,,
sh.603806,cn,福斯特,证监会: C29橡胶和塑料制品业,-0.903,0.452,627,929,102,"[null,null,-0.947,-1.009,-0.909,-1.07,-0.955,-1.099,-1.003,-0.946,-1.149,-0.795,-0.992,-0.903]",,,,,,,,
sz.000543,cn,皖能电力,证监会: D44电力、热力生产和供应业,-0.903,0.452,626,929,-140,"[null,null,-1.162,-1.045,-0.971,-1.053,-1.081,-1.052,-1.305,-1.194,-0.908,-0.966,-0.631,-0.903]",,,,,,,,
sh.600655,cn,豫园股份,证监会: F52零售业,-0.905,0.452,628,929,60,"[null,null,-1.359,-1.382,-1.298,-1.31,-1.033,-1.217,-1.192,-0.897,-1.205,-1.286,-0.952,-0.905]",,,,,,,,
sh.600909,cn,华安证券,证监会: J67资本市场服务,-0.906,0.452,629,929,161,"[null,null,-1.085,-1.261,-1.179,-0.967,-1.093,-0.958,-0.58,-1.141,-1.03,-0.935,-1.054,-0.906]",,,,,,,,
sz.000036,cn,华联控股,证监会: K70房地产业,-0.908,0.452,630,929,-87,"[null,null,-0.986,-0.287,-1.198,-0.915,-0.972,-0.644,-0.166,-0.799,-1.047,-0.812,-0.718,-0.908]",,,,,,,,
sz.000400,cn,许继电气,证监会: C38电气机械和器材制造业,-0.91,0.452,631,929,-1,"[null,null,-0.903,-1.153,-0.928,-1.02,-0.758,-0.847,-1.075,-0.89,-0.937,-0.968,-0.882,-0.91]",,,,,,,,
sh.688036,cn,传音控股,证监会: C39计算机、通信和其他电子设备制造业,-0.911,0.452,632,929,-38,"[null,null,-0.916,-0.434,-0.646,-0.513,-0.13,-0.924,-0.947,-0.969,-0.929,-0.915,-0.827,-0.911]",,,,,,,,
sz.000408,cn,藏格矿业,证监会: C26化学原料和化学制品制造业,-0.911,0.452,633,929,72,"[null,null,-0.859,-0.869,-0.863,0.628,-0.34,-0.772,-0.968,-0.666,-1.004,-0.622,-0.969,-0.911]",,,,,,,,
sh.600362,cn,江西铜业,证监会: C32有色金属冶炼和压延加工业,-0.912,0.452,634,929,-129,"[null,null,-0.876,-1.28,-0.641,-0.708,-0.181,-0.763,0.198,-0.316,-0.95,-0.984,-0.655,-0.912]",,,,,,,,
sh.601216,cn,君正集团,证监会: C26化学原料和化学制品制造业,-0.918,0.452,636,929,2,"[null,null,-1.365,-1.223,-1.224,-1.235,-1.161,-0.88,-1.24,-1.212,-1.131,-1.182,-0.892,-0.918]",,,,,,,,
sh.600521,cn,华海药业,证监会: C27医药制造业,-0.918,0.452,637,929,160,"[null,null,-0.93,-0.717,-0.917,-1.174,-1.128,-1.156,-1.058,-0.941,-0.871,-1.106,-1.057,-0.918]",,,,,,,,
sh.600501,cn,航天晨光,证监会: C35专用设备制造业,-0.918,0.452,635,929,-49,"[null,null,-0.94,-0.838,-0.958,-0.799,-0.605,-0.564,-0.079,-0.958,0.165,-0.908,-0.802,-0.918]",,,,,,,,
sh.601127,cn,赛力斯,证监会: C36汽车制造业,-0.92,0.452,638,929,31,"[null,null,-0.529,-0.781,-0.437,-0.895,-0.712,-1.249,-0.875,-0.735,-0.947,-0.704,-0.938,-0.92]",,,,,,,,
sz.000061,cn,农产品,证监会: L72商务服务业,-0.92,0.452,639,929,8,"[null,null,-0.965,-1.002,-0.854,-0.67,-0.915,-1.169,-0.439,-0.993,-0.969,-0.98,-0.911,-0.92]",,,,,,,,
sh.600737,cn,中粮糖业,证监会: C13农副食品加工业,-0.924,0.452,640,929,-52,"[null,null,-0.895,-1.082,-0.882,-1.02,-0.919,-1.126,-0.933,-1.08,-1.092,-1.075,-0.805,-0.924]",,,,,,,,
sh.600361,cn,创新新材,证监会: C32有色金属冶炼和压延加工业,-0.926,0.452,641,929,16,"[null,null,-1.092,-1.203,-1.037,-1.186,-1.092,-1.066,-0.647,-1.103,-1.019,-0.216,-0.923,-0.926]",,,,,,,,
sz.000031,cn,大悦城,证监会: K70房地产业,-0.927,0.452,642,929,-80,"[null,null,-1.086,-1.129,-1.031,-1.188,-0.637,-1.261,-0.578,-1.027,-1.106,0.048,-0.754,-0.927]",,,,,,,,
sz.300347,cn,泰格医药,证监会: M73研究和试验发展,-0.928,0.452,643,929,-29,"[null,null,-0.455,-1.124,-0.561,-0.745,-0.775,-0.892,-0.99,-0.9,-0.155,-0.656,-0.863,-0.928]",,,,,,,,
sh.600760,cn,中航沈飞,证监会: C37铁路、船舶、航空航天和其他运输设备制造业,-0.929,0.452,644,929,-15,"[null,null,-0.782,-0.923,-1.094,-0.972,-0.853,-0.983,-1.056,-1.053,-1.191,-1.063,-0.881,-0.929]",,,,,,,,
sz.002064,cn,华峰化学,证监会: C28化学纤维制造业,-0.931,0.452,645,929,40,"[null,null,-0.76,-0.964,-0.869,-0.636,-0.703,-0.889,0.004,-0.955,-0.922,-0.718,-0.95,-0.931]",,,,,,,,
sz.002791,cn,坚朗五金,证监会: C33金属制品业,-0.933,0.452,646,929,122,"[null,null,-1.187,-1.145,-1.02,-1.27,-0.965,-0.904,-0.915,-1.088,-0.708,-0.465,-1.031,-0.933]",,,,,,,,
sh.600845,cn,宝信软件,证监会: I65软件和信息技术服务业,-0.934,0.452,648,929,6,"[null,null,-1.268,-1.225,-1.277,-1.237,-0.97,-0.725,-1.113,-0.973,-0.938,-0.191,-0.921,-0.934]",,,,,,,,
sh.601688,cn,华泰证券,证监会: J67资本市场服务,-0.934,0.452,647,929,24,"[null,null,-0.807,-1.068,-0.934,-0.753,-0.911,-1.131,-0.638,-1.029,-1.157,-1.015,-0.939,-0.934]",,,,,,,,
sz.000975,cn,山金国际,证监会: B09有色金属矿采选业,-0.937,0.452,649,929,-128,"[null,null,-0.949,-0.542,-0.941,-0.848,0.094,-0.945,-0.625,0.097,-0.154,0.454,-0.679,-0.937]",,,,,,,,
sh.600895,cn,张江高科,证监会: K70房地产业,-0.939,0.452,650,929,271,"[null,null,-1.304,-0.46,0.094,-0.135,-0.486,-0.771,-0.31,-0.839,-1.157,-0.756,-1.322,-0.939]",,,,,,,,
sz.002920,cn,德赛西威,证监会: C39计算机、通信和其他电子设备制造业,-0.94,0.452,651,929,-50,"[null,null,-0.622,-0.314,-0.818,-0.734,-0.554,-0.779,-0.873,-0.995,-1.151,0.013,-0.844,-0.94]",,,,,,,,
sh.601238,cn,广汽集团,证监会: C36汽车制造业,-0.941,0.452,653,929,55,"[null,null,-1.196,-1.277,-0.989,-0.935,-1.022,-1.057,-1.136,-1.317,-0.947,-1.255,-0.974,-0.941]",,,,,,,,
sh.600446,cn,金证股份,证监会: I65软件和信息技术服务业,-0.941,0.452,652,929,34,"[null,null,-0.247,-0.735,-0.726,-0.584,-0.965,-0.966,-0.462,-0.825,-0.947,-0.139,-0.95,-0.941]",,,,,,,,
sh.603885,cn,吉祥航空,证监会: G56航空运输业,-0.941,0.452,654,929,177,"[null,null,-1.036,-1.008,-1.034,-0.959,-0.893,-1.071,-0.858,-1.077,-0.919,-0.701,-1.098,-0.941]",,,,,,,,
sh.600763,cn,通策医疗,证监会: Q84卫生,-0.944,0.452,655,929,29,"[null,null,-1.203,-1.265,-1.162,-1.259,-1.002,-0.661,-1.149,-0.914,-1.095,-0.955,-0.948,-0.944]",,,,,,,,
sh.601390,cn,中国中铁,证监会: E48土木工程建筑业,-0.945,0.452,656,929,88,"[null,null,-1.396,-1.288,-1.267,-1.21,-0.646,-0.972,-0.895,-0.948,-1.289,-1.361,-1.01,-0.945]",,,,,,,,
sz.000599,cn,青岛双星,证监会: C29橡胶和塑料制品业,-0.945,0.452,657,929,137,"[null,null,-1.086,-1.233,-0.793,-0.895,-0.777,-0.852,-0.335,-0.796,-0.726,-0.91,-1.056,-0.945]",,,,,,,,
sz.000875,cn,电投绿能,证监会: D44电力、热力生产和供应业,-0.946,0.452,658,929,-13,"[null,null,-1.063,-1.076,-1.174,-1.186,-1.005,-1.037,-0.8,-0.833,-1.139,-0.362,-0.904,-0.946]",,,,,,,,
sz.002110,cn,三钢闽光,证监会: C31黑色金属冶炼和压延加工业,-0.947,0.452,660,929,118,"[null,null,-1.197,-1.186,-0.859,-1.114,-0.955,-1.051,-0.794,-1.061,-1.193,-1.127,-1.041,-0.947]",,,,,,,,
sz.002180,cn,奔图科技,证监会: C39计算机、通信和其他电子设备制造业,-0.947,0.452,659,929,18,"[null,null,-0.996,-0.965,-0.793,-1.018,-1.07,-0.96,-0.358,-0.815,-1.091,-0.871,-0.944,-0.947]",,,,,,,,
sz.000738,cn,航发控制,证监会: C37铁路、船舶、航空航天和其他运输设备制造业,-0.948,0.452,661,929,55,"[null,null,-1.262,-1.263,-1.176,-0.89,-0.881,-1.114,-0.252,-0.861,-0.962,-1.138,-0.981,-0.948]",,,,,,,,
sh.600058,cn,五矿发展,证监会: F51批发业,-0.949,0.452,662,929,-145,"[null,null,-1.003,-1.088,-0.908,-0.752,-0.554,-1.129,-0.133,-0.928,-1.084,-0.937,-0.675,-0.949]",,,,,,,,
sh.601100,cn,恒立液压,证监会: C34通用设备制造业,-0.951,0.452,664,929,241,"[null,null,-0.665,-0.737,-0.349,-0.668,-0.685,-0.762,-0.615,-0.919,-0.759,-0.597,-1.238,-0.951]",,,,,,,,
sz.000533,cn,顺钠股份,证监会: C38电气机械和器材制造业,-0.951,0.452,663,929,-47,"[null,null,-1.164,-1.082,-1.067,-0.848,-0.643,-1.273,-0.603,-0.885,-0.678,0.132,-0.864,-0.951]",,,,,,,,
sh.600481,cn,双良节能,证监会: C34通用设备制造业,-0.952,0.452,665,929,-291,"[null,null,-1.286,-1.163,-0.801,-1.054,-0.823,-0.577,-0.483,-0.603,-0.564,-0.666,-0.376,-0.952]",,,,,,,,
sz.000723,cn,美锦能源,证监会: C25石油、煤炭及其他燃料加工业,-0.953,0.452,666,929,-47,"[null,null,-1.112,-0.847,-1.15,-1.23,-1.146,-1.162,-1.168,-1.192,-1.224,-0.184,-0.867,-0.953]",,,,,,,,
sh.600100,cn,同方股份,证监会: C39计算机、通信和其他电子设备制造业,-0.956,0.452,667,929,66,"[null,null,-1.21,-1.368,-1.005,-0.986,-1.097,-0.989,-1.005,-1.083,-0.966,-1.068,-0.999,-0.956]",,,,,,,,
sh.600638,cn,新黄浦,证监会: K70房地产业,-0.959,0.452,668,929,75,"[null,null,-0.958,-1.19,-1.022,-1.012,-0.72,-0.893,-0.745,-1.042,-1.125,1.045,-1.009,-0.959]",,,,,,,,
sz.300207,cn,欣旺达,证监会: C38电气机械和器材制造业,-0.961,0.452,669,929,10,"[null,null,0.506,-0.021,0.425,0.245,0.653,-0.616,-0.602,-1.086,-0.204,-0.068,-0.944,-0.961]",,,,,,,,
sz.300059,cn,东方财富,证监会: J67资本市场服务,-0.961,0.452,670,929,133,"[null,null,0.006,0.196,-0.009,0.049,-0.795,-0.726,-1.056,-0.809,-0.936,-1.405,-1.063,-0.961]",,,,,,,,
sh.600761,cn,安徽合力,证监会: C34通用设备制造业,-0.964,0.452,671,929,-18,"[null,null,-0.829,-0.988,-1.078,-0.933,-0.841,-0.789,-0.609,-0.902,-0.94,-1.13,-0.919,-0.964]",,,,,,,,
sz.001280,cn,中国铀业,证监会: B09有色金属矿采选业,-0.968,0.452,672,929,9,"[null,null,0.303,0.25,0.383,-1.371,0.163,-0.069,0.581,0.076,0.277,-0.957,-0.946,-0.968]",,,,,,,,
sz.300003,cn,乐普医疗,证监会: C35专用设备制造业,-0.969,0.452,673,929,-24,"[null,null,-0.204,-1.034,-1.076,-1.162,-0.955,-0.756,-0.756,-0.916,-0.888,-0.965,-0.914,-0.969]",,,,,,,,
sh.600970,cn,中材国际,证监会: E48土木工程建筑业,-0.971,0.452,674,929,98,"[null,null,-1.259,-1.176,-1.136,-1.064,-1.069,-0.932,-1.192,-1.011,-1.122,0.008,-1.034,-0.971]",,,,,,,,
sh.600103,cn,青山纸业,证监会: C22造纸和纸制品业,-0.972,0.452,675,929,-83,"[null,null,-0.658,-1.243,-1.083,-1.292,-1.096,-1.02,-1.008,-1.359,0.062,0.473,-0.82,-0.972]",,,,,,,,
sh.600038,cn,中直股份,证监会: C37铁路、船舶、航空航天和其他运输设备制造业,-0.973,0.452,676,929,17,"[null,null,-1.255,-1.137,-1.178,-1.158,-1.149,-1.025,-0.936,-1.238,-0.564,-1.069,-0.956,-0.973]",,,,,,,,
sh.600739,cn,辽宁成大,证监会: F51批发业,-0.973,0.452,678,929,21,"[null,null,-1.172,-1.231,-1.138,-1.279,-1.107,-1.026,-1.183,-1.039,-1.279,-1.22,-0.962,-0.973]",,,,,,,,
sh.601615,cn,明阳智能,证监会: C34通用设备制造业,-0.973,0.452,677,929,-246,"[null,null,-0.804,-1.282,-0.954,-1.048,-0.603,-1.142,-0.648,-0.755,-1.213,0.351,-0.528,-0.973]",,,,,,,,
sz.002052,cn,同洲电子,证监会: C39计算机、通信和其他电子设备制造业,-0.974,0.452,679,929,8,"[null,null,-0.722,-0.509,-0.396,-0.775,-1.035,-0.923,-0.306,-0.973,-0.913,-0.55,-0.951,-0.974]",,,,,,,,
sh.600196,cn,复星医药,证监会: C27医药制造业,-0.975,0.452,680,929,69,"[null,null,-1.082,-1.075,-1.167,-1.206,-1.18,-1.232,-1.175,-1.279,-1.33,-1.108,-1.014,-0.975]",,,,,,,,
sh.600352,cn,浙江龙盛,证监会: C26化学原料和化学制品制造业,-0.976,0.452,681,929,166,"[null,null,-1.301,-1.298,-1.095,-1.209,-0.937,-0.792,-0.919,-0.52,-1.161,-1.119,-1.118,-0.976]",,,,,,,,
sz.300957,cn,贝泰妮,证监会: C26化学原料和化学制品制造业,-0.976,0.452,682,929,-36,"[null,null,-0.994,-1.234,-1.163,-1.331,-1.238,-1.013,-0.841,-0.979,-1.006,-0.612,-0.91,-0.976]",,,,,,,,
sh.601117,cn,中国化学,证监会: E48土木工程建筑业,-0.978,0.452,684,929,81,"[null,null,-1.322,-1.36,-1.219,-1.274,-0.845,-0.949,-1.21,-1.106,-1.13,-1.223,-1.03,-0.978]",,,,,,,,
sh.601155,cn,新城控股,证监会: K70房地产业,-0.978,0.452,683,929,-61,"[null,null,-0.808,-1.207,-0.988,-1.133,-0.694,-0.963,-0.505,-0.906,-0.963,-0.591,-0.868,-0.978]",,,,,,,,
sh.600718,cn,东软集团,证监会: I65软件和信息技术服务业,-0.981,0.452,686,929,38,"[null,null,-1.025,-1.177,-1.056,-1.174,-0.926,-1.072,-0.91,-1.157,-1.206,-1.303,-0.987,-0.981]",,,,,,,,
sz.002074,cn,国轩高科,证监会: C38电气机械和器材制造业,-0.981,0.452,685,929,-3,"[null,null,-0.871,-1.171,-0.515,-0.824,-1.011,-0.92,-0.978,-0.937,-0.821,-0.611,-0.946,-0.981]",,,,,,,,
sz.000878,cn,云南铜业,证监会: C32有色金属冶炼和压延加工业,-0.984,0.452,688,929,-40,"[null,null,-1.016,-1.074,-1.022,-1.067,-0.153,-1.029,0.1,-0.13,-0.971,-0.698,-0.913,-0.984]",,,,,,,,
sz.300058,cn,蓝色光标,证监会: L72商务服务业,-0.984,0.452,687,929,-136,"[null,null,-0.489,-0.857,-0.037,-0.497,0.722,-0.099,0.419,-0.818,-0.912,0.688,-0.731,-0.984]",,,,,,,,
sh.601696,cn,中银证券,证监会: J67资本市场服务,-0.985,0.452,689,929,67,"[null,null,-1.081,-1.079,-1.132,-1.058,-1.049,-1,-0.94,-1.094,-1.199,-1.101,-1.019,-0.985]",,,,,,,,
sz.002051,cn,中工国际,证监会: E48土木工程建筑业,-0.987,0.452,690,929,-412,"[null,null,-1.313,-1.284,-1.107,-1.086,-1.116,-1.132,-0.982,-1.144,-1.004,-0.982,-0.106,-0.987]",,,,,,,,
sh.601717,cn,中创智领,证监会: C35专用设备制造业,-0.989,0.453,691,929,-89,"[null,null,-0.809,-0.995,-1.026,-1.067,-1.163,-1.039,-0.255,-1.055,-0.89,0.064,-0.845,-0.989]",,,,,,,,
sz.000555,cn,神州信息,证监会: I65软件和信息技术服务业,-0.99,0.453,693,929,20,"[null,null,-1.004,-0.447,-1.238,-0.368,-0.556,-0.751,-0.643,-0.753,-0.046,0.201,-0.977,-0.99]",,,,,,,,
sz.002152,cn,广电运通,证监会: C39计算机、通信和其他电子设备制造业,-0.99,0.453,692,929,120,"[null,null,-1.142,-1.186,-1.112,-0.985,-1.213,-0.928,-0.867,-1.124,-1.026,-1.215,-1.071,-0.99]",,,,,,,,
sz.002555,cn,三七互娱,证监会: I64互联网和相关服务,-0.991,0.453,694,929,51,"[null,null,-0.977,-1.098,-1.196,-0.806,-0.52,-1.013,-0.809,-1.019,-1.036,-1.11,-1.011,-0.991]",,,,,,,,
sz.002410,cn,广联达,证监会: I65软件和信息技术服务业,-0.991,0.453,695,929,44,"[null,null,-1.075,-1.086,-1.124,-1.167,-0.824,-0.989,-0.674,-0.824,-1.072,-0.618,-1.006,-0.991]",,,,,,,,
sz.002532,cn,天山铝业,证监会: C32有色金属冶炼和压延加工业,-0.993,0.453,697,929,15,"[null,null,-0.793,-1.026,-0.799,-0.751,-0.685,-0.941,-1.149,-0.843,-0.966,0.885,-0.977,-0.993]",,,,,,,,
sz.300072,cn,海新能科,证监会: C26化学原料和化学制品制造业,-0.993,0.453,696,929,11,"[null,null,-0.715,-1.106,-0.896,-1.028,-0.552,-1.075,-1.418,-0.541,0.66,-0.884,-0.974,-0.993]",,,,,,,,
sh.600346,cn,恒力石化,证监会: C26化学原料和化学制品制造业,-0.994,0.453,700,929,143,"[null,null,-1.042,-0.988,-0.9,-0.767,-0.507,-0.599,-0.854,-0.943,0.362,-0.982,-1.109,-0.994]",,,,,,,,
sh.600666,cn,奥瑞德,证监会: C30非金属矿物制品业,-0.994,0.453,699,929,-228,"[null,null,-1.01,-1.132,-1.041,-1.095,-1.236,-1.103,-1.241,-0.79,-0.221,-0.397,-0.605,-0.994]",,,,,,,,
sh.600688,cn,上海石化,证监会: C25石油、煤炭及其他燃料加工业,-0.994,0.453,698,929,20,"[null,null,-1.432,-1.335,-1.206,-1.093,-0.914,-0.982,-0.697,-0.678,-0.787,-1.191,-0.984,-0.994]",,,,,,,,
sh.601002,cn,晋亿实业,证监会: C34通用设备制造业,-0.998,0.453,701,929,-6,"[null,null,-1.134,-1.2,-1.209,-1.115,-1.156,-1.07,-1.277,-1.098,0.082,-0.575,-0.956,-0.998]",,,,,,,,
sh.603858,cn,步长制药,证监会: C27医药制造业,-0.999,0.453,704,929,22,"[null,null,-1.265,-1.248,-1.171,-1.288,-1.255,-1.076,-1.183,-1.126,-1.276,-1.044,-0.989,-0.999]",,,,,,,,
sz.300070,cn,碧水源,证监会: N77生态保护和环境治理业,-0.999,0.453,703,929,-93,"[null,null,-1.236,-1.287,-1.244,-1.285,-1.296,-1.017,-1.242,-1.205,-1.283,-1.085,-0.858,-0.999]",,,,,,,,
sh.601969,cn,海南矿业,证监会: B08黑色金属矿采选业,-0.999,0.453,702,929,23,"[null,null,-0.929,-0.89,-0.789,-1.1,-1.223,-1.007,-1.021,-0.974,-0.419,-0.381,-0.989,-0.999]",,,,,,,,
sh.600741,cn,华域汽车,证监会: C36汽车制造业,-1,0.453,705,929,37,"[null,null,-0.982,-1.056,-1.223,-1.211,-1.291,-1.238,-1.313,-1.352,-1.147,-1.123,-1.008,-1]",,,,,,,,
sz.000009,cn,中国宝安,证监会: J69其他金融业,-1.002,0.453,706,929,8,"[null,null,-0.946,-0.949,-1.045,-1.116,-1.034,-1.148,-1.119,-0.984,-0.667,-1.02,-0.979,-1.002]",,,,,,,,
sz.300002,cn,神州泰岳,证监会: I64互联网和相关服务,-1.002,0.453,707,929,168,"[null,null,-0.262,1.186,-0.022,-0.276,-0.948,-0.754,0.024,-0.985,-0.852,-1.062,-1.156,-1.002]",,,,,,,,
sh.600390,cn,五矿资本,证监会: J69其他金融业,-1.004,0.453,708,929,11,"[null,null,-1.294,-1.254,-1.263,-1.21,-1.274,-1.076,-1.183,-1.189,-1.274,-1.133,-0.985,-1.004]",,,,,,,,
sh.601319,cn,中国人保,证监会: J68保险业,-1.006,0.453,709,929,68,"[null,null,-1.34,-1.324,-1.015,-1.112,-1.074,-1.26,-0.671,-1.048,-1.255,-1.098,-1.04,-1.006]",,,,,,,,
sz.000682,cn,东方电子,证监会: I65软件和信息技术服务业,-1.007,0.453,712,929,-47,"[null,null,-0.951,-1.089,-1.015,-1.109,-0.896,-0.778,-0.799,-0.929,-0.93,-0.978,-0.936,-1.007]",,,,,,,,
sz.000550,cn,江铃汽车,证监会: C36汽车制造业,-1.007,0.453,710,929,-27,"[null,null,-1.205,-1.191,-1.264,-1.193,-1.308,-1.079,-1.231,-1.027,-1.176,-0.963,-0.947,-1.007]",,,,,,,,
sz.002416,cn,爱施德,证监会: F51批发业,-1.007,0.453,711,929,36,"[null,null,-1.231,-1.259,-1.204,-1.052,-1.094,-0.789,-1.098,-0.99,-0.246,-0.85,-1.012,-1.007]",,,,,,,,
sz.002773,cn,康弘药业,证监会: C27医药制造业,-1.008,0.453,713,929,-19,"[null,null,-0.952,-1.115,-1.066,-1.141,-0.972,-0.974,-1,-1.067,-0.809,-0.986,-0.956,-1.008]",,,,,,,,
sz.002945,cn,华林证券,证监会: J67资本市场服务,-1.014,0.453,714,929,-107,"[null,null,-0.85,-1.066,-1.18,-1.125,-0.571,-0.479,-0.74,-1.008,-1.197,-1.172,-0.854,-1.014]",,,,,,,,
sz.000829,cn,天音控股,证监会: F51批发业,-1.016,0.453,715,929,26,"[null,null,-1.27,-1.218,-1.026,-1.096,-1.014,-0.94,-1.112,-0.875,-0.05,-0.602,-1.007,-1.016]",,,,,,,,
sh.600570,cn,恒生电子,证监会: I65软件和信息技术服务业,-1.018,0.453,716,929,50,"[null,null,-1.027,-0.075,-0.436,-0.683,-0.608,-0.836,-0.696,-1.055,-1.256,-0.825,-1.031,-1.018]",,,,,,,,
sz.002241,cn,歌尔股份,证监会: C39计算机、通信和其他电子设备制造业,-1.019,0.453,717,929,-57,"[null,null,-0.888,-1.505,0.09,0.036,-0.885,-1.019,-0.242,-0.724,-0.931,-0.397,-0.929,-1.019]",,,,,,,,
sh.600316,cn,洪都航空,证监会: C37铁路、船舶、航空航天和其他运输设备制造业,-1.02,0.453,718,929,-12,"[null,null,-1.332,-1.097,-1.083,-0.92,-0.539,-0.619,-1.119,-1.202,0.142,-1.028,-0.97,-1.02]",,,,,,,,
sz.000422,cn,湖北宜化,证监会: C26化学原料和化学制品制造业,-1.02,0.453,719,929,-41,"[null,null,-0.993,-1.167,-0.959,-1.021,-0.937,-1.15,-1.444,-0.813,-0.907,-0.979,-0.944,-1.02]",,,,,,,,
sz.000099,cn,中信海直,证监会: G56航空运输业,-1.021,0.453,720,929,65,"[null,null,-1.085,-1.2,-1.152,-1.143,-0.974,-0.999,-0.979,-0.976,-1.162,-1.175,-1.048,-1.021]",,,,,,,,
sh.600657,cn,信达地产,证监会: K70房地产业,-1.022,0.453,721,929,-58,"[null,null,-1.009,-1.247,-1.121,-1.225,-1.121,-1.135,-1.058,-1.081,-1.044,-0.514,-0.933,-1.022]",,,,,,,,
sz.000100,cn,TCL科技,证监会: C39计算机、通信和其他电子设备制造业,-1.022,0.453,722,929,-18,"[null,null,-1.323,-1.129,-1.301,-0.724,-0.889,-0.714,-0.792,-0.981,-0.954,-1.145,-0.969,-1.022]",,,,,,,,
sh.600418,cn,江淮汽车,证监会: C36汽车制造业,-1.023,0.453,724,929,98,"[null,null,-1.01,-0.865,-1.107,-0.773,-0.903,-0.723,-0.993,-0.913,-0.547,0.155,-1.084,-1.023]",,,,,,,,
sh.600637,cn,东方明珠,证监会: I63电信、广播电视和卫星传输服务,-1.023,0.453,725,929,33,"[null,null,-1.109,-1.159,-1.06,-0.976,-0.773,-0.902,-0.226,-1.071,-1.4,-0.791,-1.021,-1.023]",,,,,,,,
sh.600685,cn,中船防务,证监会: C37铁路、船舶、航空航天和其他运输设备制造业,-1.023,0.453,723,929,115,"[null,null,-1.136,-1.044,-1.09,-0.897,-0.842,-0.595,-0.82,-0.895,-1.119,-1.04,-1.105,-1.023]",,,,,,,,
sh.600006,cn,东风股份,证监会: C36汽车制造业,-1.024,0.453,726,929,20,"[null,null,-1.163,-1.159,-1.217,-1.229,-1.276,-1.23,-1.223,-1.174,-1.131,-1.233,-1.011,-1.024]",,,,,,,,
sh.600219,cn,南山铝业,证监会: C32有色金属冶炼和压延加工业,-1.024,0.453,727,929,92,"[null,null,-1.261,-1.033,-0.843,-1.301,-0.245,-1.211,-0.888,-0.449,-1.218,1.394,-1.08,-1.024]",,,,,,,,
sz.000718,cn,苏宁环球,证监会: K70房地产业,-1.025,0.453,728,929,52,"[null,null,-1.556,-1.222,-0.945,-1.21,-1.144,-1.117,-1.137,-1.117,-1.178,-0.682,-1.042,-1.025]",,,,,,,,
sh.603185,cn,弘元绿能,证监会: C38电气机械和器材制造业,-1.025,0.453,729,929,138,"[null,null,-0.964,-0.854,-0.668,-0.906,-0.661,-0.899,-0.791,-1.072,0.081,-0.653,-1.141,-1.025]",,,,,,,,
sz.000402,cn,金融街,证监会: K70房地产业,-1.026,0.453,730,929,-186,"[null,null,-1.108,-1.281,-1.124,-1.215,-1.2,-1.117,-1.179,-1.328,-1.086,-0.454,-0.72,-1.026]",,,,,,,,
sz.000680,cn,山推股份,证监会: C35专用设备制造业,-1.026,0.453,731,929,-33,"[null,null,-1.018,-0.868,-1.025,-0.765,-1.025,-0.832,-1.146,-0.98,-1.034,-1.109,-0.962,-1.026]",,,,,,,,
sh.600643,cn,爱建集团,证监会: J69其他金融业,-1.028,0.453,733,929,82,"[null,null,-1.209,-1.26,-1.18,-1.158,-1.137,-1.149,-1.126,-0.956,-0.994,-0.303,-1.077,-1.028]",,,,,,,,
sz.000157,cn,中联重科,证监会: C35专用设备制造业,-1.028,0.453,732,929,50,"[null,null,-0.801,-1.116,-1.129,-1.127,-0.955,-0.76,-1.078,-1.06,-1.253,-1.153,-1.046,-1.028]",,,,,,,,
sh.600312,cn,平高电气,证监会: C38电气机械和器材制造业,-1.029,0.453,734,929,-93,"[null,null,-0.994,-1.032,-0.944,-0.991,-0.839,-0.71,-0.717,-0.797,-1.006,-0.451,-0.895,-1.029]",,,,,,,,
sh.600633,cn,浙数文化,证监会: I64互联网和相关服务,-1.029,0.453,735,929,28,"[null,null,-1.155,-0.943,-1.044,-1.015,-0.771,-1.121,-0.674,-0.887,-0.93,-0.35,-1.027,-1.029]",,,,,,,,
sz.002085,cn,万丰奥威,证监会: C36汽车制造业,-1.03,0.453,736,929,66,"[null,null,-1.087,-1.081,-1.086,-1.074,-1.216,-0.963,-0.99,-0.995,-1.06,-0.916,-1.06,-1.03]",,,,,,,,
sh.601727,cn,上海电气,证监会: C34通用设备制造业,-1.031,0.453,737,929,-82,"[null,null,-1.033,-0.911,-0.981,-0.949,-0.881,-0.855,-1.108,-1.079,-1.156,-1.32,-0.922,-1.031]",,,,,,,,
sh.601992,cn,金隅集团,证监会: C30非金属矿物制品业,-1.033,0.453,738,929,-27,"[null,null,-1.05,-1.287,-1.11,-1.202,-1.078,-1.254,-1.25,-1.025,-1.234,-1.18,-0.977,-1.033]",,,,,,,,
sz.000002,cn,万科A,证监会: K70房地产业,-1.035,0.453,739,929,119,"[null,null,-1.013,-1.289,-1.088,-1.083,-1.002,-1.137,-0.965,-1.13,-1.273,-0.945,-1.134,-1.035]",,,,,,,,
sh.600710,cn,苏美达,证监会: F51批发业,-1.035,0.453,740,929,-182,"[null,null,-1.168,-1.065,-1.038,-1.173,-1.089,-0.778,-1.172,-1.085,-0.959,-0.912,-0.742,-1.035]",,,,,,,,
sz.000623,cn,吉林敖东,证监会: C27医药制造业,-1.036,0.453,741,929,-7,"[null,null,-1.053,-0.89,-0.97,-1.194,-1.118,-1.196,-1.1,-1.069,-1.175,-1.107,-1.003,-1.036]",,,,,,,,
sh.600621,cn,华鑫股份,证监会: J67资本市场服务,-1.037,0.453,742,929,58,"[null,null,-1.069,-1.208,-1.25,-1.221,-1.112,-0.977,-0.788,-1.076,-1.199,-1.154,-1.059,-1.037]",,,,,,,,
sh.600109,cn,国金证券,证监会: J67资本市场服务,-1.04,0.453,744,929,-22,"[null,null,-1.096,-1.262,-1.202,-1.202,-1.242,-1.213,-1.224,-1.13,-1.129,-1.102,-0.987,-1.04]",,,,,,,,
sz.000997,cn,新大陆,证监会: I65软件和信息技术服务业,-1.04,0.453,743,929,65,"[null,null,-1.121,-1.173,-1.116,-0.907,-1.025,-0.995,-0.466,-0.835,-1.157,0.396,-1.068,-1.04]",,,,,,,,
sh.600372,cn,中航机载,证监会: C37铁路、船舶、航空航天和其他运输设备制造业,-1.042,0.453,745,929,47,"[null,null,-1.179,-1.278,-1.146,-0.941,-0.792,-0.97,-0.155,-1.035,-1.113,-1.103,-1.054,-1.042]",,,,,,,,
sz.002493,cn,荣盛石化,证监会: C26化学原料和化学制品制造业,-1.043,0.453,746,929,-18,"[null,null,-1.057,-0.856,-0.894,-0.817,-0.893,-0.871,-0.942,-1.097,-1.172,-1.15,-0.991,-1.043]",,,,,,,,
sz.000898,cn,鞍钢股份,证监会: C31黑色金属冶炼和压延加工业,-1.044,0.453,749,929,110,"[null,null,-1.267,-1.283,-1.088,-1.236,-1.206,-1.202,-1.038,-1.172,-1.277,-1.226,-1.134,-1.044]",,,,,,,,
sh.600704,cn,物产中大,证监会: F51批发业,-1.044,0.453,748,929,45,"[null,null,-1.02,-1.269,-1.282,-1.257,-1.245,-1.109,-1.203,-1.23,-1.295,-1.324,-1.056,-1.044]",,,,,,,,
sz.000541,cn,佛山照明,证监会: C38电气机械和器材制造业,-1.044,0.453,751,929,133,"[null,null,-1.357,-1.339,-1.248,-1.28,-1.302,-1.123,-1.222,-1.226,-1.202,-1.111,-1.175,-1.044]",,,,,,,,
sz.300015,cn,爱尔眼科,证监会: Q84卫生,-1.044,0.453,747,929,-119,"[null,null,-0.119,-1.265,-1.238,-1.259,-1.115,-1.263,-1.26,-1.094,-1.349,-0.871,-0.88,-1.044]",,,,,,,,
sh.601877,cn,正泰电器,证监会: C38电气机械和器材制造业,-1.044,0.453,750,929,-41,"[null,null,-0.758,-0.898,-0.894,-1.078,-0.759,-0.881,-1.177,-0.974,-0.88,-1.279,-0.977,-1.044]",,,,,,,,
sh.600037,cn,歌华有线,证监会: I63电信、广播电视和卫星传输服务,-1.049,0.453,752,929,58,"[null,null,-1.022,-1.078,-1.064,-1.282,-0.927,-0.985,-1.095,-1.003,-1.064,-1.321,-1.069,-1.049]",,,,,,,,
sz.000932,cn,华菱钢铁,证监会: C31黑色金属冶炼和压延加工业,-1.05,0.453,756,929,84,"[null,null,-1.023,-1.231,-1.2,-1.166,-0.761,-0.993,-0.225,-0.647,-0.647,-1.157,-1.108,-1.05]",,,,,,,,
sh.600096,cn,云天化,证监会: C26化学原料和化学制品制造业,-1.05,0.453,753,929,-3,"[null,null,-1.07,-1.073,-0.853,-0.765,-0.763,-0.687,-0.266,-0.463,-0.978,-0.946,-1.016,-1.05]",,,,,,,,
sh.601788,cn,光大证券,证监会: J67资本市场服务,-1.05,0.453,754,929,10,"[null,null,-1.045,-1.168,-1.308,-1.221,-1.239,-1.189,-1.232,-1.19,-1.271,-1.16,-1.029,-1.05]",,,,,,,,
sh.601990,cn,南京证券,证监会: J67资本市场服务,-1.05,0.453,755,929,80,"[null,null,-1.139,-1.27,-1.25,-1.205,-1.282,-1.191,-1.188,-1.174,-1.288,-1.175,-1.101,-1.05]",,,,,,,,
sh.600918,cn,中泰证券,证监会: J67资本市场服务,-1.051,0.453,757,929,31,"[null,null,-1.115,-1.255,-1.241,-1.183,-1.269,-1.223,-1.2,-1.172,-1.323,-1.281,-1.051,-1.051]",,,,,,,,
sh.600611,cn,大众交通,证监会: G54道路运输业,-1.051,0.453,758,929,-195,"[null,null,-1.327,-1.348,-1.258,-1.253,-0.954,-0.959,-1.099,-1.19,-1.55,0.617,-0.754,-1.051]",,,,,,,,
sz.000617,cn,中油资本,证监会: J66货币金融服务,-1.052,0.453,759,929,22,"[null,null,-1.056,-0.484,-1.019,-1.041,-1.117,-0.986,-0.904,-1.009,-0.317,-0.407,-1.043,-1.052]",,,,,,,,
sh.600745,cn,*ST闻泰,证监会: C39计算机、通信和其他电子设备制造业,-1.053,0.453,760,929,-231,"[null,null,-0.841,-0.626,-0.937,-0.849,-0.847,-0.975,-1.099,-1.254,0.373,-0.199,-0.69,-1.053]",,,,,,,,
sh.600977,cn,中国电影,证监会: R87广播、电视、电影和录音制作业,-1.054,0.453,761,929,9,"[null,null,-1.64,-0.921,-0.836,-0.863,-1.157,-0.973,-1.056,-1.086,-1.071,-1.325,-1.032,-1.054]",,,,,,,,
sz.000528,cn,柳工,证监会: C35专用设备制造业,-1.054,0.453,762,929,-32,"[null,null,-1.099,-1.269,-1.054,-1.101,-1.206,-1.045,-0.582,-0.888,-1.179,-1.132,-0.993,-1.054]",,,,,,,,
sh.688599,cn,天合光能,证监会: C38电气机械和器材制造业,-1.054,0.453,763,929,-96,"[null,null,-0.109,-0.926,-0.998,-0.382,-0.827,-1.057,-0.222,-0.539,-1.073,-1.05,-0.936,-1.054]",,,,,,,,
sz.300315,cn,掌趣科技,证监会: I64互联网和相关服务,-1.055,0.453,766,929,141,"[null,null,-0.99,-0.964,-1.017,-1.226,-0.772,-0.952,-0.63,-1.006,-1.15,-0.974,-1.256,-1.055]",,,,,,,,
sh.601375,cn,中原证券,证监会: J67资本市场服务,-1.055,0.453,764,929,19,"[null,null,-1.03,-1.267,-1.287,-1.211,-1.191,-1.107,-1.245,-1.153,-1.086,-1.218,-1.046,-1.055]",,,,,,,,
sz.000690,cn,宝新能源,证监会: D44电力、热力生产和供应业,-1.055,0.453,765,929,-160,"[null,null,-1.189,-1.329,-1.217,-1.317,-1.166,-1.085,-1.29,-1.155,-1.246,-0.229,-0.852,-1.055]",,,,,,,,
sz.002405,cn,四维图新,证监会: I65软件和信息技术服务业,-1.056,0.453,767,929,96,"[null,null,-1.083,-1.275,-1.132,-1.109,-0.926,-0.802,-1.035,-1.102,-1.193,-0.347,-1.138,-1.056]",,,,,,,,
sz.002939,cn,长城证券,证监会: J67资本市场服务,-1.057,0.453,768,929,-7,"[null,null,-1.069,-1.063,-1.214,-1.193,-1.235,-1.163,-1.243,-1.14,-1.187,-1.117,-1.024,-1.057]",,,,,,,,
sz.300413,cn,芒果超媒,证监会: I64互联网和相关服务,-1.058,0.453,769,929,60,"[null,null,-0.255,-0.896,-0.76,-0.981,-0.908,-0.922,-0.551,-1.151,-1.133,-1.068,-1.096,-1.058]",,,,,,,,
sh.600880,cn,博瑞传播,证监会: R86新闻和出版业,-1.059,0.453,771,929,147,"[null,null,-1.326,-1.287,-1.035,-1.232,-0.917,-0.869,-0.771,-0.901,-0.855,-1.008,-1.318,-1.059]",,,,,,,,
sh.601899,cn,紫金矿业,证监会: B09有色金属矿采选业,-1.059,0.453,770,929,-159,"[null,null,-0.555,-1.062,-0.68,-0.718,-0.577,-1.237,-0.809,-0.629,-1.176,-0.435,-0.859,-1.059]",,,,,,,,
sh.601198,cn,东兴证券,证监会: J67资本市场服务,-1.06,0.453,772,929,23,"[null,null,-1.122,-1.083,-1.167,-0.905,-1.038,-1.35,-1.166,-1.112,-1.054,-1.003,-1.057,-1.06]",,,,,,,,
sh.601136,cn,首创证券,证监会: J67资本市场服务,-1.061,0.453,773,929,-42,"[null,null,-1.083,-1.228,-1.128,-1.29,-1.235,-1.157,-1.217,-1.086,-1.185,-1.219,-0.996,-1.061]",,,,,,,,
sz.302132,cn,中航成飞,证监会: C39计算机、通信和其他电子设备制造业,-1.061,0.453,774,929,-116,"[null,null,-0.09,-0.34,-0.9,-0.961,-1.013,-0.914,-0.87,-1.034,-1.119,-0.971,-0.926,-1.061]",,,,,,,,
sz.002736,cn,国信证券,证监会: J67资本市场服务,-1.064,0.453,776,929,-3,"[null,null,-1.171,-1.207,-1.246,-1.112,-1.221,-1.251,-1.17,-1.208,-1.244,-1.187,-1.036,-1.064]",,,,,,,,
sh.601995,cn,中金公司,证监会: J67资本市场服务,-1.064,0.453,775,929,-24,"[null,null,-1.042,-1.158,-1.262,-0.721,-1.022,-1.229,-1.163,-1.157,-1.095,-0.919,-1.016,-1.064]",,,,,,,,
sh.600682,cn,南京新百,证监会: C27医药制造业,-1.065,0.453,778,929,42,"[null,null,-0.968,-1.146,-0.803,-0.748,0.035,-0.955,-0.915,-1.113,-1.103,-0.735,-1.081,-1.065]",,,,,,,,
sz.002673,cn,西部证券,证监会: J67资本市场服务,-1.065,0.453,777,929,-29,"[null,null,-1.201,-1.235,-1.268,-1.188,-1.254,-1.116,-1.277,-1.155,-1.284,-1.185,-1.012,-1.065]",,,,,,,,
sh.601012,cn,隆基绿能,证监会: C38电气机械和器材制造业,-1.066,0.453,779,929,32,"[null,null,-0.935,-0.66,-0.679,-0.761,-0.966,-0.927,-1.142,-1.158,-0.722,-0.934,-1.071,-1.066]",,,,,,,,
sz.000338,cn,潍柴动力,证监会: C36汽车制造业,-1.066,0.453,780,929,-136,"[null,null,-1.385,-1.242,-0.904,-0.908,-0.857,-1.06,-1.102,-0.849,-0.497,-0.805,-0.903,-1.066]",,,,,,,,
sh.600732,cn,爱旭股份,证监会: C38电气机械和器材制造业,-1.068,0.453,781,929,-164,"[null,null,-0.864,-1.064,-0.509,-0.662,-0.899,-1.115,-1.046,-0.93,-0.434,-0.932,-0.865,-1.068]",,,,,,,,
sh.600654,cn,中安科,证监会: L72商务服务业,-1.069,0.453,782,929,-44,"[null,null,-1.109,-1.138,-1.042,-1.169,-1.023,-0.982,-1.235,-1.368,-0.828,0.948,-1.005,-1.069]",,,,,,,,
sh.600072,cn,中船科技,证监会: E48土木工程建筑业,-1.07,0.453,783,929,-132,"[null,null,-1.293,-1.307,-1.114,-1.285,-1.236,-0.93,-1.029,-1.069,-0.888,-0.412,-0.916,-1.07]",,,,,,,,
sh.601236,cn,红塔证券,证监会: J67资本市场服务,-1.071,0.453,786,929,-32,"[null,null,-1.166,-1.217,-1.201,-1.289,-1.268,-1.155,-1.268,-1.249,-1.322,-1.058,-1.017,-1.071]",,,,,,,,
sh.603000,cn,人民网,证监会: I64互联网和相关服务,-1.071,0.453,785,929,123,"[null,null,-1.278,-1.239,-1.05,-1.256,-1.025,-1.336,-0.368,-0.707,-1.04,-0.868,-1.26,-1.071]",,,,,,,,
sz.002174,cn,游族网络,证监会: I64互联网和相关服务,-1.071,0.453,784,929,-120,"[null,null,-0.422,-0.674,-0.941,-0.987,-1.042,-1.073,-0.696,-0.933,-0.655,-0.947,-0.933,-1.071]",,,,,,,,
sh.600325,cn,华发股份,证监会: K70房地产业,-1.073,0.453,787,929,-52,"[null,null,-1.16,-1.303,-1.105,-1.296,-0.951,-1.388,-0.844,-0.869,-0.586,-0.543,-1.003,-1.073]",,,,,,,,
sz.000728,cn,国元证券,证监会: J67资本市场服务,-1.073,0.453,788,929,25,"[null,null,-1.057,-1.261,-1.274,-1.179,-1.221,-1.135,-1.199,-1.267,-1.25,-1.118,-1.075,-1.073]",,,,,,,,
sz.002065,cn,东华软件,证监会: I65软件和信息技术服务业,-1.074,0.453,789,929,89,"[null,null,-1.426,-1.278,-0.858,-1.158,-1.267,-0.954,-0.619,-1.103,-0.986,-1.108,-1.158,-1.074]",,,,,,,,
sz.300027,cn,ST华谊,证监会: R87广播、电视、电影和录音制作业,-1.076,0.453,790,929,-396,"[null,null,-0.661,-1.112,-1.125,-0.572,-0.966,-1.281,-0.381,-0.916,-0.752,-0.607,-0.458,-1.076]",,,,,,,,
sz.002459,cn,晶澳科技,证监会: C38电气机械和器材制造业,-1.078,0.453,791,929,-309,"[null,null,-1.177,-1.114,-0.806,-0.813,-0.959,-1.164,-1.143,-1.003,-0.714,-0.486,-0.618,-1.078]",,,,,,,,
sz.000581,cn,威孚高科,证监会: C36汽车制造业,-1.079,0.453,793,929,-22,"[null,null,-0.884,-1.071,-1.153,-1.16,-1.151,-0.647,-0.913,-0.965,-1.091,-1.281,-1.033,-1.079]",,,,,,,,
sh.600048,cn,保利发展,证监会: K70房地产业,-1.079,0.453,792,929,-37,"[null,null,-1.145,-1.212,-1.267,-1.117,-0.916,-0.854,-1.022,-1.063,-1.249,-0.967,-1.018,-1.079]",,,,,,,,
sz.002073,cn,软控股份,证监会: C35专用设备制造业,-1.08,0.453,794,929,12,"[null,null,-1.068,-1.116,-0.971,-1.171,-1.32,-1.012,-1.058,-0.907,-0.637,-1.094,-1.066,-1.08]",,,,,,,,
sz.000768,cn,中航西飞,证监会: C37铁路、船舶、航空航天和其他运输设备制造业,-1.083,0.453,796,929,-12,"[null,null,-1.32,-1.148,-1.217,-1.199,-1.044,-0.547,-0.514,-1.059,-1.204,-1.062,-1.047,-1.083]",,,,,,,,
sh.688472,cn,阿特斯,证监会: C38电气机械和器材制造业,-1.083,0.453,797,929,-10,"[null,null,-0.998,-1.227,-0.837,-1.247,-0.306,-1.23,-0.681,-0.733,-1.213,-0.714,-1.05,-1.083]",,,,,,,,
sh.600157,cn,永泰能源,证监会: D44电力、热力生产和供应业,-1.083,0.453,795,929,-85,"[null,null,-1.172,-1.02,-1.072,-1.23,-0.941,-0.729,-1.006,-1.02,-0.868,-1.351,-0.977,-1.083]",,,,,,,,
sh.600602,cn,云赛智联,证监会: I65软件和信息技术服务业,-1.084,0.453,798,929,-118,"[null,null,-1.014,-0.88,-1.094,-1.092,-0.855,-0.968,-0.692,-0.925,0.024,0.045,-0.946,-1.084]",,,,,,,,
sh.601162,cn,天风证券,证监会: J67资本市场服务,-1.086,0.453,800,929,65,"[null,null,-1.144,-1.075,-1.173,-1.295,-1.023,-1.251,-1.329,-1.381,-1.275,-1.236,-1.14,-1.086]",,,,,,,,
sz.002500,cn,山西证券,证监会: J67资本市场服务,-1.086,0.453,799,929,2,"[null,null,-1.146,-1.248,-1.24,-1.178,-1.261,-1.15,-1.2,-1.188,-1.289,-1.15,-1.06,-1.086]",,,,,,,,
sh.601555,cn,东吴证券,证监会: J67资本市场服务,-1.087,0.453,802,929,-28,"[null,null,-0.914,-1.225,-1.308,-1.276,-1.125,-1.064,-1.204,-1.016,-1.07,-1.237,-1.038,-1.087]",,,,,,,,
sz.002925,cn,盈趣科技,证监会: C39计算机、通信和其他电子设备制造业,-1.087,0.453,803,929,-133,"[null,null,-1.045,-1.195,-0.792,-0.878,-0.553,-0.763,-0.333,-0.949,-0.984,-0.756,-0.938,-1.087]",,,,,,,,
sh.600061,cn,国投资本,证监会: J67资本市场服务,-1.087,0.453,801,929,-10,"[null,null,-1.247,-1.344,-1.312,-1.197,-1.225,-1.224,-1.227,-1.26,-1.227,-1.22,-1.054,-1.087]",,,,,,,,
sz.300595,cn,欧普康视,证监会: C35专用设备制造业,-1.088,0.453,804,929,14,"[null,null,-0.047,-1.164,-1.172,-1.326,-1.121,-0.993,-0.97,-1.097,-0.958,-1.023,-1.08,-1.088]",,,,,,,,
sh.600108,cn,亚盛集团,证监会: A01农业,-1.091,0.453,805,929,39,"[null,null,-1.361,-1.152,-1.043,-0.613,-0.726,-0.65,-0.812,-1.265,0.504,-0.289,-1.11,-1.091]",,,,,,,,
sz.000685,cn,中山公用,证监会: D46水的生产和供应业,-1.091,0.453,806,929,36,"[null,null,-1.009,-1.283,-0.971,-0.972,-0.999,-0.981,-1.23,-1.063,-1.016,-1.086,-1.109,-1.091]",,,,,,,,
sz.000686,cn,东北证券,证监会: J67资本市场服务,-1.092,0.453,807,929,-45,"[null,null,-1.03,-1.16,-1.008,-0.987,-1.075,-1.13,-1.233,-1.117,-1.228,-1.058,-1.026,-1.092]",,,,,,,,
sh.600515,cn,海南机场,证监会: K70房地产业,-1.092,0.453,808,929,-39,"[null,null,-1,-1.174,-0.938,-1.483,-1.27,-1.184,-0.674,-1.217,-1.296,-1.255,-1.032,-1.092]",,,,,,,,
sz.000792,cn,盐湖股份,证监会: C26化学原料和化学制品制造业,-1.093,0.453,809,929,-23,"[null,null,-1.012,-0.865,-0.911,-1.065,-0.722,-0.524,-1.205,-0.716,-0.438,-0.636,-1.05,-1.093]",,,,,,,,
sz.000831,cn,中国稀土,证监会: C32有色金属冶炼和压延加工业,-1.093,0.453,810,929,39,"[null,null,-0.974,-0.484,-1.079,-0.862,-0.639,-0.641,-0.35,-0.077,-0.607,-0.667,-1.12,-1.093]",,,,,,,,
sz.000156,cn,华数传媒,证监会: I63电信、广播电视和卫星传输服务,-1.094,0.453,812,929,15,"[null,null,-1.31,-1.317,-1.152,-1.281,-0.914,-0.996,-1.004,-0.946,-1.244,-1.142,-1.094,-1.094]",,,,,,,,
sh.600266,cn,城建发展,证监会: K70房地产业,-1.094,0.453,811,929,-58,"[null,null,-1.074,-1.1,-1.202,-1.211,-0.937,-1.246,-0.807,-0.989,-0.992,-1.11,-1.017,-1.094]",,,,,,,,
sh.600517,cn,国网英大,证监会: J69其他金融业,-1.095,0.453,813,929,24,"[null,null,-1.083,-1.329,-0.894,-1.113,-1.159,-0.866,-1.001,-0.917,-0.844,-1.17,-1.105,-1.095]",,,,,,,,
sz.002131,cn,利欧股份,证监会: L72商务服务业,-1.097,0.453,814,929,87,"[null,null,-1.117,-1.109,-0.7,-0.748,-0.373,-1.266,-0.188,0.172,-0.722,0.222,-1.219,-1.097]",,,,,,,,
sh.600516,cn,方大炭素,证监会: C30非金属矿物制品业,-1.098,0.453,815,929,-403,"[null,null,-1.154,-1.293,-1.308,-1.187,-0.963,-1.03,-0.971,-0.993,-1.074,-1.211,-0.494,-1.098]",,,,,,,,
sh.601066,cn,中信建投,证监会: J67资本市场服务,-1.099,0.453,817,929,35,"[null,null,-1.116,-1.188,-1.253,-0.991,-1.31,-1.201,-1.262,-1.215,-1.091,-0.881,-1.125,-1.099]",,,,,,,,
sz.000415,cn,渤海租赁,证监会: L71租赁业,-1.099,0.453,816,929,-18,"[null,null,-1.19,-1.336,-1.251,-1.158,-1.096,-0.769,-1.032,-0.912,-1.27,-1.044,-1.058,-1.099]",,,,,,,,
sz.300168,cn,万达信息,证监会: I65软件和信息技术服务业,-1.1,0.453,819,929,87,"[null,null,0.202,-0.422,-0.411,-0.683,-0.817,-0.902,-0.466,-1.022,-0.995,-1.149,-1.252,-1.1]",,,,,,,,
sh.601099,cn,太平洋,证监会: J67资本市场服务,-1.1,0.453,818,929,8,"[null,null,-1.014,-0.979,-1.232,-1.286,-0.985,-1.18,-1.225,-1.232,-1.301,-1.275,-1.091,-1.1]",,,,,,,,
sh.600848,cn,上海临港,证监会: K70房地产业,-1.101,0.453,820,929,31,"[null,null,-0.781,-0.871,-0.508,-0.997,-0.95,-1.063,-1.134,-1.186,-1.198,-0.984,-1.124,-1.101]",,,,,,,,
sz.000410,cn,沈阳机床,证监会: C34通用设备制造业,-1.101,0.453,821,929,-5,"[null,null,-1.143,-0.983,-0.918,-1.075,-1.038,-0.996,-0.877,-1.071,-0.822,-1.142,-1.078,-1.101]",,,,,,,,
sz.300133,cn,华策影视,证监会: R87广播、电视、电影和录音制作业,-1.101,0.453,822,929,-160,"[null,null,-0.664,0.621,-0.676,-0.945,-0.996,-1.309,-0.48,-1.228,-1.277,0.108,-0.932,-1.101]",,,,,,,,
sh.601456,cn,国联民生,证监会: J67资本市场服务,-1.103,0.453,823,929,1,"[null,null,-1.23,-1.221,-1.258,-1.298,-1.253,-1.217,-1.254,-1.175,-1.313,-1.289,-1.086,-1.103]",,,,,,,,
sh.601108,cn,财通证券,证监会: J67资本市场服务,-1.105,0.453,824,929,24,"[null,null,-1.08,-1.245,-1.217,-1.16,-1.186,-1.155,-1.13,-1.116,-1.137,-1.019,-1.12,-1.105]",,,,,,,,
sz.300496,cn,中科创达,证监会: I65软件和信息技术服务业,-1.106,0.453,825,929,75,"[null,null,0.726,-0.145,0.005,-0.249,0.063,-0.127,-0.184,-0.714,-1.061,-1.008,-1.216,-1.106]",,,,,,,,
sh.600399,cn,抚顺特钢,证监会: C31黑色金属冶炼和压延加工业,-1.107,0.453,826,929,-22,"[null,null,-1.126,-0.921,-0.95,-1.007,-0.749,-1.469,-0.726,-0.829,-0.767,-0.878,-1.063,-1.107]",,,,,,,,
sz.000166,cn,申万宏源,证监会: J67资本市场服务,-1.108,0.453,827,929,-13,"[null,null,-1.172,-1.308,-1.212,-1.273,-1.256,-1.171,-1.278,-1.201,-1.312,-1.302,-1.077,-1.108]",,,,,,,,
sh.600369,cn,西南证券,证监会: J67资本市场服务,-1.109,0.453,828,929,5,"[null,null,-1.165,-1.286,-1.26,-1.211,-1.26,-1.099,-1.201,-1.132,-1.268,-1.221,-1.1,-1.109]",,,,,,,,
sh.600550,cn,保变电气,证监会: C38电气机械和器材制造业,-1.11,0.453,829,929,17,"[null,null,-1.209,-1.148,-1.095,-1.038,-0.56,-1.124,-1.083,-0.933,-0.716,-0.526,-1.114,-1.11]",,,,,,,,
sz.000750,cn,国海证券,证监会: J67资本市场服务,-1.112,0.453,830,929,-7,"[null,null,-1.164,-1.223,-1.255,-1.239,-1.296,-1.192,-1.256,-1.175,-1.263,-1.289,-1.085,-1.112]",,,,,,,,
sh.600208,cn,衢州发展,证监会: K70房地产业,-1.114,0.453,831,929,82,"[null,null,-1.183,-1.204,-1.132,-1.275,-1.123,-1.209,-0.477,-1.222,-0.472,-0.429,-1.279,-1.114]",,,,,,,,
sz.002122,cn,ST汇洲,证监会: C34通用设备制造业,-1.117,0.453,832,929,-197,"[null,null,-1.284,-0.679,-0.752,-0.958,-1.071,-0.925,-1.103,-1.158,-1.228,-0.516,-0.886,-1.117]",,,,,,,,
sh.600595,cn,中孚实业,证监会: C32有色金属冶炼和压延加工业,-1.118,0.453,833,929,39,"[null,null,-1.212,-1.183,-1.037,-1.128,-0.788,-1.195,0.218,-0.894,-0.94,0.464,-1.149,-1.118]",,,,,,,,
sh.600029,cn,南方航空,证监会: G56航空运输业,-1.119,0.453,835,929,62,"[null,null,-1.145,-1.166,-0.98,-1.046,-1.019,-1.095,-0.506,-1.207,-1.162,-1.284,-1.209,-1.119]",,,,,,,,
sh.601878,cn,浙商证券,证监会: J67资本市场服务,-1.119,0.453,834,929,-4,"[null,null,-1.226,-1.311,-1.264,-1.163,-1.294,-1.233,-1.296,-1.107,-1.184,-1.076,-1.096,-1.119]",,,,,,,,
sz.002129,cn,TCL中环,证监会: C38电气机械和器材制造业,-1.12,0.453,836,929,-373,"[null,null,-1.195,-1.092,-0.988,-1.159,-1.153,-0.906,-0.864,-1.037,-0.978,-0.86,-0.589,-1.12]",,,,,,,,
sh.601360,cn,三六零,证监会: I64互联网和相关服务,-1.125,0.453,837,929,37,"[null,null,-1.098,-1.041,-0.89,-0.23,-0.76,-1.031,-1.287,-1.164,-1.143,-0.679,-1.155,-1.125]",,,,,,,,
sz.002157,cn,正邦科技,证监会: A03畜牧业,-1.126,0.453,838,929,45,"[null,null,-1.042,-1.435,-1.267,-1.013,-1.025,-1.192,-1.155,-1.112,-1.124,-1.285,-1.168,-1.126]",,,,,,,,
sh.600251,cn,冠农股份,证监会: C13农副食品加工业,-1.127,0.453,839,929,6,"[null,null,-1.226,-1.091,-1.013,-0.878,-0.447,-0.798,-1.052,-0.881,-0.128,-0.946,-1.112,-1.127]",,,,,,,,
sh.601881,cn,中国银河,证监会: J67资本市场服务,-1.128,0.453,840,929,-12,"[null,null,-0.977,-1.166,-1.305,-1.204,-1.195,-1.182,-1.049,-1.133,-1.189,-1.137,-1.094,-1.128]",,,,,,,,
sh.600588,cn,用友网络,证监会: I65软件和信息技术服务业,-1.13,0.453,841,929,-218,"[null,null,-1.173,-1.011,-0.89,-0.898,-0.881,-0.818,-0.041,-1.052,-1.082,-0.729,-0.871,-1.13]",,,,,,,,
sh.600797,cn,浙大网新,证监会: I65软件和信息技术服务业,-1.131,0.454,843,929,-9,"[null,null,-1.156,0.06,-0.398,-0.957,-1.317,-0.841,-0.64,-0.568,0.014,-0.664,-1.1,-1.131]",,,,,,,,
sz.002292,cn,奥飞娱乐,证监会: C24文教、工美、体育和娱乐用品制造业,-1.131,0.454,842,929,68,"[null,null,-1.341,-1.163,-1.153,-1.133,-1.069,-1.112,-0.681,-0.907,-1.107,-0.921,-1.274,-1.131]",,,,,,,,
sz.000778,cn,新兴铸管,证监会: C33金属制品业,-1.132,0.454,844,929,-23,"[null,null,-1.152,-0.818,-1.147,-1.243,-1.103,-0.866,-1.084,-1.12,-1.079,-0.994,-1.082,-1.132]",,,,,,,,
sh.600816,cn,建元信托,证监会: J69其他金融业,-1.136,0.454,845,929,-113,"[null,null,-1.296,-1.354,-1.123,-1.308,-1.309,-1.11,-1.228,-1.118,-0.801,-0.925,-0.998,-1.136]",,,,,,,,
sh.601179,cn,中国西电,证监会: C38电气机械和器材制造业,-1.137,0.454,846,929,15,"[null,null,-0.981,-1.395,-1.074,-0.939,-0.247,-0.713,-1.123,-0.932,-0.93,-1.232,-1.136,-1.137]",,,,,,,,
sh.600733,cn,北汽蓝谷,证监会: C36汽车制造业,-1.138,0.454,847,929,42,"[null,null,-1.22,-0.989,-1.248,-1.131,-1.165,-1.188,-1.178,-1.116,-1.158,-0.245,-1.186,-1.138]",,,,,,,,
sh.600166,cn,福田汽车,证监会: C36汽车制造业,-1.141,0.454,848,929,-172,"[null,null,-1.235,-1.321,-1.281,-1.242,-1.033,-1.041,-1.273,-1.258,-0.884,-0.825,-0.943,-1.141]",,,,,,,,
sh.601669,cn,中国电建,证监会: E48土木工程建筑业,-1.142,0.454,849,929,30,"[null,null,-1.222,-1.252,-1.322,-1.248,-1.087,-1.04,-1.195,-1.082,-1.127,-1.156,-1.16,-1.142]",,,,,,,,
sh.600383,cn,金地集团,证监会: K70房地产业,-1.143,0.454,850,929,5,"[null,null,-1.155,-1.297,-0.939,-1.087,-1.177,-1.169,-0.96,-1.13,-1.031,-0.508,-1.128,-1.143]",,,,,,,,
sh.600307,cn,酒钢宏兴,证监会: C31黑色金属冶炼和压延加工业,-1.144,0.454,851,929,44,"[null,null,-1.244,-1.223,-1.017,-1.187,-1.039,-1.155,-1.35,-1.053,-0.611,-1.247,-1.203,-1.144]",,,,,,,,
sh.600271,cn,航天信息,证监会: I65软件和信息技术服务业,-1.145,0.454,852,929,-116,"[null,null,-1.249,-1.299,-1.076,-0.97,-1.126,-0.982,-0.279,-1.113,-1.036,-1.316,-1.004,-1.145]",,,,,,,,
sh.688223,cn,晶科能源,证监会: C38电气机械和器材制造业,-1.145,0.454,853,929,-133,"[null,null,-0.896,-1.271,-0.938,-1.088,-0.857,-0.987,-1.101,-0.857,-0.894,0.391,-0.985,-1.145]",,,,,,,,
sh.600221,cn,海航控股,证监会: G56航空运输业,-1.15,0.454,854,929,14,"[null,null,-1.073,-0.928,-1.025,-1.101,-1.271,-1.208,-1.208,-1.202,-1.113,-1.515,-1.144,-1.15]",,,,,,,,
sz.000420,cn,吉林化纤,证监会: C28化学纤维制造业,-1.151,0.454,855,929,-118,"[null,null,-1.07,-1.17,-1.128,-0.918,-1.112,-0.868,-1.338,-1.178,-1.059,-0.721,-1.004,-1.151]",,,,,,,,
sh.600606,cn,绿地控股,证监会: E48土木工程建筑业,-1.153,0.454,856,929,32,"[null,null,-1.192,-1.393,-1.212,-1.282,-1.274,-1.13,-1.185,-1.288,-1.208,-0.996,-1.182,-1.153]",,,,,,,,
sz.000825,cn,太钢不锈,证监会: C31黑色金属冶炼和压延加工业,-1.154,0.454,857,929,-50,"[null,null,-1.223,-1.246,-1.116,-1.252,-0.883,-1.045,-0.308,-1.042,-1.128,-1.201,-1.067,-1.154]",,,,,,,,
sh.688005,cn,容百科技,证监会: C39计算机、通信和其他电子设备制造业,-1.155,0.454,858,929,-53,"[null,null,0.957,-0.505,-0.302,-0.604,-0.844,-1.03,-0.653,-0.798,-1.125,-1.147,-1.064,-1.155]",,,,,,,,
sz.002269,cn,美邦服饰,证监会: C18纺织服装、服饰业,-1.156,0.454,859,929,-9,"[null,null,-1.371,-1.287,-0.984,-1.184,-1.269,-1.192,-1.011,-1.15,-1.102,-1.021,-1.121,-1.156]",,,,,,,,
sh.601111,cn,中国国航,证监会: G56航空运输业,-1.157,0.454,860,929,26,"[null,null,-1.16,-1.047,-1.087,-0.968,-1.159,-1.197,-0.646,-0.956,-1.022,-1.192,-1.18,-1.157]",,,,,,,,
sh.600959,cn,江苏有线,证监会: I63电信、广播电视和卫星传输服务,-1.158,0.454,861,929,19,"[null,null,-1.311,-1.275,-1.301,-1.235,-0.957,-1.069,-1.017,-1.25,-1.231,-0.809,-1.162,-1.158]",,,,,,,,
sh.600438,cn,通威股份,证监会: C38电气机械和器材制造业,-1.159,0.454,864,929,-252,"[null,null,-1.106,-0.421,-0.97,-0.454,-0.162,-0.909,-1.327,-0.734,-0.765,-0.203,-0.861,-1.159]",,,,,,,,
sz.000553,cn,安道麦A,证监会: C26化学原料和化学制品制造业,-1.159,0.454,865,929,-229,"[null,null,-1.159,-1.218,-1.161,-0.974,-1.116,-1.013,-1.28,-1.088,-0.663,-0.583,-0.889,-1.159]",,,,,,,,
sz.002624,cn,完美世界,证监会: I64互联网和相关服务,-1.159,0.454,862,929,-223,"[null,null,-0.884,-1.069,-0.159,-0.908,-0.712,-0.65,-0.837,1.442,-0.648,-0.57,-0.893,-1.159]",,,,,,,,
sz.002271,cn,东方雨虹,证监会: C30非金属矿物制品业,-1.159,0.454,863,929,-67,"[null,null,-0.948,-1.101,-1.012,-0.999,-0.634,-0.877,-0.608,-0.635,-1.035,-0.872,-1.057,-1.159]",,,,,,,,
sh.600010,cn,包钢股份,证监会: C31黑色金属冶炼和压延加工业,-1.16,0.454,866,929,11,"[null,null,-1.231,-0.971,-0.952,-1.1,-0.882,-1.126,-0.902,-0.719,-0.727,-1.076,-1.158,-1.16]",,,,,,,,
sz.002797,cn,第一创业,证监会: J67资本市场服务,-1.163,0.454,867,929,24,"[null,null,-1.16,-1.328,-1.27,-1.243,-1.335,-1.087,-1.121,-1.11,-1.063,-1.216,-1.189,-1.163]",,,,,,,,
sz.000425,cn,徐工机械,证监会: C35专用设备制造业,-1.164,0.454,868,929,3,"[null,null,-0.833,-1.067,-1.057,-1.027,-1.022,-0.929,-1.349,-0.723,-1.399,-0.369,-1.147,-1.164]",,,,,,,,
sh.600884,cn,杉杉股份,证监会: C39计算机、通信和其他电子设备制造业,-1.165,0.454,869,929,-168,"[null,null,-0.966,-1.415,-1.284,-1.03,-1.084,-1.479,-1.121,-1.089,-1.002,-0.994,-0.967,-1.165]",,,,,,,,
sz.000709,cn,河钢股份,证监会: C31黑色金属冶炼和压延加工业,-1.165,0.454,870,929,-29,"[null,null,-1.133,-1.228,-1.105,-1.237,-1.289,-1.058,-1.105,-1.166,-1.261,-1.436,-1.109,-1.165]",,,,,,,,
sh.600320,cn,振华重工,证监会: C34通用设备制造业,-1.167,0.454,871,929,-46,"[null,null,-1.224,-1.347,-1.096,-1.032,-1.19,-0.949,-1.278,-1.169,-1.098,-1.265,-1.086,-1.167]",,,,,,,,
sh.600808,cn,马钢股份,证监会: C31黑色金属冶炼和压延加工业,-1.168,0.454,872,929,-2,"[null,null,-1.22,-1.281,-0.939,-1.103,-1.083,-1.075,-0.806,-1.149,0.026,-0.956,-1.146,-1.168]",,,,,,,,
sh.600115,cn,中国东航,证监会: G56航空运输业,-1.169,0.454,873,929,17,"[null,null,-1.094,-1.128,-0.913,-1.017,-0.929,-1.134,0.066,-0.89,-1.219,-0.876,-1.188,-1.169]",,,,,,,,
sz.002038,cn,双鹭药业,证监会: C27医药制造业,-1.17,0.454,874,929,-218,"[null,null,-1.3,-1.188,-0.946,-1.16,-1.128,-0.643,-1.183,-0.747,-0.51,-0.849,-0.922,-1.17]",,,,,,,,
sz.002498,cn,汉缆股份,证监会: C38电气机械和器材制造业,-1.171,0.454,875,929,27,"[null,null,-1.116,-1.257,-1.137,-1.062,-0.861,-1.246,-1.248,-1.487,-1.155,-0.136,-1.223,-1.171]",,,,,,,,
sh.600415,cn,小商品城,证监会: L72商务服务业,-1.176,0.454,877,929,-24,"[null,null,-0.862,-0.976,-1.193,-1.035,-0.822,-1.143,-0.839,-1.183,-1.201,0.324,-1.126,-1.176]",,,,,,,,
sh.600022,cn,山东钢铁,证监会: C31黑色金属冶炼和压延加工业,-1.176,0.454,876,929,-12,"[null,null,-1.386,-1.272,-1.194,-1.182,-1.304,-1.045,-1.037,-1.133,-1.311,-1.34,-1.138,-1.176]",,,,,,,,
sz.000877,cn,天山股份,证监会: C30非金属矿物制品业,-1.178,0.454,878,929,-5,"[null,null,-1.161,-0.974,-1.078,-1.244,-1.21,-0.971,-1.231,-1.101,-1.21,-1.154,-1.154,-1.178]",,,,,,,,
sh.600170,cn,上海建工,证监会: E48土木工程建筑业,-1.181,0.454,879,929,2,"[null,null,-1.772,-1.102,-0.787,-1.245,-0.988,-1.043,-1.155,-1.169,-1.311,-1.38,-1.165,-1.181]",,,,,,,,
sz.002470,cn,金正大,证监会: C26化学原料和化学制品制造业,-1.181,0.454,880,929,-104,"[null,null,-1.323,-1.245,-1.126,-1.264,-1.18,-1.469,-1.176,-1.32,0.252,-0.3,-1.039,-1.181]",,,,,,,,
sz.002097,cn,山河智能,证监会: C35专用设备制造业,-1.182,0.454,881,929,1,"[null,null,-0.238,-1.245,-0.964,-1.01,-1.361,-1.169,-1.008,-1.17,-1.153,-1.233,-1.165,-1.182]",,,,,,,,
sh.601377,cn,兴业证券,证监会: J67资本市场服务,-1.185,0.454,882,929,5,"[null,null,-1.285,-0.969,-1.203,-0.998,-1.085,-0.991,-1.15,-1.131,-1.269,-1.22,-1.182,-1.185]",,,,,,,,
sh.601929,cn,吉视传媒,证监会: I63电信、广播电视和卫星传输服务,-1.185,0.454,883,929,-94,"[null,null,-1.565,-1.287,-1.387,-1.076,-0.988,-1.25,-0.178,-1.134,-1.279,0.479,-1.052,-1.185]",,,,,,,,
sz.000503,cn,国新健康,证监会: I64互联网和相关服务,-1.187,0.454,884,929,14,"[null,null,-1.264,-1.208,-1.184,-1.319,-1.116,-1.051,-0.237,-1.021,-1.148,-1.356,-1.213,-1.187]",,,,,,,,
sh.601618,cn,中国中冶,证监会: E48土木工程建筑业,-1.189,0.454,885,929,-23,"[null,null,-0.922,-1.12,-1.194,-1.032,-0.985,-1.094,-1.336,-1.243,-1.271,-1.344,-1.137,-1.189]",,,,,,,,
sz.002146,cn,荣盛发展,证监会: K70房地产业,-1.193,0.454,886,929,-10,"[null,null,-1.529,-1.215,-1.134,-1.131,-0.917,-1.033,-0.981,-1.194,-1.122,-0.586,-1.157,-1.193]",,,,,,,,
sz.300182,cn,捷成股份,证监会: R87广播、电视、电影和录音制作业,-1.194,0.454,887,929,33,"[null,null,-0.231,-0.907,-0.782,-0.189,-1.135,-0.681,-0.059,-0.894,-1.149,-0.767,-1.322,-1.194]",,,,,,,,
sh.601059,cn,信达证券,证监会: J67资本市场服务,-1.199,0.454,888,929,4,"[null,null,-0.898,-0.899,-0.805,-0.565,-0.789,-1.08,-1.179,-1.137,-1.085,-1.194,-1.192,-1.199]",,,,,,,,
sz.002602,cn,世纪华通,证监会: I64互联网和相关服务,-1.2,0.454,889,929,-35,"[null,null,-0.947,-1.315,-0.862,-0.945,-0.774,-1.017,-0.734,-0.957,-1.238,-0.947,-1.128,-1.2]",,,,,,,,
sh.600547,cn,山东黄金,证监会: B09有色金属矿采选业,-1.203,0.454,891,929,-52,"[null,null,-0.701,-0.914,-0.98,-0.932,-0.15,-1.239,-0.251,-0.194,0.098,0.886,-1.107,-1.203]",,,,,,,,
sz.002236,cn,大华股份,证监会: C39计算机、通信和其他电子设备制造业,-1.203,0.454,890,929,3,"[null,null,-0.747,-1.044,-1.092,-1.068,-1.235,-0.837,-1.133,-1.143,-1.205,-1.118,-1.197,-1.203]",,,,,,,,
sz.002558,cn,巨人网络,证监会: I64互联网和相关服务,-1.205,0.454,892,929,35,"[null,null,-0.726,-0.899,-1.118,-0.853,-0.851,-0.211,-0.616,-0.955,-0.175,-0.56,-1.508,-1.205]",,,,,,,,
sh.601611,cn,中国核建,证监会: E48土木工程建筑业,-1.208,0.454,893,929,-219,"[null,null,-1.286,-1.282,-0.834,-0.994,-0.812,-0.89,-0.622,-0.638,-0.602,-0.833,-0.941,-1.208]",,,,,,,,
sh.600331,cn,宏达股份,证监会: C26化学原料和化学制品制造业,-1.21,0.454,895,929,-174,"[null,null,-1.079,-0.963,-0.998,-0.825,-0.421,-0.618,-0.684,-0.597,-0.066,0.268,-0.985,-1.21]",,,,,,,,
sh.600026,cn,中远海能,证监会: G55水上运输业,-1.21,0.454,894,929,-261,"[null,null,-0.976,-1.08,-1.018,-1.053,-0.69,-0.695,-1.593,-0.951,-0.932,-1.159,-0.884,-1.21]",,,,,,,,
sz.300142,cn,沃森生物,证监会: C27医药制造业,-1.211,0.454,896,929,29,"[null,null,-0.441,-1.247,-1.064,-1.29,-1.092,-1.09,-1.117,-0.915,-1.389,-1.11,-1.383,-1.211]",,,,,,,,
sh.600089,cn,特变电工,证监会: C38电气机械和器材制造业,-1.212,0.454,897,929,-31,"[null,null,-0.659,-1.032,-0.827,-0.978,-0.85,-0.875,-0.869,-0.987,-0.948,-0.986,-1.14,-1.212]",,,,,,,,
sh.601005,cn,重庆钢铁,证监会: C31黑色金属冶炼和压延加工业,-1.214,0.454,899,929,-142,"[null,null,-1.244,-1.123,-1.181,-1.328,-1.215,-0.995,-1.001,-1.182,-1.286,-1.289,-1.019,-1.214]",,,,,,,,
sz.002010,cn,传化智联,证监会: L72商务服务业,-1.214,0.454,898,929,-29,"[null,null,-1.042,-1.248,-0.987,-1.151,-1.004,-0.907,-1.052,-1.049,-1.259,-1.278,-1.144,-1.214]",,,,,,,,
sh.600839,cn,四川长虹,证监会: C39计算机、通信和其他电子设备制造业,-1.217,0.454,900,929,11,"[null,null,-1.01,-1.075,-0.558,-0.986,-0.888,-0.86,-0.899,-1.126,-0.416,-0.87,-1.275,-1.217]",,,,,,,,
sh.600958,cn,东方证券,证监会: J67资本市场服务,-1.223,0.454,901,929,11,"[null,null,-0.849,-1.132,-1.341,-1.094,-1.157,-1.19,-1.212,-1.211,-1.087,-1.211,-1.276,-1.223]",,,,,,,,
sh.600228,cn,*ST返利,证监会: I64互联网和相关服务,-1.223,0.454,902,929,-46,"[null,null,-0.699,-0.559,-0.462,-0.128,-0.553,-0.27,-0.508,-0.489,-0.795,-0.15,-1.131,-1.223]",,,,,,,,
sz.000572,cn,海马汽车,证监会: C36汽车制造业,-1.226,0.454,903,929,-212,"[null,null,-1.063,-1.637,-0.613,-0.97,-0.075,-0.729,-1.005,-1.123,0.315,-0.939,-0.955,-1.226]",,,,,,,,
sh.601868,cn,中国能建,证监会: E48土木工程建筑业,-1.229,0.454,904,929,-8,"[null,null,-1.142,-1.211,-1.265,-1.195,-0.941,-1.019,-1.362,-0.97,-1.139,-1.057,-1.205,-1.229]",,,,,,,,
sh.601901,cn,方正证券,证监会: J67资本市场服务,-1.235,0.454,905,929,-48,"[null,null,-1.318,-1.294,-1.234,-1.207,-1.073,-1.136,-1.241,-1.107,-1.281,-1.142,-1.132,-1.235]",,,,,,,,
sh.600210,cn,紫江企业,证监会: C29橡胶和塑料制品业,-1.242,0.454,906,929,-7,"[null,null,-1.053,-0.851,-1.066,-1.18,-1.198,-1.013,-1.211,-1.109,-1.217,-1.333,-1.215,-1.242]",,,,,,,,
sh.600126,cn,杭钢股份,证监会: C31黑色金属冶炼和压延加工业,-1.245,0.454,907,929,-47,"[null,null,-1.284,-0.919,-1.032,-1.089,-1.22,-0.843,-1.357,-1.06,-0.95,-0.049,-1.135,-1.245]",,,,,,,,
sh.600489,cn,中金黄金,证监会: B09有色金属矿采选业,-1.249,0.454,908,929,-284,"[null,null,-0.771,-0.88,-1.113,-1.007,-0.312,-1.519,-0.086,-0.232,-0.887,0.716,-0.872,-1.249]",,,,,,,,
sh.600143,cn,金发科技,证监会: C29橡胶和塑料制品业,-1.258,0.454,909,929,6,"[null,null,-0.842,-1.09,-0.657,-1.131,-1.107,-0.869,-0.613,-0.989,-1.061,-0.951,-1.29,-1.258]",,,,,,,,
sh.603699,cn,纽威股份,证监会: C34通用设备制造业,-1.265,0.454,910,929,-270,"[null,null,-0.315,-0.725,-0.901,-0.973,-0.731,-0.919,-0.629,-0.611,-0.791,-0.3,-0.894,-1.265]",,,,,,,,
sh.600497,cn,驰宏锌锗,证监会: C32有色金属冶炼和压延加工业,-1.267,0.454,911,929,-685,"[null,null,-1.1,-1.162,-1.009,-1.119,-0.862,-1.537,-0.186,-1.079,-0.989,-0.024,0.028,-1.267]",,,,,,,,
sh.600150,cn,中国船舶,证监会: C37铁路、船舶、航空航天和其他运输设备制造业,-1.269,0.454,912,929,-18,"[null,null,-1.396,-1.204,-0.714,-1.149,-1.029,-0.777,-1.175,-0.214,-0.826,-0.942,-1.198,-1.269]",,,,,,,,
sh.600376,cn,首开股份,证监会: K70房地产业,-1.275,0.455,913,929,3,"[null,null,-0.899,-1.184,-0.842,-1.326,-0.242,-0.915,-1.386,-1.051,-1.115,0.64,-1.291,-1.275]",,,,,,,,
sz.000629,cn,钒钛股份,证监会: C32有色金属冶炼和压延加工业,-1.281,0.455,914,929,5,"[null,null,-1.088,-1.187,-1.064,-1.051,-0.966,-1.584,-0.538,-1.141,-1.101,-1.164,-1.32,-1.281]",,,,,,,,
sh.601106,cn,中国一重,证监会: C35专用设备制造业,-1.286,0.455,915,929,-192,"[null,null,-1.194,-1.165,-0.979,-1.06,-0.117,-0.965,0.055,-1.076,-1.157,-0.917,-0.987,-1.286]",,,,,,,,
sh.601872,cn,招商轮船,证监会: G55水上运输业,-1.302,0.455,916,929,-7,"[null,null,-0.872,-1.19,-1.279,-1.091,-0.629,-1.717,-1.466,-1.1,-1.215,-1.28,-1.267,-1.302]",,,,,,,,
sh.601212,cn,白银有色,证监会: C32有色金属冶炼和压延加工业,-1.315,0.455,917,929,-3,"[null,null,-1.393,-0.795,-1.306,-1.323,0.083,-1.756,-0.658,-1.136,-0.219,0.587,-1.286,-1.315]",,,,,,,,
sz.002739,cn,儒意电影,证监会: R87广播、电视、电影和录音制作业,-1.316,0.455,918,929,-216,"[null,null,-1.16,-1.165,-1.098,-1.096,-0.998,-1.45,-1.12,-0.956,-1.03,-1.098,-0.967,-1.316]",,,,,,,,
sz.002083,cn,孚日股份,证监会: C17纺织业,-1.334,0.455,920,929,2,"[null,null,-1.212,-1.278,-0.825,-1.445,-0.934,-0.797,-1.051,-1.331,-0.829,-0.918,-1.327,-1.334]",,,,,,,,
sh.603156,cn,养元饮品,证监会: C15酒、饮料和精制茶制造业,-1.334,0.455,919,929,-346,"[null,null,-0.806,-0.617,-0.715,-0.989,-0.607,-0.691,-0.837,-0.672,-0.423,-0.397,-0.774,-1.334]",,,,,,,,
sz.000839,cn,国安股份,证监会: I65软件和信息技术服务业,-1.35,0.455,921,929,-17,"[null,null,-1.119,-1.178,-0.994,-1.341,-1.085,-1.27,-1.553,-1.027,-1.247,-0.271,-1.231,-1.35]",,,,,,,,
sz.000949,cn,新乡化纤,证监会: C28化学纤维制造业,-1.361,0.455,922,929,2,"[null,null,-1.017,-1.135,-1.032,-1.076,-0.91,-0.99,-0.913,-1.287,-0.907,-0.734,-1.348,-1.361]",,,,,,,,
sz.002195,cn,岩山科技,证监会: I64互联网和相关服务,-1.393,0.455,923,929,0,"[null,null,-1.458,-0.797,-1.005,-0.631,-0.442,-0.184,0.152,-0.039,-0.737,-1.045,-1.343,-1.393]",,,,,,,,
sz.002044,cn,美年健康,证监会: Q84卫生,-1.41,0.455,924,929,-39,"[null,null,-1.245,-1.311,-1.158,-1.362,-0.834,-1.341,0.201,-0.924,-1.113,-1.164,-1.18,-1.41]",,,,,,,,
sh.601608,cn,中信重工,证监会: C35专用设备制造业,-1.427,0.456,925,929,1,"[null,null,-0.968,-1.164,-1.147,-0.981,-1.044,-0.937,-0.098,-1.145,-1.114,-1.253,-1.406,-1.427]",,,,,,,,
sh.601865,cn,福莱特,证监会: C30非金属矿物制品业,-1.433,0.456,926,929,-109,"[null,null,-0.976,-0.938,-0.654,-1.029,-0.934,-1.029,-0.182,-0.955,-0.458,-1.034,-1.079,-1.433]",,,,,,,,
sz.002414,cn,高德红外,证监会: C39计算机、通信和其他电子设备制造业,-1.437,0.456,927,929,2,"[null,null,-1.119,-1.076,-0.905,-1.149,-0.726,-0.73,-0.164,-1.108,-1.147,-1.028,-1.581,-1.437]",,,,,,,,
sz.002607,cn,中公教育,证监会: P83教育,-1.493,0.456,928,929,-11,"[null,null,-1.416,-1.45,-1.304,-1.353,-1.134,-1.223,-1.383,-1.155,-1.24,-0.562,-1.293,-1.493]",,,,,,,,
sz.300251,cn,光线传媒,证监会: R87广播、电视、电影和录音制作业,-1.554,0.456,929,929,-1,"[null,null,-1.006,-0.842,-1,-1.116,-0.675,-1.106,-0.663,-0.738,-1.157,-0.765,-1.548,-1.554]",,,,,,,,
COIN,us,"Coinbase Global, Inc.",Finance Services,1.508,0.458,1,492,76,"[0.105,1.794,0.073,-0.368,-0.188,0.131,0.135,0.287,0.474,0.653,0.207,1.508,null,null]",,,,,,7,2026-06-16,"[{""member"":""Cisneros, Hon. Gilbert"",""party"":""D"",""direction"":""sell_full"",""amount_range"":""$1,001 - $15,000"",""transaction_date"":""2026-06-16"",""days_late"":16,""doc_url"":""https://disclosures-clerk.house.gov/public_disc/ptr-pdfs/2026/20034906.pdf""},{""member"":""Cisneros, Hon. Gilbert"",""party"":""D"",""direction"":""buy"",""amount_range"":""$1,001 - $15,000"",""transaction_date"":""2026-04-14"",""days_late"":24,""doc_url"":""https://disclosures-clerk.house.gov/public_disc/ptr-pdfs/2026/20034500.pdf""},{""member"":""Moore, Hon. Tim"",""party"":""R"",""direction"":""sell_full"",""amount_range"":""$1,001 - $15,000"",""transaction_date"":""2026-02-18"",""days_late"":2,""doc_url"":""https://disclosures-clerk.house.gov/public_disc/ptr-pdfs/2026/20034034.pdf""},{""member"":""Cisneros, Hon. Gilbert"",""party"":""D"",""direction"":""sell_full"",""amount_range"":""$1,001 - $15,000"",""transaction_date"":""2026-02-12"",""days_late"":25,""doc_url"":""https://disclosures-clerk.house.gov/public_disc/ptr-pdfs/2026/20034144.pdf""},{""member"":""Cisneros, Hon. Gilbert"",""party"":""D"",""direction"":""buy"",""amount_range"":""$1,001 - $15,000"",""transaction_date"":""2026-01-30"",""days_late"":14,""doc_url"":""https://disclosures-clerk.house.gov/public_disc/ptr-pdfs/2026/20033983.pdf""},{""member"":""Cisneros, Hon. Gilbert"",""party"":""D"",""direction"":""sell_full"",""amount_range"":""$1,001 - $15,000"",""transaction_date"":""2025-12-24"",""days_late"":19,""doc_url"":""https://disclosures-clerk.house.gov/public_disc/ptr-pdfs/2026/20033762.pdf""},{""member"":""Cisneros, Hon. Gilbert"",""party"":""D"",""direction"":""sell_partial"",""amount_range"":""$1,001 - $15,000"",""transaction_date"":""2025-12-19"",""days_late"":24,""doc_url"":""https://disclosures-clerk.house.gov/public_disc/ptr-pdfs/2026/20033762.pdf""}]"
SO,us,SOUTHERN CO,Electric Services,1.415,0.46,2,492,21,"[0.545,-1.813,0.133,-0.161,0.51,-0.197,-0.644,0.954,-1.299,0.461,0.552,1.415,null,null]",,,,,,,,
CNP,us,CENTERPOINT ENERGY INC,Electric Services,1.341,0.463,3,492,114,"[-0.194,-1.562,-0.777,-1.063,-0.367,-0.865,-1.27,0.01,-1.034,0.329,-0.055,1.341,null,null]",,,,,,,,
LRCX,us,LAM RESEARCH CORP,"Special Industry Machinery, NEC",1.336,0.463,4,492,12,"[0.368,0.213,0.234,0.568,0.314,0.191,0.986,0.392,1.228,-0.522,0.678,1.336,null,null]",,,,,,10,2026-06-05,"[{""member"":""Taylor, Hon. David J."",""party"":""R"",""direction"":""sell_full"",""amount_range"":""$1,001 - $15,000"",""transaction_date"":""2026-06-05"",""days_late"":7,""doc_url"":""https://disclosures-clerk.house.gov/public_disc/ptr-pdfs/2026/20034780.pdf""},{""member"":""Taylor, Hon. David J."",""party"":""R"",""direction"":""sell_full"",""amount_range"":""$1,001 - $15,000"",""transaction_date"":""2026-04-27"",""days_late"":10,""doc_url"":""https://disclosures-clerk.house.gov/public_disc/ptr-pdfs/2026/20034489.pdf""},{""member"":""Taylor, Hon. David J."",""party"":""R"",""direction"":""sell_full"",""amount_range"":""$1,001 - $15,000"",""transaction_date"":""2026-04-27"",""days_late"":10,""doc_url"":""https://disclosures-clerk.house.gov/public_disc/ptr-pdfs/2026/20034489.pdf""},{""member"":""Taylor, Hon. David J."",""party"":""R"",""direction"":""buy"",""amount_range"":""$1,001 - $15,000"",""transaction_date"":""2026-03-12"",""days_late"":8,""doc_url"":""https://disclosures-clerk.house.gov/public_disc/ptr-pdfs/2026/20034207.pdf""},{""member"":""Taylor, Hon. David J."",""party"":""R"",""direction"":""sell_full"",""amount_range"":""$1,001 - $15,000"",""transaction_date"":""2026-02-26"",""days_late"":8,""doc_url"":""https://disclosures-clerk.house.gov/public_disc/ptr-pdfs/2026/20034138.pdf""},{""member"":""Taylor, Hon. David J."",""party"":""R"",""direction"":""sell_full"",""amount_range"":""$1,001 - $15,000"",""transaction_date"":""2026-02-26"",""days_late"":8,""doc_url"":""https://disclosures-clerk.house.gov/public_disc/ptr-pdfs/2026/20034138.pdf""},{""member"":""Fields, Cleo"",""party"":""D"",""direction"":""buy"",""amount_range"":""$15,001 - $50,000"",""transaction_date"":""2026-02-03"",""days_late"":21,""doc_url"":""https://disclosures-clerk.house.gov/public_disc/ptr-pdfs/2026/20034018.pdf""},{""member"":""Taylor, Hon. David J."",""party"":""R"",""direction"":""sell_full"",""amount_range"":""$1,001 - $15,000"",""transaction_date"":""2026-01-16"",""days_late"":17,""doc_url"":""https://disclosures-clerk.house.gov/public_disc/ptr-pdfs/2026/20033916.pdf""}]"
INTU,us,INTUIT INC.,Services-Prepackaged Software,1.319,0.463,5,492,138,"[-0.658,-0.996,-1.366,-1.139,-0.943,-0.975,0.102,-0.705,-0.647,-0.91,-0.2,1.319,null,null]",,,,,,12,2026-07-10,"[{""member"":""Newhouse, Hon. Dan"",""party"":""R"",""direction"":""sell_full"",""amount_range"":""$1,001 - $15,000"",""transaction_date"":""2026-07-10"",""days_late"":7,""doc_url"":""https://disclosures-clerk.house.gov/public_disc/ptr-pdfs/2026/20034998.pdf""},{""member"":""Allen, Hon. Richard W."",""party"":""R"",""direction"":""sell_full"",""amount_range"":""$15,001 - $50,000"",""transaction_date"":""2026-06-10"",""days_late"":35,""doc_url"":""https://disclosures-clerk.house.gov/public_disc/ptr-pdfs/2026/20034945.pdf""},{""member"":""Gottheimer, Hon. Josh"",""party"":""D"",""direction"":""sell_partial"",""amount_range"":""$1,001 - $15,000"",""transaction_date"":""2026-05-22"",""days_late"":12,""doc_url"":""https://disclosures-clerk.house.gov/public_disc/ptr-pdfs/2026/20034693.pdf""},{""member"":""Allen, Hon. Richard W."",""party"":""R"",""direction"":""sell_full"",""amount_range"":""$15,001 - $50,000"",""transaction_date"":""2026-04-16"",""days_late"":50,""doc_url"":""https://disclosures-clerk.house.gov/public_disc/ptr-pdfs/2026/20034473.pdf""},{""member"":""Cisneros, Hon. Gilbert"",""party"":""D"",""direction"":""sell_partial"",""amount_range"":""$1,001 - $15,000"",""transaction_date"":""2026-04-14"",""days_late"":24,""doc_url"":""https://disclosures-clerk.house.gov/public_disc/ptr-pdfs/2026/20034500.pdf""},{""member"":""Donalds, Hon. Byron"",""party"":""R"",""direction"":""sell_full"",""amount_range"":""$1,001 - $15,000"",""transaction_date"":""2026-04-02"",""days_late"":41,""doc_url"":""https://disclosures-clerk.house.gov/public_disc/ptr-pdfs/2026/20034478.pdf""},{""member"":""Donalds, Hon. Byron"",""party"":""R"",""direction"":""sell_full"",""amount_range"":""$1,001 - $15,000"",""transaction_date"":""2026-04-02"",""days_late"":41,""doc_url"":""https://disclosures-clerk.house.gov/public_disc/ptr-pdfs/2026/20034478.pdf""},{""member"":""Gottheimer, Hon. Josh"",""party"":""D"",""direction"":""sell_partial"",""amount_range"":""$1,001 - $15,000"",""transaction_date"":""2026-02-20"",""days_late"":24,""doc_url"":""https://disclosures-clerk.house.gov/public_disc/ptr-pdfs/2026/20034130.pdf""}]"
KO,us,COCA COLA CO,Beverages,1.309,0.464,6,492,3,"[-0.448,-1.438,-0.615,-0.207,0.934,-0.186,0.169,0.747,-1.193,1.261,1.064,1.309,null,null]",,,,,,,,
KLAC,us,KLA CORP,Optical Instruments & Lenses,1.208,0.467,7,492,104,"[0.287,-0.135,0.028,0.372,-0.133,-0.41,-0.215,-0.278,0.92,-0.838,-0.016,1.208,null,null]",,,,,,2,2026-07-01,"[{""member"":""Rulli, Hon. Michael"",""party"":""R"",""direction"":""buy"",""amount_range"":""$1,001 - $15,000"",""transaction_date"":""2026-07-01"",""days_late"":37,""doc_url"":""https://disclosures-clerk.house.gov/public_disc/ptr-pdfs/2026/20035147.pdf""},{""member"":""Fletcher, Hon. Elizabeth"",""party"":""D"",""direction"":""sell_partial"",""amount_range"":""$1,001 - $15,000"",""transaction_date"":""2026-04-08"",""days_late"":23,""doc_url"":""https://disclosures-clerk.house.gov/public_disc/ptr-pdfs/2026/20034413.pdf""}]"
CMS,us,CMS ENERGY CORP,Electric & Other Services Combined,1.206,0.467,8,492,131,"[0.108,-1.488,-0.48,-0.327,0.83,-0.571,-0.885,0.598,-0.921,-0.005,-0.174,1.206,null,null]",,,,,,3,2025-12-18,"[{""member"":""Johnson, Hon. Julie"",""party"":""D"",""direction"":""sell_full"",""amount_range"":""$1,001 - $15,000"",""transaction_date"":""2025-12-18"",""days_late"":28,""doc_url"":""https://disclosures-clerk.house.gov/public_disc/ptr-pdfs/2026/20033789.pdf""},{""member"":""Johnson, Hon. Julie"",""party"":""D"",""direction"":""sell_full"",""amount_range"":""$1,001 - $15,000"",""transaction_date"":""2025-12-09"",""days_late"":37,""doc_url"":""https://disclosures-clerk.house.gov/public_disc/ptr-pdfs/2026/20033789.pdf""},{""member"":""Johnson, Hon. Julie"",""party"":""D"",""direction"":""sell_full"",""amount_range"":""$1,001 - $15,000"",""transaction_date"":""2025-12-08"",""days_late"":240,""doc_url"":""https://disclosures-clerk.house.gov/public_disc/ptr-pdfs/2026/20035035.pdf""}]"
CB,us,Chubb Ltd,"Fire, Marine & Casualty Insurance",1.201,0.467,9,492,53,"[-0.732,-1.27,-1.061,-0.937,-0.357,-0.526,-1.169,-0.383,-0.894,-0.357,0.256,1.201,null,null]",,,,,,6,2026-07-01,"[{""member"":""Salazar, Hon. Maria Elvira"",""party"":""R"",""direction"":""buy"",""amount_range"":""$15,001 - $50,000"",""transaction_date"":""2026-07-01"",""days_late"":37,""doc_url"":""https://disclosures-clerk.house.gov/public_disc/ptr-pdfs/2026/20035138.pdf""},{""member"":""Salazar, Hon. Maria Elvira"",""party"":""R"",""direction"":""buy"",""amount_range"":""$15,001 - $50,000"",""transaction_date"":""2026-07-01"",""days_late"":37,""doc_url"":""https://disclosures-clerk.house.gov/public_disc/ptr-pdfs/2026/20035138.pdf""},{""member"":""Cisneros, Hon. Gilbert"",""party"":""D"",""direction"":""sell_full"",""amount_range"":""$1,001 - $15,000"",""transaction_date"":""2026-05-15"",""days_late"":24,""doc_url"":""https://disclosures-clerk.house.gov/public_disc/ptr-pdfs/2026/20034713.pdf""},{""member"":""Moskowitz, Hon. Jared"",""party"":""D"",""direction"":""buy"",""amount_range"":""$1,001 - $15,000"",""transaction_date"":""2026-03-31"",""days_late"":30,""doc_url"":""https://disclosures-clerk.house.gov/public_disc/ptr-pdfs/2026/20034274.pdf""},{""member"":""Kean, Hon. Thomas H., Jr"",""party"":""R"",""direction"":""sell_partial"",""amount_range"":""$15,001 - $50,000"",""transaction_date"":""2026-03-26"",""days_late"":18,""doc_url"":""https://disclosures-clerk.house.gov/public_disc/ptr-pdfs/2026/20034327.pdf""},{""member"":""Cisneros, Hon. Gilbert"",""party"":""D"",""direction"":""buy"",""amount_range"":""$1,001 - $15,000"",""transaction_date"":""2026-01-09"",""days_late"":35,""doc_url"":""https://disclosures-clerk.house.gov/public_disc/ptr-pdfs/2026/20033983.pdf""}]"
MO,us,"ALTRIA GROUP, INC.",Cigarettes,1.176,0.468,10,492,-5,"[0.867,-0.53,0.119,-0.666,0.292,0.29,0.342,1.201,-0.81,1.207,1.321,1.176,null,null]",,,,,,,,
AMAT,us,APPLIED MATERIALS INC /DE,Semiconductors & Related Devices,1.111,0.47,11,492,99,"[-0.026,-0.07,-0.38,0.428,0.153,0.039,0.657,0.415,0.833,-0.2,-0.011,1.111,null,null]",,,,,,5,2026-07-15,"[{""member"":""McGuire, Hon. John J Mr, III"",""party"":""R"",""direction"":""buy"",""amount_range"":""$1,001 - $15,000"",""transaction_date"":""2026-07-15"",""days_late"":26,""doc_url"":""https://disclosures-clerk.house.gov/public_disc/ptr-pdfs/2026/20035180.pdf""},{""member"":""Newhouse, Hon. Dan"",""party"":""R"",""direction"":""sell_partial"",""amount_range"":""$1,001 - $15,000"",""transaction_date"":""2026-07-10"",""days_late"":7,""doc_url"":""https://disclosures-clerk.house.gov/public_disc/ptr-pdfs/2026/20034998.pdf""},{""member"":""Moskowitz, Hon. Jared"",""party"":""D"",""direction"":""buy"",""amount_range"":""$1,001 - $15,000"",""transaction_date"":""2026-06-18"",""days_late"":38,""doc_url"":""https://disclosures-clerk.house.gov/public_disc/ptr-pdfs/2026/20034963.pdf""},{""member"":""Moskowitz, Hon. Jared"",""party"":""D"",""direction"":""buy"",""amount_range"":""$1,001 - $15,000"",""transaction_date"":""2026-06-18"",""days_late"":38,""doc_url"":""https://disclosures-clerk.house.gov/public_disc/ptr-pdfs/2026/20034963.pdf""},{""member"":""Moskowitz, Hon. Jared"",""party"":""D"",""direction"":""buy"",""amount_range"":""$1,001 - $15,000"",""transaction_date"":""2026-06-18"",""days_late"":38,""doc_url"":""https://disclosures-clerk.house.gov/public_disc/ptr-pdfs/2026/20034963.pdf""}]"
AWK,us,"American Water Works Company, Inc.",Water Supply,1.101,0.47,12,492,42,"[0.005,-1.009,-0.157,-0.277,0.493,0.427,-0.646,1.481,-0.341,-0.057,0.294,1.101,null,null]",,,,,,2,2026-07-30,"[{""member"":""McCormick, Hon. Richard Dean Dr"",""party"":null,""direction"":""sell_full"",""amount_range"":""$1,001 - $15,000"",""transaction_date"":""2026-07-30"",""days_late"":15,""doc_url"":""https://disclosures-clerk.house.gov/public_disc/ptr-pdfs/2026/20035204.pdf""},{""member"":""Allen, Hon. Richard W."",""party"":""R"",""direction"":""sell_full"",""amount_range"":""$50,001 - $100,000"",""transaction_date"":""2026-01-14"",""days_late"":34,""doc_url"":""https://disclosures-clerk.house.gov/public_disc/ptr-pdfs/2026/20033945.pdf""}]"
LNT,us,ALLIANT ENERGY CORP,Electric & Other Services Combined,1.099,0.47,13,492,34,"[-0.46,-1.508,-0.061,-0.626,-0.015,-0.717,-1.399,-0.512,-1.028,0.972,0.348,1.099,null,null]",,,,,,,,
ACGL,us,ARCH CAPITAL GROUP LTD.,"Fire, Marine & Casualty Insurance",1.094,0.47,14,492,35,"[-1.054,-1.321,-1.277,-1.403,-1.112,-1.079,-1.769,-1.257,-1.173,-0.354,0.327,1.094,null,null]",,,,,,,,
ORCL,us,ORACLE CORP,Services-Prepackaged Software,1.091,0.47,15,492,42,"[-0.355,0.691,-0.347,0.323,0.459,0.602,0.57,-0.049,-0.035,0.366,0.287,1.091,null,null]",,,4,2026-09-29,,8,2026-03-23,"[{""member"":""Moskowitz, Hon. Jared"",""party"":""D"",""direction"":""sell_full"",""amount_range"":""$1,001 - $15,000"",""transaction_date"":""2026-03-23"",""days_late"":38,""doc_url"":""https://disclosures-clerk.house.gov/public_disc/ptr-pdfs/2026/20034274.pdf""},{""member"":""Moskowitz, Hon. Jared"",""party"":""D"",""direction"":""sell_full"",""amount_range"":""$1,001 - $15,000"",""transaction_date"":""2026-03-23"",""days_late"":38,""doc_url"":""https://disclosures-clerk.house.gov/public_disc/ptr-pdfs/2026/20034274.pdf""},{""member"":""Moskowitz, Hon. Jared"",""party"":""D"",""direction"":""sell_full"",""amount_range"":""$15,001 - $50,000"",""transaction_date"":""2026-03-23"",""days_late"":38,""doc_url"":""https://disclosures-clerk.house.gov/public_disc/ptr-pdfs/2026/20034274.pdf""},{""member"":""Cisneros, Hon. Gilbert"",""party"":""D"",""direction"":""sell_partial"",""amount_range"":""$1,001 - $15,000"",""transaction_date"":""2026-02-24"",""days_late"":13,""doc_url"":""https://disclosures-clerk.house.gov/public_disc/ptr-pdfs/2026/20034144.pdf""},{""member"":""Cisneros, Hon. Gilbert"",""party"":""D"",""direction"":""buy"",""amount_range"":""$1,001 - $15,000"",""transaction_date"":""2026-01-30"",""days_late"":14,""doc_url"":""https://disclosures-clerk.house.gov/public_disc/ptr-pdfs/2026/20033983.pdf""},{""member"":""Cisneros, Hon. Gilbert"",""party"":""D"",""direction"":""sell_partial"",""amount_range"":""$1,001 - $15,000"",""transaction_date"":""2025-12-24"",""days_late"":19,""doc_url"":""https://disclosures-clerk.house.gov/public_disc/ptr-pdfs/2026/20033762.pdf""},{""member"":""Cisneros, Hon. Gilbert"",""party"":""D"",""direction"":""sell_partial"",""amount_range"":""$1,001 - $15,000"",""transaction_date"":""2025-12-19"",""days_late"":24,""doc_url"":""https://disclosures-clerk.house.gov/public_disc/ptr-pdfs/2026/20033762.pdf""},{""member"":""Rulli, Hon. Michael"",""party"":""R"",""direction"":""buy"",""amount_range"":""$1,001 - $15,000"",""transaction_date"":""2025-01-14"",""days_late"":570,""doc_url"":""https://disclosures-clerk.house.gov/public_disc/ptr-pdfs/2026/20035147.pdf""}]"
ED,us,CONSOLIDATED EDISON INC,Electric & Other Services Combined,1.079,0.471,16,492,39,"[0.658,-0.983,-0.235,-0.139,0.775,0.278,0.219,1.011,-0.528,0.442,0.29,1.079,null,null]",,,,,,,,
ON,us,ON SEMICONDUCTOR CORP,Semiconductors & Related Devices,1.07,0.471,17,492,2,"[-0.903,0.332,-0.117,0.09,-0.098,-0.055,0.439,0.422,-0.079,0.267,0.593,1.07,null,null]",,,,,,,,
WEC,us,"WEC ENERGY GROUP, INC.",Electric & Other Services Combined,1.067,0.471,18,492,112,"[0.05,-1.581,-0.264,-0.979,0.295,-0.679,-1.266,0.524,-0.948,0.488,-0.132,1.067,null,null]",,,,,,2,2025-09-23,"[{""member"":""Johnson, Hon. Julie"",""party"":""D"",""direction"":""buy"",""amount_range"":""$1,001 - $15,000"",""transaction_date"":""2025-09-23"",""days_late"":316,""doc_url"":""https://disclosures-clerk.house.gov/public_disc/ptr-pdfs/2026/20035035.pdf""},{""member"":""Johnson, Hon. Julie"",""party"":""D"",""direction"":""sell_full"",""amount_range"":""$1,001 - $15,000"",""transaction_date"":""2025-09-23"",""days_late"":316,""doc_url"":""https://disclosures-clerk.house.gov/public_disc/ptr-pdfs/2026/20035035.pdf""}]"
ACN,us,Accenture plc,"Services-Business Services, NEC",1.044,0.472,19,492,378,"[-0.756,-1.003,-1.265,-1.24,-1.258,-0.981,-1.485,-0.477,-0.674,-0.951,-1.266,1.044,null,null]",,,,,,16,2026-07-10,"[{""member"":""Newhouse, Hon. Dan"",""party"":""R"",""direction"":""buy"",""amount_range"":""$1,001 - $15,000"",""transaction_date"":""2026-07-10"",""days_late"":7,""doc_url"":""https://disclosures-clerk.house.gov/public_disc/ptr-pdfs/2026/20034998.pdf""},{""member"":""Cisneros, Hon. Gilbert"",""party"":""D"",""direction"":""buy"",""amount_range"":""$1,001 - $15,000"",""transaction_date"":""2026-06-16"",""days_late"":16,""doc_url"":""https://disclosures-clerk.house.gov/public_disc/ptr-pdfs/2026/20034906.pdf""},{""member"":""Johnson, Hon. Julie"",""party"":""D"",""direction"":""sell_full"",""amount_range"":""$1,001 - $15,000"",""transaction_date"":""2026-05-12"",""days_late"":31,""doc_url"":""https://disclosures-clerk.house.gov/public_disc/ptr-pdfs/2026/20034706.pdf""},{""member"":""Allen, Hon. Richard W."",""party"":""R"",""direction"":""sell_full"",""amount_range"":""$15,001 - $50,000"",""transaction_date"":""2026-05-08"",""days_late"":39,""doc_url"":""https://disclosures-clerk.house.gov/public_disc/ptr-pdfs/2026/20034740.pdf""},{""member"":""Cisneros, Hon. Gilbert"",""party"":""D"",""direction"":""sell_full"",""amount_range"":""$1,001 - $15,000"",""transaction_date"":""2026-04-14"",""days_late"":24,""doc_url"":""https://disclosures-clerk.house.gov/public_disc/ptr-pdfs/2026/20034500.pdf""},{""member"":""Moskowitz, Hon. Jared"",""party"":""D"",""direction"":""sell_full"",""amount_range"":""$1,001 - $15,000"",""transaction_date"":""2026-03-23"",""days_late"":38,""doc_url"":""https://disclosures-clerk.house.gov/public_disc/ptr-pdfs/2026/20034274.pdf""},{""member"":""Moskowitz, Hon. Jared"",""party"":""D"",""direction"":""sell_full"",""amount_range"":""$1,001 - $15,000"",""transaction_date"":""2026-03-23"",""days_late"":38,""doc_url"":""https://disclosures-clerk.house.gov/public_disc/ptr-pdfs/2026/20034274.pdf""},{""member"":""Moskowitz, Hon. Jared"",""party"":""D"",""direction"":""sell_full"",""amount_range"":""$1,001 - $15,000"",""transaction_date"":""2026-03-23"",""days_late"":38,""doc_url"":""https://disclosures-clerk.house.gov/public_disc/ptr-pdfs/2026/20034274.pdf""}]"
RSG,us,"REPUBLIC SERVICES, INC.",Refuse Systems,1.044,0.472,20,492,31,"[-1.037,-1.275,-1.302,-1.571,-0.536,-1.01,-1.364,-0.538,-1.253,-0.115,0.318,1.044,null,null]",,,,,,1,2025-12-18,"[{""member"":""Johnson, Hon. Julie"",""party"":""D"",""direction"":""sell_full"",""amount_range"":""$1,001 - $15,000"",""transaction_date"":""2025-12-18"",""days_late"":28,""doc_url"":""https://disclosures-clerk.house.gov/public_disc/ptr-pdfs/2026/20033789.pdf""}]"
FOX,us,Fox Corp,Television Broadcasting Stations,1.029,0.472,21,492,349,"[-1.174,-1.25,-1.119,-1.239,-1.185,-1.295,-1.653,-0.662,-0.917,-1.275,-1.19,1.029,null,null]",,,,,,2,2026-06-16,"[{""member"":""Cisneros, Hon. Gilbert"",""party"":""D"",""direction"":""sell_full"",""amount_range"":""$1,001 - $15,000"",""transaction_date"":""2026-06-16"",""days_late"":16,""doc_url"":""https://disclosures-clerk.house.gov/public_disc/ptr-pdfs/2026/20034906.pdf""},{""member"":""Cisneros, Hon. Gilbert"",""party"":""D"",""direction"":""buy"",""amount_range"":""$1,001 - $15,000"",""transaction_date"":""2026-03-13"",""days_late"":25,""doc_url"":""https://disclosures-clerk.house.gov/public_disc/ptr-pdfs/2026/20034285.pdf""}]"
GIS,us,GENERAL MILLS INC,Grain Mill Products,1.023,0.473,22,492,-10,"[-0.286,-1.666,-0.23,-0.56,0.105,-0.534,-0.35,0.447,-0.464,0.174,0.782,1.023,null,null]",,,,,,3,2026-06-16,"[{""member"":""Cisneros, Hon. Gilbert"",""party"":""D"",""direction"":""buy"",""amount_range"":""$1,001 - $15,000"",""transaction_date"":""2026-06-16"",""days_late"":16,""doc_url"":""https://disclosures-clerk.house.gov/public_disc/ptr-pdfs/2026/20034906.pdf""},{""member"":""Cisneros, Hon. Gilbert"",""party"":""D"",""direction"":""sell_full"",""amount_range"":""$1,001 - $15,000"",""transaction_date"":""2026-02-10"",""days_late"":27,""doc_url"":""https://disclosures-clerk.house.gov/public_disc/ptr-pdfs/2026/20034144.pdf""},{""member"":""Cisneros, Hon. Gilbert"",""party"":""D"",""direction"":""buy"",""amount_range"":""$1,001 - $15,000"",""transaction_date"":""2025-12-19"",""days_late"":24,""doc_url"":""https://disclosures-clerk.house.gov/public_disc/ptr-pdfs/2026/20033762.pdf""}]"
LYB,us,LyondellBasell Industries N.V.,Industrial Organic Chemicals,0.994,0.474,23,492,43,"[-0.752,-0.803,-1.028,-1.053,-0.901,-0.762,-0.892,-0.707,-0.134,-0.865,0.244,0.994,null,null]",,,,,,2,2026-01-09,"[{""member"":""Cisneros, Hon. Gilbert"",""party"":""D"",""direction"":""buy"",""amount_range"":""$1,001 - $15,000"",""transaction_date"":""2026-01-09"",""days_late"":35,""doc_url"":""https://disclosures-clerk.house.gov/public_disc/ptr-pdfs/2026/20033983.pdf""},{""member"":""Johnson, Hon. Julie"",""party"":""D"",""direction"":""buy"",""amount_range"":""$1,001 - $15,000"",""transaction_date"":""2025-09-23"",""days_late"":316,""doc_url"":""https://disclosures-clerk.house.gov/public_disc/ptr-pdfs/2026/20035035.pdf""}]"
PNW,us,PINNACLE WEST CAPITAL CORP,Electric Services,0.986,0.474,24,492,29,"[-0.686,-1.568,-0.831,-0.874,-0.197,-0.797,-1.064,-0.017,-1.102,1.08,0.307,0.986,null,null]",,,,,,,,
AEE,us,AMEREN CORP,Electric & Other Services Combined,0.981,0.474,25,492,174,"[-0.358,-1.359,-0.337,-1.083,-0.379,-0.93,-1.565,-0.454,-1.204,0.341,-0.509,0.981,null,null]",,,,,,2,2025-09-23,"[{""member"":""Johnson, Hon. Julie"",""party"":""D"",""direction"":""sell_full"",""amount_range"":""$1,001 - $15,000"",""transaction_date"":""2025-09-23"",""days_late"":316,""doc_url"":""https://disclosures-clerk.house.gov/public_disc/ptr-pdfs/2026/20035035.pdf""},{""member"":""Johnson, Hon. Julie"",""party"":""D"",""direction"":""buy"",""amount_range"":""$1,001 - $15,000"",""transaction_date"":""2025-09-23"",""days_late"":316,""doc_url"":""https://disclosures-clerk.house.gov/public_disc/ptr-pdfs/2026/20035035.pdf""}]"
MU,us,MICRON TECHNOLOGY INC,Semiconductors & Related Devices,0.967,0.474,26,492,-18,"[-0.516,0.284,-0.591,0.93,0.131,-0.411,1.072,0.121,1.833,-0.25,1.259,0.967,null,null]",,,,,,14,2026-07-10,"[{""member"":""Newhouse, Hon. Dan"",""party"":""R"",""direction"":""buy"",""amount_range"":""$1,001 - $15,000"",""transaction_date"":""2026-07-10"",""days_late"":7,""doc_url"":""https://disclosures-clerk.house.gov/public_disc/ptr-pdfs/2026/20034998.pdf""},{""member"":""Rulli, Hon. Michael"",""party"":""R"",""direction"":""buy"",""amount_range"":""$1,001 - $15,000"",""transaction_date"":""2026-06-25"",""days_late"":43,""doc_url"":""https://disclosures-clerk.house.gov/public_disc/ptr-pdfs/2026/20035147.pdf""},{""member"":""Cisneros, Hon. Gilbert"",""party"":""D"",""direction"":""sell_partial"",""amount_range"":""$1,001 - $15,000"",""transaction_date"":""2026-06-05"",""days_late"":27,""doc_url"":""https://disclosures-clerk.house.gov/public_disc/ptr-pdfs/2026/20034906.pdf""},{""member"":""Gottheimer, Hon. Josh"",""party"":""D"",""direction"":""buy"",""amount_range"":""$1,001 - $15,000"",""transaction_date"":""2026-05-21"",""days_late"":13,""doc_url"":""https://disclosures-clerk.house.gov/public_disc/ptr-pdfs/2026/20034693.pdf""},{""member"":""Cisneros, Hon. Gilbert"",""party"":""D"",""direction"":""sell_partial"",""amount_range"":""$1,001 - $15,000"",""transaction_date"":""2026-05-15"",""days_late"":24,""doc_url"":""https://disclosures-clerk.house.gov/public_disc/ptr-pdfs/2026/20034713.pdf""},{""member"":""Cisneros, Hon. Gilbert"",""party"":""D"",""direction"":""buy"",""amount_range"":""$1,001 - $15,000"",""transaction_date"":""2026-03-25"",""days_late"":13,""doc_url"":""https://disclosures-clerk.house.gov/public_disc/ptr-pdfs/2026/20034285.pdf""},{""member"":""Evans, Hon. Dwight"",""party"":""D"",""direction"":""sell_full"",""amount_range"":""$15,001 - $50,000"",""transaction_date"":""2026-03-24"",""days_late"":27,""doc_url"":""https://disclosures-clerk.house.gov/public_disc/ptr-pdfs/2026/20034379.pdf""},{""member"":""Cisneros, Hon. Gilbert"",""party"":""D"",""direction"":""buy"",""amount_range"":""$1,001 - $15,000"",""transaction_date"":""2026-02-24"",""days_late"":13,""doc_url"":""https://disclosures-clerk.house.gov/public_disc/ptr-pdfs/2026/20034144.pdf""}]"
MCK,us,MCKESSON CORP,"Wholesale-Drugs, Proprietaries & Druggists' Sundries",0.951,0.475,27,492,-6,"[-0.663,-0.731,-0.475,-0.126,0.603,-0.615,-0.461,0.705,-1.005,-0.505,0.569,0.951,null,null]",,,,,,8,2026-07-08,"[{""member"":""Larsen, Hon. Rick"",""party"":""D"",""direction"":""buy"",""amount_range"":""$1,001 - $15,000"",""transaction_date"":""2026-07-08"",""days_late"":4,""doc_url"":""https://disclosures-clerk.house.gov/public_disc/ptr-pdfs/2026/20034977.pdf""},{""member"":""Jackson, Hon. Jonathan"",""party"":""D"",""direction"":""sell_full"",""amount_range"":""$1,001 - $15,000"",""transaction_date"":""2026-06-15"",""days_late"":30,""doc_url"":""https://disclosures-clerk.house.gov/public_disc/ptr-pdfs/2026/20034908.pdf""},{""member"":""Fletcher, Hon. Elizabeth"",""party"":""D"",""direction"":""sell_partial"",""amount_range"":""$1,001 - $15,000"",""transaction_date"":""2026-04-08"",""days_late"":23,""doc_url"":""https://disclosures-clerk.house.gov/public_disc/ptr-pdfs/2026/20034413.pdf""},{""member"":""Cisneros, Hon. Gilbert"",""party"":""D"",""direction"":""sell_full"",""amount_range"":""$1,001 - $15,000"",""transaction_date"":""2025-12-19"",""days_late"":24,""doc_url"":""https://disclosures-clerk.house.gov/public_disc/ptr-pdfs/2026/20033762.pdf""},{""member"":""Moskowitz, Hon. Jared"",""party"":""D"",""direction"":""buy"",""amount_range"":""$1,001 - $15,000"",""transaction_date"":""2025-12-02"",""days_late"":45,""doc_url"":""https://disclosures-clerk.house.gov/public_disc/ptr-pdfs/2026/20033760.pdf""},{""member"":""Moskowitz, Hon. Jared"",""party"":""D"",""direction"":""buy"",""amount_range"":""$1,001 - $15,000"",""transaction_date"":""2025-12-02"",""days_late"":45,""doc_url"":""https://disclosures-clerk.house.gov/public_disc/ptr-pdfs/2026/20033760.pdf""},{""member"":""Torres, Hon. Ritchie John"",""party"":""D"",""direction"":""buy"",""amount_range"":""$1,001 - $15,000"",""transaction_date"":""2025-01-07"",""days_late"":547,""doc_url"":""https://disclosures-clerk.house.gov/public_disc/ptr-pdfs/2026/20034224.pdf""},{""member"":""Letlow, Hon. Julia"",""party"":""R"",""direction"":""buy"",""amount_range"":""$1,001 - $15,000"",""transaction_date"":""2024-12-18"",""days_late"":391,""doc_url"":""https://disclosures-clerk.house.gov/public_disc/ptr-pdfs/2026/20030977.pdf""}]"
VTR,us,"Ventas, Inc.",Real Estate Investment Trusts,0.933,0.475,28,492,125,"[-0.78,-1.407,-1.121,-1.167,-0.671,-1.136,-1.512,-1.02,-1.384,0.66,-0.254,0.933,null,null]",,,,,,1,2026-01-09,"[{""member"":""Cisneros, Hon. Gilbert"",""party"":""D"",""direction"":""sell_partial"",""amount_range"":""$1,001 - $15,000"",""transaction_date"":""2026-01-09"",""days_late"":35,""doc_url"":""https://disclosures-clerk.house.gov/public_disc/ptr-pdfs/2026/20033983.pdf""}]"
AON,us,Aon plc,"Insurance Agents, Brokers & Service",0.93,0.476,29,492,45,"[-0.97,-1.26,-1.218,-1.421,-1.125,-1.14,-1.285,-1.199,-1.139,-0.523,0.218,0.93,null,null]",,,,,,,,
SMCI,us,"Super Micro Computer, Inc.",Electronic Computers,0.912,0.476,30,492,13,"[2.019,2.223,0.754,1.231,0.852,0.556,1.597,0.731,0.968,1.121,0.385,0.912,null,null]",,,,,,,,
ENPH,us,"Enphase Energy, Inc.",Semiconductors & Related Devices,0.902,0.476,31,492,-28,"[0.042,-0.289,-0.468,-0.171,-0.573,-0.788,-0.859,-0.725,1.023,2.019,1.661,0.902,null,null]",,,,,,,,
CBOE,us,"Cboe Global Markets, Inc.","Security & Commodity Brokers, Dealers, Exchanges & Services",0.898,0.477,32,492,-10,"[0.148,-1.08,0.252,0.305,0.698,0.173,-0.144,0.858,-0.858,0.67,0.559,0.898,null,null]",,,,,,1,2025-12-19,"[{""member"":""Cisneros, Hon. Gilbert"",""party"":""D"",""direction"":""sell_partial"",""amount_range"":""$1,001 - $15,000"",""transaction_date"":""2025-12-19"",""days_late"":24,""doc_url"":""https://disclosures-clerk.house.gov/public_disc/ptr-pdfs/2026/20033762.pdf""}]"
WM,us,WASTE MANAGEMENT INC,Refuse Systems,0.884,0.477,33,492,50,"[-0.779,-1.325,-0.864,-0.719,-0.509,-0.858,-1.049,-0.232,-1.218,0.634,0.169,0.884,null,null]",,,,,,1,2026-01-07,"[{""member"":""Larsen, Hon. Rick"",""party"":""D"",""direction"":""buy"",""amount_range"":""$1,001 - $15,000"",""transaction_date"":""2026-01-07"",""days_late"":7,""doc_url"":""https://disclosures-clerk.house.gov/public_disc/ptr-pdfs/2026/20033814.pdf""}]"
KMI,us,"KINDER MORGAN, INC.",Natural Gas Transmission,0.881,0.477,34,492,93,"[-1.059,-1.382,-1.303,-1.474,-1.158,-1.183,-1.674,-0.975,-1.002,-0.155,-0.112,0.881,null,null]",,,,,,3,2026-02-19,"[{""member"":""Allen, Hon. Richard W."",""party"":""R"",""direction"":""buy"",""amount_range"":""$1,001 - $15,000"",""transaction_date"":""2026-02-19"",""days_late"":20,""doc_url"":""https://disclosures-clerk.house.gov/public_disc/ptr-pdfs/2026/20034133.pdf""},{""member"":""Cisneros, Hon. Gilbert"",""party"":""D"",""direction"":""buy"",""amount_range"":""$1,001 - $15,000"",""transaction_date"":""2026-02-10"",""days_late"":27,""doc_url"":""https://disclosures-clerk.house.gov/public_disc/ptr-pdfs/2026/20034144.pdf""},{""member"":""Cisneros, Hon. Gilbert"",""party"":""D"",""direction"":""sell_full"",""amount_range"":""$1,001 - $15,000"",""transaction_date"":""2026-01-09"",""days_late"":35,""doc_url"":""https://disclosures-clerk.house.gov/public_disc/ptr-pdfs/2026/20033983.pdf""}]"
PLTR,us,Palantir Technologies Inc.,Services-Prepackaged Software,0.88,0.477,35,492,-33,"[1.189,1.396,0.547,1.637,1.274,1.485,0.645,0.383,2.026,0.914,1.72,0.88,null,null]",,,,,,12,2026-05-15,"[{""member"":""Cisneros, Hon. Gilbert"",""party"":""D"",""direction"":""sell_partial"",""amount_range"":""$1,001 - $15,000"",""transaction_date"":""2026-05-15"",""days_late"":24,""doc_url"":""https://disclosures-clerk.house.gov/public_disc/ptr-pdfs/2026/20034713.pdf""},{""member"":""Cisneros, Hon. Gilbert"",""party"":""D"",""direction"":""sell_partial"",""amount_range"":""$1,001 - $15,000"",""transaction_date"":""2026-05-08"",""days_late"":31,""doc_url"":""https://disclosures-clerk.house.gov/public_disc/ptr-pdfs/2026/20034713.pdf""},{""member"":""Rulli, Hon. Michael"",""party"":""R"",""direction"":""sell_full"",""amount_range"":""$1,001 - $15,000"",""transaction_date"":""2026-05-06"",""days_late"":93,""doc_url"":""https://disclosures-clerk.house.gov/public_disc/ptr-pdfs/2026/20035147.pdf""},{""member"":""Cisneros, Hon. Gilbert"",""party"":""D"",""direction"":""buy"",""amount_range"":""$15,001 - $50,000"",""transaction_date"":""2026-04-14"",""days_late"":24,""doc_url"":""https://disclosures-clerk.house.gov/public_disc/ptr-pdfs/2026/20034500.pdf""},{""member"":""Cisneros, Hon. Gilbert"",""party"":""D"",""direction"":""buy"",""amount_range"":""$1,001 - $15,000"",""transaction_date"":""2026-03-16"",""days_late"":22,""doc_url"":""https://disclosures-clerk.house.gov/public_disc/ptr-pdfs/2026/20034285.pdf""},{""member"":""Cisneros, Hon. Gilbert"",""party"":""D"",""direction"":""sell_partial"",""amount_range"":""$1,001 - $15,000"",""transaction_date"":""2026-03-16"",""days_late"":22,""doc_url"":""https://disclosures-clerk.house.gov/public_disc/ptr-pdfs/2026/20034285.pdf""},{""member"":""Cisneros, Hon. Gilbert"",""party"":""D"",""direction"":""sell_partial"",""amount_range"":""$15,001 - $50,000"",""transaction_date"":""2026-03-13"",""days_late"":25,""doc_url"":""https://disclosures-clerk.house.gov/public_disc/ptr-pdfs/2026/20034285.pdf""},{""member"":""Suozzi, Hon. Thomas"",""party"":""D"",""direction"":""sell_full"",""amount_range"":""$15,001 - $50,000"",""transaction_date"":""2026-02-18"",""days_late"":27,""doc_url"":""https://disclosures-clerk.house.gov/public_disc/ptr-pdfs/2026/20034188.pdf""}]"
DAL,us,"DELTA AIR LINES, INC.","Air Transportation, Scheduled",0.867,0.477,36,492,60,"[0.034,0.683,-0.104,0.542,0.221,0.456,0.481,0.387,0.251,0.57,0.112,0.867,null,null]",,,,,,,,
WRB,us,BERKLEY W R CORP,"Fire, Marine & Casualty Insurance",0.866,0.478,37,492,158,"[-0.82,-1.353,-1.209,-0.97,-0.426,-0.694,-1.281,-0.409,-1.291,0.005,-0.487,0.866,null,null]",,,,,,10,2026-06-05,"[{""member"":""Cisneros, Hon. Gilbert"",""party"":""D"",""direction"":""sell_partial"",""amount_range"":""$1,001 - $15,000"",""transaction_date"":""2026-06-05"",""days_late"":27,""doc_url"":""https://disclosures-clerk.house.gov/public_disc/ptr-pdfs/2026/20034906.pdf""},{""member"":""Cisneros, Hon. Gilbert"",""party"":""D"",""direction"":""sell_partial"",""amount_range"":""$1,001 - $15,000"",""transaction_date"":""2026-05-29"",""days_late"":10,""doc_url"":""https://disclosures-clerk.house.gov/public_disc/ptr-pdfs/2026/20034713.pdf""},{""member"":""Cisneros, Hon. Gilbert"",""party"":""D"",""direction"":""sell_partial"",""amount_range"":""$1,001 - $15,000"",""transaction_date"":""2026-05-19"",""days_late"":20,""doc_url"":""https://disclosures-clerk.house.gov/public_disc/ptr-pdfs/2026/20034713.pdf""},{""member"":""Cisneros, Hon. Gilbert"",""party"":""D"",""direction"":""sell_partial"",""amount_range"":""$1,001 - $15,000"",""transaction_date"":""2026-05-14"",""days_late"":25,""doc_url"":""https://disclosures-clerk.house.gov/public_disc/ptr-pdfs/2026/20034713.pdf""},{""member"":""Cisneros, Hon. Gilbert"",""party"":""D"",""direction"":""sell_partial"",""amount_range"":""$1,001 - $15,000"",""transaction_date"":""2026-05-13"",""days_late"":26,""doc_url"":""https://disclosures-clerk.house.gov/public_disc/ptr-pdfs/2026/20034713.pdf""},{""member"":""Cisneros, Hon. Gilbert"",""party"":""D"",""direction"":""sell_partial"",""amount_range"":""$1,001 - $15,000"",""transaction_date"":""2026-05-12"",""days_late"":27,""doc_url"":""https://disclosures-clerk.house.gov/public_disc/ptr-pdfs/2026/20034713.pdf""},{""member"":""Cisneros, Hon. Gilbert"",""party"":""D"",""direction"":""sell_partial"",""amount_range"":""$1,001 - $15,000"",""transaction_date"":""2026-05-07"",""days_late"":32,""doc_url"":""https://disclosures-clerk.house.gov/public_disc/ptr-pdfs/2026/20034713.pdf""},{""member"":""Cisneros, Hon. Gilbert"",""party"":""D"",""direction"":""sell_partial"",""amount_range"":""$1,001 - $15,000"",""transaction_date"":""2026-03-18"",""days_late"":20,""doc_url"":""https://disclosures-clerk.house.gov/public_disc/ptr-pdfs/2026/20034285.pdf""}]"
AMD,us,ADVANCED MICRO DEVICES INC,Semiconductors & Related Devices,0.832,0.479,38,492,-31,"[1.072,0.481,0.434,1.523,0.282,1.105,0.36,0.688,1.055,0.014,1.27,0.832,null,null]",,,31,2026-09-15,,16,2026-07-14,"[{""member"":""Allen, Hon. Richard W."",""party"":""R"",""direction"":""buy"",""amount_range"":""$1,001 - $15,000"",""transaction_date"":""2026-07-14"",""days_late"":35,""doc_url"":""https://disclosures-clerk.house.gov/public_disc/ptr-pdfs/2026/20035260.pdf""},{""member"":""Newhouse, Hon. Dan"",""party"":""R"",""direction"":""sell_partial"",""amount_range"":""$1,001 - $15,000"",""transaction_date"":""2026-07-10"",""days_late"":7,""doc_url"":""https://disclosures-clerk.house.gov/public_disc/ptr-pdfs/2026/20034998.pdf""},{""member"":""Cisneros, Hon. Gilbert"",""party"":""D"",""direction"":""buy"",""amount_range"":""$1,001 - $15,000"",""transaction_date"":""2026-06-05"",""days_late"":27,""doc_url"":""https://disclosures-clerk.house.gov/public_disc/ptr-pdfs/2026/20034906.pdf""},{""member"":""Cisneros, Hon. Gilbert"",""party"":""D"",""direction"":""buy"",""amount_range"":""$1,001 - $15,000"",""transaction_date"":""2026-05-15"",""days_late"":24,""doc_url"":""https://disclosures-clerk.house.gov/public_disc/ptr-pdfs/2026/20034713.pdf""},{""member"":""Cisneros, Hon. Gilbert"",""party"":""D"",""direction"":""buy"",""amount_range"":""$1,001 - $15,000"",""transaction_date"":""2026-05-14"",""days_late"":25,""doc_url"":""https://disclosures-clerk.house.gov/public_disc/ptr-pdfs/2026/20034713.pdf""},{""member"":""Gottheimer, Hon. Josh"",""party"":""D"",""direction"":""buy"",""amount_range"":""$1,001 - $15,000"",""transaction_date"":""2026-05-05"",""days_late"":29,""doc_url"":""https://disclosures-clerk.house.gov/public_disc/ptr-pdfs/2026/20034693.pdf""},{""member"":""Gottheimer, Hon. Josh"",""party"":""D"",""direction"":""buy"",""amount_range"":""$1,001 - $15,000"",""transaction_date"":""2026-04-27"",""days_late"":22,""doc_url"":""https://disclosures-clerk.house.gov/public_disc/ptr-pdfs/2026/20034585.pdf""},{""member"":""Gottheimer, Hon. Josh"",""party"":""D"",""direction"":""buy"",""amount_range"":""$1,001 - $15,000"",""transaction_date"":""2026-04-23"",""days_late"":26,""doc_url"":""https://disclosures-clerk.house.gov/public_disc/ptr-pdfs/2026/20034585.pdf""}]"
VLO,us,VALERO ENERGY CORP/TX,Petroleum Refining,0.831,0.479,39,492,-6,"[-1.007,-1.109,-1.245,-1.356,-1.015,-1.261,-1.336,-1.02,-0.788,-0.794,0.461,0.831,null,null]",,,,,,1,2026-01-09,"[{""member"":""Cisneros, Hon. Gilbert"",""party"":""D"",""direction"":""sell_full"",""amount_range"":""$1,001 - $15,000"",""transaction_date"":""2026-01-09"",""days_late"":35,""doc_url"":""https://disclosures-clerk.house.gov/public_disc/ptr-pdfs/2026/20033983.pdf""}]"
HPE,us,Hewlett Packard Enterprise Co,Computer & office Equipment,0.822,0.479,40,492,-34,"[-1.074,-0.766,-0.275,0.369,-0.48,-0.295,0.07,0.264,-0.059,0.403,1.291,0.822,null,null]",,,,,,2,2025-03-13,"[{""member"":""Letlow, Hon. Julia"",""party"":""R"",""direction"":""sell_full"",""amount_range"":""$1,001 - $15,000"",""transaction_date"":""2025-03-13"",""days_late"":306,""doc_url"":""https://disclosures-clerk.house.gov/public_disc/ptr-pdfs/2026/20030977.pdf""},{""member"":""Letlow, Hon. Julia"",""party"":""R"",""direction"":""buy"",""amount_range"":""$1,001 - $15,000"",""transaction_date"":""2025-01-24"",""days_late"":354,""doc_url"":""https://disclosures-clerk.house.gov/public_disc/ptr-pdfs/2026/20030977.pdf""}]"
EXC,us,EXELON CORP,Electric & Other Services Combined,0.81,0.479,41,492,5,"[0.198,-1.655,-0.238,-0.387,0.819,-0.718,-0.577,0.611,-0.981,-0.058,0.353,0.81,null,null]",,,,,,,,
ATO,us,ATMOS ENERGY CORP,Natural Gas Distribution,0.797,0.48,42,492,120,"[-0.718,-1.734,-0.654,-0.883,0.506,-0.794,-1.251,0.552,-1.135,0.413,-0.299,0.797,null,null]",,,,,,1,2025-12-02,"[{""member"":""Moskowitz, Hon. Jared"",""party"":""D"",""direction"":""buy"",""amount_range"":""$1,001 - $15,000"",""transaction_date"":""2025-12-02"",""days_late"":45,""doc_url"":""https://disclosures-clerk.house.gov/public_disc/ptr-pdfs/2026/20033760.pdf""}]"
DUK,us,Duke Energy CORP,Electric & Other Services Combined,0.777,0.48,43,492,59,"[0.72,-1.596,0.224,-0.623,0.583,-0.304,-0.689,0.692,-0.705,0.31,0.065,0.777,null,null]",,,,,,2,2026-07-10,"[{""member"":""Newhouse, Hon. Dan"",""party"":""R"",""direction"":""buy"",""amount_range"":""$1,001 - $15,000"",""transaction_date"":""2026-07-10"",""days_late"":7,""doc_url"":""https://disclosures-clerk.house.gov/public_disc/ptr-pdfs/2026/20034998.pdf""},{""member"":""Letlow, Hon. Julia"",""party"":""R"",""direction"":""buy"",""amount_range"":""$1,001 - $15,000"",""transaction_date"":""2024-10-23"",""days_late"":447,""doc_url"":""https://disclosures-clerk.house.gov/public_disc/ptr-pdfs/2026/20030977.pdf""}]"
FOXA,us,Fox Corp,Television Broadcasting Stations,0.761,0.481,44,492,368,"[-1.02,-1.167,-1.124,-1.157,-1.105,-1.194,-1.606,-0.681,-0.893,-1.094,-1.297,0.761,null,null]",,,,,,,,
AVGO,us,Broadcom Inc.,Semiconductors & Related Devices,0.728,0.482,45,492,-3,"[0.187,0.887,0.61,0.925,0.303,0.472,1.098,-0.065,0.534,-0.256,0.398,0.728,null,null]",,,16,2026-09-23,,17,2026-07-24,"[{""member"":""Taylor, Hon. David J."",""party"":""R"",""direction"":""buy"",""amount_range"":""$1,001 - $15,000"",""transaction_date"":""2026-07-24"",""days_late"":13,""doc_url"":""https://disclosures-clerk.house.gov/public_disc/ptr-pdfs/2026/20035146.pdf""},{""member"":""Allen, Hon. Richard W."",""party"":""R"",""direction"":""buy"",""amount_range"":""$1,001 - $15,000"",""transaction_date"":""2026-07-14"",""days_late"":35,""doc_url"":""https://disclosures-clerk.house.gov/public_disc/ptr-pdfs/2026/20035260.pdf""},{""member"":""Taylor, Hon. David J."",""party"":""R"",""direction"":""sell_full"",""amount_range"":""$1,001 - $15,000"",""transaction_date"":""2026-04-27"",""days_late"":10,""doc_url"":""https://disclosures-clerk.house.gov/public_disc/ptr-pdfs/2026/20034489.pdf""},{""member"":""Taylor, Hon. David J."",""party"":""R"",""direction"":""sell_full"",""amount_range"":""$1,001 - $15,000"",""transaction_date"":""2026-04-27"",""days_late"":10,""doc_url"":""https://disclosures-clerk.house.gov/public_disc/ptr-pdfs/2026/20034489.pdf""},{""member"":""Moskowitz, Hon. Jared"",""party"":""D"",""direction"":""buy"",""amount_range"":""$1,001 - $15,000"",""transaction_date"":""2026-03-31"",""days_late"":30,""doc_url"":""https://disclosures-clerk.house.gov/public_disc/ptr-pdfs/2026/20034274.pdf""},{""member"":""Cisneros, Hon. Gilbert"",""party"":""D"",""direction"":""sell_partial"",""amount_range"":""$1,001 - $15,000"",""transaction_date"":""2026-03-25"",""days_late"":13,""doc_url"":""https://disclosures-clerk.house.gov/public_disc/ptr-pdfs/2026/20034285.pdf""},{""member"":""Taylor, Hon. David J."",""party"":""R"",""direction"":""buy"",""amount_range"":""$1,001 - $15,000"",""transaction_date"":""2026-02-26"",""days_late"":8,""doc_url"":""https://disclosures-clerk.house.gov/public_disc/ptr-pdfs/2026/20034138.pdf""},{""member"":""Letlow, Hon. Julia"",""party"":""R"",""direction"":""sell_partial"",""amount_range"":""$1,001 - $15,000"",""transaction_date"":""2026-02-12"",""days_late"":28,""doc_url"":""https://disclosures-clerk.house.gov/public_disc/ptr-pdfs/2026/20034106.pdf""}]"
WDC,us,WESTERN DIGITAL CORP,Computer Storage Devices,0.718,0.482,46,492,-9,"[0.031,-0.5,-0.003,0.057,0.335,-0.314,0.797,0.48,0.715,0.017,0.416,0.718,null,null]",,,,,,,,
PG,us,PROCTER & GAMBLE Co,"Soap, Detergents, Cleang Preparations, Perfumes, Cosmetics",0.707,0.483,47,492,52,"[-0.17,-1.113,-0.09,-0.41,0.533,-0.496,-0.236,0.6,-1.171,0.51,0.093,0.707,null,null]",,,3,2026-10-05,,,,
NXPI,us,NXP Semiconductors N.V.,Semiconductors & Related Devices,0.705,0.483,48,492,198,"[-0.161,-0.112,-0.572,-0.358,-0.541,-0.076,-0.276,-0.207,0.928,-0.285,-0.765,0.705,null,null]",,,,,,2,2025-12-18,"[{""member"":""Johnson, Hon. Julie"",""party"":""D"",""direction"":""sell_full"",""amount_range"":""$1,001 - $15,000"",""transaction_date"":""2025-12-18"",""days_late"":28,""doc_url"":""https://disclosures-clerk.house.gov/public_disc/ptr-pdfs/2026/20033789.pdf""},{""member"":""Newhouse, Hon. Dan"",""party"":""R"",""direction"":""buy"",""amount_range"":""$1,001 - $15,000"",""transaction_date"":""2025-12-11"",""days_late"":35,""doc_url"":""https://disclosures-clerk.house.gov/public_disc/ptr-pdfs/2026/20033654.pdf""}]"
T,us,AT&T INC.,Telephone Communications (No Radiotelephone),0.702,0.483,49,492,-14,"[-0.46,-0.715,-0.024,-0.37,0.935,-0.056,-0.496,0.416,-0.784,0.04,0.453,0.702,null,null]",,,,,,14,2026-06-05,"[{""member"":""Taylor, Hon. David J."",""party"":""R"",""direction"":""buy"",""amount_range"":""$1,001 - $15,000"",""transaction_date"":""2026-06-05"",""days_late"":7,""doc_url"":""https://disclosures-clerk.house.gov/public_disc/ptr-pdfs/2026/20034780.pdf""},{""member"":""Moore, Hon. Tim"",""party"":""R"",""direction"":""buy"",""amount_range"":""$50,001 - $100,000"",""transaction_date"":""2026-06-04"",""days_late"":1,""doc_url"":""https://disclosures-clerk.house.gov/public_disc/ptr-pdfs/2026/20034721.pdf""},{""member"":""Moore, Hon. Tim"",""party"":""R"",""direction"":""sell_full"",""amount_range"":""$15,001 - $50,000"",""transaction_date"":""2026-05-21"",""days_late"":15,""doc_url"":""https://disclosures-clerk.house.gov/public_disc/ptr-pdfs/2026/20034721.pdf""},{""member"":""Moore, Hon. Tim"",""party"":""R"",""direction"":""buy"",""amount_range"":""$15,001 - $50,000"",""transaction_date"":""2026-05-18"",""days_late"":1,""doc_url"":""https://disclosures-clerk.house.gov/public_disc/ptr-pdfs/2026/20034587.pdf""},{""member"":""Taylor, Hon. David J."",""party"":""R"",""direction"":""buy"",""amount_range"":""$1,001 - $15,000"",""transaction_date"":""2026-05-15"",""days_late"":13,""doc_url"":""https://disclosures-clerk.house.gov/public_disc/ptr-pdfs/2026/20034650.pdf""},{""member"":""Taylor, Hon. David J."",""party"":""R"",""direction"":""buy"",""amount_range"":""$1,001 - $15,000"",""transaction_date"":""2026-05-15"",""days_late"":13,""doc_url"":""https://disclosures-clerk.house.gov/public_disc/ptr-pdfs/2026/20034650.pdf""},{""member"":""Gottheimer, Hon. Josh"",""party"":""D"",""direction"":""sell_full"",""amount_range"":""$1,001 - $15,000"",""transaction_date"":""2026-04-09"",""days_late"":40,""doc_url"":""https://disclosures-clerk.house.gov/public_disc/ptr-pdfs/2026/20034585.pdf""},{""member"":""Alford, Hon. Mark"",""party"":""R"",""direction"":""sell_partial"",""amount_range"":""$1,001 - $15,000"",""transaction_date"":""2026-03-16"",""days_late"":15,""doc_url"":""https://disclosures-clerk.house.gov/public_disc/ptr-pdfs/2026/20034201.pdf""}]"
PGR,us,PROGRESSIVE CORP/OH/,"Fire, Marine & Casualty Insurance",0.7,0.483,50,492,2,"[-0.658,-1.174,-1.066,-0.682,-0.819,-0.609,-1.228,-0.286,-1.049,0.131,0.316,0.7,null,null]",,,,,,7,2026-06-16,"[{""member"":""Cisneros, Hon. Gilbert"",""party"":""D"",""direction"":""buy"",""amount_range"":""$1,001 - $15,000"",""transaction_date"":""2026-06-16"",""days_late"":16,""doc_url"":""https://disclosures-clerk.house.gov/public_disc/ptr-pdfs/2026/20034906.pdf""},{""member"":""Taylor, Hon. David J."",""party"":""R"",""direction"":""buy"",""amount_range"":""$1,001 - $15,000"",""transaction_date"":""2026-04-27"",""days_late"":10,""doc_url"":""https://disclosures-clerk.house.gov/public_disc/ptr-pdfs/2026/20034489.pdf""},{""member"":""Cisneros, Hon. Gilbert"",""party"":""D"",""direction"":""sell_partial"",""amount_range"":""$1,001 - $15,000"",""transaction_date"":""2026-02-10"",""days_late"":27,""doc_url"":""https://disclosures-clerk.house.gov/public_disc/ptr-pdfs/2026/20034144.pdf""},{""member"":""Taylor, Hon. David J."",""party"":""R"",""direction"":""buy"",""amount_range"":""$1,001 - $15,000"",""transaction_date"":""2026-02-10"",""days_late"":10,""doc_url"":""https://disclosures-clerk.house.gov/public_disc/ptr-pdfs/2026/20034036.pdf""},{""member"":""Taylor, Hon. David J."",""party"":""R"",""direction"":""buy"",""amount_range"":""$1,001 - $15,000"",""transaction_date"":""2026-01-16"",""days_late"":17,""doc_url"":""https://disclosures-clerk.house.gov/public_disc/ptr-pdfs/2026/20033916.pdf""},{""member"":""Cisneros, Hon. Gilbert"",""party"":""D"",""direction"":""buy"",""amount_range"":""$1,001 - $15,000"",""transaction_date"":""2026-01-09"",""days_late"":35,""doc_url"":""https://disclosures-clerk.house.gov/public_disc/ptr-pdfs/2026/20033983.pdf""},{""member"":""Johnson, Hon. Julie"",""party"":""D"",""direction"":""sell_full"",""amount_range"":""$1,001 - $15,000"",""transaction_date"":""2025-12-18"",""days_late"":28,""doc_url"":""https://disclosures-clerk.house.gov/public_disc/ptr-pdfs/2026/20033789.pdf""}]"
JNJ,us,JOHNSON & JOHNSON,Pharmaceutical Preparations,0.698,0.483,51,492,13,"[0.222,-0.6,-0.035,0.321,1.041,0.114,0.045,0.382,-0.67,-0.021,0.249,0.698,null,null]",,,,,,11,2026-07-30,"[{""member"":""McCormick, Hon. Richard Dean Dr"",""party"":null,""direction"":""sell_full"",""amount_range"":""$1,001 - $15,000"",""transaction_date"":""2026-07-30"",""days_late"":15,""doc_url"":""https://disclosures-clerk.house.gov/public_disc/ptr-pdfs/2026/20035204.pdf""},{""member"":""Kean, Hon. Thomas H., Jr"",""party"":""R"",""direction"":""sell_partial"",""amount_range"":""$1,001 - $15,000"",""transaction_date"":""2026-06-29"",""days_late"":16,""doc_url"":""https://disclosures-clerk.house.gov/public_disc/ptr-pdfs/2026/20035003.pdf""},{""member"":""Doggett, Hon. Lloyd"",""party"":""D"",""direction"":""buy"",""amount_range"":""$1,001 - $15,000"",""transaction_date"":""2026-06-09"",""days_late"":27,""doc_url"":""https://disclosures-clerk.house.gov/public_disc/ptr-pdfs/2026/20034923.pdf""},{""member"":""Kean, Hon. Thomas H., Jr"",""party"":""R"",""direction"":""sell_partial"",""amount_range"":""$1,001 - $15,000"",""transaction_date"":""2026-06-02"",""days_late"":43,""doc_url"":""https://disclosures-clerk.house.gov/public_disc/ptr-pdfs/2026/20035003.pdf""},{""member"":""Kean, Hon. Thomas H., Jr"",""party"":""R"",""direction"":""sell_partial"",""amount_range"":""$1,001 - $15,000"",""transaction_date"":""2026-03-26"",""days_late"":18,""doc_url"":""https://disclosures-clerk.house.gov/public_disc/ptr-pdfs/2026/20034327.pdf""},{""member"":""McCormick, Hon. Richard Dean Dr"",""party"":null,""direction"":""sell_partial"",""amount_range"":""$1,001 - $15,000"",""transaction_date"":""2026-03-19"",""days_late"":19,""doc_url"":""https://disclosures-clerk.house.gov/public_disc/ptr-pdfs/2026/20033648.pdf""},{""member"":""McCormick, Hon. Richard Dean Dr"",""party"":null,""direction"":""sell_partial"",""amount_range"":""$1,001 - $15,000"",""transaction_date"":""2026-03-19"",""days_late"":19,""doc_url"":""https://disclosures-clerk.house.gov/public_disc/ptr-pdfs/2026/20033648.pdf""},{""member"":""Doggett, Hon. Lloyd"",""party"":""D"",""direction"":""buy"",""amount_range"":""$1,001 - $15,000"",""transaction_date"":""2026-03-10"",""days_late"":27,""doc_url"":""https://disclosures-clerk.house.gov/public_disc/ptr-pdfs/2026/20034292.pdf""}]"
DGX,us,QUEST DIAGNOSTICS INC,Services-Medical Laboratories,0.681,0.483,52,492,-28,"[-1.159,-1.396,-1.066,-1.054,-0.62,-1.283,-1.309,-0.606,-1.634,-0.473,0.541,0.681,null,null]",,,,,,5,2025-10-30,"[{""member"":""Johnson, Hon. Julie"",""party"":""D"",""direction"":""sell_full"",""amount_range"":""$1,001 - $15,000"",""transaction_date"":""2025-10-30"",""days_late"":279,""doc_url"":""https://disclosures-clerk.house.gov/public_disc/ptr-pdfs/2026/20035035.pdf""},{""member"":""Johnson, Hon. Julie"",""party"":""D"",""direction"":""buy"",""amount_range"":""$1,001 - $15,000"",""transaction_date"":""2025-10-30"",""days_late"":279,""doc_url"":""https://disclosures-clerk.house.gov/public_disc/ptr-pdfs/2026/20035035.pdf""},{""member"":""Letlow, Hon. Julia"",""party"":""R"",""direction"":""sell_full"",""amount_range"":""$1,001 - $15,000"",""transaction_date"":""2025-07-24"",""days_late"":173,""doc_url"":""https://disclosures-clerk.house.gov/public_disc/ptr-pdfs/2026/20030977.pdf""},{""member"":""Letlow, Hon. Julia"",""party"":""R"",""direction"":""buy"",""amount_range"":""$1,001 - $15,000"",""transaction_date"":""2025-04-28"",""days_late"":260,""doc_url"":""https://disclosures-clerk.house.gov/public_disc/ptr-pdfs/2026/20030977.pdf""},{""member"":""Miller, Hon. Carol Devine"",""party"":""R"",""direction"":""sell_full"",""amount_range"":""$15,001 - $50,000"",""transaction_date"":""2025-03-10"",""days_late"":521,""doc_url"":""https://disclosures-clerk.house.gov/public_disc/ptr-pdfs/2026/20033779.pdf""}]"
UAL,us,"United Airlines Holdings, Inc.","Air Transportation, Scheduled",0.675,0.484,53,492,82,"[-0.472,-0.278,-0.065,0.582,0.204,0.144,-0.443,0.289,0.438,0.671,-0.154,0.675,null,null]",,,,,,2,2026-02-10,"[{""member"":""Cisneros, Hon. Gilbert"",""party"":""D"",""direction"":""sell_full"",""amount_range"":""$1,001 - $15,000"",""transaction_date"":""2026-02-10"",""days_late"":27,""doc_url"":""https://disclosures-clerk.house.gov/public_disc/ptr-pdfs/2026/20034144.pdf""},{""member"":""Cisneros, Hon. Gilbert"",""party"":""D"",""direction"":""buy"",""amount_range"":""$1,001 - $15,000"",""transaction_date"":""2025-12-19"",""days_late"":24,""doc_url"":""https://disclosures-clerk.house.gov/public_disc/ptr-pdfs/2026/20033762.pdf""}]"
WMB,us,"WILLIAMS COMPANIES, INC.",Natural Gas Transmission,0.67,0.484,54,492,91,"[-0.971,-1.343,-1.291,-1.248,-1.17,-1.181,-1.614,-1.077,-1.152,0.199,-0.211,0.67,null,null]",,,,,,2,2026-02-10,"[{""member"":""Cisneros, Hon. Gilbert"",""party"":""D"",""direction"":""buy"",""amount_range"":""$1,001 - $15,000"",""transaction_date"":""2026-02-10"",""days_late"":27,""doc_url"":""https://disclosures-clerk.house.gov/public_disc/ptr-pdfs/2026/20034144.pdf""},{""member"":""Cisneros, Hon. Gilbert"",""party"":""D"",""direction"":""sell_full"",""amount_range"":""$1,001 - $15,000"",""transaction_date"":""2026-01-09"",""days_late"":35,""doc_url"":""https://disclosures-clerk.house.gov/public_disc/ptr-pdfs/2026/20033983.pdf""}]"
MPWR,us,"MONOLITHIC POWER SYSTEMS, INC.",Semiconductors & Related Devices,0.667,0.484,55,492,77,"[-0.196,-0.4,-0.466,-0.12,1.008,-0.183,0.063,-0.332,0.8,-0.904,-0.147,0.667,null,null]",,,,,,2,2026-06-05,"[{""member"":""Donalds, Hon. Byron"",""party"":""R"",""direction"":""sell_partial"",""amount_range"":""$1,001 - $15,000"",""transaction_date"":""2026-06-05"",""days_late"":40,""doc_url"":""https://disclosures-clerk.house.gov/public_disc/ptr-pdfs/2026/20034968.pdf""},{""member"":""Donalds, Hon. Byron"",""party"":""R"",""direction"":""sell_partial"",""amount_range"":""$1,001 - $15,000"",""transaction_date"":""2026-06-05"",""days_late"":40,""doc_url"":""https://disclosures-clerk.house.gov/public_disc/ptr-pdfs/2026/20034968.pdf""}]"
TSLA,us,"Tesla, Inc.",Motor Vehicles & Passenger Car Bodies,0.659,0.484,56,492,25,"[-0.119,0.183,-0.214,0.061,-0.754,0.258,0.035,-0.471,0.161,-0.004,0.194,0.659,null,null]",,,1,2026-09-08,1,4,2026-05-29,"[{""member"":""Cisneros, Hon. Gilbert"",""party"":""D"",""direction"":""buy"",""amount_range"":""$1,001 - $15,000"",""transaction_date"":""2026-05-29"",""days_late"":10,""doc_url"":""https://disclosures-clerk.house.gov/public_disc/ptr-pdfs/2026/20034713.pdf""},{""member"":""Cisneros, Hon. Gilbert"",""party"":""D"",""direction"":""buy"",""amount_range"":""$1,001 - $15,000"",""transaction_date"":""2026-04-14"",""days_late"":24,""doc_url"":""https://disclosures-clerk.house.gov/public_disc/ptr-pdfs/2026/20034500.pdf""},{""member"":""Cisneros, Hon. Gilbert"",""party"":""D"",""direction"":""sell_partial"",""amount_range"":""$15,001 - $50,000"",""transaction_date"":""2026-03-13"",""days_late"":25,""doc_url"":""https://disclosures-clerk.house.gov/public_disc/ptr-pdfs/2026/20034285.pdf""},{""member"":""Cisneros, Hon. Gilbert"",""party"":""D"",""direction"":""buy"",""amount_range"":""$1,001 - $15,000"",""transaction_date"":""2026-01-09"",""days_late"":35,""doc_url"":""https://disclosures-clerk.house.gov/public_disc/ptr-pdfs/2026/20033983.pdf""}]"
DELL,us,Dell Technologies Inc.,Electronic Computers,0.658,0.484,57,492,-56,"[-0.668,-0.153,-0.654,0.876,0.719,-0.217,0.038,1.152,1.131,0.76,2.028,0.658,null,null]",,,,,,1,2026-06-04,"[{""member"":""McGuire, Hon. John"",""party"":""R"",""direction"":""sell_partial"",""amount_range"":""$1,001 - $15,000"",""transaction_date"":""2026-06-04"",""days_late"":6,""doc_url"":""https://disclosures-clerk.house.gov/public_disc/ptr-pdfs/2026/20034748.pdf""}]"
MKC,us,MCCORMICK & CO INC,Miscellaneous Food Preparations & Kindred Products,0.656,0.484,58,492,5,"[-1.035,-1.252,-1.359,-1.307,-1.173,-0.985,-0.77,-0.839,-0.597,0.133,0.251,0.656,null,null]",,,,,,4,2026-02-02,"[{""member"":""Letlow, Hon. Julia"",""party"":""R"",""direction"":""sell_full"",""amount_range"":""$1,001 - $15,000"",""transaction_date"":""2026-02-02"",""days_late"":38,""doc_url"":""https://disclosures-clerk.house.gov/public_disc/ptr-pdfs/2026/20034106.pdf""},{""member"":""Johnson, Hon. Julie"",""party"":""D"",""direction"":""buy"",""amount_range"":""$1,001 - $15,000"",""transaction_date"":""2025-09-23"",""days_late"":316,""doc_url"":""https://disclosures-clerk.house.gov/public_disc/ptr-pdfs/2026/20035035.pdf""},{""member"":""Johnson, Hon. Julie"",""party"":""D"",""direction"":""sell_full"",""amount_range"":""$1,001 - $15,000"",""transaction_date"":""2025-09-23"",""days_late"":316,""doc_url"":""https://disclosures-clerk.house.gov/public_disc/ptr-pdfs/2026/20035035.pdf""},{""member"":""Letlow, Hon. Julia"",""party"":""R"",""direction"":""buy"",""amount_range"":""$1,001 - $15,000"",""transaction_date"":""2024-10-23"",""days_late"":447,""doc_url"":""https://disclosures-clerk.house.gov/public_disc/ptr-pdfs/2026/20030977.pdf""}]"
ANET,us,"Arista Networks, Inc.",Computer Communications Equipment,0.642,0.485,59,492,-21,"[0.466,0.621,0.269,1.44,1.162,0.65,0.483,0.489,0.935,-0.134,0.415,0.642,null,null]",,,,,,4,2026-07-10,"[{""member"":""Newhouse, Hon. Dan"",""party"":""R"",""direction"":""buy"",""amount_range"":""$1,001 - $15,000"",""transaction_date"":""2026-07-10"",""days_late"":7,""doc_url"":""https://disclosures-clerk.house.gov/public_disc/ptr-pdfs/2026/20034998.pdf""},{""member"":""Cisneros, Hon. Gilbert"",""party"":""D"",""direction"":""sell_partial"",""amount_range"":""$1,001 - $15,000"",""transaction_date"":""2026-03-25"",""days_late"":13,""doc_url"":""https://disclosures-clerk.house.gov/public_disc/ptr-pdfs/2026/20034285.pdf""},{""member"":""Cisneros, Hon. Gilbert"",""party"":""D"",""direction"":""buy"",""amount_range"":""$1,001 - $15,000"",""transaction_date"":""2026-01-30"",""days_late"":14,""doc_url"":""https://disclosures-clerk.house.gov/public_disc/ptr-pdfs/2026/20033983.pdf""},{""member"":""Cisneros, Hon. Gilbert"",""party"":""D"",""direction"":""sell_partial"",""amount_range"":""$1,001 - $15,000"",""transaction_date"":""2025-12-24"",""days_late"":19,""doc_url"":""https://disclosures-clerk.house.gov/public_disc/ptr-pdfs/2026/20033762.pdf""}]"
AEP,us,AMERICAN ELECTRIC POWER CO INC,,0.634,0.485,60,492,111,"[0.233,-1.781,-0.472,-0.153,0.177,-0.975,-0.817,0.592,-1.385,0.567,-0.379,0.634,null,null]",,,,,,3,2026-06-05,"[{""member"":""Taylor, Hon. David J."",""party"":""R"",""direction"":""buy"",""amount_range"":""$1,001 - $15,000"",""transaction_date"":""2026-06-05"",""days_late"":7,""doc_url"":""https://disclosures-clerk.house.gov/public_disc/ptr-pdfs/2026/20034780.pdf""},{""member"":""Taylor, Hon. David J."",""party"":""R"",""direction"":""sell_full"",""amount_range"":""$1,001 - $15,000"",""transaction_date"":""2026-02-26"",""days_late"":8,""doc_url"":""https://disclosures-clerk.house.gov/public_disc/ptr-pdfs/2026/20034138.pdf""},{""member"":""Taylor, Hon. David J."",""party"":""R"",""direction"":""buy"",""amount_range"":""$1,001 - $15,000"",""transaction_date"":""2026-01-16"",""days_late"":17,""doc_url"":""https://disclosures-clerk.house.gov/public_disc/ptr-pdfs/2026/20033916.pdf""}]"
CAH,us,CARDINAL HEALTH INC,"Wholesale-Drugs, Proprietaries & Druggists' Sundries",0.631,0.485,61,492,0,"[-0.922,-0.797,-0.939,-0.864,-0.501,-1.034,-0.893,-1.023,-0.943,-0.33,0.258,0.631,null,null]",,,,,,,,
CHD,us,CHURCH & DWIGHT CO INC /DE/,"Soap, Detergents, Cleang Preparations, Perfumes, Cosmetics",0.623,0.485,62,492,-33,"[-0.35,-1.396,-0.312,-0.293,0.581,-0.23,-0.622,0.619,-1.598,0.312,0.505,0.623,null,null]",,,,,,,,
DOW,us,DOW INC.,"Plastic Materials, Synth Resins & Nonvulcan Elastomers",0.613,0.485,63,492,-32,"[-0.663,-0.125,-0.977,-0.383,-0.323,-0.163,-0.024,-0.055,0.112,-0.956,0.484,0.613,null,null]",,,,,,,,
NCLH,us,Norwegian Cruise Line Holdings Ltd.,Water Transportation,0.607,0.486,64,492,-30,"[0.253,0.631,0.13,0.141,0.292,0.697,0.983,0.45,1.556,0.616,0.456,0.607,null,null]",,,,,,,,
FE,us,FIRSTENERGY CORP,Electric Services,0.56,0.487,65,492,69,"[0.143,-1.508,-0.563,-0.495,0.991,-0.453,-1.002,0.376,-0.918,-0.392,-0.153,0.56,null,null]",,,,,,1,2026-07-10,"[{""member"":""Newhouse, Hon. Dan"",""party"":""R"",""direction"":""buy"",""amount_range"":""$1,001 - $15,000"",""transaction_date"":""2026-07-10"",""days_late"":7,""doc_url"":""https://disclosures-clerk.house.gov/public_disc/ptr-pdfs/2026/20034998.pdf""}]"
WTW,us,WILLIS TOWERS WATSON PLC,"Insurance Agents, Brokers & Service",0.552,0.487,66,492,18,"[-0.941,-1.285,-1.218,-1.551,-1.251,-1.098,-1.445,-1.34,-1.004,0.304,0.168,0.552,null,null]",,,,,,,,
ALL,us,ALLSTATE CORP,"Fire, Marine & Casualty Insurance",0.539,0.488,67,492,13,"[-1.105,-1.107,-1.229,-1.489,-1.171,-1.139,-1.767,-1.168,-1.05,0.002,0.197,0.539,null,null]",,,,,,,,
CVS,us,CVS HEALTH Corp,Retail-Drug Stores and Proprietary Stores,0.536,0.488,68,492,-1,"[-0.884,-1.354,-1.039,-0.968,-0.563,-0.728,-0.787,-0.235,-0.84,0.363,0.243,0.536,null,null]",,,,,,1,2025-11-21,"[{""member"":""Evans, Hon. Dwight"",""party"":""D"",""direction"":""sell_partial"",""amount_range"":""$1,001 - $15,000"",""transaction_date"":""2025-11-21"",""days_late"":175,""doc_url"":""https://disclosures-clerk.house.gov/public_disc/ptr-pdfs/2026/20034556.pdf""}]"
APH,us,AMPHENOL CORP /DE/,Electronic Connectors,0.512,0.489,69,492,28,"[-0.461,-0.359,-0.775,-0.973,-0.977,-0.884,-0.898,-0.855,0.108,0.269,0.112,0.512,null,null]",,,,,,2,2026-07-10,"[{""member"":""Newhouse, Hon. Dan"",""party"":""R"",""direction"":""buy"",""amount_range"":""$1,001 - $15,000"",""transaction_date"":""2026-07-10"",""days_late"":7,""doc_url"":""https://disclosures-clerk.house.gov/public_disc/ptr-pdfs/2026/20034998.pdf""},{""member"":""Larsen, Hon. Rick"",""party"":""D"",""direction"":""buy"",""amount_range"":""$1,001 - $15,000"",""transaction_date"":""2026-07-08"",""days_late"":4,""doc_url"":""https://disclosures-clerk.house.gov/public_disc/ptr-pdfs/2026/20034977.pdf""}]"
CCI,us,CROWN CASTLE INC.,Real Estate Investment Trusts,0.508,0.489,70,492,171,"[-0.603,-1.4,-0.279,-1.029,0.275,-0.717,-1.127,0.177,-1.377,-0.371,-0.737,0.508,null,null]",,,,,,5,2026-08-06,"[{""member"":""Rulli, Hon. Michael"",""party"":""R"",""direction"":""sell_full"",""amount_range"":""$1,001 - $15,000"",""transaction_date"":""2026-08-06"",""days_late"":1,""doc_url"":""https://disclosures-clerk.house.gov/public_disc/ptr-pdfs/2026/20035147.pdf""},{""member"":""Gottheimer, Hon. Josh"",""party"":""D"",""direction"":""sell_full"",""amount_range"":""$1,001 - $15,000"",""transaction_date"":""2026-07-23"",""days_late"":18,""doc_url"":""https://disclosures-clerk.house.gov/public_disc/ptr-pdfs/2026/20035186.pdf""},{""member"":""Wittman, Hon. Robert J."",""party"":""R"",""direction"":""sell_full"",""amount_range"":""$1,001 - $15,000"",""transaction_date"":""2026-06-30"",""days_late"":10,""doc_url"":""https://disclosures-clerk.house.gov/public_disc/ptr-pdfs/2026/20034916.pdf""},{""member"":""Gottheimer, Hon. Josh"",""party"":""D"",""direction"":""sell_partial"",""amount_range"":""$1,001 - $15,000"",""transaction_date"":""2026-03-24"",""days_late"":15,""doc_url"":""https://disclosures-clerk.house.gov/public_disc/ptr-pdfs/2026/20034305.pdf""},{""member"":""Cisneros, Hon. Gilbert"",""party"":""D"",""direction"":""sell_partial"",""amount_range"":""$1,001 - $15,000"",""transaction_date"":""2025-12-19"",""days_late"":24,""doc_url"":""https://disclosures-clerk.house.gov/public_disc/ptr-pdfs/2026/20033762.pdf""}]"
MRNA,us,"Moderna, Inc.","Biological Products, (No Diagnostic Substances)",0.496,0.489,71,492,17,"[-0.25,-0.403,-0.545,-0.724,-0.678,-0.416,0.195,-0.621,-0.416,0.426,0.15,0.496,null,null]",,,,,,,,
GLW,us,CORNING INC /NY,Drawing & Insulating of  Nonferrous Wire,0.494,0.489,72,492,-61,"[-1.117,-1.095,-1.11,-1.222,-1.005,-0.782,-1.026,-0.06,0.06,0.184,0.987,0.494,null,null]",,,,,,3,2026-03-25,"[{""member"":""Cisneros, Hon. Gilbert"",""party"":""D"",""direction"":""buy"",""amount_range"":""$1,001 - $15,000"",""transaction_date"":""2026-03-25"",""days_late"":13,""doc_url"":""https://disclosures-clerk.house.gov/public_disc/ptr-pdfs/2026/20034285.pdf""},{""member"":""Salazar, Hon. Maria Elvira"",""party"":""R"",""direction"":""buy"",""amount_range"":""$15,001 - $50,000"",""transaction_date"":""2026-03-19"",""days_late"":33,""doc_url"":""https://disclosures-clerk.house.gov/public_disc/ptr-pdfs/2026/20033993.pdf""},{""member"":""Salazar, Hon. Maria Elvira"",""party"":""R"",""direction"":""buy"",""amount_range"":""$15,001 - $50,000"",""transaction_date"":""2026-03-19"",""days_late"":33,""doc_url"":""https://disclosures-clerk.house.gov/public_disc/ptr-pdfs/2026/20033993.pdf""}]"
TER,us,"TERADYNE, INC",Instruments For Meas & Testing of  Electricity & Elec Signals,0.484,0.49,74,492,17,"[0.207,0.089,-0.617,1.033,0.489,0.006,0.884,-0.069,0.857,0.52,0.137,0.484,null,null]",,,,,,,,
IT,us,GARTNER INC,Services-Management Services,0.484,0.49,73,492,258,"[-1.247,-0.446,-0.484,-1.027,-1.043,-1.232,-0.224,-0.697,-0.45,-0.411,-1.084,0.484,null,null]",,,,,,2,2026-04-14,"[{""member"":""Cisneros, Hon. Gilbert"",""party"":""D"",""direction"":""sell_full"",""amount_range"":""$1,001 - $15,000"",""transaction_date"":""2026-04-14"",""days_late"":24,""doc_url"":""https://disclosures-clerk.house.gov/public_disc/ptr-pdfs/2026/20034500.pdf""},{""member"":""Cisneros, Hon. Gilbert"",""party"":""D"",""direction"":""buy"",""amount_range"":""$1,001 - $15,000"",""transaction_date"":""2026-03-13"",""days_late"":25,""doc_url"":""https://disclosures-clerk.house.gov/public_disc/ptr-pdfs/2026/20034285.pdf""}]"
ABT,us,ABBOTT LABORATORIES,Pharmaceutical Preparations,0.479,0.49,75,492,73,"[-0.703,-1.481,-0.139,-0.595,-0.151,-0.719,-0.563,-0.606,-1.104,-1.014,-0.229,0.479,null,null]",,,,,,20,2026-07-30,"[{""member"":""McCormick, Hon. Richard Dean Dr"",""party"":null,""direction"":""sell_full"",""amount_range"":""$1,001 - $15,000"",""transaction_date"":""2026-07-30"",""days_late"":15,""doc_url"":""https://disclosures-clerk.house.gov/public_disc/ptr-pdfs/2026/20035204.pdf""},{""member"":""Kelly, Hon. Mike"",""party"":""R"",""direction"":""sell_full"",""amount_range"":""$1,001 - $15,000"",""transaction_date"":""2026-07-17"",""days_late"":26,""doc_url"":""https://disclosures-clerk.house.gov/public_disc/ptr-pdfs/2026/20035203.pdf""},{""member"":""Allen, Hon. Richard W."",""party"":""R"",""direction"":""sell_full"",""amount_range"":""$15,001 - $50,000"",""transaction_date"":""2026-07-14"",""days_late"":35,""doc_url"":""https://disclosures-clerk.house.gov/public_disc/ptr-pdfs/2026/20035260.pdf""},{""member"":""Larsen, Hon. Rick"",""party"":""D"",""direction"":""sell_full"",""amount_range"":""$1,001 - $15,000"",""transaction_date"":""2026-07-08"",""days_late"":4,""doc_url"":""https://disclosures-clerk.house.gov/public_disc/ptr-pdfs/2026/20034977.pdf""},{""member"":""Cisneros, Hon. Gilbert"",""party"":""D"",""direction"":""buy"",""amount_range"":""$1,001 - $15,000"",""transaction_date"":""2026-06-16"",""days_late"":16,""doc_url"":""https://disclosures-clerk.house.gov/public_disc/ptr-pdfs/2026/20034906.pdf""},{""member"":""McCormick, Hon. Richard Dean Dr"",""party"":null,""direction"":""buy"",""amount_range"":""$1,001 - $15,000"",""transaction_date"":""2026-06-12"",""days_late"":27,""doc_url"":""https://disclosures-clerk.house.gov/public_disc/ptr-pdfs/2026/20034954.pdf""},{""member"":""McCormick, Hon. Richard Dean Dr"",""party"":null,""direction"":""buy"",""amount_range"":""$1,001 - $15,000"",""transaction_date"":""2026-06-12"",""days_late"":27,""doc_url"":""https://disclosures-clerk.house.gov/public_disc/ptr-pdfs/2026/20034954.pdf""},{""member"":""Gottheimer, Hon. Josh"",""party"":""D"",""direction"":""sell_partial"",""amount_range"":""$1,001 - $15,000"",""transaction_date"":""2026-05-27"",""days_late"":7,""doc_url"":""https://disclosures-clerk.house.gov/public_disc/ptr-pdfs/2026/20034693.pdf""}]"
CTSH,us,COGNIZANT TECHNOLOGY SOLUTIONS CORP,Services-Computer Programming Services,0.473,0.49,76,492,236,"[-0.993,-1.087,-1.186,-1.286,-0.953,-1.032,-1.706,-0.752,-0.412,-0.874,-1.044,0.473,null,null]",,,,,,3,2026-04-14,"[{""member"":""Cisneros, Hon. Gilbert"",""party"":""D"",""direction"":""sell_partial"",""amount_range"":""$1,001 - $15,000"",""transaction_date"":""2026-04-14"",""days_late"":24,""doc_url"":""https://disclosures-clerk.house.gov/public_disc/ptr-pdfs/2026/20034500.pdf""},{""member"":""Hern, Hon. Kevin"",""party"":""R"",""direction"":""sell_full"",""amount_range"":""$15,001 - $50,000"",""transaction_date"":""2026-03-17"",""days_late"":17,""doc_url"":""https://disclosures-clerk.house.gov/public_disc/ptr-pdfs/2026/20034262.pdf""},{""member"":""Cisneros, Hon. Gilbert"",""party"":""D"",""direction"":""buy"",""amount_range"":""$1,001 - $15,000"",""transaction_date"":""2026-03-13"",""days_late"":25,""doc_url"":""https://disclosures-clerk.house.gov/public_disc/ptr-pdfs/2026/20034285.pdf""}]"
XEL,us,XCEL ENERGY INC,Electric & Other Services Combined,0.463,0.49,77,492,-29,"[-0.308,-1.489,-0.749,-0.957,-0.435,-1.09,-1.265,-0.399,-1.041,0.207,0.328,0.463,null,null]",,,,,,1,2025-12-18,"[{""member"":""Johnson, Hon. Julie"",""party"":""D"",""direction"":""sell_full"",""amount_range"":""$1,001 - $15,000"",""transaction_date"":""2025-12-18"",""days_late"":28,""doc_url"":""https://disclosures-clerk.house.gov/public_disc/ptr-pdfs/2026/20033789.pdf""}]"
D,us,"DOMINION ENERGY, INC",Electric Services,0.458,0.49,78,492,-13,"[-0.854,-1.147,-1.225,-1.374,-1.045,-1.059,-1.435,-1.314,-1.157,0.342,0.248,0.458,null,null]",,,,,,,,
CPB,us,CAMPBELL'S Co,Food and Kindred Products,0.457,0.49,79,492,-51,"[-0.43,-1.613,-0.3,-0.993,-0.954,-0.979,-1.352,-0.009,-0.544,0.039,0.508,0.457,null,null]",,,,,,3,2026-05-15,"[{""member"":""Cisneros, Hon. Gilbert"",""party"":""D"",""direction"":""buy"",""amount_range"":""$1,001 - $15,000"",""transaction_date"":""2026-05-15"",""days_late"":24,""doc_url"":""https://disclosures-clerk.house.gov/public_disc/ptr-pdfs/2026/20034713.pdf""},{""member"":""Cisneros, Hon. Gilbert"",""party"":""D"",""direction"":""buy"",""amount_range"":""$50,001 - $100,000"",""transaction_date"":""2025-12-30"",""days_late"":13,""doc_url"":""https://disclosures-clerk.house.gov/public_disc/ptr-pdfs/2026/20033762.pdf""},{""member"":""Cisneros, Hon. Gilbert"",""party"":""D"",""direction"":""sell_full"",""amount_range"":""$1,001 - $15,000"",""transaction_date"":""2025-12-19"",""days_late"":24,""doc_url"":""https://disclosures-clerk.house.gov/public_disc/ptr-pdfs/2026/20033762.pdf""}]"
ABBV,us,AbbVie Inc.,Pharmaceutical Preparations,0.454,0.49,80,492,71,"[-0.676,-0.851,-1.056,-0.855,-1.062,-0.928,-1.329,-1.148,-1.011,-0.885,-0.242,0.454,null,null]",,,,,,6,2026-05-05,"[{""member"":""Gottheimer, Hon. Josh"",""party"":""D"",""direction"":""sell_full"",""amount_range"":""$1,001 - $15,000"",""transaction_date"":""2026-05-05"",""days_late"":29,""doc_url"":""https://disclosures-clerk.house.gov/public_disc/ptr-pdfs/2026/20034693.pdf""},{""member"":""Johnson, Hon. Julie"",""party"":""D"",""direction"":""sell_full"",""amount_range"":""$1,001 - $15,000"",""transaction_date"":""2025-12-18"",""days_late"":28,""doc_url"":""https://disclosures-clerk.house.gov/public_disc/ptr-pdfs/2026/20033789.pdf""},{""member"":""Letlow, Hon. Julia"",""party"":""R"",""direction"":""sell_full"",""amount_range"":""$1,001 - $15,000"",""transaction_date"":""2025-12-08"",""days_late"":36,""doc_url"":""https://disclosures-clerk.house.gov/public_disc/ptr-pdfs/2026/20030977.pdf""},{""member"":""Letlow, Hon. Julia"",""party"":""R"",""direction"":""buy"",""amount_range"":""$1,001 - $15,000"",""transaction_date"":""2025-04-28"",""days_late"":260,""doc_url"":""https://disclosures-clerk.house.gov/public_disc/ptr-pdfs/2026/20030977.pdf""},{""member"":""Letlow, Hon. Julia"",""party"":""R"",""direction"":""sell_full"",""amount_range"":""$1,001 - $15,000"",""transaction_date"":""2025-01-24"",""days_late"":354,""doc_url"":""https://disclosures-clerk.house.gov/public_disc/ptr-pdfs/2026/20030977.pdf""},{""member"":""Letlow, Hon. Julia"",""party"":""R"",""direction"":""buy"",""amount_range"":""$1,001 - $15,000"",""transaction_date"":""2024-10-23"",""days_late"":447,""doc_url"":""https://disclosures-clerk.house.gov/public_disc/ptr-pdfs/2026/20030977.pdf""}]"
LULU,us,lululemon athletica inc.,Apparel & Other Finishd Prods of  Fabrics & Similar Matl,0.451,0.491,82,492,100,"[-0.228,-0.715,-1.297,-0.937,-0.934,-0.664,-0.661,-0.958,-0.799,0.097,-0.42,0.451,null,null]",,,,,,2,2026-03-13,"[{""member"":""Cisneros, Hon. Gilbert"",""party"":""D"",""direction"":""sell_full"",""amount_range"":""$1,001 - $15,000"",""transaction_date"":""2026-03-13"",""days_late"":25,""doc_url"":""https://disclosures-clerk.house.gov/public_disc/ptr-pdfs/2026/20034285.pdf""},{""member"":""Newhouse, Hon. Dan"",""party"":""R"",""direction"":""buy"",""amount_range"":""$1,001 - $15,000"",""transaction_date"":""2025-12-11"",""days_late"":35,""doc_url"":""https://disclosures-clerk.house.gov/public_disc/ptr-pdfs/2026/20033654.pdf""}]"
O,us,REALTY INCOME CORP,Real Estate Investment Trusts,0.451,0.491,81,492,71,"[-0.435,-1.386,-0.682,-0.721,-0.326,-0.673,-0.972,0.153,-1.322,0.189,-0.243,0.451,null,null]",,,,,,2,2026-07-30,"[{""member"":""McCormick, Hon. Richard Dean Dr"",""party"":null,""direction"":""sell_full"",""amount_range"":""$1,001 - $15,000"",""transaction_date"":""2026-07-30"",""days_late"":15,""doc_url"":""https://disclosures-clerk.house.gov/public_disc/ptr-pdfs/2026/20035204.pdf""},{""member"":""Cisneros, Hon. Gilbert"",""party"":""D"",""direction"":""buy"",""amount_range"":""$1,001 - $15,000"",""transaction_date"":""2025-12-19"",""days_late"":24,""doc_url"":""https://disclosures-clerk.house.gov/public_disc/ptr-pdfs/2026/20033762.pdf""}]"
ADBE,us,ADOBE INC.,Services-Prepackaged Software,0.445,0.491,83,492,261,"[-0.936,-1.092,-1.329,-1.256,-1.217,-0.743,-1.104,-0.747,-0.836,-1.089,-1.11,0.445,null,null]",,,,,,7,2026-07-10,"[{""member"":""Newhouse, Hon. Dan"",""party"":""R"",""direction"":""sell_full"",""amount_range"":""$1,001 - $15,000"",""transaction_date"":""2026-07-10"",""days_late"":7,""doc_url"":""https://disclosures-clerk.house.gov/public_disc/ptr-pdfs/2026/20034998.pdf""},{""member"":""Cisneros, Hon. Gilbert"",""party"":""D"",""direction"":""sell_partial"",""amount_range"":""$1,001 - $15,000"",""transaction_date"":""2026-05-15"",""days_late"":24,""doc_url"":""https://disclosures-clerk.house.gov/public_disc/ptr-pdfs/2026/20034713.pdf""},{""member"":""Cisneros, Hon. Gilbert"",""party"":""D"",""direction"":""buy"",""amount_range"":""$1,001 - $15,000"",""transaction_date"":""2026-04-14"",""days_late"":24,""doc_url"":""https://disclosures-clerk.house.gov/public_disc/ptr-pdfs/2026/20034500.pdf""},{""member"":""Johnson, Hon. Julie"",""party"":""D"",""direction"":""buy"",""amount_range"":""$1,001 - $15,000"",""transaction_date"":""2025-10-30"",""days_late"":279,""doc_url"":""https://disclosures-clerk.house.gov/public_disc/ptr-pdfs/2026/20035035.pdf""},{""member"":""Johnson, Hon. Julie"",""party"":""D"",""direction"":""sell_full"",""amount_range"":""$1,001 - $15,000"",""transaction_date"":""2025-10-30"",""days_late"":279,""doc_url"":""https://disclosures-clerk.house.gov/public_disc/ptr-pdfs/2026/20035035.pdf""},{""member"":""Letlow, Hon. Julia"",""party"":""R"",""direction"":""sell_full"",""amount_range"":""$1,001 - $15,000"",""transaction_date"":""2025-10-16"",""days_late"":89,""doc_url"":""https://disclosures-clerk.house.gov/public_disc/ptr-pdfs/2026/20030977.pdf""},{""member"":""Letlow, Hon. Julia"",""party"":""R"",""direction"":""buy"",""amount_range"":""$1,001 - $15,000"",""transaction_date"":""2025-01-24"",""days_late"":354,""doc_url"":""https://disclosures-clerk.house.gov/public_disc/ptr-pdfs/2026/20030977.pdf""}]"
ERIE,us,ERIE INDEMNITY CO,"Insurance Agents, Brokers & Service",0.428,0.491,84,492,-6,"[-1.014,-0.907,-1.204,-1.173,-0.869,-0.948,-1.264,-0.881,-0.806,0.164,0.205,0.428,null,null]",,,,,,2,2026-02-10,"[{""member"":""Cisneros, Hon. Gilbert"",""party"":""D"",""direction"":""sell_full"",""amount_range"":""$1,001 - $15,000"",""transaction_date"":""2026-02-10"",""days_late"":27,""doc_url"":""https://disclosures-clerk.house.gov/public_disc/ptr-pdfs/2026/20034144.pdf""},{""member"":""Cisneros, Hon. Gilbert"",""party"":""D"",""direction"":""buy"",""amount_range"":""$1,001 - $15,000"",""transaction_date"":""2025-12-19"",""days_late"":24,""doc_url"":""https://disclosures-clerk.house.gov/public_disc/ptr-pdfs/2026/20033762.pdf""}]"
STX,us,Seagate Technology Holdings plc,Computer Storage Devices,0.427,0.491,85,492,-58,"[-0.283,-0.322,-0.498,0.068,0.148,-0.104,0.372,-0.495,0.325,0.004,0.512,0.427,null,null]",,,,,,1,2025-12-18,"[{""member"":""Johnson, Hon. Julie"",""party"":""D"",""direction"":""sell_full"",""amount_range"":""$1,001 - $15,000"",""transaction_date"":""2025-12-18"",""days_late"":28,""doc_url"":""https://disclosures-clerk.house.gov/public_disc/ptr-pdfs/2026/20033789.pdf""}]"
ZBRA,us,ZEBRA TECHNOLOGIES CORP,General Industrial Machinery & Equipment,0.422,0.491,86,492,60,"[-0.621,-0.165,-0.253,0.113,-0.073,-0.496,-0.637,-0.972,0.328,-0.231,-0.211,0.422,null,null]",,,,,,,,
TRGP,us,Targa Resources Corp.,Natural Gas Transmission,0.422,0.491,87,492,-51,"[-1.013,-0.94,-0.956,-1.153,-0.934,-0.851,-1.512,-0.637,-0.828,-0.859,0.436,0.422,null,null]",,,,,,3,2026-02-10,"[{""member"":""Cisneros, Hon. Gilbert"",""party"":""D"",""direction"":""buy"",""amount_range"":""$1,001 - $15,000"",""transaction_date"":""2026-02-10"",""days_late"":27,""doc_url"":""https://disclosures-clerk.house.gov/public_disc/ptr-pdfs/2026/20034144.pdf""},{""member"":""Cisneros, Hon. Gilbert"",""party"":""D"",""direction"":""sell_full"",""amount_range"":""$1,001 - $15,000"",""transaction_date"":""2026-01-09"",""days_late"":35,""doc_url"":""https://disclosures-clerk.house.gov/public_disc/ptr-pdfs/2026/20033983.pdf""},{""member"":""Cisneros, Hon. Gilbert"",""party"":""D"",""direction"":""buy"",""amount_range"":""$1,001 - $15,000"",""transaction_date"":""2025-12-19"",""days_late"":24,""doc_url"":""https://disclosures-clerk.house.gov/public_disc/ptr-pdfs/2026/20033762.pdf""}]"
RCL,us,ROYAL CARIBBEAN CRUISES LTD,Water Transportation,0.41,0.492,88,492,88,"[-0.263,-0.156,0.067,-0.375,0.144,-0.63,-0.496,-0.68,-0.031,0.326,-0.392,0.41,null,null]",,,,,,1,2025-12-31,"[{""member"":""Newhouse, Hon. Dan"",""party"":""R"",""direction"":""buy"",""amount_range"":""$1,001 - $15,000"",""transaction_date"":""2025-12-31"",""days_late"":15,""doc_url"":""https://disclosures-clerk.house.gov/public_disc/ptr-pdfs/2026/20033654.pdf""}]"
JBL,us,JABIL INC,Printed Circuit Boards,0.401,0.492,89,492,75,"[-0.784,-0.652,-0.71,-0.87,-0.415,-0.709,-0.662,-0.324,-0.035,-0.202,-0.325,0.401,null,null]",,,,,,,,
NEE,us,NEXTERA ENERGY INC,Electric Services,0.401,0.492,90,492,131,"[-0.712,-1.126,-1.156,-1.184,-1.036,-1.105,-1.383,-1.23,-0.917,-0.335,-0.652,0.401,null,null]",,,,,,6,2026-07-30,"[{""member"":""McCormick, Hon. Richard Dean Dr"",""party"":null,""direction"":""sell_full"",""amount_range"":""$1,001 - $15,000"",""transaction_date"":""2026-07-30"",""days_late"":15,""doc_url"":""https://disclosures-clerk.house.gov/public_disc/ptr-pdfs/2026/20035204.pdf""},{""member"":""McCormick, Hon. Richard Dean Dr"",""party"":null,""direction"":""sell_partial"",""amount_range"":""$1,001 - $15,000"",""transaction_date"":""2026-03-19"",""days_late"":19,""doc_url"":""https://disclosures-clerk.house.gov/public_disc/ptr-pdfs/2026/20033648.pdf""},{""member"":""Johnson, Hon. Julie"",""party"":""D"",""direction"":""sell_full"",""amount_range"":""$1,001 - $15,000"",""transaction_date"":""2025-12-18"",""days_late"":28,""doc_url"":""https://disclosures-clerk.house.gov/public_disc/ptr-pdfs/2026/20033789.pdf""},{""member"":""Letlow, Hon. Julia"",""party"":""R"",""direction"":""sell_full"",""amount_range"":""$1,001 - $15,000"",""transaction_date"":""2025-01-15"",""days_late"":363,""doc_url"":""https://disclosures-clerk.house.gov/public_disc/ptr-pdfs/2026/20030977.pdf""},{""member"":""Letlow, Hon. Julia"",""party"":""R"",""direction"":""buy"",""amount_range"":""$1,001 - $15,000"",""transaction_date"":""2024-11-01"",""days_late"":438,""doc_url"":""https://disclosures-clerk.house.gov/public_disc/ptr-pdfs/2026/20030977.pdf""},{""member"":""Letlow, Hon. Julia"",""party"":""R"",""direction"":""buy"",""amount_range"":""$1,001 - $15,000"",""transaction_date"":""2024-10-23"",""days_late"":447,""doc_url"":""https://disclosures-clerk.house.gov/public_disc/ptr-pdfs/2026/20030977.pdf""}]"
INTC,us,INTEL CORP,Semiconductors & Related Devices,0.393,0.492,91,492,-31,"[0.273,-0.36,-0.617,-0.128,0.192,0.337,0.332,0.101,0.744,-0.449,0.267,0.393,null,null]",,,,,,7,2026-06-16,"[{""member"":""Van Epps, Hon. Matthew Robert"",""party"":""R"",""direction"":""sell_full"",""amount_range"":""$1,001 - $15,000"",""transaction_date"":""2026-06-16"",""days_late"":1,""doc_url"":""https://disclosures-clerk.house.gov/public_disc/ptr-pdfs/2026/20034807.pdf""},{""member"":""Evans, Hon. Dwight"",""party"":""D"",""direction"":""sell_partial"",""amount_range"":""$1,001 - $15,000"",""transaction_date"":""2026-06-10"",""days_late"":14,""doc_url"":""https://disclosures-clerk.house.gov/public_disc/ptr-pdfs/2026/20034851.pdf""},{""member"":""Pelosi, Hon. Nancy"",""party"":""D"",""direction"":""buy"",""amount_range"":""$1,000,001 - $5,000,000"",""transaction_date"":""2026-05-29"",""days_late"":25,""doc_url"":""https://disclosures-clerk.house.gov/public_disc/ptr-pdfs/2026/20034836.pdf""},{""member"":""Evans, Hon. Dwight"",""party"":""D"",""direction"":""sell_partial"",""amount_range"":""$1,001 - $15,000"",""transaction_date"":""2026-05-07"",""days_late"":8,""doc_url"":""https://disclosures-clerk.house.gov/public_disc/ptr-pdfs/2026/20034556.pdf""},{""member"":""Bentz, Hon. Cliff"",""party"":""R"",""direction"":""sell_full"",""amount_range"":""$1,001 - $15,000"",""transaction_date"":""2026-04-09"",""days_late"":30,""doc_url"":""https://disclosures-clerk.house.gov/public_disc/ptr-pdfs/2026/20034524.pdf""},{""member"":""Cisneros, Hon. Gilbert"",""party"":""D"",""direction"":""buy"",""amount_range"":""$1,001 - $15,000"",""transaction_date"":""2026-01-09"",""days_late"":35,""doc_url"":""https://disclosures-clerk.house.gov/public_disc/ptr-pdfs/2026/20033983.pdf""},{""member"":""Letlow, Hon. Julia"",""party"":""R"",""direction"":""buy"",""amount_range"":""$1,001 - $15,000"",""transaction_date"":""2025-09-22"",""days_late"":113,""doc_url"":""https://disclosures-clerk.house.gov/public_disc/ptr-pdfs/2026/20030977.pdf""}]"
AFL,us,AFLAC INC,Accident & Health Insurance,0.38,0.493,92,492,58,"[-1.101,-1.243,-1.065,-1.42,-1.061,-1.205,-1.714,-1.158,-1.161,0.046,-0.242,0.38,null,null]",,,,,,,,
LIN,us,LINDE PLC,Industrial Inorganic Chemicals,0.364,0.493,93,492,13,"[-0.411,-0.998,-1.063,-1.152,-1.159,-0.942,-1.695,-0.832,-0.978,-0.795,0.022,0.364,null,null]",,,,,,4,2026-03-26,"[{""member"":""Kean, Hon. Thomas H., Jr"",""party"":""R"",""direction"":""buy"",""amount_range"":""$1,001 - $15,000"",""transaction_date"":""2026-03-26"",""days_late"":18,""doc_url"":""https://disclosures-clerk.house.gov/public_disc/ptr-pdfs/2026/20034327.pdf""},{""member"":""Kean, Hon. Thomas H., Jr"",""party"":""R"",""direction"":""buy"",""amount_range"":""$1,001 - $15,000"",""transaction_date"":""2026-02-18"",""days_late"":28,""doc_url"":""https://disclosures-clerk.house.gov/public_disc/ptr-pdfs/2026/20034190.pdf""},{""member"":""Cisneros, Hon. Gilbert"",""party"":""D"",""direction"":""buy"",""amount_range"":""$1,001 - $15,000"",""transaction_date"":""2026-01-09"",""days_late"":35,""doc_url"":""https://disclosures-clerk.house.gov/public_disc/ptr-pdfs/2026/20033983.pdf""},{""member"":""Cisneros, Hon. Gilbert"",""party"":""D"",""direction"":""buy"",""amount_range"":""$1,001 - $15,000"",""transaction_date"":""2025-12-19"",""days_late"":24,""doc_url"":""https://disclosures-clerk.house.gov/public_disc/ptr-pdfs/2026/20033762.pdf""}]"
OKE,us,ONEOK INC /NEW/,Natural Gas Transmisison & Distribution,0.363,0.493,94,492,-35,"[-0.873,-1.226,-1.404,-1.442,-1.264,-1.116,-1.755,-1.343,-0.711,-0.092,0.276,0.363,null,null]",,,,,,2,2026-02-10,"[{""member"":""Cisneros, Hon. Gilbert"",""party"":""D"",""direction"":""buy"",""amount_range"":""$1,001 - $15,000"",""transaction_date"":""2026-02-10"",""days_late"":27,""doc_url"":""https://disclosures-clerk.house.gov/public_disc/ptr-pdfs/2026/20034144.pdf""},{""member"":""Cisneros, Hon. Gilbert"",""party"":""D"",""direction"":""sell_full"",""amount_range"":""$1,001 - $15,000"",""transaction_date"":""2026-01-09"",""days_late"":35,""doc_url"":""https://disclosures-clerk.house.gov/public_disc/ptr-pdfs/2026/20033983.pdf""}]"
AJG,us,Arthur J. Gallagher & Co.,"Insurance Agents, Brokers & Service",0.359,0.493,95,492,10,"[-0.925,-1.095,-1.125,-0.532,-0.762,-1.014,-1.345,-1.142,-0.825,-0.119,0.026,0.359,null,null]",,,,,,8,2026-03-08,"[{""member"":""Morrison, Hon. Kelly Louise"",""party"":""D"",""direction"":""sell_full"",""amount_range"":""$15,001 - $50,000"",""transaction_date"":""2026-03-08"",""days_late"":2,""doc_url"":""https://disclosures-clerk.house.gov/public_disc/ptr-pdfs/2026/20034156.pdf""},{""member"":""Morrison, Hon. Kelly Louise"",""party"":""D"",""direction"":""sell_full"",""amount_range"":""$1,001 - $15,000"",""transaction_date"":""2026-03-08"",""days_late"":2,""doc_url"":""https://disclosures-clerk.house.gov/public_disc/ptr-pdfs/2026/20034156.pdf""},{""member"":""Morrison, Hon. Kelly Louise"",""party"":""D"",""direction"":""sell_full"",""amount_range"":""$1,001 - $15,000"",""transaction_date"":""2026-03-08"",""days_late"":2,""doc_url"":""https://disclosures-clerk.house.gov/public_disc/ptr-pdfs/2026/20034156.pdf""},{""member"":""Cisneros, Hon. Gilbert"",""party"":""D"",""direction"":""sell_full"",""amount_range"":""$1,001 - $15,000"",""transaction_date"":""2026-02-10"",""days_late"":27,""doc_url"":""https://disclosures-clerk.house.gov/public_disc/ptr-pdfs/2026/20034144.pdf""},{""member"":""Cisneros, Hon. Gilbert"",""party"":""D"",""direction"":""buy"",""amount_range"":""$1,001 - $15,000"",""transaction_date"":""2025-12-19"",""days_late"":24,""doc_url"":""https://disclosures-clerk.house.gov/public_disc/ptr-pdfs/2026/20033762.pdf""},{""member"":""Johnson, Hon. Julie"",""party"":""D"",""direction"":""sell_full"",""amount_range"":""$1,001 - $15,000"",""transaction_date"":""2025-12-18"",""days_late"":28,""doc_url"":""https://disclosures-clerk.house.gov/public_disc/ptr-pdfs/2026/20033789.pdf""},{""member"":""Letlow, Hon. Julia"",""party"":""R"",""direction"":""sell_full"",""amount_range"":""$1,001 - $15,000"",""transaction_date"":""2025-07-29"",""days_late"":168,""doc_url"":""https://disclosures-clerk.house.gov/public_disc/ptr-pdfs/2026/20030977.pdf""},{""member"":""Letlow, Hon. Julia"",""party"":""R"",""direction"":""buy"",""amount_range"":""$1,001 - $15,000"",""transaction_date"":""2024-10-23"",""days_late"":447,""doc_url"":""https://disclosures-clerk.house.gov/public_disc/ptr-pdfs/2026/20030977.pdf""}]"
BSX,us,BOSTON SCIENTIFIC CORP,Surgical & Medical Instruments & Apparatus,0.356,0.494,96,492,-11,"[-0.855,-1.196,-1.335,-1.128,-1.123,-1.114,-1.709,-1.197,-0.232,-0.344,0.165,0.356,null,null]",,,,,,8,2026-06-05,"[{""member"":""Cisneros, Hon. Gilbert"",""party"":""D"",""direction"":""buy"",""amount_range"":""$1,001 - $15,000"",""transaction_date"":""2026-06-05"",""days_late"":27,""doc_url"":""https://disclosures-clerk.house.gov/public_disc/ptr-pdfs/2026/20034906.pdf""},{""member"":""Cisneros, Hon. Gilbert"",""party"":""D"",""direction"":""sell_partial"",""amount_range"":""$1,001 - $15,000"",""transaction_date"":""2026-06-05"",""days_late"":27,""doc_url"":""https://disclosures-clerk.house.gov/public_disc/ptr-pdfs/2026/20034906.pdf""},{""member"":""Cisneros, Hon. Gilbert"",""party"":""D"",""direction"":""buy"",""amount_range"":""$1,001 - $15,000"",""transaction_date"":""2026-05-29"",""days_late"":10,""doc_url"":""https://disclosures-clerk.house.gov/public_disc/ptr-pdfs/2026/20034713.pdf""},{""member"":""Cisneros, Hon. Gilbert"",""party"":""D"",""direction"":""buy"",""amount_range"":""$1,001 - $15,000"",""transaction_date"":""2026-05-19"",""days_late"":20,""doc_url"":""https://disclosures-clerk.house.gov/public_disc/ptr-pdfs/2026/20034713.pdf""},{""member"":""Cisneros, Hon. Gilbert"",""party"":""D"",""direction"":""buy"",""amount_range"":""$1,001 - $15,000"",""transaction_date"":""2026-05-11"",""days_late"":28,""doc_url"":""https://disclosures-clerk.house.gov/public_disc/ptr-pdfs/2026/20034713.pdf""},{""member"":""Cisneros, Hon. Gilbert"",""party"":""D"",""direction"":""buy"",""amount_range"":""$1,001 - $15,000"",""transaction_date"":""2026-02-10"",""days_late"":27,""doc_url"":""https://disclosures-clerk.house.gov/public_disc/ptr-pdfs/2026/20034144.pdf""},{""member"":""Cisneros, Hon. Gilbert"",""party"":""D"",""direction"":""buy"",""amount_range"":""$1,001 - $15,000"",""transaction_date"":""2026-01-30"",""days_late"":14,""doc_url"":""https://disclosures-clerk.house.gov/public_disc/ptr-pdfs/2026/20033983.pdf""},{""member"":""Cisneros, Hon. Gilbert"",""party"":""D"",""direction"":""sell_partial"",""amount_range"":""$1,001 - $15,000"",""transaction_date"":""2025-12-24"",""days_late"":19,""doc_url"":""https://disclosures-clerk.house.gov/public_disc/ptr-pdfs/2026/20033762.pdf""}]"
GEV,us,GE Vernova Inc.,Electronic & Other Electrical Equipment (No Computer Equip),0.351,0.494,97,492,70,"[0.032,-0.177,-0.121,0.025,-0.735,-0.159,0.261,0.224,-0.184,-0.394,-0.344,0.351,null,null]",,,,,,7,2026-06-16,"[{""member"":""Van Epps, Hon. Matthew Robert"",""party"":""R"",""direction"":""sell_full"",""amount_range"":""$1,001 - $15,000"",""transaction_date"":""2026-06-16"",""days_late"":1,""doc_url"":""https://disclosures-clerk.house.gov/public_disc/ptr-pdfs/2026/20034807.pdf""},{""member"":""Scott, Hon. Austin"",""party"":""R"",""direction"":""sell_full"",""amount_range"":""$1,001 - $15,000"",""transaction_date"":""2026-02-17"",""days_late"":23,""doc_url"":""https://disclosures-clerk.house.gov/public_disc/ptr-pdfs/2026/20032279.pdf""},{""member"":""Gottheimer, Hon. Josh"",""party"":""D"",""direction"":""buy"",""amount_range"":""$1,001 - $15,000"",""transaction_date"":""2026-02-05"",""days_late"":39,""doc_url"":""https://disclosures-clerk.house.gov/public_disc/ptr-pdfs/2026/20034130.pdf""},{""member"":""Jackson, Hon. Jonathan"",""party"":""D"",""direction"":""buy"",""amount_range"":""$15,001 - $50,000"",""transaction_date"":""2026-01-30"",""days_late"":24,""doc_url"":""https://disclosures-clerk.house.gov/public_disc/ptr-pdfs/2026/20033929.pdf""},{""member"":""Cisneros, Hon. Gilbert"",""party"":""D"",""direction"":""buy"",""amount_range"":""$1,001 - $15,000"",""transaction_date"":""2026-01-09"",""days_late"":35,""doc_url"":""https://disclosures-clerk.house.gov/public_disc/ptr-pdfs/2026/20033983.pdf""},{""member"":""Cisneros, Hon. Gilbert"",""party"":""D"",""direction"":""buy"",""amount_range"":""$1,001 - $15,000"",""transaction_date"":""2025-12-19"",""days_late"":24,""doc_url"":""https://disclosures-clerk.house.gov/public_disc/ptr-pdfs/2026/20033762.pdf""},{""member"":""Rulli, Hon. Michael"",""party"":""R"",""direction"":""sell_full"",""amount_range"":""$1,001 - $15,000"",""transaction_date"":""2025-10-06"",""days_late"":305,""doc_url"":""https://disclosures-clerk.house.gov/public_disc/ptr-pdfs/2026/20035147.pdf""}]"
WELL,us,WELLTOWER INC.,Real Estate Investment Trusts,0.35,0.494,98,492,10,"[-0.996,-1.163,-1.204,-1.285,-0.868,-0.905,-1.33,-1.168,-0.959,0.168,-0.004,0.35,null,null]",,,,,,1,2026-02-11,"[{""member"":""Jackson, Hon. Jonathan"",""party"":""D"",""direction"":""buy"",""amount_range"":""$1,001 - $15,000"",""transaction_date"":""2026-02-11"",""days_late"":29,""doc_url"":""https://disclosures-clerk.house.gov/public_disc/ptr-pdfs/2026/20034113.pdf""}]"
MKTX,us,MARKETAXESS HOLDINGS INC,"Security Brokers, Dealers & Flotation Companies",0.348,0.494,99,492,17,"[-0.086,-1.233,-0.373,-0.627,0.426,-0.227,-0.602,0.961,-1.192,-0.186,-0.054,0.348,null,null]",,,,,,1,2026-04-09,"[{""member"":""Gottheimer, Hon. Josh"",""party"":""D"",""direction"":""sell_full"",""amount_range"":""$1,001 - $15,000"",""transaction_date"":""2026-04-09"",""days_late"":40,""doc_url"":""https://disclosures-clerk.house.gov/public_disc/ptr-pdfs/2026/20034585.pdf""}]"
PSX,us,Phillips 66,Petroleum Refining,0.339,0.494,100,492,-86,"[-1.038,-1.04,-1.082,-1.101,-1.083,-1.313,-1.537,-1.291,-0.596,-1.09,0.712,0.339,null,null]",,,,,,,,
COR,us,"Cencora, Inc.","Wholesale-Drugs, Proprietaries & Druggists' Sundries",0.326,0.494,101,492,13,"[-0.726,-1.369,-0.665,-0.454,0.338,-0.757,-0.488,0.5,-0.891,-0.683,-0.045,0.326,null,null]",,,,,,5,2026-05-06,"[{""member"":""Moskowitz, Hon. Jared"",""party"":""D"",""direction"":""sell_full"",""amount_range"":""$1,001 - $15,000"",""transaction_date"":""2026-05-06"",""days_late"":44,""doc_url"":""https://disclosures-clerk.house.gov/public_disc/ptr-pdfs/2026/20034749.pdf""},{""member"":""Moskowitz, Hon. Jared"",""party"":""D"",""direction"":""sell_full"",""amount_range"":""$1,001 - $15,000"",""transaction_date"":""2026-05-06"",""days_late"":44,""doc_url"":""https://disclosures-clerk.house.gov/public_disc/ptr-pdfs/2026/20034749.pdf""},{""member"":""Moskowitz, Hon. Jared"",""party"":""D"",""direction"":""buy"",""amount_range"":""$1,001 - $15,000"",""transaction_date"":""2026-03-31"",""days_late"":30,""doc_url"":""https://disclosures-clerk.house.gov/public_disc/ptr-pdfs/2026/20034274.pdf""},{""member"":""Moskowitz, Hon. Jared"",""party"":""D"",""direction"":""buy"",""amount_range"":""$1,001 - $15,000"",""transaction_date"":""2026-03-23"",""days_late"":38,""doc_url"":""https://disclosures-clerk.house.gov/public_disc/ptr-pdfs/2026/20034274.pdf""},{""member"":""Moskowitz, Hon. Jared"",""party"":""D"",""direction"":""buy"",""amount_range"":""$1,001 - $15,000"",""transaction_date"":""2026-03-23"",""days_late"":38,""doc_url"":""https://disclosures-clerk.house.gov/public_disc/ptr-pdfs/2026/20034274.pdf""}]"
CAG,us,CONAGRA BRANDS INC.,Food and Kindred Products,0.321,0.495,102,492,7,"[-0.563,-1.566,-0.727,-0.893,0.44,-0.583,-0.793,0.304,-0.633,-0.022,-0.007,0.321,null,null]",,,,,,7,2026-06-16,"[{""member"":""Cisneros, Hon. Gilbert"",""party"":""D"",""direction"":""sell_full"",""amount_range"":""$15,001 - $50,000"",""transaction_date"":""2026-06-16"",""days_late"":16,""doc_url"":""https://disclosures-clerk.house.gov/public_disc/ptr-pdfs/2026/20034906.pdf""},{""member"":""Cisneros, Hon. Gilbert"",""party"":""D"",""direction"":""buy"",""amount_range"":""$1,001 - $15,000"",""transaction_date"":""2026-05-15"",""days_late"":24,""doc_url"":""https://disclosures-clerk.house.gov/public_disc/ptr-pdfs/2026/20034713.pdf""},{""member"":""Cisneros, Hon. Gilbert"",""party"":""D"",""direction"":""buy"",""amount_range"":""$1,001 - $15,000"",""transaction_date"":""2026-04-14"",""days_late"":24,""doc_url"":""https://disclosures-clerk.house.gov/public_disc/ptr-pdfs/2026/20034500.pdf""},{""member"":""Cisneros, Hon. Gilbert"",""party"":""D"",""direction"":""sell_full"",""amount_range"":""$1,001 - $15,000"",""transaction_date"":""2026-03-13"",""days_late"":25,""doc_url"":""https://disclosures-clerk.house.gov/public_disc/ptr-pdfs/2026/20034285.pdf""},{""member"":""Cisneros, Hon. Gilbert"",""party"":""D"",""direction"":""buy"",""amount_range"":""$1,001 - $15,000"",""transaction_date"":""2026-02-10"",""days_late"":27,""doc_url"":""https://disclosures-clerk.house.gov/public_disc/ptr-pdfs/2026/20034144.pdf""},{""member"":""Cisneros, Hon. Gilbert"",""party"":""D"",""direction"":""sell_full"",""amount_range"":""$1,001 - $15,000"",""transaction_date"":""2026-01-09"",""days_late"":35,""doc_url"":""https://disclosures-clerk.house.gov/public_disc/ptr-pdfs/2026/20033983.pdf""},{""member"":""Cisneros, Hon. Gilbert"",""party"":""D"",""direction"":""sell_partial"",""amount_range"":""$1,001 - $15,000"",""transaction_date"":""2025-12-19"",""days_late"":24,""doc_url"":""https://disclosures-clerk.house.gov/public_disc/ptr-pdfs/2026/20033762.pdf""}]"
COST,us,COSTCO WHOLESALE CORP /NEW,Retail-Variety Stores,0.314,0.495,103,492,-33,"[-0.345,-0.581,-1.278,-1.097,-0.971,-1.035,-1.659,-1.209,-0.606,0.04,0.225,0.314,null,null]",,,,,,4,2026-07-30,"[{""member"":""McCormick, Hon. Richard Dean Dr"",""party"":null,""direction"":""sell_full"",""amount_range"":""$1,001 - $15,000"",""transaction_date"":""2026-07-30"",""days_late"":15,""doc_url"":""https://disclosures-clerk.house.gov/public_disc/ptr-pdfs/2026/20035204.pdf""},{""member"":""Newhouse, Hon. Dan"",""party"":""R"",""direction"":""buy"",""amount_range"":""$1,001 - $15,000"",""transaction_date"":""2026-07-10"",""days_late"":7,""doc_url"":""https://disclosures-clerk.house.gov/public_disc/ptr-pdfs/2026/20034998.pdf""},{""member"":""Cisneros, Hon. Gilbert"",""party"":""D"",""direction"":""buy"",""amount_range"":""$1,001 - $15,000"",""transaction_date"":""2026-01-30"",""days_late"":14,""doc_url"":""https://disclosures-clerk.house.gov/public_disc/ptr-pdfs/2026/20033983.pdf""},{""member"":""Cisneros, Hon. Gilbert"",""party"":""D"",""direction"":""sell_partial"",""amount_range"":""$1,001 - $15,000"",""transaction_date"":""2025-12-24"",""days_late"":19,""doc_url"":""https://disclosures-clerk.house.gov/public_disc/ptr-pdfs/2026/20033762.pdf""}]"
NEM,us,NEWMONT Corp /DE/,Gold and Silver Ores,0.313,0.495,104,492,162,"[-0.944,-0.759,-1.178,-1.008,-0.789,-0.937,-0.992,-1.183,-0.359,-0.79,-0.861,0.313,null,null]",,,,,,,,
EA,us,,,0.311,0.495,105,492,36,"[-0.953,-1.064,-0.913,-1.189,-1.213,-0.527,-1.253,-1.237,-1.183,-0.685,-0.175,0.311,null,null]",,,,,,2,2026-06-16,"[{""member"":""Cisneros, Hon. Gilbert"",""party"":""D"",""direction"":""buy"",""amount_range"":""$1,001 - $15,000"",""transaction_date"":""2026-06-16"",""days_late"":16,""doc_url"":""https://disclosures-clerk.house.gov/public_disc/ptr-pdfs/2026/20034906.pdf""},{""member"":""Cisneros, Hon. Gilbert"",""party"":""D"",""direction"":""buy"",""amount_range"":""$1,001 - $15,000"",""transaction_date"":""2026-05-15"",""days_late"":24,""doc_url"":""https://disclosures-clerk.house.gov/public_disc/ptr-pdfs/2026/20034713.pdf""}]"
MDLZ,us,"Mondelez International, Inc.",Food and Kindred Products,0.309,0.495,106,492,-14,"[-0.526,-1.645,-0.314,-0.463,0.469,-0.154,-0.129,0.388,-0.928,0.269,0.136,0.309,null,null]",,,,,,5,2026-08-05,"[{""member"":""Hern, Hon. Kevin"",""party"":""R"",""direction"":""sell_full"",""amount_range"":""$1,001 - $15,000"",""transaction_date"":""2026-08-05"",""days_late"":5,""doc_url"":""https://disclosures-clerk.house.gov/public_disc/ptr-pdfs/2026/20035134.pdf""},{""member"":""Larsen, Hon. Rick"",""party"":""D"",""direction"":""sell_full"",""amount_range"":""$1,001 - $15,000"",""transaction_date"":""2026-01-07"",""days_late"":7,""doc_url"":""https://disclosures-clerk.house.gov/public_disc/ptr-pdfs/2026/20033814.pdf""},{""member"":""Johnson, Hon. Julie"",""party"":""D"",""direction"":""sell_full"",""amount_range"":""$1,001 - $15,000"",""transaction_date"":""2025-12-18"",""days_late"":28,""doc_url"":""https://disclosures-clerk.house.gov/public_disc/ptr-pdfs/2026/20033789.pdf""},{""member"":""Johnson, Hon. Julie"",""party"":""D"",""direction"":""buy"",""amount_range"":""$1,001 - $15,000"",""transaction_date"":""2025-10-30"",""days_late"":279,""doc_url"":""https://disclosures-clerk.house.gov/public_disc/ptr-pdfs/2026/20035035.pdf""},{""member"":""Johnson, Hon. Julie"",""party"":""D"",""direction"":""sell_full"",""amount_range"":""$1,001 - $15,000"",""transaction_date"":""2025-10-30"",""days_late"":279,""doc_url"":""https://disclosures-clerk.house.gov/public_disc/ptr-pdfs/2026/20035035.pdf""}]"
DTE,us,DTE ENERGY CO,Electric Services,0.308,0.495,107,492,81,"[-0.42,-1.394,-0.567,-1.213,-0.838,-1.166,-1.431,-0.553,-0.837,0.117,-0.445,0.308,null,null]",,,,,,,,
SJM,us,J M SMUCKER Co,"Canned, Fruits, Veg, Preserves, Jams & Jellies",0.306,0.495,108,492,-83,"[-0.884,-1.308,-0.877,-0.838,-0.471,-1.376,-1.481,-0.656,-1.306,-0.175,0.536,0.306,null,null]",,,,,,,,
BRO,us,"BROWN & BROWN, INC.","Insurance Agents, Brokers & Service",0.303,0.495,109,492,4,"[-0.787,-1.115,-1.312,-0.777,-0.978,-1.076,-1.379,-1.024,-0.904,-0.372,-0.026,0.303,null,null]",,,,,,11,2026-04-17,"[{""member"":""Delaney, Hon. April McClain"",""party"":null,""direction"":""sell_partial"",""amount_range"":""$1,001 - $15,000"",""transaction_date"":""2026-04-17"",""days_late"":19,""doc_url"":""https://disclosures-clerk.house.gov/public_disc/ptr-pdfs/2026/20034487.pdf""},{""member"":""Moskowitz, Hon. Jared"",""party"":""D"",""direction"":""sell_full"",""amount_range"":""$1,001 - $15,000"",""transaction_date"":""2026-03-23"",""days_late"":38,""doc_url"":""https://disclosures-clerk.house.gov/public_disc/ptr-pdfs/2026/20034274.pdf""},{""member"":""Moskowitz, Hon. Jared"",""party"":""D"",""direction"":""sell_full"",""amount_range"":""$1,001 - $15,000"",""transaction_date"":""2026-03-23"",""days_late"":38,""doc_url"":""https://disclosures-clerk.house.gov/public_disc/ptr-pdfs/2026/20034274.pdf""},{""member"":""Moskowitz, Hon. Jared"",""party"":""D"",""direction"":""sell_full"",""amount_range"":""$1,001 - $15,000"",""transaction_date"":""2026-03-23"",""days_late"":38,""doc_url"":""https://disclosures-clerk.house.gov/public_disc/ptr-pdfs/2026/20034274.pdf""},{""member"":""Donalds, Hon. Byron"",""party"":""R"",""direction"":""sell_full"",""amount_range"":""$1,001 - $15,000"",""transaction_date"":""2026-02-10"",""days_late"":24,""doc_url"":""https://disclosures-clerk.house.gov/public_disc/ptr-pdfs/2026/20034134.pdf""},{""member"":""Donalds, Hon. Byron"",""party"":""R"",""direction"":""sell_full"",""amount_range"":""$1,001 - $15,000"",""transaction_date"":""2026-02-10"",""days_late"":24,""doc_url"":""https://disclosures-clerk.house.gov/public_disc/ptr-pdfs/2026/20034134.pdf""},{""member"":""Delaney, Hon. April McClain"",""party"":null,""direction"":""buy"",""amount_range"":""$1,001 - $15,000"",""transaction_date"":""2026-02-06"",""days_late"":32,""doc_url"":""https://disclosures-clerk.house.gov/public_disc/ptr-pdfs/2026/20034159.pdf""},{""member"":""Cisneros, Hon. Gilbert"",""party"":""D"",""direction"":""sell_partial"",""amount_range"":""$1,001 - $15,000"",""transaction_date"":""2026-01-09"",""days_late"":35,""doc_url"":""https://disclosures-clerk.house.gov/public_disc/ptr-pdfs/2026/20033983.pdf""}]"
YUM,us,YUM BRANDS INC,Retail-Eating  Places,0.302,0.495,110,492,62,"[-0.746,-0.96,-1.079,-1.138,-1.177,-0.974,-1.084,-1.003,-0.884,-0.339,-0.38,0.302,null,null]",,,,,,,,
TAP,us,MOLSON COORS BEVERAGE CO,Malt Beverages,0.3,0.495,111,492,-40,"[-0.973,-1.095,-1.315,-1.202,-0.639,-0.788,-0.978,-0.529,-1.511,0.287,0.222,0.3,null,null]",,,,,,3,2026-03-13,"[{""member"":""Cisneros, Hon. Gilbert"",""party"":""D"",""direction"":""sell_full"",""amount_range"":""$1,001 - $15,000"",""transaction_date"":""2026-03-13"",""days_late"":25,""doc_url"":""https://disclosures-clerk.house.gov/public_disc/ptr-pdfs/2026/20034285.pdf""},{""member"":""Johnson, Hon. Julie"",""party"":""D"",""direction"":""sell_full"",""amount_range"":""$1,001 - $15,000"",""transaction_date"":""2025-09-23"",""days_late"":316,""doc_url"":""https://disclosures-clerk.house.gov/public_disc/ptr-pdfs/2026/20035035.pdf""},{""member"":""Johnson, Hon. Julie"",""party"":""D"",""direction"":""buy"",""amount_range"":""$1,001 - $15,000"",""transaction_date"":""2025-09-23"",""days_late"":316,""doc_url"":""https://disclosures-clerk.house.gov/public_disc/ptr-pdfs/2026/20035035.pdf""}]"
EVRG,us,"Evergy, Inc.",Electric & Other Services Combined,0.29,0.496,112,492,-56,"[-0.724,-1.529,-0.67,-0.958,-0.553,-0.931,-1.396,0.121,-1.062,0.147,0.29,0.29,null,null]",,,,,,,,
CCL,us,Carnival Corp Ltd.,Water Transportation,0.289,0.496,113,492,34,"[-0.575,-0.335,-0.361,0.31,-0.268,0.061,0.712,0.307,0.53,0.675,-0.225,0.289,null,null]",,,,,,,,
APA,us,APA Corp,Crude Petroleum & Natural Gas,0.286,0.496,114,492,-24,"[-0.04,0.774,0.132,0.245,0.215,-0.12,0.282,-0.012,0.66,-0.468,0.142,0.286,null,null]",,,,,,1,2026-01-09,"[{""member"":""Cisneros, Hon. Gilbert"",""party"":""D"",""direction"":""sell_full"",""amount_range"":""$1,001 - $15,000"",""transaction_date"":""2026-01-09"",""days_late"":35,""doc_url"":""https://disclosures-clerk.house.gov/public_disc/ptr-pdfs/2026/20033983.pdf""}]"
CAT,us,CATERPILLAR INC,Construction Machinery & Equip,0.282,0.496,115,492,78,"[-0.627,-1.063,-1.169,-0.892,-0.98,-0.998,-1.296,-1.086,-0.842,-0.16,-0.483,0.282,null,null]",,,,,,2,2026-03-31,"[{""member"":""Moskowitz, Hon. Jared"",""party"":""D"",""direction"":""sell_partial"",""amount_range"":""$1,001 - $15,000"",""transaction_date"":""2026-03-31"",""days_late"":30,""doc_url"":""https://disclosures-clerk.house.gov/public_disc/ptr-pdfs/2026/20034274.pdf""},{""member"":""Walberg, Hon. Tim"",""party"":""R"",""direction"":""buy"",""amount_range"":""$15,001 - $50,000"",""transaction_date"":""2025-02-07"",""days_late"":481,""doc_url"":""https://disclosures-clerk.house.gov/public_disc/ptr-pdfs/2026/20034660.pdf""}]"
OXY,us,OCCIDENTAL PETROLEUM CORP /DE/,Crude Petroleum & Natural Gas,0.276,0.496,116,492,-99,"[-0.847,-1.077,-1.143,-1.224,-1.112,-1.088,-1.554,-1.193,-0.696,0.275,0.655,0.276,null,null]",,,,,,1,2026-02-10,"[{""member"":""Cisneros, Hon. Gilbert"",""party"":""D"",""direction"":""buy"",""amount_range"":""$1,001 - $15,000"",""transaction_date"":""2026-02-10"",""days_late"":27,""doc_url"":""https://disclosures-clerk.house.gov/public_disc/ptr-pdfs/2026/20034144.pdf""}]"
PPL,us,PPL Corp,Electric Services,0.273,0.496,117,492,63,"[-0.417,-1.565,-0.529,-0.901,-0.661,-0.881,-1.232,-0.129,-1.087,-0.373,-0.41,0.273,null,null]",,,,,,,,
VRSK,us,"Verisk Analytics, Inc.",Services-Computer Processing & Data Preparation,0.272,0.496,118,492,-49,"[-0.987,-0.993,-1.117,-1.179,-1.059,-1.168,-0.877,-1.155,-0.971,0.584,0.226,0.272,null,null]",,,,,,9,2026-06-16,"[{""member"":""Cisneros, Hon. Gilbert"",""party"":""D"",""direction"":""buy"",""amount_range"":""$1,001 - $15,000"",""transaction_date"":""2026-06-16"",""days_late"":16,""doc_url"":""https://disclosures-clerk.house.gov/public_disc/ptr-pdfs/2026/20034906.pdf""},{""member"":""Cisneros, Hon. Gilbert"",""party"":""D"",""direction"":""buy"",""amount_range"":""$1,001 - $15,000"",""transaction_date"":""2026-05-15"",""days_late"":24,""doc_url"":""https://disclosures-clerk.house.gov/public_disc/ptr-pdfs/2026/20034713.pdf""},{""member"":""Cisneros, Hon. Gilbert"",""party"":""D"",""direction"":""sell_full"",""amount_range"":""$1,001 - $15,000"",""transaction_date"":""2026-04-14"",""days_late"":24,""doc_url"":""https://disclosures-clerk.house.gov/public_disc/ptr-pdfs/2026/20034500.pdf""},{""member"":""Cisneros, Hon. Gilbert"",""party"":""D"",""direction"":""buy"",""amount_range"":""$1,001 - $15,000"",""transaction_date"":""2026-02-10"",""days_late"":27,""doc_url"":""https://disclosures-clerk.house.gov/public_disc/ptr-pdfs/2026/20034144.pdf""},{""member"":""Cisneros, Hon. Gilbert"",""party"":""D"",""direction"":""sell_full"",""amount_range"":""$1,001 - $15,000"",""transaction_date"":""2026-01-09"",""days_late"":35,""doc_url"":""https://disclosures-clerk.house.gov/public_disc/ptr-pdfs/2026/20033983.pdf""},{""member"":""Larsen, Hon. Rick"",""party"":""D"",""direction"":""sell_full"",""amount_range"":""$1,001 - $15,000"",""transaction_date"":""2026-01-07"",""days_late"":7,""doc_url"":""https://disclosures-clerk.house.gov/public_disc/ptr-pdfs/2026/20033814.pdf""},{""member"":""Cisneros, Hon. Gilbert"",""party"":""D"",""direction"":""sell_partial"",""amount_range"":""$1,001 - $15,000"",""transaction_date"":""2025-12-19"",""days_late"":24,""doc_url"":""https://disclosures-clerk.house.gov/public_disc/ptr-pdfs/2026/20033762.pdf""},{""member"":""Johnson, Hon. Julie"",""party"":""D"",""direction"":""sell_full"",""amount_range"":""$1,001 - $15,000"",""transaction_date"":""2025-10-30"",""days_late"":279,""doc_url"":""https://disclosures-clerk.house.gov/public_disc/ptr-pdfs/2026/20035035.pdf""}]"
MSFT,us,MICROSOFT CORP,Services-Prepackaged Software,0.268,0.496,119,492,91,"[-0.387,-0.249,-0.72,-0.901,-0.597,-0.515,-1.53,-1.139,-0.684,-1.282,-0.581,0.268,null,null]",,,6,2026-09-14,,42,2026-07-30,"[{""member"":""McCormick, Hon. Richard Dean Dr"",""party"":null,""direction"":""sell_full"",""amount_range"":""$1,001 - $15,000"",""transaction_date"":""2026-07-30"",""days_late"":15,""doc_url"":""https://disclosures-clerk.house.gov/public_disc/ptr-pdfs/2026/20035204.pdf""},{""member"":""Taylor, Hon. David J."",""party"":""R"",""direction"":""buy"",""amount_range"":""$1,001 - $15,000"",""transaction_date"":""2026-07-24"",""days_late"":13,""doc_url"":""https://disclosures-clerk.house.gov/public_disc/ptr-pdfs/2026/20035146.pdf""},{""member"":""Taylor, Hon. David J."",""party"":""R"",""direction"":""buy"",""amount_range"":""$1,001 - $15,000"",""transaction_date"":""2026-07-24"",""days_late"":13,""doc_url"":""https://disclosures-clerk.house.gov/public_disc/ptr-pdfs/2026/20035146.pdf""},{""member"":""Rulli, Hon. Michael"",""party"":""R"",""direction"":""sell_full"",""amount_range"":""$1,001 - $15,000"",""transaction_date"":""2026-06-25"",""days_late"":43,""doc_url"":""https://disclosures-clerk.house.gov/public_disc/ptr-pdfs/2026/20035147.pdf""},{""member"":""Moskowitz, Hon. Jared"",""party"":""D"",""direction"":""buy"",""amount_range"":""$1,001 - $15,000"",""transaction_date"":""2026-06-17"",""days_late"":39,""doc_url"":""https://disclosures-clerk.house.gov/public_disc/ptr-pdfs/2026/20034963.pdf""},{""member"":""Moskowitz, Hon. Jared"",""party"":""D"",""direction"":""buy"",""amount_range"":""$1,001 - $15,000"",""transaction_date"":""2026-06-17"",""days_late"":39,""doc_url"":""https://disclosures-clerk.house.gov/public_disc/ptr-pdfs/2026/20034963.pdf""},{""member"":""Cisneros, Hon. Gilbert"",""party"":""D"",""direction"":""sell_partial"",""amount_range"":""$15,001 - $50,000"",""transaction_date"":""2026-06-16"",""days_late"":16,""doc_url"":""https://disclosures-clerk.house.gov/public_disc/ptr-pdfs/2026/20034906.pdf""},{""member"":""Van Epps, Hon. Matthew Robert"",""party"":""R"",""direction"":""sell_full"",""amount_range"":""$1,001 - $15,000"",""transaction_date"":""2026-06-16"",""days_late"":1,""doc_url"":""https://disclosures-clerk.house.gov/public_disc/ptr-pdfs/2026/20034807.pdf""}]"
MCHP,us,MICROCHIP TECHNOLOGY INC,Semiconductors & Related Devices,0.265,0.496,120,492,-20,"[-0.596,0.568,0.333,0.483,0.252,0.195,0.474,0.039,0.01,0.624,0.075,0.265,null,null]",,,,,,1,2026-06-30,"[{""member"":""Cisneros, Hon. Gilbert"",""party"":""D"",""direction"":""buy"",""amount_range"":""$1,001 - $15,000"",""transaction_date"":""2026-06-30"",""days_late"":2,""doc_url"":""https://disclosures-clerk.house.gov/public_disc/ptr-pdfs/2026/20034906.pdf""}]"
EG,us,"EVEREST GROUP, LTD.","Fire, Marine & Casualty Insurance",0.262,0.496,121,492,153,"[-1.192,-1.368,-1.271,-1.152,-1.157,-1.272,-1.738,-1.383,-1.265,-1.229,-0.894,0.262,null,null]",,,,,,3,2026-03-13,"[{""member"":""Cisneros, Hon. Gilbert"",""party"":""D"",""direction"":""sell_full"",""amount_range"":""$1,001 - $15,000"",""transaction_date"":""2026-03-13"",""days_late"":25,""doc_url"":""https://disclosures-clerk.house.gov/public_disc/ptr-pdfs/2026/20034285.pdf""},{""member"":""Cisneros, Hon. Gilbert"",""party"":""D"",""direction"":""sell_partial"",""amount_range"":""$1,001 - $15,000"",""transaction_date"":""2026-02-10"",""days_late"":27,""doc_url"":""https://disclosures-clerk.house.gov/public_disc/ptr-pdfs/2026/20034144.pdf""},{""member"":""Cisneros, Hon. Gilbert"",""party"":""D"",""direction"":""buy"",""amount_range"":""$1,001 - $15,000"",""transaction_date"":""2026-01-09"",""days_late"":35,""doc_url"":""https://disclosures-clerk.house.gov/public_disc/ptr-pdfs/2026/20033983.pdf""}]"
XYZ,us,"Block, Inc.",Services-Prepackaged Software,0.257,0.497,122,492,75,"[-0.59,-0.037,-0.116,-0.021,0.61,0.359,-0.137,0.186,0.133,0.116,-0.504,0.257,null,null]",,,,,,,,
ORLY,us,O REILLY AUTOMOTIVE INC,Retail-Auto & Home Supply Stores,0.254,0.497,123,492,1,"[-0.361,-0.909,-0.513,-0.036,1.001,-0.568,0.293,0.461,-0.965,0.538,-0.092,0.254,null,null]",,,,,,2,2026-04-24,"[{""member"":""Jackson, Hon. Jonathan"",""party"":""D"",""direction"":""sell_full"",""amount_range"":""$1,001 - $15,000"",""transaction_date"":""2026-04-24"",""days_late"":33,""doc_url"":""https://disclosures-clerk.house.gov/public_disc/ptr-pdfs/2026/20034519.pdf""},{""member"":""Jackson, Hon. Jonathan"",""party"":""D"",""direction"":""sell_full"",""amount_range"":""$15,001 - $50,000"",""transaction_date"":""2026-03-19"",""days_late"":20,""doc_url"":""https://disclosures-clerk.house.gov/public_disc/ptr-pdfs/2026/20034301.pdf""}]"
EOG,us,EOG RESOURCES INC,Crude Petroleum & Natural Gas,0.238,0.497,124,492,-85,"[-1.016,-1.05,-1.261,-1.366,-1.125,-1.222,-1.711,-1.055,-0.657,0.144,0.409,0.238,null,null]",,,,,,3,2026-02-10,"[{""member"":""Cisneros, Hon. Gilbert"",""party"":""D"",""direction"":""buy"",""amount_range"":""$15,001 - $50,000"",""transaction_date"":""2026-02-10"",""days_late"":27,""doc_url"":""https://disclosures-clerk.house.gov/public_disc/ptr-pdfs/2026/20034144.pdf""},{""member"":""Cisneros, Hon. Gilbert"",""party"":""D"",""direction"":""sell_full"",""amount_range"":""$1,001 - $15,000"",""transaction_date"":""2026-01-09"",""days_late"":35,""doc_url"":""https://disclosures-clerk.house.gov/public_disc/ptr-pdfs/2026/20033983.pdf""},{""member"":""Johnson, Hon. Julie"",""party"":""D"",""direction"":""sell_full"",""amount_range"":""$1,001 - $15,000"",""transaction_date"":""2025-12-18"",""days_late"":28,""doc_url"":""https://disclosures-clerk.house.gov/public_disc/ptr-pdfs/2026/20033789.pdf""}]"
CRM,us,"Salesforce, Inc.",Services-Prepackaged Software,0.237,0.497,126,492,121,"[-0.97,-0.891,-1.271,-0.978,-1.099,-0.792,-0.518,-1.346,-0.755,-0.799,-0.768,0.237,null,null]",,,1,2026-09-18,,12,2026-06-02,"[{""member"":""Salazar, Hon. Maria Elvira"",""party"":""R"",""direction"":""buy"",""amount_range"":""$15,001 - $50,000"",""transaction_date"":""2026-06-02"",""days_late"":35,""doc_url"":""https://disclosures-clerk.house.gov/public_disc/ptr-pdfs/2026/20034928.pdf""},{""member"":""Salazar, Hon. Maria Elvira"",""party"":""R"",""direction"":""buy"",""amount_range"":""$15,001 - $50,000"",""transaction_date"":""2026-04-06"",""days_late"":32,""doc_url"":""https://disclosures-clerk.house.gov/public_disc/ptr-pdfs/2026/20034479.pdf""},{""member"":""Taylor, Hon. David J."",""party"":""R"",""direction"":""sell_full"",""amount_range"":""$15,001 - $50,000"",""transaction_date"":""2026-02-26"",""days_late"":8,""doc_url"":""https://disclosures-clerk.house.gov/public_disc/ptr-pdfs/2026/20034138.pdf""},{""member"":""Taylor, Hon. David J."",""party"":""R"",""direction"":""sell_full"",""amount_range"":""$1,001 - $15,000"",""transaction_date"":""2026-02-26"",""days_late"":8,""doc_url"":""https://disclosures-clerk.house.gov/public_disc/ptr-pdfs/2026/20034138.pdf""},{""member"":""Taylor, Hon. David J."",""party"":""R"",""direction"":""buy"",""amount_range"":""$1,001 - $15,000"",""transaction_date"":""2026-02-09"",""days_late"":11,""doc_url"":""https://disclosures-clerk.house.gov/public_disc/ptr-pdfs/2026/20034036.pdf""},{""member"":""Letlow, Hon. Julia"",""party"":""R"",""direction"":""sell_full"",""amount_range"":""$1,001 - $15,000"",""transaction_date"":""2026-02-02"",""days_late"":38,""doc_url"":""https://disclosures-clerk.house.gov/public_disc/ptr-pdfs/2026/20034106.pdf""},{""member"":""Taylor, Hon. David J."",""party"":""R"",""direction"":""buy"",""amount_range"":""$1,001 - $15,000"",""transaction_date"":""2026-01-29"",""days_late"":4,""doc_url"":""https://disclosures-clerk.house.gov/public_disc/ptr-pdfs/2026/20033916.pdf""},{""member"":""Letlow, Hon. Julia"",""party"":""R"",""direction"":""sell_full"",""amount_range"":""$1,001 - $15,000"",""transaction_date"":""2025-12-16"",""days_late"":28,""doc_url"":""https://disclosures-clerk.house.gov/public_disc/ptr-pdfs/2026/20030977.pdf""}]"
WDAY,us,"Workday, Inc.",Services-Computer Processing & Data Preparation,0.237,0.497,125,492,185,"[-1.067,-1.274,-1.247,-1.36,-0.968,-1.249,-0.212,-0.754,-0.215,-1.088,-1.039,0.237,null,null]",,,,,,10,2026-06-05,"[{""member"":""Cisneros, Hon. Gilbert"",""party"":""D"",""direction"":""sell_full"",""amount_range"":""$15,001 - $50,000"",""transaction_date"":""2026-06-05"",""days_late"":27,""doc_url"":""https://disclosures-clerk.house.gov/public_disc/ptr-pdfs/2026/20034906.pdf""},{""member"":""Cisneros, Hon. Gilbert"",""party"":""D"",""direction"":""sell_partial"",""amount_range"":""$15,001 - $50,000"",""transaction_date"":""2026-05-29"",""days_late"":10,""doc_url"":""https://disclosures-clerk.house.gov/public_disc/ptr-pdfs/2026/20034713.pdf""},{""member"":""Cisneros, Hon. Gilbert"",""party"":""D"",""direction"":""sell_partial"",""amount_range"":""$1,001 - $15,000"",""transaction_date"":""2026-04-14"",""days_late"":24,""doc_url"":""https://disclosures-clerk.house.gov/public_disc/ptr-pdfs/2026/20034500.pdf""},{""member"":""Cisneros, Hon. Gilbert"",""party"":""D"",""direction"":""buy"",""amount_range"":""$1,001 - $15,000"",""transaction_date"":""2026-03-13"",""days_late"":25,""doc_url"":""https://disclosures-clerk.house.gov/public_disc/ptr-pdfs/2026/20034285.pdf""},{""member"":""Cisneros, Hon. Gilbert"",""party"":""D"",""direction"":""buy"",""amount_range"":""$1,001 - $15,000"",""transaction_date"":""2026-01-28"",""days_late"":16,""doc_url"":""https://disclosures-clerk.house.gov/public_disc/ptr-pdfs/2026/20033983.pdf""},{""member"":""Cisneros, Hon. Gilbert"",""party"":""D"",""direction"":""buy"",""amount_range"":""$1,001 - $15,000"",""transaction_date"":""2025-12-10"",""days_late"":33,""doc_url"":""https://disclosures-clerk.house.gov/public_disc/ptr-pdfs/2026/20033762.pdf""},{""member"":""Letlow, Hon. Julia"",""party"":""R"",""direction"":""sell_full"",""amount_range"":""$1,001 - $15,000"",""transaction_date"":""2025-07-24"",""days_late"":173,""doc_url"":""https://disclosures-clerk.house.gov/public_disc/ptr-pdfs/2026/20030977.pdf""},{""member"":""Letlow, Hon. Julia"",""party"":""R"",""direction"":""sell_partial"",""amount_range"":""$1,001 - $15,000"",""transaction_date"":""2025-06-17"",""days_late"":210,""doc_url"":""https://disclosures-clerk.house.gov/public_disc/ptr-pdfs/2026/20030977.pdf""}]"
HIG,us,"HARTFORD INSURANCE GROUP, INC.","Fire, Marine & Casualty Insurance",0.225,0.498,127,492,59,"[-1.257,-1.378,-1.243,-1.528,-1.086,-1.141,-1.673,-1.217,-1.061,-1.272,-0.434,0.225,null,null]",,,,,,,,
CVX,us,CHEVRON CORP,Petroleum Refining,0.22,0.498,128,492,-98,"[-0.782,-0.935,-1.205,-1.21,-1.149,-0.855,-1.583,-1.178,-0.666,1.163,0.487,0.22,null,null]",,,,,,13,2026-06-15,"[{""member"":""Taylor, Hon. David J."",""party"":""R"",""direction"":""buy"",""amount_range"":""$1,001 - $15,000"",""transaction_date"":""2026-06-15"",""days_late"":16,""doc_url"":""https://disclosures-clerk.house.gov/public_disc/ptr-pdfs/2026/20034897.pdf""},{""member"":""Taylor, Hon. David J."",""party"":""R"",""direction"":""sell_full"",""amount_range"":""$1,001 - $15,000"",""transaction_date"":""2026-03-12"",""days_late"":8,""doc_url"":""https://disclosures-clerk.house.gov/public_disc/ptr-pdfs/2026/20034207.pdf""},{""member"":""Taylor, Hon. David J."",""party"":""R"",""direction"":""sell_full"",""amount_range"":""$1,001 - $15,000"",""transaction_date"":""2026-03-11"",""days_late"":9,""doc_url"":""https://disclosures-clerk.house.gov/public_disc/ptr-pdfs/2026/20034207.pdf""},{""member"":""Taylor, Hon. David J."",""party"":""R"",""direction"":""sell_full"",""amount_range"":""$1,001 - $15,000"",""transaction_date"":""2026-02-26"",""days_late"":8,""doc_url"":""https://disclosures-clerk.house.gov/public_disc/ptr-pdfs/2026/20034138.pdf""},{""member"":""Cisneros, Hon. Gilbert"",""party"":""D"",""direction"":""buy"",""amount_range"":""$15,001 - $50,000"",""transaction_date"":""2026-02-10"",""days_late"":27,""doc_url"":""https://disclosures-clerk.house.gov/public_disc/ptr-pdfs/2026/20034144.pdf""},{""member"":""Cisneros, Hon. Gilbert"",""party"":""D"",""direction"":""sell_partial"",""amount_range"":""$1,001 - $15,000"",""transaction_date"":""2026-01-09"",""days_late"":35,""doc_url"":""https://disclosures-clerk.house.gov/public_disc/ptr-pdfs/2026/20033983.pdf""},{""member"":""Cisneros, Hon. Gilbert"",""party"":""D"",""direction"":""sell_full"",""amount_range"":""$15,001 - $50,000"",""transaction_date"":""2026-01-09"",""days_late"":35,""doc_url"":""https://disclosures-clerk.house.gov/public_disc/ptr-pdfs/2026/20033983.pdf""},{""member"":""Cisneros, Hon. Gilbert"",""party"":""D"",""direction"":""sell_partial"",""amount_range"":""$1,001 - $15,000"",""transaction_date"":""2025-12-24"",""days_late"":19,""doc_url"":""https://disclosures-clerk.house.gov/public_disc/ptr-pdfs/2026/20033762.pdf""}]"
SBAC,us,SBA COMMUNICATIONS CORP,Real Estate Investment Trusts,0.216,0.498,129,492,73,"[-0.971,-1.125,-0.311,-0.144,0.231,-0.258,-0.66,0.45,-1.086,-0.158,-0.511,0.216,null,null]",,,,,,1,2026-01-09,"[{""member"":""Cisneros, Hon. Gilbert"",""party"":""D"",""direction"":""sell_partial"",""amount_range"":""$1,001 - $15,000"",""transaction_date"":""2026-01-09"",""days_late"":35,""doc_url"":""https://disclosures-clerk.house.gov/public_disc/ptr-pdfs/2026/20033983.pdf""}]"
PM,us,Philip Morris International Inc.,Cigarettes,0.206,0.498,130,492,-115,"[-0.306,-1.257,-0.324,-0.051,0.671,0.271,0.233,0.825,-1.138,0.3,0.69,0.206,null,null]",,,,,,3,2026-02-05,"[{""member"":""Letlow, Hon. Julia"",""party"":""R"",""direction"":""sell_full"",""amount_range"":""$1,001 - $15,000"",""transaction_date"":""2026-02-05"",""days_late"":35,""doc_url"":""https://disclosures-clerk.house.gov/public_disc/ptr-pdfs/2026/20034106.pdf""},{""member"":""Johnson, Hon. Julie"",""party"":""D"",""direction"":""sell_full"",""amount_range"":""$1,001 - $15,000"",""transaction_date"":""2025-12-18"",""days_late"":28,""doc_url"":""https://disclosures-clerk.house.gov/public_disc/ptr-pdfs/2026/20033789.pdf""},{""member"":""Letlow, Hon. Julia"",""party"":""R"",""direction"":""buy"",""amount_range"":""$1,001 - $15,000"",""transaction_date"":""2024-10-23"",""days_late"":447,""doc_url"":""https://disclosures-clerk.house.gov/public_disc/ptr-pdfs/2026/20030977.pdf""}]"
AIG,us,"AMERICAN INTERNATIONAL GROUP, INC.","Fire, Marine & Casualty Insurance",0.204,0.498,131,492,46,"[-1.062,-1.343,-1.377,-1.378,-1.122,-1.089,-1.38,-1.305,-1.012,-1.192,-0.393,0.204,null,null]",,,,,,2,2025-07-25,"[{""member"":""Letlow, Hon. Julia"",""party"":""R"",""direction"":""sell_partial"",""amount_range"":""$1,001 - $15,000"",""transaction_date"":""2025-07-25"",""days_late"":172,""doc_url"":""https://disclosures-clerk.house.gov/public_disc/ptr-pdfs/2026/20030977.pdf""},{""member"":""Letlow, Hon. Julia"",""party"":""R"",""direction"":""buy"",""amount_range"":""$1,001 - $15,000"",""transaction_date"":""2025-02-24"",""days_late"":323,""doc_url"":""https://disclosures-clerk.house.gov/public_disc/ptr-pdfs/2026/20030977.pdf""}]"
EPAM,us,"EPAM Systems, Inc.",Services-Computer Programming Services,0.203,0.498,133,492,126,"[-0.837,-0.368,-1.134,-0.653,-0.858,-1.16,-1.345,0.631,-0.271,-0.029,-0.813,0.203,null,null]",,,,,,2,2026-04-14,"[{""member"":""Cisneros, Hon. Gilbert"",""party"":""D"",""direction"":""sell_full"",""amount_range"":""$1,001 - $15,000"",""transaction_date"":""2026-04-14"",""days_late"":24,""doc_url"":""https://disclosures-clerk.house.gov/public_disc/ptr-pdfs/2026/20034500.pdf""},{""member"":""Cisneros, Hon. Gilbert"",""party"":""D"",""direction"":""buy"",""amount_range"":""$1,001 - $15,000"",""transaction_date"":""2026-03-13"",""days_late"":25,""doc_url"":""https://disclosures-clerk.house.gov/public_disc/ptr-pdfs/2026/20034285.pdf""}]"
MPC,us,Marathon Petroleum Corp,Petroleum Refining,0.203,0.498,132,492,-122,"[-1.072,-1.078,-1.229,-1.397,-1.075,-0.697,-1.567,-1.048,-0.683,-0.975,1.012,0.203,null,null]",,,,,,6,2026-07-24,"[{""member"":""Taylor, Hon. David J."",""party"":""R"",""direction"":""sell_full"",""amount_range"":""$1,001 - $15,000"",""transaction_date"":""2026-07-24"",""days_late"":13,""doc_url"":""https://disclosures-clerk.house.gov/public_disc/ptr-pdfs/2026/20035146.pdf""},{""member"":""Taylor, Hon. David J."",""party"":""R"",""direction"":""sell_full"",""amount_range"":""$1,001 - $15,000"",""transaction_date"":""2026-07-24"",""days_late"":13,""doc_url"":""https://disclosures-clerk.house.gov/public_disc/ptr-pdfs/2026/20035146.pdf""},{""member"":""Newhouse, Hon. Dan"",""party"":""R"",""direction"":""sell_partial"",""amount_range"":""$1,001 - $15,000"",""transaction_date"":""2026-07-10"",""days_late"":7,""doc_url"":""https://disclosures-clerk.house.gov/public_disc/ptr-pdfs/2026/20034998.pdf""},{""member"":""Taylor, Hon. David J."",""party"":""R"",""direction"":""sell_full"",""amount_range"":""$1,001 - $15,000"",""transaction_date"":""2026-03-11"",""days_late"":9,""doc_url"":""https://disclosures-clerk.house.gov/public_disc/ptr-pdfs/2026/20034207.pdf""},{""member"":""Taylor, Hon. David J."",""party"":""R"",""direction"":""sell_full"",""amount_range"":""$1,001 - $15,000"",""transaction_date"":""2026-03-11"",""days_late"":9,""doc_url"":""https://disclosures-clerk.house.gov/public_disc/ptr-pdfs/2026/20034207.pdf""},{""member"":""Taylor, Hon. David J."",""party"":""R"",""direction"":""sell_full"",""amount_range"":""$1,001 - $15,000"",""transaction_date"":""2026-02-26"",""days_late"":8,""doc_url"":""https://disclosures-clerk.house.gov/public_disc/ptr-pdfs/2026/20034138.pdf""}]"
TTD,us,"Trade Desk, Inc.","Services-Computer Programming, Data Processing, Etc.",0.195,0.499,134,492,116,"[-0.38,0.729,-0.505,0.155,0.232,-0.055,-0.25,0.009,0.319,-0.937,-0.777,0.195,null,null]",,,,,,12,2026-06-16,"[{""member"":""Cisneros, Hon. Gilbert"",""party"":""D"",""direction"":""sell_full"",""amount_range"":""$1,001 - $15,000"",""transaction_date"":""2026-06-16"",""days_late"":16,""doc_url"":""https://disclosures-clerk.house.gov/public_disc/ptr-pdfs/2026/20034906.pdf""},{""member"":""Cisneros, Hon. Gilbert"",""party"":""D"",""direction"":""buy"",""amount_range"":""$1,001 - $15,000"",""transaction_date"":""2026-05-15"",""days_late"":24,""doc_url"":""https://disclosures-clerk.house.gov/public_disc/ptr-pdfs/2026/20034713.pdf""},{""member"":""Cisneros, Hon. Gilbert"",""party"":""D"",""direction"":""sell_full"",""amount_range"":""$1,001 - $15,000"",""transaction_date"":""2026-04-14"",""days_late"":24,""doc_url"":""https://disclosures-clerk.house.gov/public_disc/ptr-pdfs/2026/20034500.pdf""},{""member"":""Donalds, Hon. Byron"",""party"":""R"",""direction"":""sell_full"",""amount_range"":""$1,001 - $15,000"",""transaction_date"":""2026-03-20"",""days_late"":19,""doc_url"":""https://disclosures-clerk.house.gov/public_disc/ptr-pdfs/2026/20034297.pdf""},{""member"":""Donalds, Hon. Byron"",""party"":""R"",""direction"":""sell_full"",""amount_range"":""$1,001 - $15,000"",""transaction_date"":""2026-03-20"",""days_late"":19,""doc_url"":""https://disclosures-clerk.house.gov/public_disc/ptr-pdfs/2026/20034297.pdf""},{""member"":""Cisneros, Hon. Gilbert"",""party"":""D"",""direction"":""buy"",""amount_range"":""$1,001 - $15,000"",""transaction_date"":""2026-03-13"",""days_late"":25,""doc_url"":""https://disclosures-clerk.house.gov/public_disc/ptr-pdfs/2026/20034285.pdf""},{""member"":""Cisneros, Hon. Gilbert"",""party"":""D"",""direction"":""sell_full"",""amount_range"":""$1,001 - $15,000"",""transaction_date"":""2026-02-10"",""days_late"":27,""doc_url"":""https://disclosures-clerk.house.gov/public_disc/ptr-pdfs/2026/20034144.pdf""},{""member"":""Donalds, Hon. Byron"",""party"":""R"",""direction"":""buy"",""amount_range"":""$1,001 - $15,000"",""transaction_date"":""2026-02-10"",""days_late"":24,""doc_url"":""https://disclosures-clerk.house.gov/public_disc/ptr-pdfs/2026/20034134.pdf""}]"
DVN,us,DEVON ENERGY CORP/DE,Crude Petroleum & Natural Gas,0.193,0.499,135,492,-94,"[-0.82,-0.884,-1.069,-1.026,-1.085,-1.057,-1.122,-1.049,-0.664,0.217,0.402,0.193,null,null]",,,,,,1,2025-12-08,"[{""member"":""Letlow, Hon. Julia"",""party"":""R"",""direction"":""buy"",""amount_range"":""$1,001 - $15,000"",""transaction_date"":""2025-12-08"",""days_late"":36,""doc_url"":""https://disclosures-clerk.house.gov/public_disc/ptr-pdfs/2026/20030977.pdf""}]"
SWK,us,"STANLEY BLACK & DECKER, INC.","Cutlery, Handtools & General Hardware",0.184,0.499,136,492,73,"[-0.322,-0.541,-0.856,-0.416,-0.043,-0.425,-0.274,-0.391,1.344,-0.156,-0.581,0.184,null,null]",,,,,,,,
XOM,us,ExxonMobil Holdings Corp,Petroleum Refining,0.174,0.499,137,492,-11,"[-0.876,-0.588,-1.132,-1.207,-1.082,-0.788,-1.46,-0.928,-0.444,0.675,-0.099,0.174,null,null]",,,,,,6,2026-07-20,"[{""member"":""Himes, Hon. James A."",""party"":""D"",""direction"":""sell_full"",""amount_range"":""$15,001 - $50,000"",""transaction_date"":""2026-07-20"",""days_late"":0,""doc_url"":""https://disclosures-clerk.house.gov/public_disc/ptr-pdfs/2026/20035047.pdf""},{""member"":""Van Epps, Hon. Matthew Robert"",""party"":""R"",""direction"":""sell_full"",""amount_range"":""$1,001 - $15,000"",""transaction_date"":""2026-06-16"",""days_late"":1,""doc_url"":""https://disclosures-clerk.house.gov/public_disc/ptr-pdfs/2026/20034807.pdf""},{""member"":""Cisneros, Hon. Gilbert"",""party"":""D"",""direction"":""buy"",""amount_range"":""$50,001 - $100,000"",""transaction_date"":""2026-02-10"",""days_late"":27,""doc_url"":""https://disclosures-clerk.house.gov/public_disc/ptr-pdfs/2026/20034144.pdf""},{""member"":""Gottheimer, Hon. Josh"",""party"":""D"",""direction"":""buy"",""amount_range"":""$1,001 - $15,000"",""transaction_date"":""2026-02-04"",""days_late"":40,""doc_url"":""https://disclosures-clerk.house.gov/public_disc/ptr-pdfs/2026/20034130.pdf""},{""member"":""Gottheimer, Hon. Josh"",""party"":""D"",""direction"":""buy"",""amount_range"":""$1,001 - $15,000"",""transaction_date"":""2026-02-02"",""days_late"":42,""doc_url"":""https://disclosures-clerk.house.gov/public_disc/ptr-pdfs/2026/20034130.pdf""},{""member"":""Cisneros, Hon. Gilbert"",""party"":""D"",""direction"":""sell_full"",""amount_range"":""$50,001 - $100,000"",""transaction_date"":""2026-01-09"",""days_late"":35,""doc_url"":""https://disclosures-clerk.house.gov/public_disc/ptr-pdfs/2026/20033983.pdf""}]"
CL,us,COLGATE PALMOLIVE CO,"Perfumes, Cosmetics & Other Toilet Preparations",0.172,0.499,138,492,-44,"[-0.885,-1.816,-0.668,-0.567,0.559,-0.875,-0.63,0.465,-1.344,0.832,0.128,0.172,null,null]",,,,,,2,2025-09-23,"[{""member"":""Johnson, Hon. Julie"",""party"":""D"",""direction"":""sell_full"",""amount_range"":""$1,001 - $15,000"",""transaction_date"":""2025-09-23"",""days_late"":316,""doc_url"":""https://disclosures-clerk.house.gov/public_disc/ptr-pdfs/2026/20035035.pdf""},{""member"":""Johnson, Hon. Julie"",""party"":""D"",""direction"":""buy"",""amount_range"":""$1,001 - $15,000"",""transaction_date"":""2025-09-23"",""days_late"":316,""doc_url"":""https://disclosures-clerk.house.gov/public_disc/ptr-pdfs/2026/20035035.pdf""}]"
CF,us,"CF Industries Holdings, Inc.",Agricultural Chemicals,0.172,0.499,139,492,-113,"[-0.85,-0.886,-1.126,-1.399,-1.106,-1.104,-1.601,-1.031,-0.713,0.365,0.519,0.172,null,null]",,,,,,3,2026-01-09,"[{""member"":""Cisneros, Hon. Gilbert"",""party"":""D"",""direction"":""buy"",""amount_range"":""$1,001 - $15,000"",""transaction_date"":""2026-01-09"",""days_late"":35,""doc_url"":""https://disclosures-clerk.house.gov/public_disc/ptr-pdfs/2026/20033983.pdf""},{""member"":""Letlow, Hon. Julia"",""party"":""R"",""direction"":""sell_full"",""amount_range"":""$1,001 - $15,000"",""transaction_date"":""2025-08-08"",""days_late"":158,""doc_url"":""https://disclosures-clerk.house.gov/public_disc/ptr-pdfs/2026/20030977.pdf""},{""member"":""Letlow, Hon. Julia"",""party"":""R"",""direction"":""buy"",""amount_range"":""$1,001 - $15,000"",""transaction_date"":""2024-10-23"",""days_late"":447,""doc_url"":""https://disclosures-clerk.house.gov/public_disc/ptr-pdfs/2026/20030977.pdf""}]"
KDP,us,Keurig Dr Pepper Inc.,Beverages,0.17,0.499,140,492,-53,"[-0.683,-1.023,-0.272,-0.211,-0.465,-0.473,-0.902,-0.271,-0.888,-0.183,0.158,0.17,null,null]",,,,,,,,
QCOM,us,QUALCOMM INC/DE,Radio & Tv Broadcasting & Communications Equipment,0.163,0.5,141,492,-109,"[-0.29,-0.45,-0.259,-0.437,-0.715,0.068,-1.094,-0.395,-0.265,0.214,0.468,0.163,null,null]",,,,,,5,2026-05-13,"[{""member"":""Salazar, Hon. Maria Elvira"",""party"":""R"",""direction"":""buy"",""amount_range"":""$15,001 - $50,000"",""transaction_date"":""2026-05-13"",""days_late"":26,""doc_url"":""https://disclosures-clerk.house.gov/public_disc/ptr-pdfs/2026/20034709.pdf""},{""member"":""Salazar, Hon. Maria Elvira"",""party"":""R"",""direction"":""buy"",""amount_range"":""$1,001 - $15,000"",""transaction_date"":""2026-05-13"",""days_late"":26,""doc_url"":""https://disclosures-clerk.house.gov/public_disc/ptr-pdfs/2026/20034709.pdf""},{""member"":""Jacobs, Hon. Sara"",""party"":""D"",""direction"":""sell_partial"",""amount_range"":""$500,001 - $1,000,000"",""transaction_date"":""2026-05-07"",""days_late"":13,""doc_url"":""https://disclosures-clerk.house.gov/public_disc/ptr-pdfs/2026/20034498.pdf""},{""member"":""Jacobs, Hon. Sara"",""party"":""D"",""direction"":""sell_partial"",""amount_range"":""$500,001 - $1,000,000"",""transaction_date"":""2026-05-06"",""days_late"":14,""doc_url"":""https://disclosures-clerk.house.gov/public_disc/ptr-pdfs/2026/20034498.pdf""},{""member"":""Moskowitz, Hon. Jared"",""party"":""D"",""direction"":""sell_full"",""amount_range"":""$15,001 - $50,000"",""transaction_date"":""2026-03-31"",""days_late"":30,""doc_url"":""https://disclosures-clerk.house.gov/public_disc/ptr-pdfs/2026/20034274.pdf""}]"
ADM,us,Archer-Daniels-Midland Co,Fats & Oils,0.159,0.5,142,492,-53,"[-0.941,-1.135,-1.074,-1.225,-0.989,-1.14,-1.393,-1.285,-0.957,-0.026,0.143,0.159,null,null]",,,,,,1,2026-03-20,"[{""member"":""Cisneros, Hon. Gilbert"",""party"":""D"",""direction"":""sell_full"",""amount_range"":""$50,001 - $100,000"",""transaction_date"":""2026-03-20"",""days_late"":18,""doc_url"":""https://disclosures-clerk.house.gov/public_disc/ptr-pdfs/2026/20034285.pdf""}]"
MRK,us,"Merck & Co., Inc.",Pharmaceutical Preparations,0.154,0.5,143,492,101,"[-0.654,-1.059,-1.05,-1.148,-1.195,-0.665,-1.143,-1.076,-0.736,-1.039,-0.752,0.154,null,null]",,,,,,3,2026-02-04,"[{""member"":""Gottheimer, Hon. Josh"",""party"":""D"",""direction"":""buy"",""amount_range"":""$1,001 - $15,000"",""transaction_date"":""2026-02-04"",""days_late"":40,""doc_url"":""https://disclosures-clerk.house.gov/public_disc/ptr-pdfs/2026/20034130.pdf""},{""member"":""Cisneros, Hon. Gilbert"",""party"":""D"",""direction"":""buy"",""amount_range"":""$1,001 - $15,000"",""transaction_date"":""2025-12-19"",""days_late"":24,""doc_url"":""https://disclosures-clerk.house.gov/public_disc/ptr-pdfs/2026/20033762.pdf""},{""member"":""Johnson, Hon. Julie"",""party"":""D"",""direction"":""sell_full"",""amount_range"":""$1,001 - $15,000"",""transaction_date"":""2025-12-18"",""days_late"":28,""doc_url"":""https://disclosures-clerk.house.gov/public_disc/ptr-pdfs/2026/20033789.pdf""}]"
VZ,us,VERIZON COMMUNICATIONS INC,Telephone Communications (No Radiotelephone),0.147,0.5,144,492,-140,"[0.005,-1.08,-0.125,-0.245,0.424,0.13,-0.364,0.614,-1.031,0.814,1.402,0.147,null,null]",,,,,,4,2026-04-14,"[{""member"":""Cisneros, Hon. Gilbert"",""party"":""D"",""direction"":""buy"",""amount_range"":""$1,001 - $15,000"",""transaction_date"":""2026-04-14"",""days_late"":24,""doc_url"":""https://disclosures-clerk.house.gov/public_disc/ptr-pdfs/2026/20034500.pdf""},{""member"":""McClellan, Hon. Jennifer"",""party"":""D"",""direction"":""sell_partial"",""amount_range"":""$100,001 - $250,000"",""transaction_date"":""2026-04-07"",""days_late"":9,""doc_url"":""https://disclosures-clerk.house.gov/public_disc/ptr-pdfs/2026/20034311.pdf""},{""member"":""Sessions, Hon. Pete"",""party"":""R"",""direction"":""sell_full"",""amount_range"":""$1,001 - $15,000"",""transaction_date"":""2026-03-09"",""days_late"":0,""doc_url"":""https://disclosures-clerk.house.gov/public_disc/ptr-pdfs/2026/20033500.pdf""},{""member"":""Johnson, Hon. Julie"",""party"":""D"",""direction"":""sell_full"",""amount_range"":""$1,001 - $15,000"",""transaction_date"":""2025-12-18"",""days_late"":28,""doc_url"":""https://disclosures-clerk.house.gov/public_disc/ptr-pdfs/2026/20033789.pdf""}]"
CNC,us,CENTENE CORP,Hospital & Medical Service Plans,0.146,0.5,145,492,-24,"[-0.642,-0.572,-0.772,-0.32,0.467,-0.196,-0.534,0.598,0.419,-1.526,-0.071,0.146,null,null]",,,,,,2,2025-08-08,"[{""member"":""Letlow, Hon. Julia"",""party"":""R"",""direction"":""sell_full"",""amount_range"":""$1,001 - $15,000"",""transaction_date"":""2025-08-08"",""days_late"":158,""doc_url"":""https://disclosures-clerk.house.gov/public_disc/ptr-pdfs/2026/20030977.pdf""},{""member"":""Letlow, Hon. Julia"",""party"":""R"",""direction"":""buy"",""amount_range"":""$1,001 - $15,000"",""transaction_date"":""2025-04-14"",""days_late"":274,""doc_url"":""https://disclosures-clerk.house.gov/public_disc/ptr-pdfs/2026/20030977.pdf""}]"
TMUS,us,"T-Mobile US, Inc.",Radiotelephone Communications,0.141,0.5,146,492,-27,"[-0.88,-1.069,-1.152,-0.637,-0.351,-0.835,-1.492,-0.62,-0.977,0.005,-0.065,0.141,null,null]",,,,,,2,2026-01-13,"[{""member"":""Jackson, Hon. Jonathan"",""party"":""D"",""direction"":""sell_full"",""amount_range"":""$50,001 - $100,000"",""transaction_date"":""2026-01-13"",""days_late"":41,""doc_url"":""https://disclosures-clerk.house.gov/public_disc/ptr-pdfs/2026/20033929.pdf""},{""member"":""Newhouse, Hon. Dan"",""party"":""R"",""direction"":""buy"",""amount_range"":""$1,001 - $15,000"",""transaction_date"":""2025-12-11"",""days_late"":35,""doc_url"":""https://disclosures-clerk.house.gov/public_disc/ptr-pdfs/2026/20033654.pdf""}]"
LUV,us,SOUTHWEST AIRLINES CO,"Air Transportation, Scheduled",0.139,0.5,147,492,-75,"[-0.599,-0.718,-0.808,-0.439,-0.582,-0.745,-0.163,-0.427,1.395,0.39,0.219,0.139,null,null]",,,,,,1,2026-06-16,"[{""member"":""Van Epps, Hon. Matthew Robert"",""party"":""R"",""direction"":""sell_full"",""amount_range"":""$1,001 - $15,000"",""transaction_date"":""2026-06-16"",""days_late"":1,""doc_url"":""https://disclosures-clerk.house.gov/public_disc/ptr-pdfs/2026/20034807.pdf""}]"
TRV,us,"TRAVELERS COMPANIES, INC.","Fire, Marine & Casualty Insurance",0.137,0.5,148,492,18,"[-1.089,-1.264,-1.265,-1.529,-1.068,-1.165,-1.75,-1.278,-0.991,-1.045,-0.337,0.137,null,null]",,,,,,1,2026-02-20,"[{""member"":""Letlow, Hon. Julia"",""party"":""R"",""direction"":""buy"",""amount_range"":""$1,001 - $15,000"",""transaction_date"":""2026-02-20"",""days_late"":20,""doc_url"":""https://disclosures-clerk.house.gov/public_disc/ptr-pdfs/2026/20034106.pdf""}]"
DVA,us,DAVITA INC.,"Services-Misc Health & Allied Services, NEC",0.129,0.501,149,492,-34,"[-1.003,-0.46,-1.323,-1.268,-1.382,-1.148,-1.109,-0.594,-0.56,0.084,-0.046,0.129,null,null]",,,,,,2,2025-09-23,"[{""member"":""Johnson, Hon. Julie"",""party"":""D"",""direction"":""buy"",""amount_range"":""$1,001 - $15,000"",""transaction_date"":""2025-09-23"",""days_late"":316,""doc_url"":""https://disclosures-clerk.house.gov/public_disc/ptr-pdfs/2026/20035035.pdf""},{""member"":""Johnson, Hon. Julie"",""party"":""D"",""direction"":""sell_full"",""amount_range"":""$1,001 - $15,000"",""transaction_date"":""2025-09-23"",""days_late"":316,""doc_url"":""https://disclosures-clerk.house.gov/public_disc/ptr-pdfs/2026/20035035.pdf""}]"
EQT,us,EQT Corp,Crude Petroleum & Natural Gas,0.122,0.501,150,492,8,"[-0.91,-1.055,-1.226,-0.969,-0.955,-0.882,-1.259,-1.136,-0.81,-0.755,-0.274,0.122,null,null]",,,,,,4,2026-07-07,"[{""member"":""Kean, Hon. Thomas H., Jr"",""party"":""R"",""direction"":""buy"",""amount_range"":""$1,001 - $15,000"",""transaction_date"":""2026-07-07"",""days_late"":42,""doc_url"":""https://disclosures-clerk.house.gov/public_disc/ptr-pdfs/2026/20035273.pdf""},{""member"":""Kean, Hon. Thomas H., Jr"",""party"":""R"",""direction"":""buy"",""amount_range"":""$1,001 - $15,000"",""transaction_date"":""2026-06-01"",""days_late"":44,""doc_url"":""https://disclosures-clerk.house.gov/public_disc/ptr-pdfs/2026/20035003.pdf""},{""member"":""Kean, Hon. Thomas H., Jr"",""party"":""R"",""direction"":""buy"",""amount_range"":""$1,001 - $15,000"",""transaction_date"":""2026-06-01"",""days_late"":17,""doc_url"":""https://disclosures-clerk.house.gov/public_disc/ptr-pdfs/2026/20034783.pdf""},{""member"":""Cisneros, Hon. Gilbert"",""party"":""D"",""direction"":""buy"",""amount_range"":""$1,001 - $15,000"",""transaction_date"":""2026-02-10"",""days_late"":27,""doc_url"":""https://disclosures-clerk.house.gov/public_disc/ptr-pdfs/2026/20034144.pdf""}]"
GNRC,us,GENERAC HOLDINGS INC.,Motors & Generators,0.119,0.501,151,492,-20,"[-0.938,-0.996,-0.999,-0.888,-0.337,-0.733,-0.964,-0.163,0.152,-0.196,-0.14,0.119,null,null]",,,,,,,,
NRG,us,"NRG ENERGY, INC.",Electric Services,0.112,0.501,152,492,81,"[-0.018,0.822,-0.424,0.059,-0.85,-0.011,0.124,-0.336,1.119,0.09,-0.7,0.112,null,null]",,,,,,,,
PEP,us,PEPSICO INC,Beverages,0.111,0.501,153,492,-55,"[-0.49,-1.622,-0.665,-0.792,0.762,-1.031,-1.024,0.11,-1.364,-0.096,0.108,0.111,null,null]",,,,,,8,2026-07-30,"[{""member"":""McCormick, Hon. Richard Dean Dr"",""party"":null,""direction"":""sell_full"",""amount_range"":""$1,001 - $15,000"",""transaction_date"":""2026-07-30"",""days_late"":15,""doc_url"":""https://disclosures-clerk.house.gov/public_disc/ptr-pdfs/2026/20035204.pdf""},{""member"":""Kelly, Hon. Mike"",""party"":""R"",""direction"":""sell_full"",""amount_range"":""$15,001 - $50,000"",""transaction_date"":""2026-07-17"",""days_late"":26,""doc_url"":""https://disclosures-clerk.house.gov/public_disc/ptr-pdfs/2026/20035203.pdf""},{""member"":""Kean, Hon. Thomas H., Jr"",""party"":""R"",""direction"":""sell_partial"",""amount_range"":""$15,001 - $50,000"",""transaction_date"":""2026-03-26"",""days_late"":18,""doc_url"":""https://disclosures-clerk.house.gov/public_disc/ptr-pdfs/2026/20034327.pdf""},{""member"":""Letlow, Hon. Julia"",""party"":""R"",""direction"":""buy"",""amount_range"":""$1,001 - $15,000"",""transaction_date"":""2026-02-05"",""days_late"":35,""doc_url"":""https://disclosures-clerk.house.gov/public_disc/ptr-pdfs/2026/20034106.pdf""},{""member"":""Johnson, Hon. Julie"",""party"":""D"",""direction"":""sell_full"",""amount_range"":""$1,001 - $15,000"",""transaction_date"":""2025-12-18"",""days_late"":28,""doc_url"":""https://disclosures-clerk.house.gov/public_disc/ptr-pdfs/2026/20033789.pdf""},{""member"":""Moskowitz, Hon. Jared"",""party"":""D"",""direction"":""sell_full"",""amount_range"":""$1,001 - $15,000"",""transaction_date"":""2025-12-02"",""days_late"":45,""doc_url"":""https://disclosures-clerk.house.gov/public_disc/ptr-pdfs/2026/20033760.pdf""},{""member"":""Moskowitz, Hon. Jared"",""party"":""D"",""direction"":""sell_full"",""amount_range"":""$1,001 - $15,000"",""transaction_date"":""2025-12-02"",""days_late"":45,""doc_url"":""https://disclosures-clerk.house.gov/public_disc/ptr-pdfs/2026/20033760.pdf""},{""member"":""Moskowitz, Hon. Jared"",""party"":""D"",""direction"":""sell_full"",""amount_range"":""$15,001 - $50,000"",""transaction_date"":""2025-12-02"",""days_late"":45,""doc_url"":""https://disclosures-clerk.house.gov/public_disc/ptr-pdfs/2026/20033760.pdf""}]"
FANG,us,"Diamondback Energy, Inc.",Crude Petroleum & Natural Gas,0.108,0.501,154,492,-86,"[-1.005,-1.126,-1.373,-1.384,-1.183,-1.261,-1.562,-1.282,-0.911,0.138,0.239,0.108,null,null]",,,,,,1,2025-12-22,"[{""member"":""Williams, Hon. Roger"",""party"":""R"",""direction"":""sell_partial"",""amount_range"":""$1,001 - $15,000"",""transaction_date"":""2025-12-22"",""days_late"":24,""doc_url"":""https://disclosures-clerk.house.gov/public_disc/ptr-pdfs/2026/20033783.pdf""}]"
REG,us,REGENCY CENTERS CORP,Real Estate Investment Trusts,0.101,0.502,155,492,63,"[-1.079,-1.345,-1.398,-1.57,-1.325,-1.428,-1.886,-1.265,-1.16,-1.139,-0.633,0.101,null,null]",,,,,,1,2026-01-09,"[{""member"":""Cisneros, Hon. Gilbert"",""party"":""D"",""direction"":""buy"",""amount_range"":""$1,001 - $15,000"",""transaction_date"":""2026-01-09"",""days_late"":35,""doc_url"":""https://disclosures-clerk.house.gov/public_disc/ptr-pdfs/2026/20033983.pdf""}]"
ADSK,us,"Autodesk, Inc.",Services-Prepackaged Software,0.093,0.502,156,492,274,"[-0.966,-0.776,-1.179,-1.538,-1.171,-1.307,-0.831,-1.005,-0.996,-0.888,-1.332,0.093,null,null]",,,,,,,,
GOOGL,us,Alphabet Inc.,"Services-Computer Programming, Data Processing, Etc.",0.082,0.502,157,492,32,"[-0.621,-0.53,-0.996,-0.757,-0.659,-0.424,-1.215,-0.879,-0.642,-0.716,-0.454,0.082,null,null]",,,1,2026-09-30,1,23,2026-07-22,"[{""member"":""Kean, Hon. Thomas H., Jr"",""party"":""R"",""direction"":""sell_partial"",""amount_range"":""$1,001 - $15,000"",""transaction_date"":""2026-07-22"",""days_late"":27,""doc_url"":""https://disclosures-clerk.house.gov/public_disc/ptr-pdfs/2026/20035273.pdf""},{""member"":""Taylor, Hon. David J."",""party"":""R"",""direction"":""buy"",""amount_range"":""$1,001 - $15,000"",""transaction_date"":""2026-07-17"",""days_late"":20,""doc_url"":""https://disclosures-clerk.house.gov/public_disc/ptr-pdfs/2026/20035146.pdf""},{""member"":""Newhouse, Hon. Dan"",""party"":""R"",""direction"":""sell_partial"",""amount_range"":""$1,001 - $15,000"",""transaction_date"":""2026-07-10"",""days_late"":7,""doc_url"":""https://disclosures-clerk.house.gov/public_disc/ptr-pdfs/2026/20034998.pdf""},{""member"":""Rulli, Hon. Michael"",""party"":""R"",""direction"":""buy"",""amount_range"":""$1,001 - $15,000"",""transaction_date"":""2026-06-29"",""days_late"":39,""doc_url"":""https://disclosures-clerk.house.gov/public_disc/ptr-pdfs/2026/20035147.pdf""},{""member"":""Rulli, Hon. Michael"",""party"":""R"",""direction"":""buy"",""amount_range"":""$1,001 - $15,000"",""transaction_date"":""2026-06-25"",""days_late"":43,""doc_url"":""https://disclosures-clerk.house.gov/public_disc/ptr-pdfs/2026/20035147.pdf""},{""member"":""Kean, Hon. Thomas H., Jr"",""party"":""R"",""direction"":""sell_partial"",""amount_range"":""$15,001 - $50,000"",""transaction_date"":""2026-06-24"",""days_late"":21,""doc_url"":""https://disclosures-clerk.house.gov/public_disc/ptr-pdfs/2026/20035003.pdf""},{""member"":""Van Epps, Hon. Matthew Robert"",""party"":""R"",""direction"":""sell_full"",""amount_range"":""$1,001 - $15,000"",""transaction_date"":""2026-06-16"",""days_late"":1,""doc_url"":""https://disclosures-clerk.house.gov/public_disc/ptr-pdfs/2026/20034807.pdf""},{""member"":""Taylor, Hon. David J."",""party"":""R"",""direction"":""buy"",""amount_range"":""$1,001 - $15,000"",""transaction_date"":""2026-06-05"",""days_late"":7,""doc_url"":""https://disclosures-clerk.house.gov/public_disc/ptr-pdfs/2026/20034780.pdf""}]"
HSY,us,HERSHEY CO,Sugar & Confectionery Products,0.073,0.502,158,492,-140,"[-0.684,-1.125,-0.182,-0.692,0.678,-0.742,-0.76,0.795,-0.939,-0.202,0.626,0.073,null,null]",,,,,,4,2026-07-10,"[{""member"":""Newhouse, Hon. Dan"",""party"":""R"",""direction"":""sell_full"",""amount_range"":""$1,001 - $15,000"",""transaction_date"":""2026-07-10"",""days_late"":7,""doc_url"":""https://disclosures-clerk.house.gov/public_disc/ptr-pdfs/2026/20034998.pdf""},{""member"":""Franklin, Hon. Scott Scott"",""party"":""R"",""direction"":""sell_full"",""amount_range"":""$1,001 - $15,000"",""transaction_date"":""2026-02-10"",""days_late"":13,""doc_url"":""https://disclosures-clerk.house.gov/public_disc/ptr-pdfs/2026/20034050.pdf""},{""member"":""Franklin, Hon. Scott Scott"",""party"":""R"",""direction"":""sell_full"",""amount_range"":""$1,001 - $15,000"",""transaction_date"":""2026-02-10"",""days_late"":13,""doc_url"":""https://disclosures-clerk.house.gov/public_disc/ptr-pdfs/2026/20034050.pdf""},{""member"":""Franklin, Hon. Scott Scott"",""party"":""R"",""direction"":""sell_full"",""amount_range"":""$50,001 - $100,000"",""transaction_date"":""2026-02-10"",""days_late"":13,""doc_url"":""https://disclosures-clerk.house.gov/public_disc/ptr-pdfs/2026/20034050.pdf""}]"
HCA,us,"HCA Healthcare, Inc.","Services-General Medical & Surgical Hospitals, NEC",0.07,0.503,159,492,35,"[-0.835,-0.874,-0.82,-0.308,-0.851,-0.803,-0.53,-0.185,-0.887,-1.011,-0.483,0.07,null,null]",,,,,,2,2026-06-17,"[{""member"":""Moskowitz, Hon. Jared"",""party"":""D"",""direction"":""buy"",""amount_range"":""$1,001 - $15,000"",""transaction_date"":""2026-06-17"",""days_late"":39,""doc_url"":""https://disclosures-clerk.house.gov/public_disc/ptr-pdfs/2026/20034963.pdf""},{""member"":""Moskowitz, Hon. Jared"",""party"":""D"",""direction"":""buy"",""amount_range"":""$1,001 - $15,000"",""transaction_date"":""2026-06-17"",""days_late"":39,""doc_url"":""https://disclosures-clerk.house.gov/public_disc/ptr-pdfs/2026/20034963.pdf""}]"
MDT,us,Medtronic plc,Electromedical & Electrotherapeutic Apparatus,0.063,0.503,160,492,149,"[-0.205,-1.14,-1.077,-1.278,-1.125,-0.907,-1.651,-1.036,-1.044,-1.047,-1.037,0.063,null,null]",,,,,,5,2026-07-30,"[{""member"":""McCormick, Hon. Richard Dean Dr"",""party"":null,""direction"":""sell_full"",""amount_range"":""$1,001 - $15,000"",""transaction_date"":""2026-07-30"",""days_late"":15,""doc_url"":""https://disclosures-clerk.house.gov/public_disc/ptr-pdfs/2026/20035204.pdf""},{""member"":""Cisneros, Hon. Gilbert"",""party"":""D"",""direction"":""sell_partial"",""amount_range"":""$1,001 - $15,000"",""transaction_date"":""2026-05-15"",""days_late"":24,""doc_url"":""https://disclosures-clerk.house.gov/public_disc/ptr-pdfs/2026/20034713.pdf""},{""member"":""Hern, Hon. Kevin"",""party"":""R"",""direction"":""sell_full"",""amount_range"":""$15,001 - $50,000"",""transaction_date"":""2026-03-20"",""days_late"":14,""doc_url"":""https://disclosures-clerk.house.gov/public_disc/ptr-pdfs/2026/20034262.pdf""},{""member"":""Johnson, Hon. Julie"",""party"":""D"",""direction"":""sell_full"",""amount_range"":""$1,001 - $15,000"",""transaction_date"":""2025-12-18"",""days_late"":28,""doc_url"":""https://disclosures-clerk.house.gov/public_disc/ptr-pdfs/2026/20033789.pdf""},{""member"":""Johnson, Hon. Julie"",""party"":""D"",""direction"":""sell_partial"",""amount_range"":""$1,001 - $15,000"",""transaction_date"":""2025-05-07"",""days_late"":455,""doc_url"":""https://disclosures-clerk.house.gov/public_disc/ptr-pdfs/2026/20035035.pdf""}]"
AMT,us,AMERICAN TOWER CORP /MA/,Real Estate Investment Trusts,0.057,0.503,161,492,-116,"[-0.556,-1.453,-0.537,-1.273,-0.017,-0.691,-0.617,0.963,-1.706,0.405,0.366,0.057,null,null]",,,,,,2,2026-05-11,"[{""member"":""Evans, Hon. Dwight"",""party"":""D"",""direction"":""sell_full"",""amount_range"":""$1,001 - $15,000"",""transaction_date"":""2026-05-11"",""days_late"":4,""doc_url"":""https://disclosures-clerk.house.gov/public_disc/ptr-pdfs/2026/20034556.pdf""},{""member"":""McCormick, Hon. Richard Dean Dr"",""party"":null,""direction"":""sell_full"",""amount_range"":""$1,001 - $15,000"",""transaction_date"":""2026-04-17"",""days_late"":25,""doc_url"":""https://disclosures-clerk.house.gov/public_disc/ptr-pdfs/2026/20034542.pdf""}]"
ES,us,EVERSOURCE ENERGY,Electric Services,0.054,0.503,162,492,50,"[-0.903,-1.267,-1.135,-1.142,-1.233,-0.959,-1.653,-1.384,-1.194,-1.057,-0.594,0.054,null,null]",,,,,,,,
NVDA,us,NVIDIA CORP,Semiconductors & Related Devices,0.049,0.503,163,492,42,"[0.641,0.69,0.897,1.946,0.746,0.677,1.132,-0.026,0.957,1.019,-0.531,0.049,null,null]",,,8,2026-09-21,,30,2026-07-21,"[{""member"":""Liccardo, Hon. Sam T."",""party"":""D"",""direction"":""sell_partial"",""amount_range"":""$15,001 - $50,000"",""transaction_date"":""2026-07-21"",""days_late"":6,""doc_url"":""https://disclosures-clerk.house.gov/public_disc/ptr-pdfs/2026/20034736.pdf""},{""member"":""Newhouse, Hon. Dan"",""party"":""R"",""direction"":""sell_partial"",""amount_range"":""$1,001 - $15,000"",""transaction_date"":""2026-07-10"",""days_late"":7,""doc_url"":""https://disclosures-clerk.house.gov/public_disc/ptr-pdfs/2026/20034998.pdf""},{""member"":""Fields, Cleo"",""party"":""D"",""direction"":""buy"",""amount_range"":""$1,001 - $15,000"",""transaction_date"":""2026-06-26"",""days_late"":20,""doc_url"":""https://disclosures-clerk.house.gov/public_disc/ptr-pdfs/2026/20034894.pdf""},{""member"":""Fields, Cleo"",""party"":""D"",""direction"":""buy"",""amount_range"":""$1,001 - $15,000"",""transaction_date"":""2026-06-26"",""days_late"":20,""doc_url"":""https://disclosures-clerk.house.gov/public_disc/ptr-pdfs/2026/20034894.pdf""},{""member"":""Fields, Cleo"",""party"":""D"",""direction"":""buy"",""amount_range"":""$1,001 - $15,000"",""transaction_date"":""2026-06-26"",""days_late"":20,""doc_url"":""https://disclosures-clerk.house.gov/public_disc/ptr-pdfs/2026/20034894.pdf""},{""member"":""Rulli, Hon. Michael"",""party"":""R"",""direction"":""buy"",""amount_range"":""$1,001 - $15,000"",""transaction_date"":""2026-06-25"",""days_late"":43,""doc_url"":""https://disclosures-clerk.house.gov/public_disc/ptr-pdfs/2026/20035147.pdf""},{""member"":""Van Epps, Hon. Matthew Robert"",""party"":""R"",""direction"":""sell_full"",""amount_range"":""$1,001 - $15,000"",""transaction_date"":""2026-06-16"",""days_late"":1,""doc_url"":""https://disclosures-clerk.house.gov/public_disc/ptr-pdfs/2026/20034807.pdf""},{""member"":""Meuser, Hon. Daniel"",""party"":""R"",""direction"":""sell_partial"",""amount_range"":""$1,001 - $15,000"",""transaction_date"":""2026-05-27"",""days_late"":36,""doc_url"":""https://disclosures-clerk.house.gov/public_disc/ptr-pdfs/2026/20034774.pdf""}]"
KHC,us,Kraft Heinz Co,"Canned, Frozen & Preservd Fruit, Veg & Food Specialties",0.044,0.503,164,492,-120,"[-0.939,-0.868,-1.182,-0.781,-0.524,-0.834,-1.239,-0.174,-1.022,0.054,0.373,0.044,null,null]",,,,,,4,2026-04-14,"[{""member"":""Cisneros, Hon. Gilbert"",""party"":""D"",""direction"":""sell_full"",""amount_range"":""$1,001 - $15,000"",""transaction_date"":""2026-04-14"",""days_late"":24,""doc_url"":""https://disclosures-clerk.house.gov/public_disc/ptr-pdfs/2026/20034500.pdf""},{""member"":""Cisneros, Hon. Gilbert"",""party"":""D"",""direction"":""sell_partial"",""amount_range"":""$1,001 - $15,000"",""transaction_date"":""2026-01-09"",""days_late"":35,""doc_url"":""https://disclosures-clerk.house.gov/public_disc/ptr-pdfs/2026/20033983.pdf""},{""member"":""Letlow, Hon. Julia"",""party"":""R"",""direction"":""sell_full"",""amount_range"":""$1,001 - $15,000"",""transaction_date"":""2024-11-19"",""days_late"":420,""doc_url"":""https://disclosures-clerk.house.gov/public_disc/ptr-pdfs/2026/20030977.pdf""},{""member"":""Letlow, Hon. Julia"",""party"":""R"",""direction"":""buy"",""amount_range"":""$1,001 - $15,000"",""transaction_date"":""2024-10-23"",""days_late"":447,""doc_url"":""https://disclosures-clerk.house.gov/public_disc/ptr-pdfs/2026/20030977.pdf""}]"
NI,us,NISOURCE INC.,Electric & Other Services Combined,0.036,0.504,165,492,-32,"[-0.843,-1.311,-1.274,-1.338,-1.204,-1.127,-1.689,-1.285,-1.049,-0.455,-0.149,0.036,null,null]",,,,,,,,
KR,us,KROGER CO,Retail-Grocery Stores,0.025,0.504,166,492,-65,"[0.42,-0.932,-0.262,-0.196,1.22,0.007,-0.084,0.972,-0.45,0.094,0.07,0.025,null,null]",,,,,,,,
JKHY,us,JACK HENRY & ASSOCIATES INC,Services-Computer Integrated Systems Design,0.024,0.504,167,492,-74,"[-1.096,-0.887,-0.894,-0.954,-0.807,-0.889,-1.325,-0.912,-0.936,-0.996,0.135,0.024,null,null]",,,,,,2,2026-06-16,"[{""member"":""Cisneros, Hon. Gilbert"",""party"":""D"",""direction"":""buy"",""amount_range"":""$1,001 - $15,000"",""transaction_date"":""2026-06-16"",""days_late"":16,""doc_url"":""https://disclosures-clerk.house.gov/public_disc/ptr-pdfs/2026/20034906.pdf""},{""member"":""Cisneros, Hon. Gilbert"",""party"":""D"",""direction"":""sell_full"",""amount_range"":""$1,001 - $15,000"",""transaction_date"":""2026-04-14"",""days_late"":24,""doc_url"":""https://disclosures-clerk.house.gov/public_disc/ptr-pdfs/2026/20034500.pdf""}]"
NFLX,us,NETFLIX INC,Services-Video Tape Rental,0.01,0.504,168,492,72,"[-0.34,-0.568,-1.061,-1.037,-0.963,-0.321,-1.172,-0.714,-0.428,-0.757,-0.736,0.01,null,null]",,,3,2026-09-10,,6,2026-03-20,"[{""member"":""Donalds, Hon. Byron"",""party"":""R"",""direction"":""buy"",""amount_range"":""$1,001 - $15,000"",""transaction_date"":""2026-03-20"",""days_late"":19,""doc_url"":""https://disclosures-clerk.house.gov/public_disc/ptr-pdfs/2026/20034297.pdf""},{""member"":""Donalds, Hon. Byron"",""party"":""R"",""direction"":""buy"",""amount_range"":""$1,001 - $15,000"",""transaction_date"":""2026-03-20"",""days_late"":19,""doc_url"":""https://disclosures-clerk.house.gov/public_disc/ptr-pdfs/2026/20034297.pdf""},{""member"":""Fields, Cleo"",""party"":""D"",""direction"":""buy"",""amount_range"":""$50,001 - $100,000"",""transaction_date"":""2026-01-20"",""days_late"":14,""doc_url"":""https://disclosures-clerk.house.gov/public_disc/ptr-pdfs/2026/20033858.pdf""},{""member"":""Allen, Hon. Richard W."",""party"":""R"",""direction"":""sell_full"",""amount_range"":""$1,001 - $15,000"",""transaction_date"":""2025-12-12"",""days_late"":34,""doc_url"":""https://disclosures-clerk.house.gov/public_disc/ptr-pdfs/2026/20033751.pdf""},{""member"":""Cisneros, Hon. Gilbert"",""party"":""D"",""direction"":""sell_partial"",""amount_range"":""$1,001 - $15,000"",""transaction_date"":""2025-12-10"",""days_late"":33,""doc_url"":""https://disclosures-clerk.house.gov/public_disc/ptr-pdfs/2026/20033762.pdf""},{""member"":""Jackson, Hon. Jonathan"",""party"":""D"",""direction"":""sell_full"",""amount_range"":""$50,001 - $100,000"",""transaction_date"":""2025-12-08"",""days_late"":31,""doc_url"":""https://disclosures-clerk.house.gov/public_disc/ptr-pdfs/2026/20033739.pdf""}]"
AZO,us,AUTOZONE INC,Retail-Auto & Home Supply Stores,0.002,0.505,169,492,-14,"[-0.618,-0.981,-0.597,0.023,0.896,-1.083,-0.166,0.393,-1.083,-0.669,-0.26,0.002,null,null]",,,,,,3,2026-05-29,"[{""member"":""Cisneros, Hon. Gilbert"",""party"":""D"",""direction"":""sell_partial"",""amount_range"":""$1,001 - $15,000"",""transaction_date"":""2026-05-29"",""days_late"":10,""doc_url"":""https://disclosures-clerk.house.gov/public_disc/ptr-pdfs/2026/20034713.pdf""},{""member"":""Cisneros, Hon. Gilbert"",""party"":""D"",""direction"":""buy"",""amount_range"":""$1,001 - $15,000"",""transaction_date"":""2026-01-30"",""days_late"":14,""doc_url"":""https://disclosures-clerk.house.gov/public_disc/ptr-pdfs/2026/20033983.pdf""},{""member"":""Cisneros, Hon. Gilbert"",""party"":""D"",""direction"":""sell_partial"",""amount_range"":""$1,001 - $15,000"",""transaction_date"":""2025-12-24"",""days_late"":19,""doc_url"":""https://disclosures-clerk.house.gov/public_disc/ptr-pdfs/2026/20033762.pdf""}]"
CHTR,us,"CHARTER COMMUNICATIONS, INC. /MO/",Cable & Other Pay Television Services,0.001,0.505,170,492,-157,"[-0.51,-0.466,-0.894,-1.124,-0.047,-0.943,-0.768,-0.53,-0.914,0.935,0.713,0.001,null,null]",,,,,,2,2026-04-14,"[{""member"":""Cisneros, Hon. Gilbert"",""party"":""D"",""direction"":""sell_partial"",""amount_range"":""$1,001 - $15,000"",""transaction_date"":""2026-04-14"",""days_late"":24,""doc_url"":""https://disclosures-clerk.house.gov/public_disc/ptr-pdfs/2026/20034500.pdf""},{""member"":""Cisneros, Hon. Gilbert"",""party"":""D"",""direction"":""buy"",""amount_range"":""$1,001 - $15,000"",""transaction_date"":""2026-03-13"",""days_late"":25,""doc_url"":""https://disclosures-clerk.house.gov/public_disc/ptr-pdfs/2026/20034285.pdf""}]"
GOOG,us,Alphabet Inc.,"Services-Computer Programming, Data Processing, Etc.",0,0.505,171,492,27,"[-0.647,-0.516,-0.958,-0.777,-0.645,-0.375,-1.249,-0.824,-0.741,-0.693,-0.508,0,null,null]",,,,,,6,2026-06-15,"[{""member"":""Fields, Cleo"",""party"":""D"",""direction"":""buy"",""amount_range"":""$1,001 - $15,000"",""transaction_date"":""2026-06-15"",""days_late"":11,""doc_url"":""https://disclosures-clerk.house.gov/public_disc/ptr-pdfs/2026/20034800.pdf""},{""member"":""Crenshaw, Hon. Daniel"",""party"":""R"",""direction"":""sell_full"",""amount_range"":""$1,001 - $15,000"",""transaction_date"":""2026-06-01"",""days_late"":45,""doc_url"":""https://disclosures-clerk.house.gov/public_disc/ptr-pdfs/2026/20035024.pdf""},{""member"":""Fields, Cleo"",""party"":""D"",""direction"":""buy"",""amount_range"":""$1,001 - $15,000"",""transaction_date"":""2026-03-16"",""days_late"":22,""doc_url"":""https://disclosures-clerk.house.gov/public_disc/ptr-pdfs/2026/20034295.pdf""},{""member"":""Fields, Cleo"",""party"":""D"",""direction"":""buy"",""amount_range"":""$100,001 - $250,000"",""transaction_date"":""2026-01-20"",""days_late"":14,""doc_url"":""https://disclosures-clerk.house.gov/public_disc/ptr-pdfs/2026/20033858.pdf""},{""member"":""Fields, Cleo"",""party"":""D"",""direction"":""buy"",""amount_range"":""$1,001 - $15,000"",""transaction_date"":""2026-01-12"",""days_late"":22,""doc_url"":""https://disclosures-clerk.house.gov/public_disc/ptr-pdfs/2026/20033858.pdf""},{""member"":""Johnson, Hon. Julie"",""party"":""D"",""direction"":""sell_full"",""amount_range"":""$1,001 - $15,000"",""transaction_date"":""2025-12-18"",""days_late"":28,""doc_url"":""https://disclosures-clerk.house.gov/public_disc/ptr-pdfs/2026/20033789.pdf""}]"
ETN,us,Eaton Corp plc,Misc Industrial & Commercial Machinery & Equipment,-0.002,0.505,172,492,-16,"[-0.337,-0.554,-0.745,-0.796,-0.415,-0.41,-1.062,-0.868,-0.569,-0.469,-0.268,-0.002,null,null]",,,,,,6,2026-04-08,"[{""member"":""Fletcher, Hon. Elizabeth"",""party"":""D"",""direction"":""sell_partial"",""amount_range"":""$1,001 - $15,000"",""transaction_date"":""2026-04-08"",""days_late"":23,""doc_url"":""https://disclosures-clerk.house.gov/public_disc/ptr-pdfs/2026/20034413.pdf""},{""member"":""Taylor, Hon. David J."",""party"":""R"",""direction"":""sell_full"",""amount_range"":""$1,001 - $15,000"",""transaction_date"":""2026-02-26"",""days_late"":8,""doc_url"":""https://disclosures-clerk.house.gov/public_disc/ptr-pdfs/2026/20034138.pdf""},{""member"":""Taylor, Hon. David J."",""party"":""R"",""direction"":""buy"",""amount_range"":""$1,001 - $15,000"",""transaction_date"":""2026-01-16"",""days_late"":17,""doc_url"":""https://disclosures-clerk.house.gov/public_disc/ptr-pdfs/2026/20033916.pdf""},{""member"":""Cisneros, Hon. Gilbert"",""party"":""D"",""direction"":""sell_partial"",""amount_range"":""$1,001 - $15,000"",""transaction_date"":""2025-12-24"",""days_late"":19,""doc_url"":""https://disclosures-clerk.house.gov/public_disc/ptr-pdfs/2026/20033762.pdf""},{""member"":""Johnson, Hon. Julie"",""party"":""D"",""direction"":""sell_full"",""amount_range"":""$1,001 - $15,000"",""transaction_date"":""2025-12-18"",""days_late"":28,""doc_url"":""https://disclosures-clerk.house.gov/public_disc/ptr-pdfs/2026/20033789.pdf""},{""member"":""Walberg, Hon. Tim"",""party"":""R"",""direction"":""buy"",""amount_range"":""$15,001 - $50,000"",""transaction_date"":""2025-02-07"",""days_late"":481,""doc_url"":""https://disclosures-clerk.house.gov/public_disc/ptr-pdfs/2026/20034660.pdf""}]"
BLDR,us,"Builders FirstSource, Inc.",Retail-Lumber & Other Building Materials Dealers,-0.01,0.505,173,492,-61,"[-0.769,-0.97,-0.82,-1.06,-0.806,-1.195,-1.105,-1.01,0.319,0.657,-0.019,-0.01,null,null]",,,,,,,,
MOH,us,"MOLINA HEALTHCARE, INC.",Hospital & Medical Service Plans,-0.017,0.505,174,492,-38,"[-0.167,-0.915,-0.36,0.182,0.661,-0.81,-0.535,0.749,0.627,-0.633,-0.16,-0.017,null,null]",,,,,,,,
L,us,LOEWS CORP,"Fire, Marine & Casualty Insurance",-0.018,0.505,175,492,15,"[-1.138,-1.378,-1.306,-1.589,-1.308,-1.334,-1.79,-1.263,-1.158,-1.285,-0.455,-0.018,null,null]",,,,,,,,
ADP,us,AUTOMATIC DATA PROCESSING INC,Services-Computer Processing & Data Preparation,-0.027,0.506,176,492,-90,"[-0.821,-1.083,-1.002,-1.239,-0.923,-1.057,-1.687,-1.142,-0.642,-0.941,0.16,-0.027,null,null]",,,,,,8,2026-07-30,"[{""member"":""McCormick, Hon. Richard Dean Dr"",""party"":null,""direction"":""sell_full"",""amount_range"":""$1,001 - $15,000"",""transaction_date"":""2026-07-30"",""days_late"":15,""doc_url"":""https://disclosures-clerk.house.gov/public_disc/ptr-pdfs/2026/20035204.pdf""},{""member"":""Cisneros, Hon. Gilbert"",""party"":""D"",""direction"":""buy"",""amount_range"":""$1,001 - $15,000"",""transaction_date"":""2026-06-16"",""days_late"":16,""doc_url"":""https://disclosures-clerk.house.gov/public_disc/ptr-pdfs/2026/20034906.pdf""},{""member"":""Cisneros, Hon. Gilbert"",""party"":""D"",""direction"":""sell_partial"",""amount_range"":""$1,001 - $15,000"",""transaction_date"":""2026-04-14"",""days_late"":24,""doc_url"":""https://disclosures-clerk.house.gov/public_disc/ptr-pdfs/2026/20034500.pdf""},{""member"":""Moskowitz, Hon. Jared"",""party"":""D"",""direction"":""sell_full"",""amount_range"":""$1,001 - $15,000"",""transaction_date"":""2026-03-23"",""days_late"":38,""doc_url"":""https://disclosures-clerk.house.gov/public_disc/ptr-pdfs/2026/20034274.pdf""},{""member"":""Moskowitz, Hon. Jared"",""party"":""D"",""direction"":""sell_full"",""amount_range"":""$1,001 - $15,000"",""transaction_date"":""2026-03-23"",""days_late"":38,""doc_url"":""https://disclosures-clerk.house.gov/public_disc/ptr-pdfs/2026/20034274.pdf""},{""member"":""Moskowitz, Hon. Jared"",""party"":""D"",""direction"":""sell_full"",""amount_range"":""$1,001 - $15,000"",""transaction_date"":""2026-03-23"",""days_late"":38,""doc_url"":""https://disclosures-clerk.house.gov/public_disc/ptr-pdfs/2026/20034274.pdf""},{""member"":""McCormick, Hon. Richard Dean Dr"",""party"":null,""direction"":""sell_partial"",""amount_range"":""$1,001 - $15,000"",""transaction_date"":""2026-03-19"",""days_late"":19,""doc_url"":""https://disclosures-clerk.house.gov/public_disc/ptr-pdfs/2026/20033648.pdf""},{""member"":""McCormick, Hon. Richard Dean Dr"",""party"":null,""direction"":""buy"",""amount_range"":""$1,001 - $15,000"",""transaction_date"":""2026-03-19"",""days_late"":19,""doc_url"":""https://disclosures-clerk.house.gov/public_disc/ptr-pdfs/2026/20033648.pdf""}]"
COP,us,CONOCOPHILLIPS,Petroleum Refining,-0.028,0.506,177,492,-102,"[-0.873,-1.169,-1.351,-1.263,-1.227,-1.184,-1.475,-1.058,-0.66,0.233,0.208,-0.028,null,null]",,,,,,4,2026-02-10,"[{""member"":""Cisneros, Hon. Gilbert"",""party"":""D"",""direction"":""buy"",""amount_range"":""$1,001 - $15,000"",""transaction_date"":""2026-02-10"",""days_late"":27,""doc_url"":""https://disclosures-clerk.house.gov/public_disc/ptr-pdfs/2026/20034144.pdf""},{""member"":""Cisneros, Hon. Gilbert"",""party"":""D"",""direction"":""sell_full"",""amount_range"":""$1,001 - $15,000"",""transaction_date"":""2026-01-09"",""days_late"":35,""doc_url"":""https://disclosures-clerk.house.gov/public_disc/ptr-pdfs/2026/20033983.pdf""},{""member"":""Cisneros, Hon. Gilbert"",""party"":""D"",""direction"":""sell_full"",""amount_range"":""$15,001 - $50,000"",""transaction_date"":""2026-01-07"",""days_late"":37,""doc_url"":""https://disclosures-clerk.house.gov/public_disc/ptr-pdfs/2026/20033983.pdf""},{""member"":""Johnson, Hon. Julie"",""party"":""D"",""direction"":""sell_full"",""amount_range"":""$1,001 - $15,000"",""transaction_date"":""2025-12-18"",""days_late"":28,""doc_url"":""https://disclosures-clerk.house.gov/public_disc/ptr-pdfs/2026/20033789.pdf""}]"
CEG,us,Constellation Energy Corp,Electric Services,-0.041,0.506,178,492,46,"[-0.077,0.931,-0.234,-0.039,-0.173,-0.13,-0.061,0.311,0.621,-0.666,-0.658,-0.041,null,null]",,,,,,,,
KVUE,us,Kenvue Inc.,"Perfumes, Cosmetics & Other Toilet Preparations",-0.043,0.506,179,492,-18,"[-0.477,-1.371,-0.056,0.221,-0.092,-0.465,-0.462,-0.319,-0.987,-0.766,-0.296,-0.043,null,null]",,,,,,8,2026-08-05,"[{""member"":""Hern, Hon. Kevin"",""party"":""R"",""direction"":""sell_full"",""amount_range"":""$1,001 - $15,000"",""transaction_date"":""2026-08-05"",""days_late"":5,""doc_url"":""https://disclosures-clerk.house.gov/public_disc/ptr-pdfs/2026/20035134.pdf""},{""member"":""Cisneros, Hon. Gilbert"",""party"":""D"",""direction"":""buy"",""amount_range"":""$1,001 - $15,000"",""transaction_date"":""2026-06-16"",""days_late"":16,""doc_url"":""https://disclosures-clerk.house.gov/public_disc/ptr-pdfs/2026/20034906.pdf""},{""member"":""Hern, Hon. Kevin"",""party"":""R"",""direction"":""sell_full"",""amount_range"":""$15,001 - $50,000"",""transaction_date"":""2026-03-17"",""days_late"":17,""doc_url"":""https://disclosures-clerk.house.gov/public_disc/ptr-pdfs/2026/20034262.pdf""},{""member"":""Cisneros, Hon. Gilbert"",""party"":""D"",""direction"":""sell_full"",""amount_range"":""$1,001 - $15,000"",""transaction_date"":""2026-03-13"",""days_late"":25,""doc_url"":""https://disclosures-clerk.house.gov/public_disc/ptr-pdfs/2026/20034285.pdf""},{""member"":""Cisneros, Hon. Gilbert"",""party"":""D"",""direction"":""buy"",""amount_range"":""$1,001 - $15,000"",""transaction_date"":""2026-02-10"",""days_late"":27,""doc_url"":""https://disclosures-clerk.house.gov/public_disc/ptr-pdfs/2026/20034144.pdf""},{""member"":""Cisneros, Hon. Gilbert"",""party"":""D"",""direction"":""sell_full"",""amount_range"":""$1,001 - $15,000"",""transaction_date"":""2026-01-09"",""days_late"":35,""doc_url"":""https://disclosures-clerk.house.gov/public_disc/ptr-pdfs/2026/20033983.pdf""},{""member"":""Letlow, Hon. Julia"",""party"":""R"",""direction"":""sell_full"",""amount_range"":""$1,001 - $15,000"",""transaction_date"":""2025-10-01"",""days_late"":104,""doc_url"":""https://disclosures-clerk.house.gov/public_disc/ptr-pdfs/2026/20030977.pdf""},{""member"":""Letlow, Hon. Julia"",""party"":""R"",""direction"":""buy"",""amount_range"":""$1,001 - $15,000"",""transaction_date"":""2024-10-23"",""days_late"":447,""doc_url"":""https://disclosures-clerk.house.gov/public_disc/ptr-pdfs/2026/20030977.pdf""}]"
SWKS,us,"SKYWORKS SOLUTIONS, INC.",Semiconductors & Related Devices,-0.046,0.506,180,492,144,"[0.444,-0.327,-0.427,0.403,0.747,-0.356,0.429,0.054,-0.102,-1.084,-1.075,-0.046,null,null]",,,,,,2,2026-02-10,"[{""member"":""Cisneros, Hon. Gilbert"",""party"":""D"",""direction"":""sell_full"",""amount_range"":""$1,001 - $15,000"",""transaction_date"":""2026-02-10"",""days_late"":27,""doc_url"":""https://disclosures-clerk.house.gov/public_disc/ptr-pdfs/2026/20034144.pdf""},{""member"":""Cisneros, Hon. Gilbert"",""party"":""D"",""direction"":""buy"",""amount_range"":""$1,001 - $15,000"",""transaction_date"":""2026-01-09"",""days_late"":35,""doc_url"":""https://disclosures-clerk.house.gov/public_disc/ptr-pdfs/2026/20033983.pdf""}]"
INVH,us,Invitation Homes Inc.,Real Estate Operators (No Developers) & Lessors,-0.049,0.506,181,492,-8,"[-1.094,-1.305,-1.567,-1.452,-1.279,-1.183,-1.69,-1.207,-1.156,-1.191,-0.381,-0.049,null,null]",,,,,,2,2026-02-10,"[{""member"":""Cisneros, Hon. Gilbert"",""party"":""D"",""direction"":""sell_full"",""amount_range"":""$1,001 - $15,000"",""transaction_date"":""2026-02-10"",""days_late"":27,""doc_url"":""https://disclosures-clerk.house.gov/public_disc/ptr-pdfs/2026/20034144.pdf""},{""member"":""Cisneros, Hon. Gilbert"",""party"":""D"",""direction"":""buy"",""amount_range"":""$1,001 - $15,000"",""transaction_date"":""2025-12-19"",""days_late"":24,""doc_url"":""https://disclosures-clerk.house.gov/public_disc/ptr-pdfs/2026/20033762.pdf""}]"
LMT,us,LOCKHEED MARTIN CORP,Guided Missiles & Space Vehicles & Parts,-0.052,0.506,182,492,-132,"[-0.46,-1.37,-0.485,-0.958,-0.989,-1.034,-1.05,-0.788,-1.144,-0.231,0.326,-0.052,null,null]",,,,,,2,2025-12-19,"[{""member"":""Cisneros, Hon. Gilbert"",""party"":""D"",""direction"":""sell_partial"",""amount_range"":""$1,001 - $15,000"",""transaction_date"":""2025-12-19"",""days_late"":24,""doc_url"":""https://disclosures-clerk.house.gov/public_disc/ptr-pdfs/2026/20033762.pdf""},{""member"":""Walberg, Hon. Tim"",""party"":""R"",""direction"":""buy"",""amount_range"":""$1,001 - $15,000"",""transaction_date"":""2025-02-07"",""days_late"":481,""doc_url"":""https://disclosures-clerk.house.gov/public_disc/ptr-pdfs/2026/20034660.pdf""}]"
ALGN,us,ALIGN TECHNOLOGY INC,"Orthopedic, Prosthetic & Surgical Appliances & Supplies",-0.068,0.507,183,492,-5,"[0.318,0.089,-0.907,-1.072,-1.004,-1.153,-1.762,-1.059,-0.447,0.007,-0.404,-0.068,null,null]",,,,,,,,
PTC,us,PTC INC.,Services-Prepackaged Software,-0.068,0.507,184,492,275,"[-0.922,-1.001,-1.335,-1.503,-1.135,-1.222,-1.717,-1.193,-1.113,-1.267,-1.413,-0.068,null,null]",,,,,,5,2026-01-30,"[{""member"":""Delaney, Hon. April McClain"",""party"":null,""direction"":""sell_full"",""amount_range"":""$1,001 - $15,000"",""transaction_date"":""2026-01-30"",""days_late"":3,""doc_url"":""https://disclosures-clerk.house.gov/public_disc/ptr-pdfs/2026/20033921.pdf""},{""member"":""Cisneros, Hon. Gilbert"",""party"":""D"",""direction"":""buy"",""amount_range"":""$1,001 - $15,000"",""transaction_date"":""2026-01-28"",""days_late"":16,""doc_url"":""https://disclosures-clerk.house.gov/public_disc/ptr-pdfs/2026/20033983.pdf""},{""member"":""Delaney, Hon. April McClain"",""party"":null,""direction"":""sell_partial"",""amount_range"":""$1,001 - $15,000"",""transaction_date"":""2026-01-23"",""days_late"":10,""doc_url"":""https://disclosures-clerk.house.gov/public_disc/ptr-pdfs/2026/20033921.pdf""},{""member"":""Delaney, Hon. April McClain"",""party"":null,""direction"":""sell_partial"",""amount_range"":""$1,001 - $15,000"",""transaction_date"":""2025-12-05"",""days_late"":31,""doc_url"":""https://disclosures-clerk.house.gov/public_disc/ptr-pdfs/2026/20033737.pdf""},{""member"":""Delaney, Hon. April McClain"",""party"":null,""direction"":""sell_partial"",""amount_range"":""$1,001 - $15,000"",""transaction_date"":""2025-12-02"",""days_late"":34,""doc_url"":""https://disclosures-clerk.house.gov/public_disc/ptr-pdfs/2026/20033737.pdf""}]"
AKAM,us,AKAMAI TECHNOLOGIES INC,"Services-Business Services, NEC",-0.076,0.507,185,492,-57,"[-1.082,-1.205,-1.346,-1.385,-0.664,-1.062,-1.156,-0.961,-0.291,-1.036,-0.113,-0.076,null,null]",,,,,,,,
DDOG,us,"Datadog, Inc.",Services-Prepackaged Software,-0.076,0.507,186,492,-146,"[-0.532,-0.703,-0.873,-0.898,-0.899,-0.82,-0.776,0.081,-0.279,-0.17,0.408,-0.076,null,null]",,,,,,4,2026-05-19,"[{""member"":""Salazar, Hon. Maria Elvira"",""party"":""R"",""direction"":""buy"",""amount_range"":""$1,001 - $15,000"",""transaction_date"":""2026-05-19"",""days_late"":20,""doc_url"":""https://disclosures-clerk.house.gov/public_disc/ptr-pdfs/2026/20034709.pdf""},{""member"":""Salazar, Hon. Maria Elvira"",""party"":""R"",""direction"":""buy"",""amount_range"":""$15,001 - $50,000"",""transaction_date"":""2026-05-19"",""days_late"":20,""doc_url"":""https://disclosures-clerk.house.gov/public_disc/ptr-pdfs/2026/20034709.pdf""},{""member"":""Cisneros, Hon. Gilbert"",""party"":""D"",""direction"":""sell_full"",""amount_range"":""$1,001 - $15,000"",""transaction_date"":""2026-04-14"",""days_late"":24,""doc_url"":""https://disclosures-clerk.house.gov/public_disc/ptr-pdfs/2026/20034500.pdf""},{""member"":""Cisneros, Hon. Gilbert"",""party"":""D"",""direction"":""buy"",""amount_range"":""$1,001 - $15,000"",""transaction_date"":""2026-03-13"",""days_late"":25,""doc_url"":""https://disclosures-clerk.house.gov/public_disc/ptr-pdfs/2026/20034285.pdf""}]"
CME,us,CME GROUP INC.,"Security & Commodity Brokers, Dealers, Exchanges & Services",-0.085,0.507,187,492,-114,"[0.36,-1.178,-0.173,-0.234,1.117,-0.062,0.488,1.525,-1.239,0.239,0.218,-0.085,null,null]",,,,,,3,2026-06-16,"[{""member"":""Cisneros, Hon. Gilbert"",""party"":""D"",""direction"":""sell_partial"",""amount_range"":""$1,001 - $15,000"",""transaction_date"":""2026-06-16"",""days_late"":16,""doc_url"":""https://disclosures-clerk.house.gov/public_disc/ptr-pdfs/2026/20034906.pdf""},{""member"":""Cisneros, Hon. Gilbert"",""party"":""D"",""direction"":""buy"",""amount_range"":""$1,001 - $15,000"",""transaction_date"":""2026-01-09"",""days_late"":35,""doc_url"":""https://disclosures-clerk.house.gov/public_disc/ptr-pdfs/2026/20033983.pdf""},{""member"":""Johnson, Hon. Julie"",""party"":""D"",""direction"":""sell_full"",""amount_range"":""$1,001 - $15,000"",""transaction_date"":""2025-12-18"",""days_late"":28,""doc_url"":""https://disclosures-clerk.house.gov/public_disc/ptr-pdfs/2026/20033789.pdf""}]"
HPQ,us,HP INC,Computer & office Equipment,-0.085,0.507,188,492,29,"[-0.923,-0.696,-0.993,-0.745,-1.05,-0.738,-0.577,-0.911,-0.54,-0.637,-0.626,-0.085,null,null]",,,,,,,,
FCX,us,FREEPORT-MCMORAN INC,Metal Mining,-0.093,0.508,189,492,-131,"[-0.848,-0.882,-0.638,-0.207,-0.177,-0.136,0.467,-0.325,1.193,1.377,0.276,-0.093,null,null]",,,,,,1,2026-04-15,"[{""member"":""Gottheimer, Hon. Josh"",""party"":""D"",""direction"":""buy"",""amount_range"":""$1,001 - $15,000"",""transaction_date"":""2026-04-15"",""days_late"":34,""doc_url"":""https://disclosures-clerk.house.gov/public_disc/ptr-pdfs/2026/20034585.pdf""}]"
ALB,us,ALBEMARLE CORP,"Plastic Materials, Synth Resins & Nonvulcan Elastomers",-0.102,0.508,190,492,-21,"[-0.207,-0.078,-0.456,-0.232,0.21,-0.078,0.131,-0.659,-0.524,-0.071,-0.368,-0.102,null,null]",,,,,,,,
META,us,"Meta Platforms, Inc.","Services-Computer Programming, Data Processing, Etc.",-0.104,0.508,192,492,-88,"[-0.162,0.729,-0.183,-0.359,-0.119,0.084,-0.315,-0.391,-0.022,-0.169,0.036,-0.104,null,null]",,,51,2026-10-05,,18,2026-06-17,"[{""member"":""Moskowitz, Hon. Jared"",""party"":""D"",""direction"":""buy"",""amount_range"":""$1,001 - $15,000"",""transaction_date"":""2026-06-17"",""days_late"":39,""doc_url"":""https://disclosures-clerk.house.gov/public_disc/ptr-pdfs/2026/20034963.pdf""},{""member"":""Moskowitz, Hon. Jared"",""party"":""D"",""direction"":""buy"",""amount_range"":""$1,001 - $15,000"",""transaction_date"":""2026-06-17"",""days_late"":39,""doc_url"":""https://disclosures-clerk.house.gov/public_disc/ptr-pdfs/2026/20034963.pdf""},{""member"":""Van Epps, Hon. Matthew Robert"",""party"":""R"",""direction"":""sell_full"",""amount_range"":""$1,001 - $15,000"",""transaction_date"":""2026-06-16"",""days_late"":1,""doc_url"":""https://disclosures-clerk.house.gov/public_disc/ptr-pdfs/2026/20034807.pdf""},{""member"":""McGuire, Hon. John"",""party"":""R"",""direction"":""buy"",""amount_range"":""$1,001 - $15,000"",""transaction_date"":""2026-06-04"",""days_late"":6,""doc_url"":""https://disclosures-clerk.house.gov/public_disc/ptr-pdfs/2026/20034748.pdf""},{""member"":""Crenshaw, Hon. Daniel"",""party"":""R"",""direction"":""sell_full"",""amount_range"":""$1,001 - $15,000"",""transaction_date"":""2026-06-01"",""days_late"":45,""doc_url"":""https://disclosures-clerk.house.gov/public_disc/ptr-pdfs/2026/20035024.pdf""},{""member"":""Rulli, Hon. Michael"",""party"":""R"",""direction"":""buy"",""amount_range"":""$1,001 - $15,000"",""transaction_date"":""2026-05-06"",""days_late"":93,""doc_url"":""https://disclosures-clerk.house.gov/public_disc/ptr-pdfs/2026/20035147.pdf""},{""member"":""Letlow, Hon. Julia"",""party"":""R"",""direction"":""buy"",""amount_range"":""$1,001 - $15,000"",""transaction_date"":""2026-02-12"",""days_late"":28,""doc_url"":""https://disclosures-clerk.house.gov/public_disc/ptr-pdfs/2026/20034106.pdf""},{""member"":""Fields, Cleo"",""party"":""D"",""direction"":""buy"",""amount_range"":""$100,001 - $250,000"",""transaction_date"":""2026-02-03"",""days_late"":21,""doc_url"":""https://disclosures-clerk.house.gov/public_disc/ptr-pdfs/2026/20034018.pdf""}]"
PCG,us,PG&E Corp,Electric & Other Services Combined,-0.104,0.508,191,492,237,"[-0.812,-0.837,-0.937,-1.038,-1.007,-1.002,-1.611,-1.072,-1.324,-1.152,-1.326,-0.104,null,null]",,,,,,,,
EXE,us,EXPAND ENERGY Corp,Crude Petroleum & Natural Gas,-0.107,0.508,193,492,-34,"[-1.08,-1.128,-1.321,-1.35,-1.303,-1.21,-1.44,-1.033,-0.918,-0.492,-0.278,-0.107,null,null]",,,,,,5,2026-02-17,"[{""member"":""Letlow, Hon. Julia"",""party"":""R"",""direction"":""sell_full"",""amount_range"":""$1,001 - $15,000"",""transaction_date"":""2026-02-17"",""days_late"":23,""doc_url"":""https://disclosures-clerk.house.gov/public_disc/ptr-pdfs/2026/20034106.pdf""},{""member"":""Cisneros, Hon. Gilbert"",""party"":""D"",""direction"":""buy"",""amount_range"":""$1,001 - $15,000"",""transaction_date"":""2026-02-10"",""days_late"":27,""doc_url"":""https://disclosures-clerk.house.gov/public_disc/ptr-pdfs/2026/20034144.pdf""},{""member"":""Cisneros, Hon. Gilbert"",""party"":""D"",""direction"":""sell_full"",""amount_range"":""$1,001 - $15,000"",""transaction_date"":""2025-12-19"",""days_late"":24,""doc_url"":""https://disclosures-clerk.house.gov/public_disc/ptr-pdfs/2026/20033762.pdf""},{""member"":""Letlow, Hon. Julia"",""party"":""R"",""direction"":""sell_partial"",""amount_range"":""$1,001 - $15,000"",""transaction_date"":""2025-07-25"",""days_late"":172,""doc_url"":""https://disclosures-clerk.house.gov/public_disc/ptr-pdfs/2026/20030977.pdf""},{""member"":""Letlow, Hon. Julia"",""party"":""R"",""direction"":""buy"",""amount_range"":""$1,001 - $15,000"",""transaction_date"":""2024-10-23"",""days_late"":447,""doc_url"":""https://disclosures-clerk.house.gov/public_disc/ptr-pdfs/2026/20030977.pdf""}]"
VICI,us,VICI PROPERTIES INC.,Real Estate Investment Trusts,-0.115,0.508,194,492,42,"[-0.908,-1.16,-1.199,-1.467,-1.142,-1.114,-1.472,-1.23,-1.232,0.039,-0.715,-0.115,null,null]",,,,,,3,2026-03-13,"[{""member"":""Cisneros, Hon. Gilbert"",""party"":""D"",""direction"":""sell_full"",""amount_range"":""$1,001 - $15,000"",""transaction_date"":""2026-03-13"",""days_late"":25,""doc_url"":""https://disclosures-clerk.house.gov/public_disc/ptr-pdfs/2026/20034285.pdf""},{""member"":""Cisneros, Hon. Gilbert"",""party"":""D"",""direction"":""buy"",""amount_range"":""$1,001 - $15,000"",""transaction_date"":""2026-01-09"",""days_late"":35,""doc_url"":""https://disclosures-clerk.house.gov/public_disc/ptr-pdfs/2026/20033983.pdf""},{""member"":""Cisneros, Hon. Gilbert"",""party"":""D"",""direction"":""buy"",""amount_range"":""$1,001 - $15,000"",""transaction_date"":""2025-12-19"",""days_late"":24,""doc_url"":""https://disclosures-clerk.house.gov/public_disc/ptr-pdfs/2026/20033762.pdf""}]"
VRSN,us,VERISIGN INC/CA,Services-Computer Programming Services,-0.117,0.508,195,492,-58,"[-0.81,-0.686,-0.72,-0.858,-0.972,-0.956,-0.643,-0.982,-0.871,-0.489,-0.164,-0.117,null,null]",,,,,,5,2026-03-13,"[{""member"":""Cisneros, Hon. Gilbert"",""party"":""D"",""direction"":""sell_partial"",""amount_range"":""$1,001 - $15,000"",""transaction_date"":""2026-03-13"",""days_late"":25,""doc_url"":""https://disclosures-clerk.house.gov/public_disc/ptr-pdfs/2026/20034285.pdf""},{""member"":""Cisneros, Hon. Gilbert"",""party"":""D"",""direction"":""buy"",""amount_range"":""$1,001 - $15,000"",""transaction_date"":""2026-02-10"",""days_late"":27,""doc_url"":""https://disclosures-clerk.house.gov/public_disc/ptr-pdfs/2026/20034144.pdf""},{""member"":""Cisneros, Hon. Gilbert"",""party"":""D"",""direction"":""buy"",""amount_range"":""$1,001 - $15,000"",""transaction_date"":""2025-12-19"",""days_late"":24,""doc_url"":""https://disclosures-clerk.house.gov/public_disc/ptr-pdfs/2026/20033762.pdf""},{""member"":""Johnson, Hon. Julie"",""party"":""D"",""direction"":""buy"",""amount_range"":""$1,001 - $15,000"",""transaction_date"":""2025-10-03"",""days_late"":306,""doc_url"":""https://disclosures-clerk.house.gov/public_disc/ptr-pdfs/2026/20035035.pdf""},{""member"":""Johnson, Hon. Julie"",""party"":""D"",""direction"":""sell_full"",""amount_range"":""$1,001 - $15,000"",""transaction_date"":""2025-10-03"",""days_late"":306,""doc_url"":""https://disclosures-clerk.house.gov/public_disc/ptr-pdfs/2026/20035035.pdf""}]"
VST,us,Vistra Corp.,Electric Services,-0.118,0.508,196,492,15,"[-0.631,-0.333,-0.483,-0.172,0.022,0.015,0.019,-0.591,0.262,-0.045,-0.593,-0.118,null,null]",,,,,,2,2026-02-17,"[{""member"":""Letlow, Hon. Julia"",""party"":""R"",""direction"":""buy"",""amount_range"":""$1,001 - $15,000"",""transaction_date"":""2026-02-17"",""days_late"":23,""doc_url"":""https://disclosures-clerk.house.gov/public_disc/ptr-pdfs/2026/20034106.pdf""},{""member"":""Pelosi, Hon. Nancy"",""party"":""D"",""direction"":""buy"",""amount_range"":""$100,001 - $250,000"",""transaction_date"":""2026-01-16"",""days_late"":7,""doc_url"":""https://disclosures-clerk.house.gov/public_disc/ptr-pdfs/2026/20033725.pdf""}]"
CSGP,us,"COSTAR GROUP, INC.","Services-Business Services, NEC",-0.121,0.509,197,492,51,"[-1.229,-1.145,-1.244,-0.227,-1.147,-1.071,-1.401,0.17,-0.016,-0.42,-0.772,-0.121,null,null]",,,,,,4,2026-04-14,"[{""member"":""Cisneros, Hon. Gilbert"",""party"":""D"",""direction"":""sell_partial"",""amount_range"":""$1,001 - $15,000"",""transaction_date"":""2026-04-14"",""days_late"":24,""doc_url"":""https://disclosures-clerk.house.gov/public_disc/ptr-pdfs/2026/20034500.pdf""},{""member"":""Cisneros, Hon. Gilbert"",""party"":""D"",""direction"":""buy"",""amount_range"":""$1,001 - $15,000"",""transaction_date"":""2026-03-13"",""days_late"":25,""doc_url"":""https://disclosures-clerk.house.gov/public_disc/ptr-pdfs/2026/20034285.pdf""},{""member"":""Cisneros, Hon. Gilbert"",""party"":""D"",""direction"":""buy"",""amount_range"":""$1,001 - $15,000"",""transaction_date"":""2026-01-28"",""days_late"":16,""doc_url"":""https://disclosures-clerk.house.gov/public_disc/ptr-pdfs/2026/20033983.pdf""},{""member"":""Cisneros, Hon. Gilbert"",""party"":""D"",""direction"":""buy"",""amount_range"":""$1,001 - $15,000"",""transaction_date"":""2025-12-10"",""days_late"":33,""doc_url"":""https://disclosures-clerk.house.gov/public_disc/ptr-pdfs/2026/20033762.pdf""}]"
SRE,us,SEMPRA,Gas & Other Services Combined,-0.122,0.509,198,492,83,"[-0.939,-1.212,-1.301,-1.476,-1.02,-1.236,-1.591,-1.239,-0.954,-0.988,-0.936,-0.122,null,null]",,,,,,2,2025-09-23,"[{""member"":""Johnson, Hon. Julie"",""party"":""D"",""direction"":""sell_full"",""amount_range"":""$1,001 - $15,000"",""transaction_date"":""2025-09-23"",""days_late"":316,""doc_url"":""https://disclosures-clerk.house.gov/public_disc/ptr-pdfs/2026/20035035.pdf""},{""member"":""Johnson, Hon. Julie"",""party"":""D"",""direction"":""buy"",""amount_range"":""$1,001 - $15,000"",""transaction_date"":""2025-09-23"",""days_late"":316,""doc_url"":""https://disclosures-clerk.house.gov/public_disc/ptr-pdfs/2026/20035035.pdf""}]"
TPL,us,Texas Pacific Land Corp,Oil Royalty Traders,-0.136,0.509,199,492,136,"[-0.61,-0.237,-0.744,-0.799,-1.042,-0.98,-0.43,0.184,-0.353,-0.887,-1.088,-0.136,null,null]",,,,,,,,
LDOS,us,"Leidos Holdings, Inc.",Services-Computer Integrated Systems Design,-0.139,0.509,200,492,31,"[-1.107,-1.247,-1.25,-1.404,-1.272,-1.293,-1.749,-1.209,-0.776,-0.954,-0.692,-0.139,null,null]",,,,,,,,
FDS,us,FACTSET RESEARCH SYSTEMS INC,"Services-Computer Programming, Data Processing, Etc.",-0.156,0.51,201,492,44,"[-1.104,-1.236,-0.693,-1.214,-1.249,-1.26,-1.109,-0.202,-0.677,-0.897,-0.754,-0.156,null,null]",,,,,,2,2026-05-15,"[{""member"":""Cisneros, Hon. Gilbert"",""party"":""D"",""direction"":""sell_full"",""amount_range"":""$1,001 - $15,000"",""transaction_date"":""2026-05-15"",""days_late"":24,""doc_url"":""https://disclosures-clerk.house.gov/public_disc/ptr-pdfs/2026/20034713.pdf""},{""member"":""Cisneros, Hon. Gilbert"",""party"":""D"",""direction"":""buy"",""amount_range"":""$1,001 - $15,000"",""transaction_date"":""2026-03-13"",""days_late"":25,""doc_url"":""https://disclosures-clerk.house.gov/public_disc/ptr-pdfs/2026/20034285.pdf""}]"
TJX,us,TJX COMPANIES INC /DE/,Retail-Family Clothing Stores,-0.159,0.51,202,492,-53,"[-0.499,-1.138,-1.106,-1.181,-1.119,-0.629,-1.424,-1.073,-0.734,-0.941,-0.23,-0.159,null,null]",,,,,,2,2026-03-23,"[{""member"":""Moskowitz, Hon. Jared"",""party"":""D"",""direction"":""buy"",""amount_range"":""$1,001 - $15,000"",""transaction_date"":""2026-03-23"",""days_late"":38,""doc_url"":""https://disclosures-clerk.house.gov/public_disc/ptr-pdfs/2026/20034274.pdf""},{""member"":""Johnson, Hon. Julie"",""party"":""D"",""direction"":""sell_full"",""amount_range"":""$1,001 - $15,000"",""transaction_date"":""2025-12-18"",""days_late"":28,""doc_url"":""https://disclosures-clerk.house.gov/public_disc/ptr-pdfs/2026/20033789.pdf""}]"
HRL,us,HORMEL FOODS CORP /DE/,Meat Packing Plants,-0.162,0.51,203,492,-83,"[-0.603,-0.993,-0.694,-0.003,0.744,-0.398,-0.685,0.517,-1.487,-0.48,-0.066,-0.162,null,null]",,,,,,,,
MCD,us,MCDONALDS CORP,Retail-Eating  Places,-0.163,0.51,204,492,-34,"[-0.609,-0.699,-0.551,-0.369,-0.142,-0.352,-0.909,0.603,-1.276,-0.501,-0.376,-0.163,null,null]",,,,,,3,2026-07-30,"[{""member"":""McCormick, Hon. Richard Dean Dr"",""party"":null,""direction"":""sell_full"",""amount_range"":""$1,001 - $15,000"",""transaction_date"":""2026-07-30"",""days_late"":15,""doc_url"":""https://disclosures-clerk.house.gov/public_disc/ptr-pdfs/2026/20035204.pdf""},{""member"":""Moskowitz, Hon. Jared"",""party"":""D"",""direction"":""buy"",""amount_range"":""$1,001 - $15,000"",""transaction_date"":""2026-03-31"",""days_late"":30,""doc_url"":""https://disclosures-clerk.house.gov/public_disc/ptr-pdfs/2026/20034274.pdf""},{""member"":""Johnson, Hon. Julie"",""party"":""D"",""direction"":""sell_full"",""amount_range"":""$1,001 - $15,000"",""transaction_date"":""2025-12-18"",""days_late"":28,""doc_url"":""https://disclosures-clerk.house.gov/public_disc/ptr-pdfs/2026/20033789.pdf""}]"
PEG,us,PUBLIC SERVICE ENTERPRISE GROUP INC,Electric & Other Services Combined,-0.166,0.51,205,492,8,"[-0.889,-1.282,-1.368,-1.468,-1.19,-1.224,-1.81,-1.333,-1.107,-0.922,-0.6,-0.166,null,null]",,,,,,6,2026-02-17,"[{""member"":""Letlow, Hon. Julia"",""party"":""R"",""direction"":""sell_full"",""amount_range"":""$1,001 - $15,000"",""transaction_date"":""2026-02-17"",""days_late"":23,""doc_url"":""https://disclosures-clerk.house.gov/public_disc/ptr-pdfs/2026/20034106.pdf""},{""member"":""Johnson, Hon. Julie"",""party"":""D"",""direction"":""sell_full"",""amount_range"":""$1,001 - $15,000"",""transaction_date"":""2025-12-09"",""days_late"":37,""doc_url"":""https://disclosures-clerk.house.gov/public_disc/ptr-pdfs/2026/20033789.pdf""},{""member"":""Johnson, Hon. Julie"",""party"":""D"",""direction"":""buy"",""amount_range"":""$1,001 - $15,000"",""transaction_date"":""2025-12-08"",""days_late"":240,""doc_url"":""https://disclosures-clerk.house.gov/public_disc/ptr-pdfs/2026/20035035.pdf""},{""member"":""Johnson, Hon. Julie"",""party"":""D"",""direction"":""sell_full"",""amount_range"":""$1,001 - $15,000"",""transaction_date"":""2025-12-08"",""days_late"":240,""doc_url"":""https://disclosures-clerk.house.gov/public_disc/ptr-pdfs/2026/20035035.pdf""},{""member"":""Moskowitz, Hon. Jared"",""party"":""D"",""direction"":""buy"",""amount_range"":""$1,001 - $15,000"",""transaction_date"":""2025-12-02"",""days_late"":45,""doc_url"":""https://disclosures-clerk.house.gov/public_disc/ptr-pdfs/2026/20033760.pdf""},{""member"":""Letlow, Hon. Julia"",""party"":""R"",""direction"":""buy"",""amount_range"":""$1,001 - $15,000"",""transaction_date"":""2024-10-23"",""days_late"":447,""doc_url"":""https://disclosures-clerk.house.gov/public_disc/ptr-pdfs/2026/20030977.pdf""}]"
CINF,us,CINCINNATI FINANCIAL CORP,"Fire, Marine & Casualty Insurance",-0.187,0.511,206,492,83,"[-1.147,-1.197,-1.362,-1.431,-1.121,-1.215,-1.769,-1.283,-1.096,-1.415,-0.968,-0.187,null,null]",,,,,,,,
SW,us,Smurfit Westrock plc,Paperboard Containers & Boxes,-0.197,0.511,207,492,51,"[-0.792,-1.089,-1.291,-0.457,-1.061,-1.008,-1.541,-0.88,-0.081,-0.257,-0.813,-0.197,null,null]",,,,,,,,
CMCSA,us,COMCAST CORP,Cable & Other Pay Television Services,-0.202,0.511,208,492,-5,"[-1.111,-1.19,-1.326,-1.26,-1.145,-1.094,-1.352,-0.92,-1.199,-1.09,-0.512,-0.202,null,null]",,,,,,7,2026-08-05,"[{""member"":""Hern, Hon. Kevin"",""party"":""R"",""direction"":""sell_full"",""amount_range"":""$1,001 - $15,000"",""transaction_date"":""2026-08-05"",""days_late"":5,""doc_url"":""https://disclosures-clerk.house.gov/public_disc/ptr-pdfs/2026/20035134.pdf""},{""member"":""Cisneros, Hon. Gilbert"",""party"":""D"",""direction"":""buy"",""amount_range"":""$1,001 - $15,000"",""transaction_date"":""2026-06-16"",""days_late"":16,""doc_url"":""https://disclosures-clerk.house.gov/public_disc/ptr-pdfs/2026/20034906.pdf""},{""member"":""Kelly, Hon. Mike"",""party"":""R"",""direction"":""sell_full"",""amount_range"":""$1,001 - $15,000"",""transaction_date"":""2026-05-07"",""days_late"":35,""doc_url"":""https://disclosures-clerk.house.gov/public_disc/ptr-pdfs/2026/20034767.pdf""},{""member"":""Cisneros, Hon. Gilbert"",""party"":""D"",""direction"":""sell_partial"",""amount_range"":""$15,001 - $50,000"",""transaction_date"":""2026-04-14"",""days_late"":24,""doc_url"":""https://disclosures-clerk.house.gov/public_disc/ptr-pdfs/2026/20034500.pdf""},{""member"":""Hern, Hon. Kevin"",""party"":""R"",""direction"":""sell_full"",""amount_range"":""$15,001 - $50,000"",""transaction_date"":""2026-03-17"",""days_late"":17,""doc_url"":""https://disclosures-clerk.house.gov/public_disc/ptr-pdfs/2026/20034262.pdf""},{""member"":""Cisneros, Hon. Gilbert"",""party"":""D"",""direction"":""buy"",""amount_range"":""$1,001 - $15,000"",""transaction_date"":""2026-01-09"",""days_late"":35,""doc_url"":""https://disclosures-clerk.house.gov/public_disc/ptr-pdfs/2026/20033983.pdf""},{""member"":""Johnson, Hon. Julie"",""party"":""D"",""direction"":""sell_full"",""amount_range"":""$1,001 - $15,000"",""transaction_date"":""2025-12-18"",""days_late"":28,""doc_url"":""https://disclosures-clerk.house.gov/public_disc/ptr-pdfs/2026/20033789.pdf""}]"
PAYX,us,PAYCHEX INC,"Services-Engineering, Accounting, Research, Management",-0.202,0.511,209,492,-24,"[-0.99,-1.15,-1.46,-1.29,-1.114,-1.272,-1.782,-1.204,-1.092,-1.027,-0.433,-0.202,null,null]",,,,,,8,2026-04-21,"[{""member"":""Delaney, Hon. April McClain"",""party"":null,""direction"":""sell_partial"",""amount_range"":""$1,001 - $15,000"",""transaction_date"":""2026-04-21"",""days_late"":15,""doc_url"":""https://disclosures-clerk.house.gov/public_disc/ptr-pdfs/2026/20034487.pdf""},{""member"":""Delaney, Hon. April McClain"",""party"":null,""direction"":""sell_partial"",""amount_range"":""$1,001 - $15,000"",""transaction_date"":""2026-04-16"",""days_late"":20,""doc_url"":""https://disclosures-clerk.house.gov/public_disc/ptr-pdfs/2026/20034487.pdf""},{""member"":""Cisneros, Hon. Gilbert"",""party"":""D"",""direction"":""buy"",""amount_range"":""$1,001 - $15,000"",""transaction_date"":""2026-04-14"",""days_late"":24,""doc_url"":""https://disclosures-clerk.house.gov/public_disc/ptr-pdfs/2026/20034500.pdf""},{""member"":""Delaney, Hon. April McClain"",""party"":null,""direction"":""sell_partial"",""amount_range"":""$1,001 - $15,000"",""transaction_date"":""2026-02-24"",""days_late"":14,""doc_url"":""https://disclosures-clerk.house.gov/public_disc/ptr-pdfs/2026/20034159.pdf""},{""member"":""Delaney, Hon. April McClain"",""party"":null,""direction"":""sell_partial"",""amount_range"":""$1,001 - $15,000"",""transaction_date"":""2026-02-23"",""days_late"":15,""doc_url"":""https://disclosures-clerk.house.gov/public_disc/ptr-pdfs/2026/20034159.pdf""},{""member"":""Allen, Hon. Richard W."",""party"":""R"",""direction"":""sell_full"",""amount_range"":""$15,001 - $50,000"",""transaction_date"":""2026-01-14"",""days_late"":34,""doc_url"":""https://disclosures-clerk.house.gov/public_disc/ptr-pdfs/2026/20033945.pdf""},{""member"":""Johnson, Hon. Julie"",""party"":""D"",""direction"":""buy"",""amount_range"":""$1,001 - $15,000"",""transaction_date"":""2025-09-23"",""days_late"":316,""doc_url"":""https://disclosures-clerk.house.gov/public_disc/ptr-pdfs/2026/20035035.pdf""},{""member"":""Johnson, Hon. Julie"",""party"":""D"",""direction"":""sell_full"",""amount_range"":""$1,001 - $15,000"",""transaction_date"":""2025-09-23"",""days_late"":316,""doc_url"":""https://disclosures-clerk.house.gov/public_disc/ptr-pdfs/2026/20035035.pdf""}]"
AMZN,us,AMAZON COM INC,Retail-Catalog & Mail-Order Houses,-0.204,0.511,210,492,-131,"[-0.184,0.182,-1.076,-0.47,-0.326,-0.121,-0.744,-0.965,-0.765,-0.864,0.203,-0.204,null,null]",,,1,2026-10-01,,29,2026-07-08,"[{""member"":""Kean, Hon. Thomas H., Jr"",""party"":""R"",""direction"":""buy"",""amount_range"":""$1,001 - $15,000"",""transaction_date"":""2026-07-08"",""days_late"":41,""doc_url"":""https://disclosures-clerk.house.gov/public_disc/ptr-pdfs/2026/20035273.pdf""},{""member"":""Rulli, Hon. Michael"",""party"":""R"",""direction"":""sell_full"",""amount_range"":""$1,001 - $15,000"",""transaction_date"":""2026-06-25"",""days_late"":43,""doc_url"":""https://disclosures-clerk.house.gov/public_disc/ptr-pdfs/2026/20035147.pdf""},{""member"":""Van Epps, Hon. Matthew Robert"",""party"":""R"",""direction"":""sell_full"",""amount_range"":""$1,001 - $15,000"",""transaction_date"":""2026-06-16"",""days_late"":1,""doc_url"":""https://disclosures-clerk.house.gov/public_disc/ptr-pdfs/2026/20034807.pdf""},{""member"":""Taylor, Hon. David J."",""party"":""R"",""direction"":""sell_full"",""amount_range"":""$1,001 - $15,000"",""transaction_date"":""2026-06-05"",""days_late"":7,""doc_url"":""https://disclosures-clerk.house.gov/public_disc/ptr-pdfs/2026/20034780.pdf""},{""member"":""Crenshaw, Hon. Daniel"",""party"":""R"",""direction"":""sell_full"",""amount_range"":""$1,001 - $15,000"",""transaction_date"":""2026-06-01"",""days_late"":45,""doc_url"":""https://disclosures-clerk.house.gov/public_disc/ptr-pdfs/2026/20035024.pdf""},{""member"":""Cisneros, Hon. Gilbert"",""party"":""D"",""direction"":""buy"",""amount_range"":""$1,001 - $15,000"",""transaction_date"":""2026-04-22"",""days_late"":16,""doc_url"":""https://disclosures-clerk.house.gov/public_disc/ptr-pdfs/2026/20034500.pdf""},{""member"":""Cisneros, Hon. Gilbert"",""party"":""D"",""direction"":""buy"",""amount_range"":""$1,001 - $15,000"",""transaction_date"":""2026-04-14"",""days_late"":24,""doc_url"":""https://disclosures-clerk.house.gov/public_disc/ptr-pdfs/2026/20034500.pdf""},{""member"":""Cisneros, Hon. Gilbert"",""party"":""D"",""direction"":""sell_partial"",""amount_range"":""$1,001 - $15,000"",""transaction_date"":""2026-03-16"",""days_late"":22,""doc_url"":""https://disclosures-clerk.house.gov/public_disc/ptr-pdfs/2026/20034285.pdf""}]"
HUM,us,HUMANA INC,Hospital & Medical Service Plans,-0.209,0.511,211,492,91,"[-1.048,-1.166,-1.141,-1.124,-0.646,-1.095,0.454,-0.604,-0.851,-0.793,-1.012,-0.209,null,null]",,,,,,2,2026-02-10,"[{""member"":""Letlow, Hon. Julia"",""party"":""R"",""direction"":""sell_full"",""amount_range"":""$1,001 - $15,000"",""transaction_date"":""2026-02-10"",""days_late"":30,""doc_url"":""https://disclosures-clerk.house.gov/public_disc/ptr-pdfs/2026/20034106.pdf""},{""member"":""Letlow, Hon. Julia"",""party"":""R"",""direction"":""buy"",""amount_range"":""$1,001 - $15,000"",""transaction_date"":""2025-08-08"",""days_late"":158,""doc_url"":""https://disclosures-clerk.house.gov/public_disc/ptr-pdfs/2026/20030977.pdf""}]"
MGM,us,MGM Resorts International,Hotels & Motels,-0.21,0.511,212,492,146,"[-0.648,-0.303,-0.482,-0.404,-0.681,-0.731,-0.795,-0.578,-0.192,-0.971,-1.165,-0.21,null,null]",,,,,,,,
CTVA,us,"Corteva, Inc.",Agricultural Production-Crops,-0.217,0.512,213,492,-32,"[-0.992,-1.264,-1.329,-1.305,-0.989,-1.126,-1.616,-1.182,-1.06,-0.995,-0.411,-0.217,null,null]",,,,,,,,
NOC,us,NORTHROP GRUMMAN CORP /DE/,"Search, Detection, Navigation, Guidance, Aeronautical Sys",-0.226,0.512,214,492,-119,"[-0.604,-1.538,-0.083,-0.719,0.491,-0.562,-0.39,0.542,-1.278,-0.114,0.121,-0.226,null,null]",,,,,,1,2025-12-29,"[{""member"":""Cohen, Hon. Steve"",""party"":""D"",""direction"":""sell_partial"",""amount_range"":""$15,001 - $50,000"",""transaction_date"":""2025-12-29"",""days_late"":28,""doc_url"":""https://disclosures-clerk.house.gov/public_disc/ptr-pdfs/2026/20033813.pdf""}]"
IVZ,us,Invesco Ltd.,Investment Advice,-0.232,0.512,215,492,-11,"[-0.393,-0.618,-1.15,-0.746,-0.643,-0.872,-0.71,-0.575,-0.3,-0.076,-0.526,-0.232,null,null]",,,,,,3,2026-03-17,"[{""member"":""Hern, Hon. Kevin"",""party"":""R"",""direction"":""sell_full"",""amount_range"":""$15,001 - $50,000"",""transaction_date"":""2026-03-17"",""days_late"":17,""doc_url"":""https://disclosures-clerk.house.gov/public_disc/ptr-pdfs/2026/20034262.pdf""},{""member"":""Cisneros, Hon. Gilbert"",""party"":""D"",""direction"":""sell_partial"",""amount_range"":""$1,001 - $15,000"",""transaction_date"":""2026-02-10"",""days_late"":27,""doc_url"":""https://disclosures-clerk.house.gov/public_disc/ptr-pdfs/2026/20034144.pdf""},{""member"":""Cisneros, Hon. Gilbert"",""party"":""D"",""direction"":""buy"",""amount_range"":""$1,001 - $15,000"",""transaction_date"":""2026-01-09"",""days_late"":35,""doc_url"":""https://disclosures-clerk.house.gov/public_disc/ptr-pdfs/2026/20033983.pdf""}]"
KEYS,us,"Keysight Technologies, Inc.","Industrial Instruments For Measurement, Display, and Control",-0.239,0.512,216,492,-42,"[-0.902,-1.12,-1.205,-1.123,-0.765,-1.072,-1.223,0.034,0.104,-0.476,-0.386,-0.239,null,null]",,,,,,,,
F,us,FORD MOTOR CO,Motor Vehicles & Passenger Car Bodies,-0.242,0.512,217,492,6,"[-1.373,-1.007,-0.839,-1.129,-0.901,-1.079,-1.606,-1.208,-0.883,-1.316,-0.658,-0.242,null,null]",,,,,,1,2026-04-09,"[{""member"":""Gottheimer, Hon. Josh"",""party"":""D"",""direction"":""sell_full"",""amount_range"":""$15,001 - $50,000"",""transaction_date"":""2026-04-09"",""days_late"":40,""doc_url"":""https://disclosures-clerk.house.gov/public_disc/ptr-pdfs/2026/20034585.pdf""}]"
KMB,us,KIMBERLY CLARK CORP,Converted Paper & Paperboard Prods (No Contaners/Boxes),-0.243,0.512,218,492,-142,"[-0.716,-1.406,-0.85,-1.051,0.093,-0.827,-0.615,0.384,-1.4,-0.335,0.208,-0.243,null,null]",,,,,,,,
ROP,us,ROPER TECHNOLOGIES INC,"Industrial Instruments For Measurement, Display, and Control",-0.251,0.513,219,492,64,"[-1.113,-1.43,-1.407,-1.199,-1.361,-1.284,-0.687,-1.015,-1.067,-1.147,-0.941,-0.251,null,null]",,,,,,7,2026-05-15,"[{""member"":""Cisneros, Hon. Gilbert"",""party"":""D"",""direction"":""sell_partial"",""amount_range"":""$1,001 - $15,000"",""transaction_date"":""2026-05-15"",""days_late"":24,""doc_url"":""https://disclosures-clerk.house.gov/public_disc/ptr-pdfs/2026/20034713.pdf""},{""member"":""Cisneros, Hon. Gilbert"",""party"":""D"",""direction"":""buy"",""amount_range"":""$1,001 - $15,000"",""transaction_date"":""2026-04-14"",""days_late"":24,""doc_url"":""https://disclosures-clerk.house.gov/public_disc/ptr-pdfs/2026/20034500.pdf""},{""member"":""Cisneros, Hon. Gilbert"",""party"":""D"",""direction"":""sell_partial"",""amount_range"":""$1,001 - $15,000"",""transaction_date"":""2026-03-13"",""days_late"":25,""doc_url"":""https://disclosures-clerk.house.gov/public_disc/ptr-pdfs/2026/20034285.pdf""},{""member"":""Moskowitz, Hon. Jared"",""party"":""D"",""direction"":""sell_full"",""amount_range"":""$1,001 - $15,000"",""transaction_date"":""2026-02-27"",""days_late"":31,""doc_url"":""https://disclosures-clerk.house.gov/public_disc/ptr-pdfs/2026/20034129.pdf""},{""member"":""Moskowitz, Hon. Jared"",""party"":""D"",""direction"":""sell_full"",""amount_range"":""$1,001 - $15,000"",""transaction_date"":""2026-02-27"",""days_late"":31,""doc_url"":""https://disclosures-clerk.house.gov/public_disc/ptr-pdfs/2026/20034129.pdf""},{""member"":""Moskowitz, Hon. Jared"",""party"":""D"",""direction"":""sell_full"",""amount_range"":""$1,001 - $15,000"",""transaction_date"":""2026-02-27"",""days_late"":31,""doc_url"":""https://disclosures-clerk.house.gov/public_disc/ptr-pdfs/2026/20034129.pdf""},{""member"":""Cisneros, Hon. Gilbert"",""party"":""D"",""direction"":""sell_partial"",""amount_range"":""$15,001 - $50,000"",""transaction_date"":""2026-02-10"",""days_late"":27,""doc_url"":""https://disclosures-clerk.house.gov/public_disc/ptr-pdfs/2026/20034144.pdf""}]"
ROL,us,ROLLINS INC,Services-To Dwellings & Other Buildings,-0.265,0.513,220,492,-76,"[-0.864,-1.298,-1.187,-0.852,-0.562,-0.566,-0.681,-0.979,-0.855,-0.85,-0.209,-0.265,null,null]",,,,,,6,2026-03-31,"[{""member"":""Delaney, Hon. April McClain"",""party"":null,""direction"":""buy"",""amount_range"":""$1,001 - $15,000"",""transaction_date"":""2026-03-31"",""days_late"":6,""doc_url"":""https://disclosures-clerk.house.gov/public_disc/ptr-pdfs/2026/20034299.pdf""},{""member"":""Delaney, Hon. April McClain"",""party"":null,""direction"":""buy"",""amount_range"":""$1,001 - $15,000"",""transaction_date"":""2026-02-20"",""days_late"":18,""doc_url"":""https://disclosures-clerk.house.gov/public_disc/ptr-pdfs/2026/20034159.pdf""},{""member"":""Delaney, Hon. April McClain"",""party"":null,""direction"":""buy"",""amount_range"":""$1,001 - $15,000"",""transaction_date"":""2026-02-18"",""days_late"":20,""doc_url"":""https://disclosures-clerk.house.gov/public_disc/ptr-pdfs/2026/20034159.pdf""},{""member"":""Delaney, Hon. April McClain"",""party"":null,""direction"":""buy"",""amount_range"":""$15,001 - $50,000"",""transaction_date"":""2026-02-13"",""days_late"":25,""doc_url"":""https://disclosures-clerk.house.gov/public_disc/ptr-pdfs/2026/20034159.pdf""},{""member"":""Johnson, Hon. Julie"",""party"":""D"",""direction"":""buy"",""amount_range"":""$1,001 - $15,000"",""transaction_date"":""2025-09-23"",""days_late"":316,""doc_url"":""https://disclosures-clerk.house.gov/public_disc/ptr-pdfs/2026/20035035.pdf""},{""member"":""Johnson, Hon. Julie"",""party"":""D"",""direction"":""sell_full"",""amount_range"":""$1,001 - $15,000"",""transaction_date"":""2025-09-23"",""days_late"":316,""doc_url"":""https://disclosures-clerk.house.gov/public_disc/ptr-pdfs/2026/20035035.pdf""}]"
ETR,us,ENTERGY CORP /DE/,Electric Services,-0.268,0.513,221,492,58,"[-0.959,-1.245,-1.291,-1.365,-1.152,-1.27,-1.68,-1.3,-0.983,-1.004,-0.926,-0.268,null,null]",,,,,,,,
WMT,us,Walmart Inc.,Retail-Variety Stores,-0.27,0.513,222,492,-80,"[-0.496,-1.026,-1.011,-1.072,-0.853,-0.786,-1.406,-0.95,-0.737,0.259,-0.187,-0.27,null,null]",,,5,2026-10-01,,4,2026-07-30,"[{""member"":""McCormick, Hon. Richard Dean Dr"",""party"":null,""direction"":""sell_full"",""amount_range"":""$1,001 - $15,000"",""transaction_date"":""2026-07-30"",""days_late"":15,""doc_url"":""https://disclosures-clerk.house.gov/public_disc/ptr-pdfs/2026/20035204.pdf""},{""member"":""McGuire, Hon. John"",""party"":""R"",""direction"":""sell_partial"",""amount_range"":""$1,001 - $15,000"",""transaction_date"":""2026-01-20"",""days_late"":21,""doc_url"":""https://disclosures-clerk.house.gov/public_disc/ptr-pdfs/2026/20033956.pdf""},{""member"":""Jackson, Hon. Jonathan"",""party"":""D"",""direction"":""buy"",""amount_range"":""$50,001 - $100,000"",""transaction_date"":""2026-01-13"",""days_late"":41,""doc_url"":""https://disclosures-clerk.house.gov/public_disc/ptr-pdfs/2026/20033929.pdf""},{""member"":""Johnson, Hon. Julie"",""party"":""D"",""direction"":""sell_full"",""amount_range"":""$1,001 - $15,000"",""transaction_date"":""2025-12-18"",""days_late"":28,""doc_url"":""https://disclosures-clerk.house.gov/public_disc/ptr-pdfs/2026/20033789.pdf""}]"
BMY,us,BRISTOL MYERS SQUIBB CO,Pharmaceutical Preparations,-0.275,0.513,223,492,88,"[-0.732,-1.119,-0.695,-0.727,-1.157,-0.958,-1.167,-1.031,-1.156,-1.231,-1.041,-0.275,null,null]",,,,,,5,2026-05-07,"[{""member"":""Kelly, Hon. Mike"",""party"":""R"",""direction"":""sell_full"",""amount_range"":""$15,001 - $50,000"",""transaction_date"":""2026-05-07"",""days_late"":35,""doc_url"":""https://disclosures-clerk.house.gov/public_disc/ptr-pdfs/2026/20034767.pdf""},{""member"":""Cisneros, Hon. Gilbert"",""party"":""D"",""direction"":""buy"",""amount_range"":""$1,001 - $15,000"",""transaction_date"":""2025-12-19"",""days_late"":24,""doc_url"":""https://disclosures-clerk.house.gov/public_disc/ptr-pdfs/2026/20033762.pdf""},{""member"":""Johnson, Hon. Julie"",""party"":""D"",""direction"":""sell_full"",""amount_range"":""$1,001 - $15,000"",""transaction_date"":""2025-12-18"",""days_late"":28,""doc_url"":""https://disclosures-clerk.house.gov/public_disc/ptr-pdfs/2026/20033789.pdf""},{""member"":""Letlow, Hon. Julia"",""party"":""R"",""direction"":""sell_full"",""amount_range"":""$1,001 - $15,000"",""transaction_date"":""2025-04-28"",""days_late"":260,""doc_url"":""https://disclosures-clerk.house.gov/public_disc/ptr-pdfs/2026/20030977.pdf""},{""member"":""Letlow, Hon. Julia"",""party"":""R"",""direction"":""buy"",""amount_range"":""$1,001 - $15,000"",""transaction_date"":""2024-10-23"",""days_late"":447,""doc_url"":""https://disclosures-clerk.house.gov/public_disc/ptr-pdfs/2026/20030977.pdf""}]"
STZ,us,"CONSTELLATION BRANDS, INC.",Beverages,-0.276,0.513,224,492,-9,"[-0.932,-1.157,-1.009,-1.375,-1.166,-0.997,-1.329,-0.988,-1.093,-0.775,-0.611,-0.276,null,null]",,,,,,2,2026-05-15,"[{""member"":""Cisneros, Hon. Gilbert"",""party"":""D"",""direction"":""sell_partial"",""amount_range"":""$1,001 - $15,000"",""transaction_date"":""2026-05-15"",""days_late"":24,""doc_url"":""https://disclosures-clerk.house.gov/public_disc/ptr-pdfs/2026/20034713.pdf""},{""member"":""Cisneros, Hon. Gilbert"",""party"":""D"",""direction"":""buy"",""amount_range"":""$1,001 - $15,000"",""transaction_date"":""2025-12-19"",""days_late"":24,""doc_url"":""https://disclosures-clerk.house.gov/public_disc/ptr-pdfs/2026/20033762.pdf""}]"
CRL,us,"CHARLES RIVER LABORATORIES INTERNATIONAL, INC.",Services-Commercial Physical & Biological Research,-0.277,0.513,225,492,-38,"[-0.437,-0.447,-0.659,-1.06,-0.889,-1.071,-1.291,-0.383,-0.091,-0.157,-0.437,-0.277,null,null]",,,,,,,,
EMR,us,EMERSON ELECTRIC CO,Electronic & Other Electrical Equipment (No Computer Equip),-0.277,0.513,227,492,-64,"[-0.654,-1.113,-1.268,-1.21,-1.13,-1.193,-1.5,-0.833,-0.123,-0.304,-0.309,-0.277,null,null]",,,,,,1,2026-07-30,"[{""member"":""McCormick, Hon. Richard Dean Dr"",""party"":null,""direction"":""sell_full"",""amount_range"":""$1,001 - $15,000"",""transaction_date"":""2026-07-30"",""days_late"":15,""doc_url"":""https://disclosures-clerk.house.gov/public_disc/ptr-pdfs/2026/20035204.pdf""}]"
CDNS,us,CADENCE DESIGN SYSTEMS INC,Services-Prepackaged Software,-0.277,0.513,226,492,-42,"[-0.163,-0.813,-0.813,-0.948,-1.195,-0.937,-1.395,-0.843,-0.247,-0.191,-0.433,-0.277,null,null]",,,,,,2,2026-06-05,"[{""member"":""Donalds, Hon. Byron"",""party"":""R"",""direction"":""sell_partial"",""amount_range"":""$1,001 - $15,000"",""transaction_date"":""2026-06-05"",""days_late"":40,""doc_url"":""https://disclosures-clerk.house.gov/public_disc/ptr-pdfs/2026/20034968.pdf""},{""member"":""Donalds, Hon. Byron"",""party"":""R"",""direction"":""sell_partial"",""amount_range"":""$1,001 - $15,000"",""transaction_date"":""2026-06-05"",""days_late"":40,""doc_url"":""https://disclosures-clerk.house.gov/public_disc/ptr-pdfs/2026/20034968.pdf""}]"
DRI,us,DARDEN RESTAURANTS INC,Retail-Eating  Places,-0.278,0.513,228,492,77,"[-0.903,-1.25,-1.239,-1.447,-1.206,-1.215,-1.583,-1.287,-1.015,-1.25,-1.02,-0.278,null,null]",,,,,,2,2026-04-09,"[{""member"":""Gottheimer, Hon. Josh"",""party"":""D"",""direction"":""sell_full"",""amount_range"":""$15,001 - $50,000"",""transaction_date"":""2026-04-09"",""days_late"":40,""doc_url"":""https://disclosures-clerk.house.gov/public_disc/ptr-pdfs/2026/20034585.pdf""},{""member"":""Larsen, Hon. Rick"",""party"":""D"",""direction"":""buy"",""amount_range"":""$1,001 - $15,000"",""transaction_date"":""2026-01-07"",""days_late"":7,""doc_url"":""https://disclosures-clerk.house.gov/public_disc/ptr-pdfs/2026/20033814.pdf""}]"
BALL,us,BALL Corp,Metal Cans,-0.279,0.514,229,492,105,"[-1.152,-1.123,-1.401,-1.511,-1.212,-1.202,-1.804,-1.222,-1.103,-1.189,-1.087,-0.279,null,null]",,,,,,,,
RVTY,us,"REVVITY, INC.",Laboratory Analytical Instruments,-0.298,0.514,230,492,-76,"[-1.186,-1.015,-1.185,-1.346,-0.879,-1.388,-1.473,-0.914,-0.662,-0.175,-0.257,-0.298,null,null]",,,,,,2,2026-05-04,"[{""member"":""Cisneros, Hon. Gilbert"",""party"":""D"",""direction"":""buy"",""amount_range"":""$15,001 - $50,000"",""transaction_date"":""2026-05-04"",""days_late"":35,""doc_url"":""https://disclosures-clerk.house.gov/public_disc/ptr-pdfs/2026/20034713.pdf""},{""member"":""Cisneros, Hon. Gilbert"",""party"":""D"",""direction"":""buy"",""amount_range"":""$1,001 - $15,000"",""transaction_date"":""2026-05-01"",""days_late"":7,""doc_url"":""https://disclosures-clerk.house.gov/public_disc/ptr-pdfs/2026/20034500.pdf""}]"
TEL,us,TE Connectivity plc,"Wholesale-Electronic Parts & Equipment, NEC",-0.3,0.514,231,492,-63,"[-1.096,-1.001,-1.225,-1.414,-1.207,-1.206,-1.577,-1.095,-0.698,-0.185,-0.352,-0.3,null,null]",,,,,,3,2026-06-05,"[{""member"":""Cisneros, Hon. Gilbert"",""party"":""D"",""direction"":""buy"",""amount_range"":""$1,001 - $15,000"",""transaction_date"":""2026-06-05"",""days_late"":27,""doc_url"":""https://disclosures-clerk.house.gov/public_disc/ptr-pdfs/2026/20034906.pdf""},{""member"":""Cisneros, Hon. Gilbert"",""party"":""D"",""direction"":""buy"",""amount_range"":""$1,001 - $15,000"",""transaction_date"":""2026-05-29"",""days_late"":10,""doc_url"":""https://disclosures-clerk.house.gov/public_disc/ptr-pdfs/2026/20034713.pdf""},{""member"":""Cisneros, Hon. Gilbert"",""party"":""D"",""direction"":""buy"",""amount_range"":""$1,001 - $15,000"",""transaction_date"":""2026-03-18"",""days_late"":20,""doc_url"":""https://disclosures-clerk.house.gov/public_disc/ptr-pdfs/2026/20034285.pdf""}]"
TYL,us,TYLER TECHNOLOGIES INC,Services-Prepackaged Software,-0.304,0.514,232,492,28,"[-1.266,-1.242,-1.426,-1.504,-1.194,-1.38,-1.026,-0.435,-0.976,-0.832,-0.815,-0.304,null,null]",,,,,,3,2026-05-15,"[{""member"":""Cisneros, Hon. Gilbert"",""party"":""D"",""direction"":""sell_full"",""amount_range"":""$1,001 - $15,000"",""transaction_date"":""2026-05-15"",""days_late"":24,""doc_url"":""https://disclosures-clerk.house.gov/public_disc/ptr-pdfs/2026/20034713.pdf""},{""member"":""Cisneros, Hon. Gilbert"",""party"":""D"",""direction"":""sell_partial"",""amount_range"":""$1,001 - $15,000"",""transaction_date"":""2026-04-14"",""days_late"":24,""doc_url"":""https://disclosures-clerk.house.gov/public_disc/ptr-pdfs/2026/20034500.pdf""},{""member"":""Cisneros, Hon. Gilbert"",""party"":""D"",""direction"":""buy"",""amount_range"":""$1,001 - $15,000"",""transaction_date"":""2026-03-13"",""days_late"":25,""doc_url"":""https://disclosures-clerk.house.gov/public_disc/ptr-pdfs/2026/20034285.pdf""}]"
EQR,us,,,-0.315,0.515,233,492,47,"[-1.112,-1.413,-1.384,-1.387,-1.155,-1.323,-1.798,-1.428,-1.187,-1.413,-0.931,-0.315,null,null]",,,,,,,,
EL,us,ESTEE LAUDER COMPANIES INC,"Perfumes, Cosmetics & Other Toilet Preparations",-0.315,0.515,234,492,-109,"[-0.529,-0.241,-0.884,-0.785,-0.872,-0.564,-1.264,-0.354,-0.067,0.433,-0.094,-0.315,null,null]",,,,,,1,2026-08-05,"[{""member"":""Hern, Hon. Kevin"",""party"":""R"",""direction"":""sell_full"",""amount_range"":""$1,001 - $15,000"",""transaction_date"":""2026-08-05"",""days_late"":5,""doc_url"":""https://disclosures-clerk.house.gov/public_disc/ptr-pdfs/2026/20035134.pdf""}]"
BG,us,Bunge Global SA,Fats & Oils,-0.324,0.515,235,492,-117,"[-0.866,-1.051,-1.182,-1.289,-0.964,-1.275,-1.752,-1.36,-1.073,-0.936,-0.065,-0.324,null,null]",,,,,,,,
MSI,us,"Motorola Solutions, Inc.",Radio & Tv Broadcasting & Communications Equipment,-0.324,0.515,236,492,-113,"[-0.748,-1.316,-0.976,-1.337,-1.127,-1.248,-1.676,-1.117,-1.312,-1,-0.087,-0.324,null,null]",,,,,,2,2026-03-23,"[{""member"":""Moskowitz, Hon. Jared"",""party"":""D"",""direction"":""buy"",""amount_range"":""$1,001 - $15,000"",""transaction_date"":""2026-03-23"",""days_late"":38,""doc_url"":""https://disclosures-clerk.house.gov/public_disc/ptr-pdfs/2026/20034274.pdf""},{""member"":""Moskowitz, Hon. Jared"",""party"":""D"",""direction"":""buy"",""amount_range"":""$1,001 - $15,000"",""transaction_date"":""2026-03-23"",""days_late"":38,""doc_url"":""https://disclosures-clerk.house.gov/public_disc/ptr-pdfs/2026/20034274.pdf""}]"
NOW,us,"ServiceNow, Inc.",Services-Prepackaged Software,-0.329,0.515,237,492,54,"[-0.598,-0.397,-0.743,-0.972,-1.065,-0.672,-0.084,-0.372,-0.236,-0.037,-0.978,-0.329,null,null]",,,,,,10,2026-04-24,"[{""member"":""Gottheimer, Hon. Josh"",""party"":""D"",""direction"":""sell_full"",""amount_range"":""$1,001 - $15,000"",""transaction_date"":""2026-04-24"",""days_late"":25,""doc_url"":""https://disclosures-clerk.house.gov/public_disc/ptr-pdfs/2026/20034585.pdf""},{""member"":""Cisneros, Hon. Gilbert"",""party"":""D"",""direction"":""sell_partial"",""amount_range"":""$1,001 - $15,000"",""transaction_date"":""2026-04-14"",""days_late"":24,""doc_url"":""https://disclosures-clerk.house.gov/public_disc/ptr-pdfs/2026/20034500.pdf""},{""member"":""Gottheimer, Hon. Josh"",""party"":""D"",""direction"":""buy"",""amount_range"":""$1,001 - $15,000"",""transaction_date"":""2026-03-06"",""days_late"":33,""doc_url"":""https://disclosures-clerk.house.gov/public_disc/ptr-pdfs/2026/20034305.pdf""},{""member"":""Donalds, Hon. Byron"",""party"":""R"",""direction"":""buy"",""amount_range"":""$1,001 - $15,000"",""transaction_date"":""2026-02-10"",""days_late"":24,""doc_url"":""https://disclosures-clerk.house.gov/public_disc/ptr-pdfs/2026/20034134.pdf""},{""member"":""Donalds, Hon. Byron"",""party"":""R"",""direction"":""buy"",""amount_range"":""$1,001 - $15,000"",""transaction_date"":""2026-02-10"",""days_late"":24,""doc_url"":""https://disclosures-clerk.house.gov/public_disc/ptr-pdfs/2026/20034134.pdf""},{""member"":""Gottheimer, Hon. Josh"",""party"":""D"",""direction"":""sell_full"",""amount_range"":""$1,001 - $15,000"",""transaction_date"":""2026-01-30"",""days_late"":27,""doc_url"":""https://disclosures-clerk.house.gov/public_disc/ptr-pdfs/2026/20033930.pdf""},{""member"":""Gottheimer, Hon. Josh"",""party"":""D"",""direction"":""sell_partial"",""amount_range"":""$1,001 - $15,000"",""transaction_date"":""2025-12-17"",""days_late"":28,""doc_url"":""https://disclosures-clerk.house.gov/public_disc/ptr-pdfs/2026/20033756.pdf""},{""member"":""Johnson, Hon. Julie"",""party"":""D"",""direction"":""sell_full"",""amount_range"":""$1,001 - $15,000"",""transaction_date"":""2025-12-08"",""days_late"":240,""doc_url"":""https://disclosures-clerk.house.gov/public_disc/ptr-pdfs/2026/20035035.pdf""}]"
INCY,us,INCYTE CORP,Services-Commercial Physical & Biological Research,-0.336,0.515,238,492,182,"[-0.446,-0.953,-0.869,-1.013,-0.831,-1.197,-0.954,-0.769,-1.086,-1.007,-1.313,-0.336,null,null]",,,,,,,,
CLX,us,CLOROX CO /DE/,"Specialty Cleaning, Polishing and Sanitation Preparations",-0.344,0.516,239,492,29,"[-0.952,-1.631,-0.913,-1.304,-0.993,-1.047,-0.572,-0.588,-1.01,-0.98,-0.868,-0.344,null,null]",,,,,,,,
TSN,us,"TYSON FOODS, INC.",Poultry Slaughtering and Processing,-0.345,0.516,240,492,-33,"[-0.83,-1.306,-0.375,-0.834,-0.802,-0.926,-1.457,-1.189,-1.283,-1.11,-0.545,-0.345,null,null]",,,,,,,,
ADI,us,ANALOG DEVICES INC,Semiconductors & Related Devices,-0.347,0.516,241,492,-41,"[0.022,-0.808,-0.527,-0.492,0.264,-0.296,-0.083,-0.228,-0.698,-0.32,-0.51,-0.347,null,null]",,,,,,9,2026-07-30,"[{""member"":""McCormick, Hon. Richard Dean Dr"",""party"":null,""direction"":""sell_full"",""amount_range"":""$1,001 - $15,000"",""transaction_date"":""2026-07-30"",""days_late"":15,""doc_url"":""https://disclosures-clerk.house.gov/public_disc/ptr-pdfs/2026/20035204.pdf""},{""member"":""Kean, Hon. Thomas H., Jr"",""party"":""R"",""direction"":""sell_partial"",""amount_range"":""$1,001 - $15,000"",""transaction_date"":""2026-06-30"",""days_late"":15,""doc_url"":""https://disclosures-clerk.house.gov/public_disc/ptr-pdfs/2026/20035003.pdf""},{""member"":""McCormick, Hon. Richard Dean Dr"",""party"":null,""direction"":""sell_partial"",""amount_range"":""$1,001 - $15,000"",""transaction_date"":""2026-06-12"",""days_late"":27,""doc_url"":""https://disclosures-clerk.house.gov/public_disc/ptr-pdfs/2026/20034954.pdf""},{""member"":""McCormick, Hon. Richard Dean Dr"",""party"":null,""direction"":""sell_partial"",""amount_range"":""$1,001 - $15,000"",""transaction_date"":""2026-06-12"",""days_late"":27,""doc_url"":""https://disclosures-clerk.house.gov/public_disc/ptr-pdfs/2026/20034954.pdf""},{""member"":""Gottheimer, Hon. Josh"",""party"":""D"",""direction"":""buy"",""amount_range"":""$1,001 - $15,000"",""transaction_date"":""2026-05-19"",""days_late"":15,""doc_url"":""https://disclosures-clerk.house.gov/public_disc/ptr-pdfs/2026/20034693.pdf""},{""member"":""Kean, Hon. Thomas H., Jr"",""party"":""R"",""direction"":""sell_partial"",""amount_range"":""$1,001 - $15,000"",""transaction_date"":""2026-04-29"",""days_late"":23,""doc_url"":""https://disclosures-clerk.house.gov/public_disc/ptr-pdfs/2026/20034616.pdf""},{""member"":""McCormick, Hon. Richard Dean Dr"",""party"":null,""direction"":""sell_partial"",""amount_range"":""$1,001 - $15,000"",""transaction_date"":""2026-03-19"",""days_late"":19,""doc_url"":""https://disclosures-clerk.house.gov/public_disc/ptr-pdfs/2026/20033648.pdf""},{""member"":""McCormick, Hon. Richard Dean Dr"",""party"":null,""direction"":""sell_partial"",""amount_range"":""$1,001 - $15,000"",""transaction_date"":""2026-03-19"",""days_late"":19,""doc_url"":""https://disclosures-clerk.house.gov/public_disc/ptr-pdfs/2026/20033648.pdf""}]"
PWR,us,"QUANTA SERVICES, INC.",Electrical Work,-0.348,0.516,242,492,-10,"[-1.089,-1.196,-1.259,-1.318,-0.982,-1.198,-1.454,-1.09,-0.867,-0.807,-0.699,-0.348,null,null]",,,,,,8,2026-05-14,"[{""member"":""Delaney, Hon. April McClain"",""party"":null,""direction"":""sell_full"",""amount_range"":""$15,001 - $50,000"",""transaction_date"":""2026-05-14"",""days_late"":22,""doc_url"":""https://disclosures-clerk.house.gov/public_disc/ptr-pdfs/2026/20034718.pdf""},{""member"":""Delaney, Hon. April McClain"",""party"":null,""direction"":""sell_partial"",""amount_range"":""$1,001 - $15,000"",""transaction_date"":""2026-05-13"",""days_late"":23,""doc_url"":""https://disclosures-clerk.house.gov/public_disc/ptr-pdfs/2026/20034718.pdf""},{""member"":""Evans, Hon. Dwight"",""party"":""D"",""direction"":""sell_partial"",""amount_range"":""$1,001 - $15,000"",""transaction_date"":""2026-05-07"",""days_late"":8,""doc_url"":""https://disclosures-clerk.house.gov/public_disc/ptr-pdfs/2026/20034556.pdf""},{""member"":""Fletcher, Hon. Elizabeth"",""party"":""D"",""direction"":""sell_partial"",""amount_range"":""$1,001 - $15,000"",""transaction_date"":""2026-04-08"",""days_late"":23,""doc_url"":""https://disclosures-clerk.house.gov/public_disc/ptr-pdfs/2026/20034413.pdf""},{""member"":""Cisneros, Hon. Gilbert"",""party"":""D"",""direction"":""buy"",""amount_range"":""$1,001 - $15,000"",""transaction_date"":""2026-01-30"",""days_late"":14,""doc_url"":""https://disclosures-clerk.house.gov/public_disc/ptr-pdfs/2026/20033983.pdf""},{""member"":""Cisneros, Hon. Gilbert"",""party"":""D"",""direction"":""sell_partial"",""amount_range"":""$1,001 - $15,000"",""transaction_date"":""2025-12-24"",""days_late"":19,""doc_url"":""https://disclosures-clerk.house.gov/public_disc/ptr-pdfs/2026/20033762.pdf""},{""member"":""Cisneros, Hon. Gilbert"",""party"":""D"",""direction"":""sell_partial"",""amount_range"":""$1,001 - $15,000"",""transaction_date"":""2025-12-19"",""days_late"":24,""doc_url"":""https://disclosures-clerk.house.gov/public_disc/ptr-pdfs/2026/20033762.pdf""},{""member"":""Delaney, Hon. April McClain"",""party"":null,""direction"":""sell_partial"",""amount_range"":""$1,001 - $15,000"",""transaction_date"":""2025-12-02"",""days_late"":34,""doc_url"":""https://disclosures-clerk.house.gov/public_disc/ptr-pdfs/2026/20033737.pdf""}]"
CRWD,us,"CrowdStrike Holdings, Inc.",Services-Prepackaged Software,-0.35,0.516,243,492,-161,"[-0.49,-0.051,-0.154,0.514,0.277,0.207,-0.665,0.238,-0.079,-0.457,0.184,-0.35,null,null]",,,,,,4,2026-07-15,"[{""member"":""Gottheimer, Hon. Josh"",""party"":""D"",""direction"":""buy"",""amount_range"":""$1,001 - $15,000"",""transaction_date"":""2026-07-15"",""days_late"":26,""doc_url"":""https://disclosures-clerk.house.gov/public_disc/ptr-pdfs/2026/20035186.pdf""},{""member"":""Cisneros, Hon. Gilbert"",""party"":""D"",""direction"":""buy"",""amount_range"":""$1,001 - $15,000"",""transaction_date"":""2026-05-15"",""days_late"":24,""doc_url"":""https://disclosures-clerk.house.gov/public_disc/ptr-pdfs/2026/20034713.pdf""},{""member"":""Cisneros, Hon. Gilbert"",""party"":""D"",""direction"":""sell_full"",""amount_range"":""$1,001 - $15,000"",""transaction_date"":""2026-04-14"",""days_late"":24,""doc_url"":""https://disclosures-clerk.house.gov/public_disc/ptr-pdfs/2026/20034500.pdf""},{""member"":""Cisneros, Hon. Gilbert"",""party"":""D"",""direction"":""buy"",""amount_range"":""$1,001 - $15,000"",""transaction_date"":""2026-03-13"",""days_late"":25,""doc_url"":""https://disclosures-clerk.house.gov/public_disc/ptr-pdfs/2026/20034285.pdf""}]"
DPZ,us,DOMINOS PIZZA INC,Wholesale-Groceries & Related Products,-0.357,0.516,244,492,-87,"[-1.177,-0.717,-1.42,-0.634,-1.049,-1.016,-0.65,-0.886,-0.66,-1.273,-0.274,-0.357,null,null]",,,,,,3,2026-05-15,"[{""member"":""Cisneros, Hon. Gilbert"",""party"":""D"",""direction"":""buy"",""amount_range"":""$1,001 - $15,000"",""transaction_date"":""2026-05-15"",""days_late"":24,""doc_url"":""https://disclosures-clerk.house.gov/public_disc/ptr-pdfs/2026/20034713.pdf""},{""member"":""Cisneros, Hon. Gilbert"",""party"":""D"",""direction"":""sell_full"",""amount_range"":""$1,001 - $15,000"",""transaction_date"":""2026-04-14"",""days_late"":24,""doc_url"":""https://disclosures-clerk.house.gov/public_disc/ptr-pdfs/2026/20034500.pdf""},{""member"":""Cisneros, Hon. Gilbert"",""party"":""D"",""direction"":""buy"",""amount_range"":""$1,001 - $15,000"",""transaction_date"":""2026-02-10"",""days_late"":27,""doc_url"":""https://disclosures-clerk.house.gov/public_disc/ptr-pdfs/2026/20034144.pdf""}]"
IP,us,INTERNATIONAL PAPER CO /NEW/,Paper Mills,-0.369,0.516,247,492,29,"[-1.102,-1.015,-1.183,-0.898,-0.89,-0.881,-1.103,-0.869,-0.622,-0.454,-0.898,-0.369,null,null]",,,,,,3,2026-04-14,"[{""member"":""Cisneros, Hon. Gilbert"",""party"":""D"",""direction"":""sell_full"",""amount_range"":""$1,001 - $15,000"",""transaction_date"":""2026-04-14"",""days_late"":24,""doc_url"":""https://disclosures-clerk.house.gov/public_disc/ptr-pdfs/2026/20034500.pdf""},{""member"":""Johnson, Hon. Julie"",""party"":""D"",""direction"":""buy"",""amount_range"":""$1,001 - $15,000"",""transaction_date"":""2025-10-30"",""days_late"":279,""doc_url"":""https://disclosures-clerk.house.gov/public_disc/ptr-pdfs/2026/20035035.pdf""},{""member"":""Johnson, Hon. Julie"",""party"":""D"",""direction"":""sell_full"",""amount_range"":""$1,001 - $15,000"",""transaction_date"":""2025-10-30"",""days_late"":279,""doc_url"":""https://disclosures-clerk.house.gov/public_disc/ptr-pdfs/2026/20035035.pdf""}]"
LII,us,LENNOX INTERNATIONAL INC,Air-Cond & Warm Air Heatg Equip & Comm & Indl Refrig Equip,-0.369,0.516,245,492,42,"[-1.393,-1.113,-1.284,-1.489,-1.141,-1.338,-1.621,-1.343,-0.618,-1.023,-0.965,-0.369,null,null]",,,,,,,,
APTV,us,Aptiv PLC,Motor Vehicle Parts & Accessories,-0.369,0.516,246,492,-40,"[-0.952,-0.893,-1.097,-1.198,-1.163,-1.167,-1.34,-1.024,-0.532,-0.428,-0.537,-0.369,null,null]",,,,,,,,
MAA,us,MID AMERICA APARTMENT COMMUNITIES INC.,Real Estate Investment Trusts,-0.371,0.516,248,492,-29,"[-1.105,-1.341,-1.508,-1.54,-1.23,-1.248,-1.62,-1.335,-1.214,-1.27,-0.64,-0.371,null,null]",,,,,,,,
PAYC,us,"Paycom Software, Inc.",Services-Prepackaged Software,-0.372,0.516,249,492,49,"[-1.081,-0.846,-1.234,-1.236,-0.844,-1.126,-0.895,-1.126,-0.543,-1.073,-1.001,-0.372,null,null]",,,,,,4,2026-04-14,"[{""member"":""Cisneros, Hon. Gilbert"",""party"":""D"",""direction"":""sell_full"",""amount_range"":""$1,001 - $15,000"",""transaction_date"":""2026-04-14"",""days_late"":24,""doc_url"":""https://disclosures-clerk.house.gov/public_disc/ptr-pdfs/2026/20034500.pdf""},{""member"":""Cisneros, Hon. Gilbert"",""party"":""D"",""direction"":""buy"",""amount_range"":""$1,001 - $15,000"",""transaction_date"":""2026-03-13"",""days_late"":25,""doc_url"":""https://disclosures-clerk.house.gov/public_disc/ptr-pdfs/2026/20034285.pdf""},{""member"":""Johnson, Hon. Julie"",""party"":""D"",""direction"":""sell_full"",""amount_range"":""$1,001 - $15,000"",""transaction_date"":""2025-09-23"",""days_late"":316,""doc_url"":""https://disclosures-clerk.house.gov/public_disc/ptr-pdfs/2026/20035035.pdf""},{""member"":""Johnson, Hon. Julie"",""party"":""D"",""direction"":""buy"",""amount_range"":""$1,001 - $15,000"",""transaction_date"":""2025-09-23"",""days_late"":316,""doc_url"":""https://disclosures-clerk.house.gov/public_disc/ptr-pdfs/2026/20035035.pdf""}]"
MHK,us,MOHAWK INDUSTRIES INC,Carpets & Rugs,-0.379,0.517,251,492,26,"[-0.914,-1.211,-1.069,-0.711,-1.225,-1.323,-1.609,-1.286,-1,-1.123,-0.903,-0.379,null,null]",,,,,,,,
SPG,us,SIMON PROPERTY GROUP INC.,Real Estate Investment Trusts,-0.379,0.517,250,492,134,"[-0.949,-1.118,-0.778,-1.437,-1.106,-1.229,-1.197,-0.972,-1.215,-0.988,-1.228,-0.379,null,null]",,,,,,1,2026-04-20,"[{""member"":""Jackson, Hon. Jonathan"",""party"":""D"",""direction"":""buy"",""amount_range"":""$15,001 - $50,000"",""transaction_date"":""2026-04-20"",""days_late"":37,""doc_url"":""https://disclosures-clerk.house.gov/public_disc/ptr-pdfs/2026/20034519.pdf""}]"
BBY,us,BEST BUY CO INC,"Retail-Radio, Tv & Consumer Electronics Stores",-0.385,0.517,252,492,77,"[-0.874,-0.888,-1.095,-0.841,-0.56,-0.399,-0.764,-0.798,-0.481,-1.168,-1.08,-0.385,null,null]",,,,,,,,
EIX,us,EDISON INTERNATIONAL,Electric Services,-0.393,0.517,253,492,17,"[-0.979,-1.122,-1.167,-1.4,-1.146,-1.195,-1.676,-1.103,-0.977,-1.239,-0.874,-0.393,null,null]",,,,,,,,
CARR,us,CARRIER GLOBAL Corp,Air-Cond & Warm Air Heatg Equip & Comm & Indl Refrig Equip,-0.401,0.517,254,492,-16,"[-0.838,-1.053,-0.948,-1.268,-1.17,-1.192,-1.401,-0.975,-0.723,-0.636,-0.733,-0.401,null,null]",,,,,,7,2026-07-28,"[{""member"":""Salazar, Hon. Maria Elvira"",""party"":""R"",""direction"":""sell_full"",""amount_range"":""$15,001 - $50,000"",""transaction_date"":""2026-07-28"",""days_late"":10,""doc_url"":""https://disclosures-clerk.house.gov/public_disc/ptr-pdfs/2026/20035138.pdf""},{""member"":""Salazar, Hon. Maria Elvira"",""party"":""R"",""direction"":""sell_full"",""amount_range"":""$1,001 - $15,000"",""transaction_date"":""2026-07-28"",""days_late"":10,""doc_url"":""https://disclosures-clerk.house.gov/public_disc/ptr-pdfs/2026/20035138.pdf""},{""member"":""Salazar, Hon. Maria Elvira"",""party"":""R"",""direction"":""buy"",""amount_range"":""$1,001 - $15,000"",""transaction_date"":""2026-05-01"",""days_late"":7,""doc_url"":""https://disclosures-clerk.house.gov/public_disc/ptr-pdfs/2026/20034479.pdf""},{""member"":""Salazar, Hon. Maria Elvira"",""party"":""R"",""direction"":""buy"",""amount_range"":""$15,001 - $50,000"",""transaction_date"":""2026-05-01"",""days_late"":7,""doc_url"":""https://disclosures-clerk.house.gov/public_disc/ptr-pdfs/2026/20034479.pdf""},{""member"":""Johnson, Hon. Julie"",""party"":""D"",""direction"":""sell_full"",""amount_range"":""$1,001 - $15,000"",""transaction_date"":""2025-12-18"",""days_late"":28,""doc_url"":""https://disclosures-clerk.house.gov/public_disc/ptr-pdfs/2026/20033789.pdf""},{""member"":""Johnson, Hon. Julie"",""party"":""D"",""direction"":""sell_full"",""amount_range"":""$1,001 - $15,000"",""transaction_date"":""2025-10-03"",""days_late"":306,""doc_url"":""https://disclosures-clerk.house.gov/public_disc/ptr-pdfs/2026/20035035.pdf""},{""member"":""Johnson, Hon. Julie"",""party"":""D"",""direction"":""buy"",""amount_range"":""$1,001 - $15,000"",""transaction_date"":""2025-10-03"",""days_late"":306,""doc_url"":""https://disclosures-clerk.house.gov/public_disc/ptr-pdfs/2026/20035035.pdf""}]"
FSLR,us,"FIRST SOLAR, INC.",Semiconductors & Related Devices,-0.408,0.518,255,492,-133,"[-0.948,-1.23,-1.383,-1.144,-0.875,-1.195,-0.217,0.238,-0.34,-0.934,-0.077,-0.408,null,null]",,,,,,2,2026-02-10,"[{""member"":""Cisneros, Hon. Gilbert"",""party"":""D"",""direction"":""sell_full"",""amount_range"":""$1,001 - $15,000"",""transaction_date"":""2026-02-10"",""days_late"":27,""doc_url"":""https://disclosures-clerk.house.gov/public_disc/ptr-pdfs/2026/20034144.pdf""},{""member"":""Cisneros, Hon. Gilbert"",""party"":""D"",""direction"":""buy"",""amount_range"":""$1,001 - $15,000"",""transaction_date"":""2026-01-09"",""days_late"":35,""doc_url"":""https://disclosures-clerk.house.gov/public_disc/ptr-pdfs/2026/20033983.pdf""}]"
MNST,us,Monster Beverage Corp,Bottled & Canned Soft Drinks & Carbonated Waters,-0.424,0.518,256,492,-36,"[-0.805,-0.96,-1.111,-1.137,-0.843,-0.884,-1.295,-1.172,-0.978,-0.987,-0.651,-0.424,null,null]",,,,,,8,2026-07-17,"[{""member"":""Gottheimer, Hon. Josh"",""party"":""D"",""direction"":""buy"",""amount_range"":""$1,001 - $15,000"",""transaction_date"":""2026-07-17"",""days_late"":24,""doc_url"":""https://disclosures-clerk.house.gov/public_disc/ptr-pdfs/2026/20035186.pdf""},{""member"":""Moskowitz, Hon. Jared"",""party"":""D"",""direction"":""buy"",""amount_range"":""$1,001 - $15,000"",""transaction_date"":""2026-06-17"",""days_late"":39,""doc_url"":""https://disclosures-clerk.house.gov/public_disc/ptr-pdfs/2026/20034963.pdf""},{""member"":""Moskowitz, Hon. Jared"",""party"":""D"",""direction"":""buy"",""amount_range"":""$1,001 - $15,000"",""transaction_date"":""2026-06-17"",""days_late"":39,""doc_url"":""https://disclosures-clerk.house.gov/public_disc/ptr-pdfs/2026/20034963.pdf""},{""member"":""Moskowitz, Hon. Jared"",""party"":""D"",""direction"":""buy"",""amount_range"":""$1,001 - $15,000"",""transaction_date"":""2026-03-23"",""days_late"":38,""doc_url"":""https://disclosures-clerk.house.gov/public_disc/ptr-pdfs/2026/20034274.pdf""},{""member"":""Moskowitz, Hon. Jared"",""party"":""D"",""direction"":""buy"",""amount_range"":""$1,001 - $15,000"",""transaction_date"":""2026-03-23"",""days_late"":38,""doc_url"":""https://disclosures-clerk.house.gov/public_disc/ptr-pdfs/2026/20034274.pdf""},{""member"":""Gottheimer, Hon. Josh"",""party"":""D"",""direction"":""buy"",""amount_range"":""$1,001 - $15,000"",""transaction_date"":""2026-02-02"",""days_late"":42,""doc_url"":""https://disclosures-clerk.house.gov/public_disc/ptr-pdfs/2026/20034130.pdf""},{""member"":""Johnson, Hon. Julie"",""party"":""D"",""direction"":""sell_full"",""amount_range"":""$1,001 - $15,000"",""transaction_date"":""2025-09-23"",""days_late"":316,""doc_url"":""https://disclosures-clerk.house.gov/public_disc/ptr-pdfs/2026/20035035.pdf""},{""member"":""Johnson, Hon. Julie"",""party"":""D"",""direction"":""buy"",""amount_range"":""$1,001 - $15,000"",""transaction_date"":""2025-09-23"",""days_late"":316,""doc_url"":""https://disclosures-clerk.house.gov/public_disc/ptr-pdfs/2026/20035035.pdf""}]"
ESS,us,"ESSEX PROPERTY TRUST, INC.",Real Estate Investment Trusts,-0.426,0.518,257,492,18,"[-1.263,-1.302,-1.463,-1.59,-1.379,-1.479,-1.884,-1.371,-1.238,-1.45,-0.897,-0.426,null,null]",,,,,,1,2026-01-07,"[{""member"":""Larsen, Hon. Rick"",""party"":""D"",""direction"":""sell_full"",""amount_range"":""$1,001 - $15,000"",""transaction_date"":""2026-01-07"",""days_late"":7,""doc_url"":""https://disclosures-clerk.house.gov/public_disc/ptr-pdfs/2026/20033814.pdf""}]"
GDDY,us,GoDaddy Inc.,Services-Computer Integrated Systems Design,-0.427,0.518,258,492,4,"[-0.902,-0.969,-0.852,-1.432,-1.28,-1.267,0.201,-0.472,-0.605,-0.652,-0.837,-0.427,null,null]",,,,,,4,2026-06-16,"[{""member"":""Cisneros, Hon. Gilbert"",""party"":""D"",""direction"":""sell_full"",""amount_range"":""$1,001 - $15,000"",""transaction_date"":""2026-06-16"",""days_late"":16,""doc_url"":""https://disclosures-clerk.house.gov/public_disc/ptr-pdfs/2026/20034906.pdf""},{""member"":""Cisneros, Hon. Gilbert"",""party"":""D"",""direction"":""buy"",""amount_range"":""$1,001 - $15,000"",""transaction_date"":""2026-04-14"",""days_late"":24,""doc_url"":""https://disclosures-clerk.house.gov/public_disc/ptr-pdfs/2026/20034500.pdf""},{""member"":""Cisneros, Hon. Gilbert"",""party"":""D"",""direction"":""sell_full"",""amount_range"":""$1,001 - $15,000"",""transaction_date"":""2026-03-13"",""days_late"":25,""doc_url"":""https://disclosures-clerk.house.gov/public_disc/ptr-pdfs/2026/20034285.pdf""},{""member"":""Cisneros, Hon. Gilbert"",""party"":""D"",""direction"":""buy"",""amount_range"":""$1,001 - $15,000"",""transaction_date"":""2026-02-10"",""days_late"":27,""doc_url"":""https://disclosures-clerk.house.gov/public_disc/ptr-pdfs/2026/20034144.pdf""}]"
LLY,us,ELI LILLY & Co,Pharmaceutical Preparations,-0.428,0.518,259,492,-16,"[-0.732,-0.614,-1.045,-1.231,-0.465,-0.768,-1.572,-0.85,-0.972,-0.971,-0.75,-0.428,null,null]",,,,,,14,2026-07-10,"[{""member"":""Newhouse, Hon. Dan"",""party"":""R"",""direction"":""sell_partial"",""amount_range"":""$1,001 - $15,000"",""transaction_date"":""2026-07-10"",""days_late"":7,""doc_url"":""https://disclosures-clerk.house.gov/public_disc/ptr-pdfs/2026/20034998.pdf""},{""member"":""Rulli, Hon. Michael"",""party"":""R"",""direction"":""sell_full"",""amount_range"":""$1,001 - $15,000"",""transaction_date"":""2026-07-01"",""days_late"":37,""doc_url"":""https://disclosures-clerk.house.gov/public_disc/ptr-pdfs/2026/20035147.pdf""},{""member"":""Cisneros, Hon. Gilbert"",""party"":""D"",""direction"":""buy"",""amount_range"":""$50,001 - $100,000"",""transaction_date"":""2026-06-10"",""days_late"":22,""doc_url"":""https://disclosures-clerk.house.gov/public_disc/ptr-pdfs/2026/20034906.pdf""},{""member"":""Cisneros, Hon. Gilbert"",""party"":""D"",""direction"":""buy"",""amount_range"":""$1,001 - $15,000"",""transaction_date"":""2026-04-14"",""days_late"":24,""doc_url"":""https://disclosures-clerk.house.gov/public_disc/ptr-pdfs/2026/20034500.pdf""},{""member"":""Fletcher, Hon. Elizabeth"",""party"":""D"",""direction"":""sell_partial"",""amount_range"":""$1,001 - $15,000"",""transaction_date"":""2026-04-08"",""days_late"":23,""doc_url"":""https://disclosures-clerk.house.gov/public_disc/ptr-pdfs/2026/20034413.pdf""},{""member"":""Donalds, Hon. Byron"",""party"":""R"",""direction"":""buy"",""amount_range"":""$1,001 - $15,000"",""transaction_date"":""2026-04-02"",""days_late"":41,""doc_url"":""https://disclosures-clerk.house.gov/public_disc/ptr-pdfs/2026/20034478.pdf""},{""member"":""Donalds, Hon. Byron"",""party"":""R"",""direction"":""buy"",""amount_range"":""$1,001 - $15,000"",""transaction_date"":""2026-04-02"",""days_late"":41,""doc_url"":""https://disclosures-clerk.house.gov/public_disc/ptr-pdfs/2026/20034478.pdf""},{""member"":""Cisneros, Hon. Gilbert"",""party"":""D"",""direction"":""sell_partial"",""amount_range"":""$1,001 - $15,000"",""transaction_date"":""2026-03-13"",""days_late"":25,""doc_url"":""https://disclosures-clerk.house.gov/public_disc/ptr-pdfs/2026/20034285.pdf""}]"
BR,us,"BROADRIDGE FINANCIAL SOLUTIONS, INC.","Services-Business Services, NEC",-0.434,0.518,260,492,-122,"[-1.102,-1.272,-1.45,-1.573,-1.236,-1.311,-1.578,-1.127,-0.529,-0.838,-0.17,-0.434,null,null]",,,,,,3,2026-05-15,"[{""member"":""Cisneros, Hon. Gilbert"",""party"":""D"",""direction"":""sell_partial"",""amount_range"":""$1,001 - $15,000"",""transaction_date"":""2026-05-15"",""days_late"":24,""doc_url"":""https://disclosures-clerk.house.gov/public_disc/ptr-pdfs/2026/20034713.pdf""},{""member"":""Cisneros, Hon. Gilbert"",""party"":""D"",""direction"":""buy"",""amount_range"":""$1,001 - $15,000"",""transaction_date"":""2026-04-14"",""days_late"":24,""doc_url"":""https://disclosures-clerk.house.gov/public_disc/ptr-pdfs/2026/20034500.pdf""},{""member"":""Newhouse, Hon. Dan"",""party"":""R"",""direction"":""buy"",""amount_range"":""$1,001 - $15,000"",""transaction_date"":""2025-12-31"",""days_late"":15,""doc_url"":""https://disclosures-clerk.house.gov/public_disc/ptr-pdfs/2026/20033654.pdf""}]"
SYY,us,SYSCO CORP,Wholesale-Groceries & Related Products,-0.435,0.518,261,492,113,"[-0.829,-1.199,-0.822,-1.413,-1.124,-1.147,-1.101,-1.188,0.15,-0.715,-1.198,-0.435,null,null]",,,,,,,,
BX,us,Blackstone Inc.,Investment Advice,-0.444,0.519,262,492,-27,"[-0.042,-0.48,-0.354,-0.201,-0.328,-0.622,-0.822,-0.306,-0.272,-0.471,-0.711,-0.444,null,null]",,,,,,2,2025-12-18,"[{""member"":""Johnson, Hon. Julie"",""party"":""D"",""direction"":""sell_full"",""amount_range"":""$1,001 - $15,000"",""transaction_date"":""2025-12-18"",""days_late"":28,""doc_url"":""https://disclosures-clerk.house.gov/public_disc/ptr-pdfs/2026/20033789.pdf""},{""member"":""Newhouse, Hon. Dan"",""party"":""R"",""direction"":""buy"",""amount_range"":""$1,001 - $15,000"",""transaction_date"":""2025-12-11"",""days_late"":35,""doc_url"":""https://disclosures-clerk.house.gov/public_disc/ptr-pdfs/2026/20033654.pdf""}]"
TDG,us,TransDigm Group INC,"Aircraft Parts & Auxiliary Equipment, NEC",-0.447,0.519,263,492,179,"[-0.748,-0.908,-1.109,-0.434,-0.909,-0.978,-0.343,-0.957,-1.103,-0.71,-1.364,-0.447,null,null]",,,,,,15,2026-07-28,"[{""member"":""Delaney, Hon. April McClain"",""party"":null,""direction"":""buy"",""amount_range"":""$1,001 - $15,000"",""transaction_date"":""2026-07-28"",""days_late"":6,""doc_url"":""https://disclosures-clerk.house.gov/public_disc/ptr-pdfs/2026/20035118.pdf""},{""member"":""Delaney, Hon. April McClain"",""party"":null,""direction"":""buy"",""amount_range"":""$1,001 - $15,000"",""transaction_date"":""2026-05-22"",""days_late"":14,""doc_url"":""https://disclosures-clerk.house.gov/public_disc/ptr-pdfs/2026/20034718.pdf""},{""member"":""Delaney, Hon. April McClain"",""party"":null,""direction"":""buy"",""amount_range"":""$1,001 - $15,000"",""transaction_date"":""2026-05-21"",""days_late"":15,""doc_url"":""https://disclosures-clerk.house.gov/public_disc/ptr-pdfs/2026/20034718.pdf""},{""member"":""Delaney, Hon. April McClain"",""party"":null,""direction"":""buy"",""amount_range"":""$1,001 - $15,000"",""transaction_date"":""2026-05-13"",""days_late"":23,""doc_url"":""https://disclosures-clerk.house.gov/public_disc/ptr-pdfs/2026/20034718.pdf""},{""member"":""Delaney, Hon. April McClain"",""party"":null,""direction"":""buy"",""amount_range"":""$1,001 - $15,000"",""transaction_date"":""2026-05-08"",""days_late"":28,""doc_url"":""https://disclosures-clerk.house.gov/public_disc/ptr-pdfs/2026/20034718.pdf""},{""member"":""Delaney, Hon. April McClain"",""party"":null,""direction"":""buy"",""amount_range"":""$1,001 - $15,000"",""transaction_date"":""2026-05-07"",""days_late"":29,""doc_url"":""https://disclosures-clerk.house.gov/public_disc/ptr-pdfs/2026/20034718.pdf""},{""member"":""Delaney, Hon. April McClain"",""party"":null,""direction"":""buy"",""amount_range"":""$1,001 - $15,000"",""transaction_date"":""2026-04-29"",""days_late"":7,""doc_url"":""https://disclosures-clerk.house.gov/public_disc/ptr-pdfs/2026/20034487.pdf""},{""member"":""Delaney, Hon. April McClain"",""party"":null,""direction"":""buy"",""amount_range"":""$1,001 - $15,000"",""transaction_date"":""2026-04-20"",""days_late"":16,""doc_url"":""https://disclosures-clerk.house.gov/public_disc/ptr-pdfs/2026/20034487.pdf""}]"
PANW,us,Palo Alto Networks Inc,"Computer Peripheral Equipment, NEC",-0.451,0.519,264,492,-161,"[-0.646,-0.893,-0.624,-0.957,-0.985,-0.98,-1.575,-0.987,-0.78,-0.825,0.042,-0.451,null,null]",,,,,,12,2026-07-31,"[{""member"":""McGuire, Hon. John J Mr, III"",""party"":""R"",""direction"":""sell_partial"",""amount_range"":""$1,001 - $15,000"",""transaction_date"":""2026-07-31"",""days_late"":10,""doc_url"":""https://disclosures-clerk.house.gov/public_disc/ptr-pdfs/2026/20035180.pdf""},{""member"":""Gottheimer, Hon. Josh"",""party"":""D"",""direction"":""buy"",""amount_range"":""$1,001 - $15,000"",""transaction_date"":""2026-07-16"",""days_late"":25,""doc_url"":""https://disclosures-clerk.house.gov/public_disc/ptr-pdfs/2026/20035186.pdf""},{""member"":""Newhouse, Hon. Dan"",""party"":""R"",""direction"":""sell_partial"",""amount_range"":""$1,001 - $15,000"",""transaction_date"":""2026-07-10"",""days_late"":7,""doc_url"":""https://disclosures-clerk.house.gov/public_disc/ptr-pdfs/2026/20034998.pdf""},{""member"":""Gottheimer, Hon. Josh"",""party"":""D"",""direction"":""buy"",""amount_range"":""$1,001 - $15,000"",""transaction_date"":""2026-05-14"",""days_late"":20,""doc_url"":""https://disclosures-clerk.house.gov/public_disc/ptr-pdfs/2026/20034693.pdf""},{""member"":""Cisneros, Hon. Gilbert"",""party"":""D"",""direction"":""buy"",""amount_range"":""$1,001 - $15,000"",""transaction_date"":""2026-04-14"",""days_late"":24,""doc_url"":""https://disclosures-clerk.house.gov/public_disc/ptr-pdfs/2026/20034500.pdf""},{""member"":""Moskowitz, Hon. Jared"",""party"":""D"",""direction"":""buy"",""amount_range"":""$1,001 - $15,000"",""transaction_date"":""2026-03-31"",""days_late"":30,""doc_url"":""https://disclosures-clerk.house.gov/public_disc/ptr-pdfs/2026/20034274.pdf""},{""member"":""Moskowitz, Hon. Jared"",""party"":""D"",""direction"":""buy"",""amount_range"":""$1,001 - $15,000"",""transaction_date"":""2026-03-23"",""days_late"":38,""doc_url"":""https://disclosures-clerk.house.gov/public_disc/ptr-pdfs/2026/20034274.pdf""},{""member"":""Moskowitz, Hon. Jared"",""party"":""D"",""direction"":""buy"",""amount_range"":""$1,001 - $15,000"",""transaction_date"":""2026-03-23"",""days_late"":38,""doc_url"":""https://disclosures-clerk.house.gov/public_disc/ptr-pdfs/2026/20034274.pdf""}]"
CMI,us,CUMMINS INC,Engines & Turbines,-0.452,0.519,265,492,-86,"[-1.073,-1.234,-1.253,-1.257,-1.027,-1.186,-1.63,-1.056,-0.553,-0.272,-0.409,-0.452,null,null]",,,,,,3,2026-03-31,"[{""member"":""Moskowitz, Hon. Jared"",""party"":""D"",""direction"":""sell_partial"",""amount_range"":""$1,001 - $15,000"",""transaction_date"":""2026-03-31"",""days_late"":30,""doc_url"":""https://disclosures-clerk.house.gov/public_disc/ptr-pdfs/2026/20034274.pdf""},{""member"":""Gottheimer, Hon. Josh"",""party"":""D"",""direction"":""buy"",""amount_range"":""$1,001 - $15,000"",""transaction_date"":""2026-02-05"",""days_late"":39,""doc_url"":""https://disclosures-clerk.house.gov/public_disc/ptr-pdfs/2026/20034130.pdf""},{""member"":""Letlow, Hon. Julia"",""party"":""R"",""direction"":""buy"",""amount_range"":""$1,001 - $15,000"",""transaction_date"":""2026-02-04"",""days_late"":36,""doc_url"":""https://disclosures-clerk.house.gov/public_disc/ptr-pdfs/2026/20034106.pdf""}]"
KIM,us,KIMCO REALTY CORP,Real Estate Investment Trusts,-0.463,0.519,266,492,155,"[-1.111,-1.275,-1.436,-1.4,-1.256,-1.313,-1.9,-1.274,-1.121,-1.311,-1.314,-0.463,null,null]",,,,,,,,
EXPE,us,"Expedia Group, Inc.",Transportation Services,-0.477,0.52,267,492,-59,"[-0.807,-0.22,-0.607,-0.748,-0.109,-0.37,-0.485,-0.013,-0.012,0.1,-0.569,-0.477,null,null]",,,,,,,,
ICE,us,"Intercontinental Exchange, Inc.","Security & Commodity Brokers, Dealers, Exchanges & Services",-0.481,0.52,268,492,28,"[-0.555,-1.166,-1.215,-1.358,-1.093,-1.149,-1.649,-1.197,-0.903,-0.97,-0.991,-0.481,null,null]",,,,,,4,2026-07-30,"[{""member"":""McCormick, Hon. Richard Dean Dr"",""party"":null,""direction"":""sell_full"",""amount_range"":""$1,001 - $15,000"",""transaction_date"":""2026-07-30"",""days_late"":15,""doc_url"":""https://disclosures-clerk.house.gov/public_disc/ptr-pdfs/2026/20035204.pdf""},{""member"":""McCormick, Hon. Richard Dean Dr"",""party"":null,""direction"":""buy"",""amount_range"":""$1,001 - $15,000"",""transaction_date"":""2026-06-12"",""days_late"":27,""doc_url"":""https://disclosures-clerk.house.gov/public_disc/ptr-pdfs/2026/20034954.pdf""},{""member"":""Gottheimer, Hon. Josh"",""party"":""D"",""direction"":""buy"",""amount_range"":""$1,001 - $15,000"",""transaction_date"":""2026-01-26"",""days_late"":31,""doc_url"":""https://disclosures-clerk.house.gov/public_disc/ptr-pdfs/2026/20033930.pdf""},{""member"":""Letlow, Hon. Julia"",""party"":""R"",""direction"":""buy"",""amount_range"":""$1,001 - $15,000"",""transaction_date"":""2024-10-23"",""days_late"":447,""doc_url"":""https://disclosures-clerk.house.gov/public_disc/ptr-pdfs/2026/20030977.pdf""}]"
MTCH,us,"Match Group, Inc.","Services-Computer Programming, Data Processing, Etc.",-0.484,0.52,269,492,106,"[-0.968,-0.636,-0.882,-0.745,-0.89,-0.811,-0.876,-0.06,-0.909,-0.472,-1.2,-0.484,null,null]",,,,,,,,
ARE,us,"ALEXANDRIA REAL ESTATE EQUITIES, INC.",Real Estate Investment Trusts,-0.486,0.52,270,492,-15,"[-1.199,-1.143,-1.225,-0.283,-0.516,-1.208,-0.987,-1.004,-0.954,-0.272,-0.789,-0.486,null,null]",,,,,,2,2026-04-14,"[{""member"":""Cisneros, Hon. Gilbert"",""party"":""D"",""direction"":""buy"",""amount_range"":""$1,001 - $15,000"",""transaction_date"":""2026-04-14"",""days_late"":24,""doc_url"":""https://disclosures-clerk.house.gov/public_disc/ptr-pdfs/2026/20034500.pdf""},{""member"":""Cisneros, Hon. Gilbert"",""party"":""D"",""direction"":""sell_full"",""amount_range"":""$1,001 - $15,000"",""transaction_date"":""2025-12-19"",""days_late"":24,""doc_url"":""https://disclosures-clerk.house.gov/public_disc/ptr-pdfs/2026/20033762.pdf""}]"
DOC,us,"HEALTHPEAK PROPERTIES, INC.",Real Estate Investment Trusts,-0.493,0.52,271,492,21,"[-1.28,-1.287,-1.327,-1.385,-1.08,-0.916,-1.767,-1.192,-1.247,-1.211,-0.987,-0.493,null,null]",,,,,,2,2026-02-10,"[{""member"":""Cisneros, Hon. Gilbert"",""party"":""D"",""direction"":""sell_full"",""amount_range"":""$1,001 - $15,000"",""transaction_date"":""2026-02-10"",""days_late"":27,""doc_url"":""https://disclosures-clerk.house.gov/public_disc/ptr-pdfs/2026/20034144.pdf""},{""member"":""Cisneros, Hon. Gilbert"",""party"":""D"",""direction"":""buy"",""amount_range"":""$1,001 - $15,000"",""transaction_date"":""2026-01-09"",""days_late"":35,""doc_url"":""https://disclosures-clerk.house.gov/public_disc/ptr-pdfs/2026/20033983.pdf""}]"
IRM,us,IRON MOUNTAIN INC,Real Estate Investment Trusts,-0.494,0.52,272,492,31,"[-1.024,-0.881,-1.086,-0.967,-1.084,-0.774,-0.942,-0.625,-0.871,-0.561,-1.013,-0.494,null,null]",,,,,,,,
AXON,us,"AXON ENTERPRISE, INC.","Ordnance & Accessories, (No Vehicles/Guided Missiles)",-0.509,0.521,273,492,33,"[-1.052,-1.163,-1.431,-1.289,0.328,-0.866,-0.987,-1.071,0.413,-0.516,-1.022,-0.509,null,null]",,,,,,,,
UDR,us,"UDR, Inc.",Real Estate Investment Trusts,-0.511,0.521,274,492,-25,"[-1.09,-1.3,-1.463,-1.318,-1.198,-1.188,-1.73,-1.211,-1.081,-1.28,-0.774,-0.511,null,null]",,,,,,2,2025-09-23,"[{""member"":""Johnson, Hon. Julie"",""party"":""D"",""direction"":""sell_full"",""amount_range"":""$1,001 - $15,000"",""transaction_date"":""2025-09-23"",""days_late"":316,""doc_url"":""https://disclosures-clerk.house.gov/public_disc/ptr-pdfs/2026/20035035.pdf""},{""member"":""Johnson, Hon. Julie"",""party"":""D"",""direction"":""buy"",""amount_range"":""$1,001 - $15,000"",""transaction_date"":""2025-09-23"",""days_late"":316,""doc_url"":""https://disclosures-clerk.house.gov/public_disc/ptr-pdfs/2026/20035035.pdf""}]"
SNPS,us,SYNOPSYS INC,Services-Prepackaged Software,-0.518,0.521,275,492,-84,"[-0.452,-0.644,-0.546,-0.144,-0.27,-0.74,-0.838,0.012,-0.054,-0.306,-0.474,-0.518,null,null]",,,,,,1,2025-12-31,"[{""member"":""Newhouse, Hon. Dan"",""party"":""R"",""direction"":""buy"",""amount_range"":""$1,001 - $15,000"",""transaction_date"":""2025-12-31"",""days_late"":15,""doc_url"":""https://disclosures-clerk.house.gov/public_disc/ptr-pdfs/2026/20033654.pdf""}]"
TECH,us,BIO-TECHNE Corp,"Biological Products, (No Diagnostic Substances)",-0.519,0.521,276,492,2,"[-0.661,-1.097,-0.745,-1.022,-0.69,-1.293,-1.419,-1.155,-0.829,-0.385,-0.914,-0.519,null,null]",,,,,,5,2026-04-08,"[{""member"":""Delaney, Hon. April McClain"",""party"":null,""direction"":""sell_full"",""amount_range"":""$1,001 - $15,000"",""transaction_date"":""2026-04-08"",""days_late"":28,""doc_url"":""https://disclosures-clerk.house.gov/public_disc/ptr-pdfs/2026/20034487.pdf""},{""member"":""Delaney, Hon. April McClain"",""party"":null,""direction"":""sell_partial"",""amount_range"":""$1,001 - $15,000"",""transaction_date"":""2026-02-24"",""days_late"":14,""doc_url"":""https://disclosures-clerk.house.gov/public_disc/ptr-pdfs/2026/20034159.pdf""},{""member"":""Delaney, Hon. April McClain"",""party"":null,""direction"":""sell_partial"",""amount_range"":""$1,001 - $15,000"",""transaction_date"":""2026-01-28"",""days_late"":5,""doc_url"":""https://disclosures-clerk.house.gov/public_disc/ptr-pdfs/2026/20033921.pdf""},{""member"":""Delaney, Hon. April McClain"",""party"":null,""direction"":""buy"",""amount_range"":""$1,001 - $15,000"",""transaction_date"":""2025-12-05"",""days_late"":31,""doc_url"":""https://disclosures-clerk.house.gov/public_disc/ptr-pdfs/2026/20033737.pdf""},{""member"":""Delaney, Hon. April McClain"",""party"":null,""direction"":""buy"",""amount_range"":""$1,001 - $15,000"",""transaction_date"":""2025-12-02"",""days_late"":34,""doc_url"":""https://disclosures-clerk.house.gov/public_disc/ptr-pdfs/2026/20033737.pdf""}]"
ELV,us,"Elevance Health, Inc.",Hospital & Medical Service Plans,-0.535,0.522,277,492,-40,"[-0.694,-1.134,-0.493,-0.566,0.259,-0.42,-0.413,-0.66,-0.844,-1.084,-0.72,-0.535,null,null]",,,,,,,,
KKR,us,KKR & Co. Inc.,Investment Advice,-0.56,0.522,278,492,-113,"[-0.802,-0.107,-0.094,0.637,-0.559,-0.152,-0.155,0.254,0.533,0.011,-0.332,-0.56,null,null]",,,,,,,,
ZBH,us,"ZIMMER BIOMET HOLDINGS, INC.","Orthopedic, Prosthetic & Surgical Appliances & Supplies",-0.56,0.522,279,492,128,"[-0.908,-1.234,-1.196,-1.371,-1.073,-1.18,-1.231,-1.432,-1.123,-0.963,-1.29,-0.56,null,null]",,,,,,,,
FICO,us,FAIR ISAAC CORP,"Services-Business Services, NEC",-0.562,0.522,280,492,-19,"[-0.685,-0.347,-0.876,-0.208,-0.848,-1.214,-0.823,-0.932,-0.735,-0.686,-0.837,-0.562,null,null]",,,,,,5,2026-04-14,"[{""member"":""Cisneros, Hon. Gilbert"",""party"":""D"",""direction"":""sell_full"",""amount_range"":""$1,001 - $15,000"",""transaction_date"":""2026-04-14"",""days_late"":24,""doc_url"":""https://disclosures-clerk.house.gov/public_disc/ptr-pdfs/2026/20034500.pdf""},{""member"":""Cisneros, Hon. Gilbert"",""party"":""D"",""direction"":""buy"",""amount_range"":""$1,001 - $15,000"",""transaction_date"":""2026-03-13"",""days_late"":25,""doc_url"":""https://disclosures-clerk.house.gov/public_disc/ptr-pdfs/2026/20034285.pdf""},{""member"":""Cisneros, Hon. Gilbert"",""party"":""D"",""direction"":""sell_full"",""amount_range"":""$1,001 - $15,000"",""transaction_date"":""2026-02-10"",""days_late"":27,""doc_url"":""https://disclosures-clerk.house.gov/public_disc/ptr-pdfs/2026/20034144.pdf""},{""member"":""Gottheimer, Hon. Josh"",""party"":""D"",""direction"":""sell_full"",""amount_range"":""$1,001 - $15,000"",""transaction_date"":""2026-02-04"",""days_late"":40,""doc_url"":""https://disclosures-clerk.house.gov/public_disc/ptr-pdfs/2026/20034130.pdf""},{""member"":""Cisneros, Hon. Gilbert"",""party"":""D"",""direction"":""buy"",""amount_range"":""$1,001 - $15,000"",""transaction_date"":""2025-12-19"",""days_late"":24,""doc_url"":""https://disclosures-clerk.house.gov/public_disc/ptr-pdfs/2026/20033762.pdf""}]"
UNP,us,UNION PACIFIC CORP,"Railroads, Line-Haul Operating",-0.564,0.522,281,492,98,"[-0.748,-1.201,-1.201,-1.376,-1.282,-0.949,-1.744,-1.263,-1.066,-1.339,-1.223,-0.564,null,null]",,,,,,1,2025-12-18,"[{""member"":""Johnson, Hon. Julie"",""party"":""D"",""direction"":""sell_full"",""amount_range"":""$1,001 - $15,000"",""transaction_date"":""2025-12-18"",""days_late"":28,""doc_url"":""https://disclosures-clerk.house.gov/public_disc/ptr-pdfs/2026/20033789.pdf""}]"
MSCI,us,MSCI Inc.,"Services-Business Services, NEC",-0.585,0.523,282,492,123,"[-0.989,-0.757,-1.122,-0.165,-1.055,-1.105,-0.722,-1.018,-1.032,-0.926,-1.285,-0.585,null,null]",,,,,,,,
KMX,us,CARMAX INC,Retail-Auto Dealers & Gasoline Stations,-0.605,0.524,283,492,-176,"[-0.996,-0.858,-0.869,-0.591,-0.625,-0.664,-0.531,-0.582,-0.285,-0.396,0.021,-0.605,null,null]",,,,,,,,
DASH,us,"DoorDash, Inc.","Services-Business Services, NEC",-0.607,0.524,284,492,-19,"[-0.658,-0.362,-1.127,-0.912,0.035,-0.438,-0.911,-0.277,0.603,-0.217,-0.858,-0.607,null,null]",,,,,,19,2026-06-09,"[{""member"":""Moore, Hon. Tim"",""party"":""R"",""direction"":""sell_full"",""amount_range"":""$1,001 - $15,000"",""transaction_date"":""2026-06-09"",""days_late"":30,""doc_url"":""https://disclosures-clerk.house.gov/public_disc/ptr-pdfs/2026/20034952.pdf""},{""member"":""Cisneros, Hon. Gilbert"",""party"":""D"",""direction"":""buy"",""amount_range"":""$1,001 - $15,000"",""transaction_date"":""2026-05-29"",""days_late"":10,""doc_url"":""https://disclosures-clerk.house.gov/public_disc/ptr-pdfs/2026/20034713.pdf""},{""member"":""Cisneros, Hon. Gilbert"",""party"":""D"",""direction"":""buy"",""amount_range"":""$1,001 - $15,000"",""transaction_date"":""2026-05-11"",""days_late"":28,""doc_url"":""https://disclosures-clerk.house.gov/public_disc/ptr-pdfs/2026/20034713.pdf""},{""member"":""Cisneros, Hon. Gilbert"",""party"":""D"",""direction"":""buy"",""amount_range"":""$1,001 - $15,000"",""transaction_date"":""2026-05-07"",""days_late"":32,""doc_url"":""https://disclosures-clerk.house.gov/public_disc/ptr-pdfs/2026/20034713.pdf""},{""member"":""Cisneros, Hon. Gilbert"",""party"":""D"",""direction"":""buy"",""amount_range"":""$1,001 - $15,000"",""transaction_date"":""2026-05-01"",""days_late"":7,""doc_url"":""https://disclosures-clerk.house.gov/public_disc/ptr-pdfs/2026/20034500.pdf""},{""member"":""Cisneros, Hon. Gilbert"",""party"":""D"",""direction"":""buy"",""amount_range"":""$1,001 - $15,000"",""transaction_date"":""2026-04-15"",""days_late"":23,""doc_url"":""https://disclosures-clerk.house.gov/public_disc/ptr-pdfs/2026/20034500.pdf""},{""member"":""Cisneros, Hon. Gilbert"",""party"":""D"",""direction"":""buy"",""amount_range"":""$1,001 - $15,000"",""transaction_date"":""2026-04-14"",""days_late"":24,""doc_url"":""https://disclosures-clerk.house.gov/public_disc/ptr-pdfs/2026/20034500.pdf""},{""member"":""Cisneros, Hon. Gilbert"",""party"":""D"",""direction"":""buy"",""amount_range"":""$1,001 - $15,000"",""transaction_date"":""2026-04-13"",""days_late"":25,""doc_url"":""https://disclosures-clerk.house.gov/public_disc/ptr-pdfs/2026/20034500.pdf""}]"
SYK,us,STRYKER CORP,Surgical & Medical Instruments & Apparatus,-0.62,0.524,285,492,91,"[-1.018,-1.217,-1.402,-1.506,-1.108,-1.301,-1.689,-1.234,-1.006,-1.153,-1.201,-0.62,null,null]",,,,,,6,2026-07-22,"[{""member"":""Kean, Hon. Thomas H., Jr"",""party"":""R"",""direction"":""sell_partial"",""amount_range"":""$1,001 - $15,000"",""transaction_date"":""2026-07-22"",""days_late"":27,""doc_url"":""https://disclosures-clerk.house.gov/public_disc/ptr-pdfs/2026/20035273.pdf""},{""member"":""Kean, Hon. Thomas H., Jr"",""party"":""R"",""direction"":""sell_partial"",""amount_range"":""$1,001 - $15,000"",""transaction_date"":""2026-06-02"",""days_late"":43,""doc_url"":""https://disclosures-clerk.house.gov/public_disc/ptr-pdfs/2026/20035003.pdf""},{""member"":""Kean, Hon. Thomas H., Jr"",""party"":""R"",""direction"":""sell_partial"",""amount_range"":""$15,001 - $50,000"",""transaction_date"":""2026-01-23"",""days_late"":27,""doc_url"":""https://disclosures-clerk.house.gov/public_disc/ptr-pdfs/2026/20034025.pdf""},{""member"":""Cisneros, Hon. Gilbert"",""party"":""D"",""direction"":""buy"",""amount_range"":""$1,001 - $15,000"",""transaction_date"":""2025-12-10"",""days_late"":33,""doc_url"":""https://disclosures-clerk.house.gov/public_disc/ptr-pdfs/2026/20033762.pdf""},{""member"":""Letlow, Hon. Julia"",""party"":""R"",""direction"":""sell_full"",""amount_range"":""$1,001 - $15,000"",""transaction_date"":""2025-10-16"",""days_late"":89,""doc_url"":""https://disclosures-clerk.house.gov/public_disc/ptr-pdfs/2026/20030977.pdf""},{""member"":""Letlow, Hon. Julia"",""party"":""R"",""direction"":""buy"",""amount_range"":""$1,001 - $15,000"",""transaction_date"":""2024-10-23"",""days_late"":447,""doc_url"":""https://disclosures-clerk.house.gov/public_disc/ptr-pdfs/2026/20030977.pdf""}]"
FRT,us,FEDERAL REALTY INVESTMENT TRUST,Real Estate Investment Trusts,-0.62,0.524,286,492,75,"[-1.206,-1.26,-1.334,-1.589,-1.322,-1.424,-1.918,-1.296,-1.198,-1.257,-1.172,-0.62,null,null]",,,,,,,,
AIZ,us,"ASSURANT, INC.","Insurance Carriers, NEC",-0.625,0.524,287,492,178,"[-1.259,-1.381,-1.33,-1.381,-1.303,-1.395,-1.835,-1.417,-1.103,-1.335,-1.421,-0.625,null,null]",,,,,,1,2025-08-26,"[{""member"":""Letlow, Hon. Julia"",""party"":""R"",""direction"":""buy"",""amount_range"":""$1,001 - $15,000"",""transaction_date"":""2025-08-26"",""days_late"":140,""doc_url"":""https://disclosures-clerk.house.gov/public_disc/ptr-pdfs/2026/20030977.pdf""}]"
PODD,us,INSULET CORP,Surgical & Medical Instruments & Apparatus,-0.635,0.525,288,492,-105,"[-1.088,-1.068,-1.37,-1.461,-1.099,-1.248,-0.951,-1.358,-0.658,0.298,-0.425,-0.635,null,null]",,,,,,,,
LH,us,LABCORP HOLDINGS INC.,Services-Medical Laboratories,-0.636,0.525,289,492,133,"[-1.176,-1.353,-1.274,-1.383,-1.259,-1.369,-1.728,-1.317,-1.21,-1.317,-1.315,-0.636,null,null]",,,,,,3,2026-02-11,"[{""member"":""Delaney, Hon. April McClain"",""party"":null,""direction"":""buy"",""amount_range"":""$1,001 - $15,000"",""transaction_date"":""2026-02-11"",""days_late"":27,""doc_url"":""https://disclosures-clerk.house.gov/public_disc/ptr-pdfs/2026/20034159.pdf""},{""member"":""Delaney, Hon. April McClain"",""party"":null,""direction"":""buy"",""amount_range"":""$1,001 - $15,000"",""transaction_date"":""2026-02-04"",""days_late"":34,""doc_url"":""https://disclosures-clerk.house.gov/public_disc/ptr-pdfs/2026/20034159.pdf""},{""member"":""Delaney, Hon. April McClain"",""party"":null,""direction"":""buy"",""amount_range"":""$1,001 - $15,000"",""transaction_date"":""2026-01-28"",""days_late"":5,""doc_url"":""https://disclosures-clerk.house.gov/public_disc/ptr-pdfs/2026/20033921.pdf""}]"
OTIS,us,Otis Worldwide Corp,Electronic & Other Electrical Equipment (No Computer Equip),-0.639,0.525,290,492,48,"[-0.848,-0.832,-1.041,-0.899,-1.214,-0.848,-0.652,-0.82,-1.056,-1.053,-1.101,-0.639,null,null]",,,,,,,,
HAL,us,HALLIBURTON CO,"Oil & Gas Field Services, NEC",-0.64,0.525,291,492,-18,"[-0.66,-0.72,-0.752,-0.901,-0.755,-0.987,-1.122,-0.915,-0.527,-1.169,-0.894,-0.64,null,null]",,,,,,2,2026-01-09,"[{""member"":""Cisneros, Hon. Gilbert"",""party"":""D"",""direction"":""sell_full"",""amount_range"":""$1,001 - $15,000"",""transaction_date"":""2026-01-09"",""days_late"":35,""doc_url"":""https://disclosures-clerk.house.gov/public_disc/ptr-pdfs/2026/20033983.pdf""},{""member"":""Cisneros, Hon. Gilbert"",""party"":""D"",""direction"":""sell_partial"",""amount_range"":""$1,001 - $15,000"",""transaction_date"":""2025-12-19"",""days_late"":24,""doc_url"":""https://disclosures-clerk.house.gov/public_disc/ptr-pdfs/2026/20033762.pdf""}]"
URI,us,"UNITED RENTALS, INC.","Services-Equipment Rental & Leasing, NEC",-0.645,0.525,293,492,-41,"[-0.665,-0.154,-1.112,-1.105,-1.174,-1.321,-1.276,-1.057,-0.573,-1.308,-0.78,-0.645,null,null]",,,,,,5,2026-04-24,"[{""member"":""Salazar, Hon. Maria Elvira"",""party"":""R"",""direction"":""buy"",""amount_range"":""$1,001 - $15,000"",""transaction_date"":""2026-04-24"",""days_late"":14,""doc_url"":""https://disclosures-clerk.house.gov/public_disc/ptr-pdfs/2026/20034479.pdf""},{""member"":""Salazar, Hon. Maria Elvira"",""party"":""R"",""direction"":""buy"",""amount_range"":""$1,001 - $15,000"",""transaction_date"":""2026-03-25"",""days_late"":27,""doc_url"":""https://disclosures-clerk.house.gov/public_disc/ptr-pdfs/2026/20033993.pdf""},{""member"":""Suozzi, Hon. Thomas"",""party"":""D"",""direction"":""sell_full"",""amount_range"":""$15,001 - $50,000"",""transaction_date"":""2026-02-18"",""days_late"":27,""doc_url"":""https://disclosures-clerk.house.gov/public_disc/ptr-pdfs/2026/20034188.pdf""},{""member"":""Letlow, Hon. Julia"",""party"":""R"",""direction"":""sell_full"",""amount_range"":""$1,001 - $15,000"",""transaction_date"":""2026-02-02"",""days_late"":38,""doc_url"":""https://disclosures-clerk.house.gov/public_disc/ptr-pdfs/2026/20034106.pdf""},{""member"":""Letlow, Hon. Julia"",""party"":""R"",""direction"":""buy"",""amount_range"":""$1,001 - $15,000"",""transaction_date"":""2025-12-16"",""days_late"":28,""doc_url"":""https://disclosures-clerk.house.gov/public_disc/ptr-pdfs/2026/20030977.pdf""}]"
UHS,us,UNIVERSAL HEALTH SERVICES INC,"Services-General Medical & Surgical Hospitals, NEC",-0.645,0.525,292,492,70,"[-1.102,-1.144,-1.166,-1.339,-1.063,-1.368,-1.611,-1.097,-0.725,-0.641,-1.173,-0.645,null,null]",,,,,,,,
IBM,us,INTERNATIONAL BUSINESS MACHINES CORP,Computer & office Equipment,-0.648,0.525,294,492,88,"[-0.778,-1.119,-1.102,-1.19,-1.208,-1.163,-1.571,-0.854,-0.498,-0.98,-1.224,-0.648,null,null]",,,,,,23,2026-07-16,"[{""member"":""Gottheimer, Hon. Josh"",""party"":""D"",""direction"":""sell_full"",""amount_range"":""$1,001 - $15,000"",""transaction_date"":""2026-07-16"",""days_late"":25,""doc_url"":""https://disclosures-clerk.house.gov/public_disc/ptr-pdfs/2026/20035186.pdf""},{""member"":""Gottheimer, Hon. Josh"",""party"":""D"",""direction"":""sell_partial"",""amount_range"":""$1,001 - $15,000"",""transaction_date"":""2026-07-15"",""days_late"":26,""doc_url"":""https://disclosures-clerk.house.gov/public_disc/ptr-pdfs/2026/20035186.pdf""},{""member"":""Van Epps, Hon. Matthew Robert"",""party"":""R"",""direction"":""sell_full"",""amount_range"":""$1,001 - $15,000"",""transaction_date"":""2026-06-16"",""days_late"":1,""doc_url"":""https://disclosures-clerk.house.gov/public_disc/ptr-pdfs/2026/20034807.pdf""},{""member"":""Doggett, Hon. Lloyd"",""party"":""D"",""direction"":""buy"",""amount_range"":""$1,001 - $15,000"",""transaction_date"":""2026-06-10"",""days_late"":26,""doc_url"":""https://disclosures-clerk.house.gov/public_disc/ptr-pdfs/2026/20034923.pdf""},{""member"":""Salazar, Hon. Maria Elvira"",""party"":""R"",""direction"":""buy"",""amount_range"":""$15,001 - $50,000"",""transaction_date"":""2026-05-21"",""days_late"":18,""doc_url"":""https://disclosures-clerk.house.gov/public_disc/ptr-pdfs/2026/20034709.pdf""},{""member"":""Salazar, Hon. Maria Elvira"",""party"":""R"",""direction"":""buy"",""amount_range"":""$15,001 - $50,000"",""transaction_date"":""2026-05-21"",""days_late"":18,""doc_url"":""https://disclosures-clerk.house.gov/public_disc/ptr-pdfs/2026/20034709.pdf""},{""member"":""Cisneros, Hon. Gilbert"",""party"":""D"",""direction"":""sell_full"",""amount_range"":""$15,001 - $50,000"",""transaction_date"":""2026-05-15"",""days_late"":24,""doc_url"":""https://disclosures-clerk.house.gov/public_disc/ptr-pdfs/2026/20034713.pdf""},{""member"":""Gottheimer, Hon. Josh"",""party"":""D"",""direction"":""sell_partial"",""amount_range"":""$1,001 - $15,000"",""transaction_date"":""2026-04-24"",""days_late"":25,""doc_url"":""https://disclosures-clerk.house.gov/public_disc/ptr-pdfs/2026/20034585.pdf""}]"
APD,us,"Air Products & Chemicals, Inc.",Industrial Inorganic Chemicals,-0.649,0.525,295,492,0,"[-1.047,-1.276,-1.407,-1.477,-1.011,-1.064,-1.569,-1.142,-1.016,-1.33,-0.989,-0.649,null,null]",,,,,,4,2026-07-30,"[{""member"":""McCormick, Hon. Richard Dean Dr"",""party"":null,""direction"":""sell_full"",""amount_range"":""$1,001 - $15,000"",""transaction_date"":""2026-07-30"",""days_late"":15,""doc_url"":""https://disclosures-clerk.house.gov/public_disc/ptr-pdfs/2026/20035204.pdf""},{""member"":""Gottheimer, Hon. Josh"",""party"":""D"",""direction"":""buy"",""amount_range"":""$1,001 - $15,000"",""transaction_date"":""2026-03-05"",""days_late"":34,""doc_url"":""https://disclosures-clerk.house.gov/public_disc/ptr-pdfs/2026/20034305.pdf""},{""member"":""Johnson, Hon. Julie"",""party"":""D"",""direction"":""sell_full"",""amount_range"":""$1,001 - $15,000"",""transaction_date"":""2025-12-18"",""days_late"":28,""doc_url"":""https://disclosures-clerk.house.gov/public_disc/ptr-pdfs/2026/20033789.pdf""},{""member"":""Gottheimer, Hon. Josh"",""party"":""D"",""direction"":""sell_partial"",""amount_range"":""$15,001 - $50,000"",""transaction_date"":""2025-12-08"",""days_late"":37,""doc_url"":""https://disclosures-clerk.house.gov/public_disc/ptr-pdfs/2026/20033756.pdf""}]"
NSC,us,NORFOLK SOUTHERN CORP,"Railroads, Line-Haul Operating",-0.652,0.525,296,492,139,"[-0.898,-1.211,-1.346,-1.475,-1.161,-1.154,-1.655,-1.313,-1.13,-1.382,-1.343,-0.652,null,null]",,,,,,1,2025-12-18,"[{""member"":""Johnson, Hon. Julie"",""party"":""D"",""direction"":""sell_full"",""amount_range"":""$1,001 - $15,000"",""transaction_date"":""2025-12-18"",""days_late"":28,""doc_url"":""https://disclosures-clerk.house.gov/public_disc/ptr-pdfs/2026/20033789.pdf""}]"
ROK,us,"ROCKWELL AUTOMATION, INC","Measuring & Controlling Devices, NEC",-0.655,0.525,297,492,-63,"[-1.092,-1.18,-1.337,-1.424,-1.162,-1.219,-1.594,-1.152,-0.803,-0.957,-0.705,-0.655,null,null]",,,,,,,,
IQV,us,IQVIA HOLDINGS INC.,Services-Commercial Physical & Biological Research,-0.657,0.525,298,492,-47,"[-0.868,-0.988,-1.091,-1.342,-0.893,-1.27,-1.764,-0.716,-0.463,-0.628,-0.78,-0.657,null,null]",,,,,,1,2026-03-16,"[{""member"":""Hern, Hon. Kevin"",""party"":""R"",""direction"":""sell_full"",""amount_range"":""$50,001 - $100,000"",""transaction_date"":""2026-03-16"",""days_late"":18,""doc_url"":""https://disclosures-clerk.house.gov/public_disc/ptr-pdfs/2026/20034262.pdf""}]"
CTAS,us,CINTAS CORP,"Men's & Boys' Furnishgs, Work Clothg, & Allied Garments",-0.663,0.526,299,492,87,"[-0.946,-1.147,-1.22,-1.42,-1.243,-1.26,-1.588,-1.302,-1.193,-1.144,-1.233,-0.663,null,null]",,,,,,,,
WSM,us,WILLIAMS SONOMA INC,"Retail-Home Furniture, Furnishings & Equipment Stores",-0.667,0.526,300,492,-72,"[-0.342,-0.273,-0.847,-0.571,-0.5,-0.712,-1.025,-0.679,-0.037,-0.105,-0.68,-0.667,null,null]",,,,,,2,2025-07-25,"[{""member"":""Letlow, Hon. Julia"",""party"":""R"",""direction"":""buy"",""amount_range"":""$1,001 - $15,000"",""transaction_date"":""2025-07-25"",""days_late"":172,""doc_url"":""https://disclosures-clerk.house.gov/public_disc/ptr-pdfs/2026/20030977.pdf""},{""member"":""Letlow, Hon. Julia"",""party"":""R"",""direction"":""buy"",""amount_range"":""$1,001 - $15,000"",""transaction_date"":""2024-10-23"",""days_late"":447,""doc_url"":""https://disclosures-clerk.house.gov/public_disc/ptr-pdfs/2026/20030977.pdf""}]"
CPRT,us,COPART INC,Retail-Auto Dealers & Gasoline Stations,-0.669,0.526,301,492,44,"[-0.922,-1.117,-0.835,-1.029,-1.02,-0.972,-1.346,-1.017,-0.688,-0.927,-1.111,-0.669,null,null]",,,,,,,,
IR,us,Ingersoll Rand Inc.,General Industrial Machinery & Equipment,-0.673,0.526,302,492,-2,"[-1.09,-0.943,-1.038,-1.301,-1.226,-1.193,-1.513,-1.037,-0.77,-0.254,-1.01,-0.673,null,null]",,,,,,2,2025-01-31,"[{""member"":""Letlow, Hon. Julia"",""party"":""R"",""direction"":""sell_full"",""amount_range"":""$1,001 - $15,000"",""transaction_date"":""2025-01-31"",""days_late"":347,""doc_url"":""https://disclosures-clerk.house.gov/public_disc/ptr-pdfs/2026/20030977.pdf""},{""member"":""Letlow, Hon. Julia"",""party"":""R"",""direction"":""buy"",""amount_range"":""$1,001 - $15,000"",""transaction_date"":""2024-10-23"",""days_late"":447,""doc_url"":""https://disclosures-clerk.house.gov/public_disc/ptr-pdfs/2026/20030977.pdf""}]"
STLD,us,STEEL DYNAMICS INC,"Steel Works, Blast Furnaces & Rolling Mills (Coke Ovens)",-0.676,0.526,303,492,-111,"[-0.848,-1.02,-1.124,-1.057,-0.947,-1.139,-1.472,-1.184,-0.806,-1.025,-0.483,-0.676,null,null]",,,,,,1,2026-01-09,"[{""member"":""Cisneros, Hon. Gilbert"",""party"":""D"",""direction"":""buy"",""amount_range"":""$1,001 - $15,000"",""transaction_date"":""2026-01-09"",""days_late"":35,""doc_url"":""https://disclosures-clerk.house.gov/public_disc/ptr-pdfs/2026/20033983.pdf""}]"
AVB,us,,,-0.68,0.526,304,492,162,"[-1.279,-1.351,-1.415,-1.67,-1.285,-1.445,-1.767,-1.352,-1.251,-1.325,-1.421,-0.68,null,null]",,,,,,,,
CI,us,Cigna Group,Hospital & Medical Service Plans,-0.687,0.526,305,492,146,"[0.042,-1.332,-0.502,-0.379,0.311,-0.899,-0.769,-0.188,-1.194,-1.457,-1.383,-0.687,null,null]",,,,,,9,2026-03-23,"[{""member"":""Moskowitz, Hon. Jared"",""party"":""D"",""direction"":""sell_full"",""amount_range"":""$1,001 - $15,000"",""transaction_date"":""2026-03-23"",""days_late"":38,""doc_url"":""https://disclosures-clerk.house.gov/public_disc/ptr-pdfs/2026/20034274.pdf""},{""member"":""Moskowitz, Hon. Jared"",""party"":""D"",""direction"":""sell_full"",""amount_range"":""$1,001 - $15,000"",""transaction_date"":""2026-03-23"",""days_late"":38,""doc_url"":""https://disclosures-clerk.house.gov/public_disc/ptr-pdfs/2026/20034274.pdf""},{""member"":""Cisneros, Hon. Gilbert"",""party"":""D"",""direction"":""sell_full"",""amount_range"":""$1,001 - $15,000"",""transaction_date"":""2026-03-13"",""days_late"":25,""doc_url"":""https://disclosures-clerk.house.gov/public_disc/ptr-pdfs/2026/20034285.pdf""},{""member"":""Cisneros, Hon. Gilbert"",""party"":""D"",""direction"":""buy"",""amount_range"":""$1,001 - $15,000"",""transaction_date"":""2025-12-19"",""days_late"":24,""doc_url"":""https://disclosures-clerk.house.gov/public_disc/ptr-pdfs/2026/20033762.pdf""},{""member"":""Johnson, Hon. Julie"",""party"":""D"",""direction"":""sell_full"",""amount_range"":""$1,001 - $15,000"",""transaction_date"":""2025-12-18"",""days_late"":28,""doc_url"":""https://disclosures-clerk.house.gov/public_disc/ptr-pdfs/2026/20033789.pdf""},{""member"":""Johnson, Hon. Julie"",""party"":""D"",""direction"":""buy"",""amount_range"":""$1,001 - $15,000"",""transaction_date"":""2025-09-23"",""days_late"":316,""doc_url"":""https://disclosures-clerk.house.gov/public_disc/ptr-pdfs/2026/20035035.pdf""},{""member"":""Johnson, Hon. Julie"",""party"":""D"",""direction"":""sell_full"",""amount_range"":""$1,001 - $15,000"",""transaction_date"":""2025-09-23"",""days_late"":316,""doc_url"":""https://disclosures-clerk.house.gov/public_disc/ptr-pdfs/2026/20035035.pdf""},{""member"":""Letlow, Hon. Julia"",""party"":""R"",""direction"":""sell_full"",""amount_range"":""$1,001 - $15,000"",""transaction_date"":""2025-04-22"",""days_late"":266,""doc_url"":""https://disclosures-clerk.house.gov/public_disc/ptr-pdfs/2026/20030977.pdf""}]"
HAS,us,"HASBRO, INC.","Games, Toys & Children's Vehicles (No Dolls & Bicycles)",-0.688,0.526,306,492,-5,"[-0.949,-1.043,-1.248,-1.084,-0.95,-0.968,-1.505,-1.25,-1.225,-0.769,-1.011,-0.688,null,null]",,,,,,,,
PFE,us,PFIZER INC,Pharmaceutical Preparations,-0.717,0.527,307,492,-44,"[-0.483,-0.911,-0.941,-1.056,-0.817,-0.668,-1.422,-1.085,-0.716,-1.178,-0.846,-0.717,null,null]",,,,,,7,2026-03-13,"[{""member"":""Cisneros, Hon. Gilbert"",""party"":""D"",""direction"":""sell_partial"",""amount_range"":""$1,001 - $15,000"",""transaction_date"":""2026-03-13"",""days_late"":25,""doc_url"":""https://disclosures-clerk.house.gov/public_disc/ptr-pdfs/2026/20034285.pdf""},{""member"":""Cisneros, Hon. Gilbert"",""party"":""D"",""direction"":""buy"",""amount_range"":""$1,001 - $15,000"",""transaction_date"":""2026-02-10"",""days_late"":27,""doc_url"":""https://disclosures-clerk.house.gov/public_disc/ptr-pdfs/2026/20034144.pdf""},{""member"":""Hill, Hon. James French"",""party"":""R"",""direction"":""sell_full"",""amount_range"":""$100,001 - $250,000"",""transaction_date"":""2025-12-31"",""days_late"":23,""doc_url"":""https://disclosures-clerk.house.gov/public_disc/ptr-pdfs/2026/20033661.pdf""},{""member"":""Cisneros, Hon. Gilbert"",""party"":""D"",""direction"":""sell_partial"",""amount_range"":""$1,001 - $15,000"",""transaction_date"":""2025-12-19"",""days_late"":24,""doc_url"":""https://disclosures-clerk.house.gov/public_disc/ptr-pdfs/2026/20033762.pdf""},{""member"":""Letlow, Hon. Julia"",""party"":""R"",""direction"":""buy"",""amount_range"":""$1,001 - $15,000"",""transaction_date"":""2025-06-17"",""days_late"":210,""doc_url"":""https://disclosures-clerk.house.gov/public_disc/ptr-pdfs/2026/20030977.pdf""},{""member"":""Miller, Hon. Carol Devine"",""party"":""R"",""direction"":""sell_full"",""amount_range"":""$15,001 - $50,000"",""transaction_date"":""2025-03-10"",""days_late"":521,""doc_url"":""https://disclosures-clerk.house.gov/public_disc/ptr-pdfs/2026/20033779.pdf""},{""member"":""Rulli, Hon. Michael"",""party"":""R"",""direction"":""sell_full"",""amount_range"":""$1,001 - $15,000"",""transaction_date"":""2024-11-26"",""days_late"":619,""doc_url"":""https://disclosures-clerk.house.gov/public_disc/ptr-pdfs/2026/20035147.pdf""}]"
MS,us,MORGAN STANLEY,"Security Brokers, Dealers & Flotation Companies",-0.726,0.528,308,492,-51,"[-0.249,-0.825,-0.931,-0.663,-1.179,-0.951,-1.28,-1.073,-0.736,-0.862,-0.798,-0.726,null,null]",,,,,,3,2026-07-10,"[{""member"":""Newhouse, Hon. Dan"",""party"":""R"",""direction"":""buy"",""amount_range"":""$1,001 - $15,000"",""transaction_date"":""2026-07-10"",""days_late"":7,""doc_url"":""https://disclosures-clerk.house.gov/public_disc/ptr-pdfs/2026/20034998.pdf""},{""member"":""Johnson, Hon. Julie"",""party"":""D"",""direction"":""sell_full"",""amount_range"":""$1,001 - $15,000"",""transaction_date"":""2025-12-18"",""days_late"":28,""doc_url"":""https://disclosures-clerk.house.gov/public_disc/ptr-pdfs/2026/20033789.pdf""},{""member"":""Cohen, Hon. Steve"",""party"":""D"",""direction"":""sell_partial"",""amount_range"":""$50,001 - $100,000"",""transaction_date"":""2025-12-17"",""days_late"":28,""doc_url"":""https://disclosures-clerk.house.gov/public_disc/ptr-pdfs/2026/20033754.pdf""}]"
MAS,us,MASCO CORP /DE/,"Heating Equip, Except Elec & Warm Air; & Plumbing Fixtures",-0.727,0.528,309,492,34,"[-0.876,-0.788,-1.09,-1.111,-1.117,-1.083,-1.126,-0.344,-0.708,-0.687,-1.109,-0.727,null,null]",,,,,,,,
PSKY,us,Paramount Skydance Corp,Television Broadcasting Stations,-0.727,0.528,310,492,-68,"[null,-0.329,0.526,0.4,0.403,0.439,-0.12,-0.082,0.297,-0.521,-0.745,-0.727,null,null]",1,2026-10-08,,,,2,2026-05-15,"[{""member"":""Cisneros, Hon. Gilbert"",""party"":""D"",""direction"":""sell_partial"",""amount_range"":""$1,001 - $15,000"",""transaction_date"":""2026-05-15"",""days_late"":24,""doc_url"":""https://disclosures-clerk.house.gov/public_disc/ptr-pdfs/2026/20034713.pdf""},{""member"":""Cisneros, Hon. Gilbert"",""party"":""D"",""direction"":""buy"",""amount_range"":""$1,001 - $15,000"",""transaction_date"":""2026-03-13"",""days_late"":25,""doc_url"":""https://disclosures-clerk.house.gov/public_disc/ptr-pdfs/2026/20034285.pdf""}]"
NKE,us,"NIKE, Inc.",Rubber & Plastics Footwear,-0.74,0.528,311,492,-25,"[-0.854,-0.969,-1.254,-1.017,-1.14,-0.847,-1.295,-1.118,-0.976,-0.521,-0.959,-0.74,null,null]",,,,,,1,2026-04-14,"[{""member"":""Cisneros, Hon. Gilbert"",""party"":""D"",""direction"":""sell_partial"",""amount_range"":""$1,001 - $15,000"",""transaction_date"":""2026-04-14"",""days_late"":24,""doc_url"":""https://disclosures-clerk.house.gov/public_disc/ptr-pdfs/2026/20034500.pdf""}]"
ZTS,us,Zoetis Inc.,Pharmaceutical Preparations,-0.752,0.528,312,492,-292,"[-0.98,-1.093,-1.206,-1.298,-1.169,-1.145,-1.421,-0.683,-1.183,-1.02,0.587,-0.752,null,null]",,,,,,7,2026-06-16,"[{""member"":""Cisneros, Hon. Gilbert"",""party"":""D"",""direction"":""buy"",""amount_range"":""$1,001 - $15,000"",""transaction_date"":""2026-06-16"",""days_late"":16,""doc_url"":""https://disclosures-clerk.house.gov/public_disc/ptr-pdfs/2026/20034906.pdf""},{""member"":""Donalds, Hon. Byron"",""party"":""R"",""direction"":""buy"",""amount_range"":""$1,001 - $15,000"",""transaction_date"":""2026-06-09"",""days_late"":36,""doc_url"":""https://disclosures-clerk.house.gov/public_disc/ptr-pdfs/2026/20034968.pdf""},{""member"":""Donalds, Hon. Byron"",""party"":""R"",""direction"":""buy"",""amount_range"":""$1,001 - $15,000"",""transaction_date"":""2026-06-09"",""days_late"":36,""doc_url"":""https://disclosures-clerk.house.gov/public_disc/ptr-pdfs/2026/20034968.pdf""},{""member"":""Cisneros, Hon. Gilbert"",""party"":""D"",""direction"":""sell_partial"",""amount_range"":""$1,001 - $15,000"",""transaction_date"":""2026-04-14"",""days_late"":24,""doc_url"":""https://disclosures-clerk.house.gov/public_disc/ptr-pdfs/2026/20034500.pdf""},{""member"":""Cisneros, Hon. Gilbert"",""party"":""D"",""direction"":""sell_partial"",""amount_range"":""$1,001 - $15,000"",""transaction_date"":""2026-03-13"",""days_late"":25,""doc_url"":""https://disclosures-clerk.house.gov/public_disc/ptr-pdfs/2026/20034285.pdf""},{""member"":""Cisneros, Hon. Gilbert"",""party"":""D"",""direction"":""buy"",""amount_range"":""$1,001 - $15,000"",""transaction_date"":""2026-02-10"",""days_late"":27,""doc_url"":""https://disclosures-clerk.house.gov/public_disc/ptr-pdfs/2026/20034144.pdf""},{""member"":""Cisneros, Hon. Gilbert"",""party"":""D"",""direction"":""buy"",""amount_range"":""$1,001 - $15,000"",""transaction_date"":""2025-12-19"",""days_late"":24,""doc_url"":""https://disclosures-clerk.house.gov/public_disc/ptr-pdfs/2026/20033762.pdf""}]"
BA,us,BOEING CO,Aircraft,-0.756,0.528,314,492,-30,"[-1.023,-0.684,-0.85,-0.909,-1.147,-0.875,-0.917,-1.124,-0.54,-1.033,-0.945,-0.756,null,null]",,,,,,,,
MOS,us,MOSAIC CO,Agricultural Chemicals,-0.756,0.528,313,492,-19,"[-1.026,-0.98,-1.101,0.114,-0.769,-0.761,-1.331,-0.959,-0.551,-0.696,-0.989,-0.756,null,null]",,,,,,,,
BIIB,us,BIOGEN INC.,"Biological Products, (No Diagnostic Substances)",-0.757,0.529,316,492,64,"[-0.98,-0.906,-1.064,-1.341,-0.915,-1.263,-1.472,-1.057,-1.104,-1.093,-1.224,-0.757,null,null]",,,,,,6,2026-06-05,"[{""member"":""Cisneros, Hon. Gilbert"",""party"":""D"",""direction"":""buy"",""amount_range"":""$1,001 - $15,000"",""transaction_date"":""2026-06-05"",""days_late"":27,""doc_url"":""https://disclosures-clerk.house.gov/public_disc/ptr-pdfs/2026/20034906.pdf""},{""member"":""Salazar, Hon. Maria Elvira"",""party"":""R"",""direction"":""sell_full"",""amount_range"":""$15,001 - $50,000"",""transaction_date"":""2026-06-02"",""days_late"":35,""doc_url"":""https://disclosures-clerk.house.gov/public_disc/ptr-pdfs/2026/20034928.pdf""},{""member"":""Salazar, Hon. Maria Elvira"",""party"":""R"",""direction"":""buy"",""amount_range"":""$1,001 - $15,000"",""transaction_date"":""2026-05-12"",""days_late"":27,""doc_url"":""https://disclosures-clerk.house.gov/public_disc/ptr-pdfs/2026/20034709.pdf""},{""member"":""Salazar, Hon. Maria Elvira"",""party"":""R"",""direction"":""buy"",""amount_range"":""$1,001 - $15,000"",""transaction_date"":""2026-05-11"",""days_late"":28,""doc_url"":""https://disclosures-clerk.house.gov/public_disc/ptr-pdfs/2026/20034709.pdf""},{""member"":""Salazar, Hon. Maria Elvira"",""party"":""R"",""direction"":""buy"",""amount_range"":""$50,001 - $100,000"",""transaction_date"":""2026-05-11"",""days_late"":28,""doc_url"":""https://disclosures-clerk.house.gov/public_disc/ptr-pdfs/2026/20034709.pdf""},{""member"":""Cisneros, Hon. Gilbert"",""party"":""D"",""direction"":""buy"",""amount_range"":""$1,001 - $15,000"",""transaction_date"":""2026-01-30"",""days_late"":14,""doc_url"":""https://disclosures-clerk.house.gov/public_disc/ptr-pdfs/2026/20033983.pdf""}]"
GL,us,GLOBE LIFE INC.,Life Insurance,-0.757,0.529,315,492,131,"[-1.257,-1.223,-1.333,-1.522,-1.204,-1.327,-1.825,-1.392,-1.237,-1.39,-1.369,-0.757,null,null]",,,,,,,,
TPR,us,"TAPESTRY, INC.",Leather & Leather Products,-0.758,0.529,317,492,-64,"[-0.605,-0.297,-0.892,-1.141,-0.966,-1.034,-1.227,-0.6,-0.556,0.095,-0.781,-0.758,null,null]",,,,,,5,2026-06-16,"[{""member"":""Van Epps, Hon. Matthew Robert"",""party"":""R"",""direction"":""sell_full"",""amount_range"":""$15,001 - $50,000"",""transaction_date"":""2026-06-16"",""days_late"":1,""doc_url"":""https://disclosures-clerk.house.gov/public_disc/ptr-pdfs/2026/20034807.pdf""},{""member"":""Sewell, Hon. Terri A."",""party"":""D"",""direction"":""sell_full"",""amount_range"":""$15,001 - $50,000"",""transaction_date"":""2026-03-25"",""days_late"":27,""doc_url"":""https://disclosures-clerk.house.gov/public_disc/ptr-pdfs/2026/20034384.pdf""},{""member"":""Letlow, Hon. Julia"",""party"":""R"",""direction"":""sell_full"",""amount_range"":""$1,001 - $15,000"",""transaction_date"":""2025-07-29"",""days_late"":168,""doc_url"":""https://disclosures-clerk.house.gov/public_disc/ptr-pdfs/2026/20030977.pdf""},{""member"":""Letlow, Hon. Julia"",""party"":""R"",""direction"":""sell_partial"",""amount_range"":""$1,001 - $15,000"",""transaction_date"":""2024-11-26"",""days_late"":413,""doc_url"":""https://disclosures-clerk.house.gov/public_disc/ptr-pdfs/2026/20030977.pdf""},{""member"":""Letlow, Hon. Julia"",""party"":""R"",""direction"":""buy"",""amount_range"":""$1,001 - $15,000"",""transaction_date"":""2024-10-23"",""days_late"":447,""doc_url"":""https://disclosures-clerk.house.gov/public_disc/ptr-pdfs/2026/20030977.pdf""}]"
EFX,us,EQUIFAX INC,"Services-Consumer Credit Reporting, Collection Agencies",-0.759,0.529,318,492,106,"[-1.118,-1.11,-1.178,-1.463,-1.11,-1.212,-1.705,-1.098,-0.473,-0.685,-1.316,-0.759,null,null]",,,,,,2,2026-04-14,"[{""member"":""Cisneros, Hon. Gilbert"",""party"":""D"",""direction"":""sell_full"",""amount_range"":""$1,001 - $15,000"",""transaction_date"":""2026-04-14"",""days_late"":24,""doc_url"":""https://disclosures-clerk.house.gov/public_disc/ptr-pdfs/2026/20034500.pdf""},{""member"":""Cisneros, Hon. Gilbert"",""party"":""D"",""direction"":""buy"",""amount_range"":""$1,001 - $15,000"",""transaction_date"":""2026-03-13"",""days_late"":25,""doc_url"":""https://disclosures-clerk.house.gov/public_disc/ptr-pdfs/2026/20034285.pdf""}]"
MTD,us,METTLER TOLEDO INTERNATIONAL INC/,Laboratory Analytical Instruments,-0.762,0.529,319,492,20,"[-0.925,-0.683,-1.224,-0.542,-0.917,-1.156,-0.973,-0.82,-0.685,-0.908,-1.104,-0.762,null,null]",,,,,,3,2025-12-08,"[{""member"":""Letlow, Hon. Julia"",""party"":""R"",""direction"":""sell_full"",""amount_range"":""$1,001 - $15,000"",""transaction_date"":""2025-12-08"",""days_late"":36,""doc_url"":""https://disclosures-clerk.house.gov/public_disc/ptr-pdfs/2026/20030977.pdf""},{""member"":""Letlow, Hon. Julia"",""party"":""R"",""direction"":""buy"",""amount_range"":""$1,001 - $15,000"",""transaction_date"":""2025-07-25"",""days_late"":172,""doc_url"":""https://disclosures-clerk.house.gov/public_disc/ptr-pdfs/2026/20030977.pdf""},{""member"":""Letlow, Hon. Julia"",""party"":""R"",""direction"":""buy"",""amount_range"":""$1,001 - $15,000"",""transaction_date"":""2024-12-18"",""days_late"":391,""doc_url"":""https://disclosures-clerk.house.gov/public_disc/ptr-pdfs/2026/20030977.pdf""}]"
AAPL,us,Apple Inc.,Electronic Computers,-0.763,0.529,320,492,-160,"[-0.583,-0.714,-0.895,-0.419,-0.524,-0.371,-0.46,-0.421,-0.169,-0.452,-0.285,-0.763,null,null]",,,15,2026-10-06,,37,2026-08-13,"[{""member"":""Case, Hon. Ed"",""party"":""D"",""direction"":""buy"",""amount_range"":""$1,001 - $15,000"",""transaction_date"":""2026-08-13"",""days_late"":5,""doc_url"":""https://disclosures-clerk.house.gov/public_disc/ptr-pdfs/2026/20035275.pdf""},{""member"":""McCormick, Hon. Richard Dean Dr"",""party"":null,""direction"":""sell_full"",""amount_range"":""$1,001 - $15,000"",""transaction_date"":""2026-07-30"",""days_late"":15,""doc_url"":""https://disclosures-clerk.house.gov/public_disc/ptr-pdfs/2026/20035204.pdf""},{""member"":""Rulli, Hon. Michael"",""party"":""R"",""direction"":""sell_full"",""amount_range"":""$1,001 - $15,000"",""transaction_date"":""2026-06-25"",""days_late"":43,""doc_url"":""https://disclosures-clerk.house.gov/public_disc/ptr-pdfs/2026/20035147.pdf""},{""member"":""Van Epps, Hon. Matthew Robert"",""party"":""R"",""direction"":""sell_full"",""amount_range"":""$1,001 - $15,000"",""transaction_date"":""2026-06-16"",""days_late"":1,""doc_url"":""https://disclosures-clerk.house.gov/public_disc/ptr-pdfs/2026/20034807.pdf""},{""member"":""Cisneros, Hon. Gilbert"",""party"":""D"",""direction"":""buy"",""amount_range"":""$1,001 - $15,000"",""transaction_date"":""2026-06-05"",""days_late"":27,""doc_url"":""https://disclosures-clerk.house.gov/public_disc/ptr-pdfs/2026/20034906.pdf""},{""member"":""Crenshaw, Hon. Daniel"",""party"":""R"",""direction"":""sell_full"",""amount_range"":""$1,001 - $15,000"",""transaction_date"":""2026-06-01"",""days_late"":45,""doc_url"":""https://disclosures-clerk.house.gov/public_disc/ptr-pdfs/2026/20035024.pdf""},{""member"":""Taylor, Hon. David J."",""party"":""R"",""direction"":""sell_full"",""amount_range"":""$1,001 - $15,000"",""transaction_date"":""2026-05-15"",""days_late"":13,""doc_url"":""https://disclosures-clerk.house.gov/public_disc/ptr-pdfs/2026/20034650.pdf""},{""member"":""Taylor, Hon. David J."",""party"":""R"",""direction"":""sell_full"",""amount_range"":""$1,001 - $15,000"",""transaction_date"":""2026-05-15"",""days_late"":13,""doc_url"":""https://disclosures-clerk.house.gov/public_disc/ptr-pdfs/2026/20034650.pdf""}]"
CPT,us,CAMDEN PROPERTY TRUST,Real Estate Investment Trusts,-0.772,0.529,321,492,-50,"[-1.41,-1.354,-1.639,-1.772,-1.201,-1.335,-1.901,-1.58,-1.298,-1.502,-0.883,-0.772,null,null]",,,,,,,,
GPN,us,GLOBAL PAYMENTS INC,"Services-Business Services, NEC",-0.772,0.529,323,492,109,"[-0.891,-1.114,-1.088,-0.48,-1.134,-1.18,-1.54,-1.151,0.27,-0.667,-1.334,-0.772,null,null]",,,,,,3,2026-04-14,"[{""member"":""Cisneros, Hon. Gilbert"",""party"":""D"",""direction"":""buy"",""amount_range"":""$1,001 - $15,000"",""transaction_date"":""2026-04-14"",""days_late"":24,""doc_url"":""https://disclosures-clerk.house.gov/public_disc/ptr-pdfs/2026/20034500.pdf""},{""member"":""Cisneros, Hon. Gilbert"",""party"":""D"",""direction"":""sell_full"",""amount_range"":""$1,001 - $15,000"",""transaction_date"":""2025-12-19"",""days_late"":24,""doc_url"":""https://disclosures-clerk.house.gov/public_disc/ptr-pdfs/2026/20033762.pdf""},{""member"":""Cisneros, Hon. Gilbert"",""party"":""D"",""direction"":""sell_partial"",""amount_range"":""$15,001 - $50,000"",""transaction_date"":""2025-12-10"",""days_late"":33,""doc_url"":""https://disclosures-clerk.house.gov/public_disc/ptr-pdfs/2026/20033762.pdf""}]"
GM,us,General Motors Co,Motor Vehicles & Passenger Car Bodies,-0.772,0.529,322,492,15,"[-0.904,-1.107,-1.135,-1.17,-0.795,-0.946,-1.435,-1.119,-0.886,-1.153,-1.098,-0.772,null,null]",,,,,,1,2026-01-07,"[{""member"":""Kean, Hon. Thomas H., Jr"",""party"":""R"",""direction"":""sell_full"",""amount_range"":""$1,001 - $15,000"",""transaction_date"":""2026-01-07"",""days_late"":43,""doc_url"":""https://disclosures-clerk.house.gov/public_disc/ptr-pdfs/2026/20034025.pdf""}]"
WY,us,WEYERHAEUSER CO,Real Estate Investment Trusts,-0.778,0.529,324,492,162,"[-1.153,-1.19,-1.269,-1.368,-1.246,-1.199,-1.634,-1.122,-1.022,-1.159,-1.496,-0.778,null,null]",,,,,,2,2025-10-21,"[{""member"":""Johnson, Hon. Julie"",""party"":""D"",""direction"":""sell_full"",""amount_range"":""$1,001 - $15,000"",""transaction_date"":""2025-10-21"",""days_late"":288,""doc_url"":""https://disclosures-clerk.house.gov/public_disc/ptr-pdfs/2026/20035035.pdf""},{""member"":""Johnson, Hon. Julie"",""party"":""D"",""direction"":""buy"",""amount_range"":""$1,001 - $15,000"",""transaction_date"":""2025-10-21"",""days_late"":288,""doc_url"":""https://disclosures-clerk.house.gov/public_disc/ptr-pdfs/2026/20035035.pdf""}]"
LKQ,us,LKQ CORP,Wholesale-Motor Vehicles & Motor Vehicle Parts & Supplies,-0.779,0.529,325,492,129,"[-0.263,-0.953,-1.253,-1.439,-1.269,-1.161,-1.554,-1.222,-1.062,-1.35,-1.394,-0.779,null,null]",,,,,,,,
ODFL,us,"OLD DOMINION FREIGHT LINE, INC.",Trucking (No Local),-0.78,0.529,326,492,-99,"[-0.387,-0.343,-1.053,-0.772,-0.908,-0.907,-1.418,-0.694,-0.247,-0.524,-0.663,-0.78,null,null]",,,,,,,,
POOL,us,POOL CORP,Wholesale-Misc Durable Goods,-0.78,0.529,327,492,-11,"[-1.107,-0.964,-1.22,-1.031,-0.771,-1.03,-1.658,-0.869,-0.695,-1.118,-1.055,-0.78,null,null]",,,,,,,,
TXN,us,TEXAS INSTRUMENTS INC,Semiconductors & Related Devices,-0.786,0.529,328,492,-102,"[-0.333,-0.006,-1.24,-0.447,-1.171,-0.571,-0.483,-0.919,-0.577,-0.676,-0.66,-0.786,null,null]",,,,,,3,2026-04-14,"[{""member"":""Kean, Hon. Thomas H., Jr"",""party"":""R"",""direction"":""buy"",""amount_range"":""$1,001 - $15,000"",""transaction_date"":""2026-04-14"",""days_late"":38,""doc_url"":""https://disclosures-clerk.house.gov/public_disc/ptr-pdfs/2026/20034616.pdf""},{""member"":""Hern, Hon. Kevin"",""party"":""R"",""direction"":""sell_full"",""amount_range"":""$500,001 - $1,000,000"",""transaction_date"":""2026-03-18"",""days_late"":16,""doc_url"":""https://disclosures-clerk.house.gov/public_disc/ptr-pdfs/2026/20034262.pdf""},{""member"":""Johnson, Hon. Julie"",""party"":""D"",""direction"":""sell_full"",""amount_range"":""$1,001 - $15,000"",""transaction_date"":""2025-12-18"",""days_late"":28,""doc_url"":""https://disclosures-clerk.house.gov/public_disc/ptr-pdfs/2026/20033789.pdf""}]"
A,us,"AGILENT TECHNOLOGIES, INC.",Laboratory Analytical Instruments,-0.792,0.53,329,492,-39,"[-0.944,-1.213,-1.143,-1.396,-0.941,-1.309,-1.729,-1.392,-1,-1.114,-0.977,-0.792,null,null]",,,,,,2,2025-09-23,"[{""member"":""Johnson, Hon. Julie"",""party"":""D"",""direction"":""sell_full"",""amount_range"":""$1,001 - $15,000"",""transaction_date"":""2025-09-23"",""days_late"":316,""doc_url"":""https://disclosures-clerk.house.gov/public_disc/ptr-pdfs/2026/20035035.pdf""},{""member"":""Johnson, Hon. Julie"",""party"":""D"",""direction"":""buy"",""amount_range"":""$1,001 - $15,000"",""transaction_date"":""2025-09-23"",""days_late"":316,""doc_url"":""https://disclosures-clerk.house.gov/public_disc/ptr-pdfs/2026/20035035.pdf""}]"
RL,us,RALPH LAUREN CORP,"Men's & Boys' Furnishgs, Work Clothg, & Allied Garments",-0.797,0.53,330,492,-105,"[-0.82,-0.513,-0.757,-1.107,-0.482,-0.979,-1.302,-1.131,-0.44,-0.566,-0.66,-0.797,null,null]",,,,,,,,
VTRS,us,Viatris Inc,Pharmaceutical Preparations,-0.798,0.53,331,492,-49,"[-1.267,-0.628,-0.812,-0.121,-0.792,-0.983,-0.579,-0.943,-0.61,-0.977,-0.937,-0.798,null,null]",,,,,,,,
COF,us,CAPITAL ONE FINANCIAL CORP,National Commercial Banks,-0.804,0.53,332,492,-118,"[-0.477,-0.861,-0.417,-0.327,-0.63,-0.826,-0.888,-0.257,-0.411,-0.087,-0.602,-0.804,null,null]",,,,,,3,2026-02-10,"[{""member"":""Cisneros, Hon. Gilbert"",""party"":""D"",""direction"":""sell_full"",""amount_range"":""$1,001 - $15,000"",""transaction_date"":""2026-02-10"",""days_late"":27,""doc_url"":""https://disclosures-clerk.house.gov/public_disc/ptr-pdfs/2026/20034144.pdf""},{""member"":""Cisneros, Hon. Gilbert"",""party"":""D"",""direction"":""buy"",""amount_range"":""$1,001 - $15,000"",""transaction_date"":""2026-01-09"",""days_late"":35,""doc_url"":""https://disclosures-clerk.house.gov/public_disc/ptr-pdfs/2026/20033983.pdf""},{""member"":""Johnson, Hon. Julie"",""party"":""D"",""direction"":""sell_full"",""amount_range"":""$1,001 - $15,000"",""transaction_date"":""2025-12-18"",""days_late"":28,""doc_url"":""https://disclosures-clerk.house.gov/public_disc/ptr-pdfs/2026/20033789.pdf""}]"
IFF,us,INTERNATIONAL FLAVORS & FRAGRANCES INC,Industrial Organic Chemicals,-0.818,0.53,333,492,18,"[-1.139,-1.045,-1.278,-1.412,-1.095,-1.184,-1.689,-1.357,-1.073,-1.156,-1.139,-0.818,null,null]",,,,,,,,
OMC,us,OMNICOM GROUP INC.,Services-Advertising Agencies,-0.824,0.531,334,492,104,"[-0.822,-1.141,-1.146,-1.371,-1.107,-1.139,-1.702,-1.071,-0.929,-1.07,-1.356,-0.824,null,null]",,,,,,2,2026-04-14,"[{""member"":""Cisneros, Hon. Gilbert"",""party"":""D"",""direction"":""sell_full"",""amount_range"":""$1,001 - $15,000"",""transaction_date"":""2026-04-14"",""days_late"":24,""doc_url"":""https://disclosures-clerk.house.gov/public_disc/ptr-pdfs/2026/20034500.pdf""},{""member"":""Cisneros, Hon. Gilbert"",""party"":""D"",""direction"":""buy"",""amount_range"":""$1,001 - $15,000"",""transaction_date"":""2026-03-13"",""days_late"":25,""doc_url"":""https://disclosures-clerk.house.gov/public_disc/ptr-pdfs/2026/20034285.pdf""}]"
LW,us,"Lamb Weston Holdings, Inc.","Canned, Frozen & Preservd Fruit, Veg & Food Specialties",-0.83,0.531,335,492,25,"[-0.717,-0.691,-0.894,-1.285,-1.274,1.129,-0.918,-0.828,-1.154,-0.673,-1.17,-0.83,null,null]",,,,,,,,
WAT,us,WATERS CORP /DE/,Laboratory Analytical Instruments,-0.83,0.531,336,492,-97,"[-0.938,-0.889,-1.188,-1.341,-0.915,-1.253,-1.802,-0.636,-0.817,-1.067,-0.736,-0.83,null,null]",,,,,,6,2026-03-18,"[{""member"":""Cisneros, Hon. Gilbert"",""party"":""D"",""direction"":""buy"",""amount_range"":""$1,001 - $15,000"",""transaction_date"":""2026-03-18"",""days_late"":20,""doc_url"":""https://disclosures-clerk.house.gov/public_disc/ptr-pdfs/2026/20034285.pdf""},{""member"":""Kean, Hon. Thomas H., Jr"",""party"":""R"",""direction"":""sell_partial"",""amount_range"":""$1,001 - $15,000"",""transaction_date"":""2026-03-10"",""days_late"":34,""doc_url"":""https://disclosures-clerk.house.gov/public_disc/ptr-pdfs/2026/20034327.pdf""},{""member"":""Kean, Hon. Thomas H., Jr"",""party"":""R"",""direction"":""sell_partial"",""amount_range"":""$1,001 - $15,000"",""transaction_date"":""2026-02-13"",""days_late"":33,""doc_url"":""https://disclosures-clerk.house.gov/public_disc/ptr-pdfs/2026/20034190.pdf""},{""member"":""Letlow, Hon. Julia"",""party"":""R"",""direction"":""buy"",""amount_range"":""$1,001 - $15,000"",""transaction_date"":""2025-12-08"",""days_late"":36,""doc_url"":""https://disclosures-clerk.house.gov/public_disc/ptr-pdfs/2026/20030977.pdf""},{""member"":""Letlow, Hon. Julia"",""party"":""R"",""direction"":""sell_full"",""amount_range"":""$1,001 - $15,000"",""transaction_date"":""2024-11-19"",""days_late"":420,""doc_url"":""https://disclosures-clerk.house.gov/public_disc/ptr-pdfs/2026/20030977.pdf""},{""member"":""Letlow, Hon. Julia"",""party"":""R"",""direction"":""buy"",""amount_range"":""$1,001 - $15,000"",""transaction_date"":""2024-10-23"",""days_late"":447,""doc_url"":""https://disclosures-clerk.house.gov/public_disc/ptr-pdfs/2026/20030977.pdf""}]"
BAX,us,BAXTER INTERNATIONAL INC,Surgical & Medical Instruments & Apparatus,-0.834,0.531,337,492,-14,"[-0.97,-0.026,-0.829,-0.319,-0.353,-0.615,-1.129,-0.942,-0.36,-0.586,-1.067,-0.834,null,null]",,,,,,,,
TRMB,us,TRIMBLE INC.,"Measuring & Controlling Devices, NEC",-0.841,0.531,338,492,11,"[-0.865,-0.941,-1.181,-1.12,-1.094,-1.178,-1.058,-0.887,-0.579,-0.519,-1.135,-0.841,null,null]",,,,,,4,2026-05-15,"[{""member"":""Cisneros, Hon. Gilbert"",""party"":""D"",""direction"":""sell_full"",""amount_range"":""$1,001 - $15,000"",""transaction_date"":""2026-05-15"",""days_late"":24,""doc_url"":""https://disclosures-clerk.house.gov/public_disc/ptr-pdfs/2026/20034713.pdf""},{""member"":""Cisneros, Hon. Gilbert"",""party"":""D"",""direction"":""buy"",""amount_range"":""$1,001 - $15,000"",""transaction_date"":""2026-04-14"",""days_late"":24,""doc_url"":""https://disclosures-clerk.house.gov/public_disc/ptr-pdfs/2026/20034500.pdf""},{""member"":""Delaney, Hon. April McClain"",""party"":null,""direction"":""sell_partial"",""amount_range"":""$1,001 - $15,000"",""transaction_date"":""2026-01-29"",""days_late"":4,""doc_url"":""https://disclosures-clerk.house.gov/public_disc/ptr-pdfs/2026/20033921.pdf""},{""member"":""Delaney, Hon. April McClain"",""party"":null,""direction"":""sell_partial"",""amount_range"":""$1,001 - $15,000"",""transaction_date"":""2026-01-28"",""days_late"":5,""doc_url"":""https://disclosures-clerk.house.gov/public_disc/ptr-pdfs/2026/20033921.pdf""}]"
CMG,us,CHIPOTLE MEXICAN GRILL INC,Retail-Eating  Places,-0.842,0.531,339,492,3,"[-0.37,-0.571,-0.757,-0.836,-0.501,-0.707,-0.995,-0.884,-0.424,-1.228,-1.106,-0.842,null,null]",,,,,,4,2026-04-02,"[{""member"":""Donalds, Hon. Byron"",""party"":""R"",""direction"":""sell_full"",""amount_range"":""$1,001 - $15,000"",""transaction_date"":""2026-04-02"",""days_late"":41,""doc_url"":""https://disclosures-clerk.house.gov/public_disc/ptr-pdfs/2026/20034478.pdf""},{""member"":""Donalds, Hon. Byron"",""party"":""R"",""direction"":""sell_full"",""amount_range"":""$1,001 - $15,000"",""transaction_date"":""2026-04-02"",""days_late"":41,""doc_url"":""https://disclosures-clerk.house.gov/public_disc/ptr-pdfs/2026/20034478.pdf""},{""member"":""Letlow, Hon. Julia"",""party"":""R"",""direction"":""sell_full"",""amount_range"":""$1,001 - $15,000"",""transaction_date"":""2025-11-03"",""days_late"":71,""doc_url"":""https://disclosures-clerk.house.gov/public_disc/ptr-pdfs/2026/20030977.pdf""},{""member"":""Letlow, Hon. Julia"",""party"":""R"",""direction"":""buy"",""amount_range"":""$1,001 - $15,000"",""transaction_date"":""2025-08-26"",""days_late"":140,""doc_url"":""https://disclosures-clerk.house.gov/public_disc/ptr-pdfs/2026/20030977.pdf""}]"
SPGI,us,S&P Global Inc.,"Services-Consumer Credit Reporting, Collection Agencies",-0.848,0.531,340,492,73,"[-1.094,-1.132,-1.311,-1.42,-1.11,-1.276,-1.703,-1.23,-1.019,-1.067,-1.299,-0.848,null,null]",,,,,,8,2026-07-08,"[{""member"":""Larsen, Hon. Rick"",""party"":""D"",""direction"":""sell_full"",""amount_range"":""$1,001 - $15,000"",""transaction_date"":""2026-07-08"",""days_late"":4,""doc_url"":""https://disclosures-clerk.house.gov/public_disc/ptr-pdfs/2026/20034977.pdf""},{""member"":""Kean, Hon. Thomas H., Jr"",""party"":""R"",""direction"":""sell_partial"",""amount_range"":""$1,001 - $15,000"",""transaction_date"":""2026-06-29"",""days_late"":16,""doc_url"":""https://disclosures-clerk.house.gov/public_disc/ptr-pdfs/2026/20035003.pdf""},{""member"":""Moskowitz, Hon. Jared"",""party"":""D"",""direction"":""sell_full"",""amount_range"":""$1,001 - $15,000"",""transaction_date"":""2026-06-17"",""days_late"":39,""doc_url"":""https://disclosures-clerk.house.gov/public_disc/ptr-pdfs/2026/20034963.pdf""},{""member"":""Moskowitz, Hon. Jared"",""party"":""D"",""direction"":""sell_full"",""amount_range"":""$1,001 - $15,000"",""transaction_date"":""2026-06-17"",""days_late"":39,""doc_url"":""https://disclosures-clerk.house.gov/public_disc/ptr-pdfs/2026/20034963.pdf""},{""member"":""Moskowitz, Hon. Jared"",""party"":""D"",""direction"":""sell_full"",""amount_range"":""$1,001 - $15,000"",""transaction_date"":""2026-06-17"",""days_late"":39,""doc_url"":""https://disclosures-clerk.house.gov/public_disc/ptr-pdfs/2026/20034963.pdf""},{""member"":""Allen, Hon. Richard W."",""party"":""R"",""direction"":""sell_full"",""amount_range"":""$15,001 - $50,000"",""transaction_date"":""2026-04-16"",""days_late"":50,""doc_url"":""https://disclosures-clerk.house.gov/public_disc/ptr-pdfs/2026/20034473.pdf""},{""member"":""Kean, Hon. Thomas H., Jr"",""party"":""R"",""direction"":""sell_partial"",""amount_range"":""$15,001 - $50,000"",""transaction_date"":""2026-03-26"",""days_late"":18,""doc_url"":""https://disclosures-clerk.house.gov/public_disc/ptr-pdfs/2026/20034327.pdf""},{""member"":""Allen, Hon. Richard W."",""party"":""R"",""direction"":""buy"",""amount_range"":""$15,001 - $50,000"",""transaction_date"":""2026-01-14"",""days_late"":34,""doc_url"":""https://disclosures-clerk.house.gov/public_disc/ptr-pdfs/2026/20033945.pdf""}]"
GS,us,GOLDMAN SACHS GROUP INC,"Security Brokers, Dealers & Flotation Companies",-0.848,0.531,341,492,-111,"[-0.55,-0.502,-0.595,-0.763,-1.147,-0.813,-0.882,-1.163,-0.825,-0.382,-0.687,-0.848,null,null]",,,,,,9,2026-04-16,"[{""member"":""Gottheimer, Hon. Josh"",""party"":""D"",""direction"":""buy"",""amount_range"":""$1,001 - $15,000"",""transaction_date"":""2026-04-16"",""days_late"":33,""doc_url"":""https://disclosures-clerk.house.gov/public_disc/ptr-pdfs/2026/20034585.pdf""},{""member"":""Gottheimer, Hon. Josh"",""party"":""D"",""direction"":""sell_full"",""amount_range"":""$15,001 - $50,000"",""transaction_date"":""2026-04-09"",""days_late"":40,""doc_url"":""https://disclosures-clerk.house.gov/public_disc/ptr-pdfs/2026/20034585.pdf""},{""member"":""Salazar, Hon. Maria Elvira"",""party"":""R"",""direction"":""buy"",""amount_range"":""$15,001 - $50,000"",""transaction_date"":""2026-03-19"",""days_late"":33,""doc_url"":""https://disclosures-clerk.house.gov/public_disc/ptr-pdfs/2026/20033993.pdf""},{""member"":""Salazar, Hon. Maria Elvira"",""party"":""R"",""direction"":""buy"",""amount_range"":""$15,001 - $50,000"",""transaction_date"":""2026-03-19"",""days_late"":33,""doc_url"":""https://disclosures-clerk.house.gov/public_disc/ptr-pdfs/2026/20033993.pdf""},{""member"":""Johnson, Hon. Julie"",""party"":""D"",""direction"":""sell_full"",""amount_range"":""$1,001 - $15,000"",""transaction_date"":""2025-12-18"",""days_late"":28,""doc_url"":""https://disclosures-clerk.house.gov/public_disc/ptr-pdfs/2026/20033789.pdf""},{""member"":""Cohen, Hon. Steve"",""party"":""D"",""direction"":""sell_partial"",""amount_range"":""$15,001 - $50,000"",""transaction_date"":""2025-12-17"",""days_late"":28,""doc_url"":""https://disclosures-clerk.house.gov/public_disc/ptr-pdfs/2026/20033754.pdf""},{""member"":""Cohen, Hon. Steve"",""party"":""D"",""direction"":""sell_partial"",""amount_range"":""$15,001 - $50,000"",""transaction_date"":""2025-12-17"",""days_late"":28,""doc_url"":""https://disclosures-clerk.house.gov/public_disc/ptr-pdfs/2026/20033754.pdf""},{""member"":""Letlow, Hon. Julia"",""party"":""R"",""direction"":""sell_full"",""amount_range"":""$1,001 - $15,000"",""transaction_date"":""2025-07-24"",""days_late"":173,""doc_url"":""https://disclosures-clerk.house.gov/public_disc/ptr-pdfs/2026/20030977.pdf""}]"
LOW,us,LOWES COMPANIES INC,Retail-Lumber & Other Building Materials Dealers,-0.849,0.531,342,492,140,"[-0.888,-0.772,-1.004,-0.606,-1.17,-0.627,-0.853,-0.98,-0.943,-0.979,-1.488,-0.849,null,null]",,,,,,2,2025-08-08,"[{""member"":""Letlow, Hon. Julia"",""party"":""R"",""direction"":""buy"",""amount_range"":""$1,001 - $15,000"",""transaction_date"":""2025-08-08"",""days_late"":158,""doc_url"":""https://disclosures-clerk.house.gov/public_disc/ptr-pdfs/2026/20030977.pdf""},{""member"":""Letlow, Hon. Julia"",""party"":""R"",""direction"":""buy"",""amount_range"":""$1,001 - $15,000"",""transaction_date"":""2024-10-23"",""days_late"":447,""doc_url"":""https://disclosures-clerk.house.gov/public_disc/ptr-pdfs/2026/20030977.pdf""}]"
DG,us,DOLLAR GENERAL CORP,Retail-Variety Stores,-0.854,0.532,343,492,11,"[-0.008,-1.063,-0.122,-0.272,0.69,-0.552,-0.196,1.302,-0.107,-1.001,-1.151,-0.854,null,null]",,,,,,1,2025-12-11,"[{""member"":""Newhouse, Hon. Dan"",""party"":""R"",""direction"":""sell_full"",""amount_range"":""$1,001 - $15,000"",""transaction_date"":""2025-12-11"",""days_late"":35,""doc_url"":""https://disclosures-clerk.house.gov/public_disc/ptr-pdfs/2026/20033654.pdf""}]"
DLTR,us,"DOLLAR TREE, INC.",Retail-Variety Stores,-0.854,0.532,344,492,9,"[-0.893,-1.109,-1.252,-1.214,-0.751,-0.773,-1.443,-1.094,-0.963,-0.716,-1.149,-0.854,null,null]",,,,,,3,2026-04-09,"[{""member"":""Gottheimer, Hon. Josh"",""party"":""D"",""direction"":""sell_full"",""amount_range"":""$1,001 - $15,000"",""transaction_date"":""2026-04-09"",""days_late"":40,""doc_url"":""https://disclosures-clerk.house.gov/public_disc/ptr-pdfs/2026/20034585.pdf""},{""member"":""Cisneros, Hon. Gilbert"",""party"":""D"",""direction"":""sell_partial"",""amount_range"":""$1,001 - $15,000"",""transaction_date"":""2026-01-28"",""days_late"":16,""doc_url"":""https://disclosures-clerk.house.gov/public_disc/ptr-pdfs/2026/20033983.pdf""},{""member"":""Letlow, Hon. Julia"",""party"":""R"",""direction"":""buy"",""amount_range"":""$1,001 - $15,000"",""transaction_date"":""2025-09-17"",""days_late"":118,""doc_url"":""https://disclosures-clerk.house.gov/public_disc/ptr-pdfs/2026/20030977.pdf""}]"
APO,us,"Apollo Global Management, Inc.",Investment Advice,-0.857,0.532,345,492,40,"[-0.141,-0.281,0.428,0.46,-0.237,-0.557,-0.584,-0.299,0.042,-0.499,-1.231,-0.857,null,null]",,,,,,2,2026-04-14,"[{""member"":""Cisneros, Hon. Gilbert"",""party"":""D"",""direction"":""buy"",""amount_range"":""$1,001 - $15,000"",""transaction_date"":""2026-04-14"",""days_late"":24,""doc_url"":""https://disclosures-clerk.house.gov/public_disc/ptr-pdfs/2026/20034500.pdf""},{""member"":""Cisneros, Hon. Gilbert"",""party"":""D"",""direction"":""sell_full"",""amount_range"":""$1,001 - $15,000"",""transaction_date"":""2026-03-13"",""days_late"":25,""doc_url"":""https://disclosures-clerk.house.gov/public_disc/ptr-pdfs/2026/20034285.pdf""}]"
GEHC,us,GE HealthCare Technologies Inc.,X-Ray Apparatus & Tubes & Related Irradiation Apparatus,-0.858,0.532,346,492,-13,"[-0.898,-1.117,-1.104,-1.234,-1.139,-1.11,-1.313,-1,-0.335,-0.162,-1.086,-0.858,null,null]",,,,,,2,2026-03-25,"[{""member"":""Sewell, Hon. Terri A."",""party"":""D"",""direction"":""sell_full"",""amount_range"":""$1,001 - $15,000"",""transaction_date"":""2026-03-25"",""days_late"":27,""doc_url"":""https://disclosures-clerk.house.gov/public_disc/ptr-pdfs/2026/20034384.pdf""},{""member"":""Davidson, Hon. Warren"",""party"":""R"",""direction"":""sell_full"",""amount_range"":""$1,001 - $15,000"",""transaction_date"":""2026-03-23"",""days_late"":2,""doc_url"":""https://disclosures-clerk.house.gov/public_disc/ptr-pdfs/2026/20034223.pdf""}]"
LEN,us,LENNAR CORP /NEW/,General Bldg Contractors - Residential Bldgs,-0.859,0.532,347,492,19,"[-0.979,-1.118,-1.153,-1.329,-1.045,-0.397,-1.052,-1.136,0.168,-0.928,-1.181,-0.859,null,null]",,,,,,2,2026-01-09,"[{""member"":""Cisneros, Hon. Gilbert"",""party"":""D"",""direction"":""sell_full"",""amount_range"":""$1,001 - $15,000"",""transaction_date"":""2026-01-09"",""days_late"":35,""doc_url"":""https://disclosures-clerk.house.gov/public_disc/ptr-pdfs/2026/20033983.pdf""},{""member"":""Cisneros, Hon. Gilbert"",""party"":""D"",""direction"":""sell_partial"",""amount_range"":""$1,001 - $15,000"",""transaction_date"":""2025-12-19"",""days_late"":24,""doc_url"":""https://disclosures-clerk.house.gov/public_disc/ptr-pdfs/2026/20033762.pdf""}]"
CDW,us,CDW Corp,Retail-Catalog & Mail-Order Houses,-0.86,0.532,348,492,-63,"[-1.121,-1.159,-1.182,-1.389,-1.242,-1.184,-1.569,-1.209,-1.003,-0.78,-0.949,-0.86,null,null]",,,,,,7,2026-05-19,"[{""member"":""Delaney, Hon. April McClain"",""party"":null,""direction"":""sell_full"",""amount_range"":""$1,001 - $15,000"",""transaction_date"":""2026-05-19"",""days_late"":17,""doc_url"":""https://disclosures-clerk.house.gov/public_disc/ptr-pdfs/2026/20034718.pdf""},{""member"":""Delaney, Hon. April McClain"",""party"":null,""direction"":""sell_partial"",""amount_range"":""$1,001 - $15,000"",""transaction_date"":""2026-05-18"",""days_late"":18,""doc_url"":""https://disclosures-clerk.house.gov/public_disc/ptr-pdfs/2026/20034718.pdf""},{""member"":""Delaney, Hon. April McClain"",""party"":null,""direction"":""sell_partial"",""amount_range"":""$1,001 - $15,000"",""transaction_date"":""2026-05-15"",""days_late"":21,""doc_url"":""https://disclosures-clerk.house.gov/public_disc/ptr-pdfs/2026/20034718.pdf""},{""member"":""Delaney, Hon. April McClain"",""party"":null,""direction"":""sell_partial"",""amount_range"":""$1,001 - $15,000"",""transaction_date"":""2026-05-14"",""days_late"":22,""doc_url"":""https://disclosures-clerk.house.gov/public_disc/ptr-pdfs/2026/20034718.pdf""},{""member"":""Delaney, Hon. April McClain"",""party"":null,""direction"":""sell_partial"",""amount_range"":""$1,001 - $15,000"",""transaction_date"":""2026-02-24"",""days_late"":14,""doc_url"":""https://disclosures-clerk.house.gov/public_disc/ptr-pdfs/2026/20034159.pdf""},{""member"":""Delaney, Hon. April McClain"",""party"":null,""direction"":""sell_partial"",""amount_range"":""$1,001 - $15,000"",""transaction_date"":""2025-12-05"",""days_late"":31,""doc_url"":""https://disclosures-clerk.house.gov/public_disc/ptr-pdfs/2026/20033737.pdf""},{""member"":""Delaney, Hon. April McClain"",""party"":null,""direction"":""sell_partial"",""amount_range"":""$1,001 - $15,000"",""transaction_date"":""2025-12-02"",""days_late"":34,""doc_url"":""https://disclosures-clerk.house.gov/public_disc/ptr-pdfs/2026/20033737.pdf""}]"
PHM,us,PULTEGROUP INC/MI/,Operative Builders,-0.862,0.532,349,492,10,"[-0.725,-0.878,-1.042,-1.033,-0.84,-1.104,-1.421,-0.993,-0.717,-1.168,-1.166,-0.862,null,null]",,,,,,,,
WYNN,us,WYNN RESORTS LTD,Hotels & Motels,-0.864,0.532,350,492,58,"[-0.882,-0.969,-1.068,-0.647,-0.648,-1.133,-1.123,-0.928,-0.624,-0.732,-1.292,-0.864,null,null]",,,,,1,,,
LHX,us,"L3HARRIS TECHNOLOGIES, INC. /DE/","Search, Detection, Navigation, Guidance, Aeronautical Sys",-0.868,0.532,351,492,-79,"[-0.634,-1.248,-1.227,-1.474,-1.228,-1.252,-1.762,-1.266,-1.033,-1.186,-0.892,-0.868,null,null]",,,,,,6,2026-07-30,"[{""member"":""McCormick, Hon. Richard Dean Dr"",""party"":null,""direction"":""sell_full"",""amount_range"":""$1,001 - $15,000"",""transaction_date"":""2026-07-30"",""days_late"":15,""doc_url"":""https://disclosures-clerk.house.gov/public_disc/ptr-pdfs/2026/20035204.pdf""},{""member"":""McCormick, Hon. Richard Dean Dr"",""party"":null,""direction"":""buy"",""amount_range"":""$1,001 - $15,000"",""transaction_date"":""2026-06-12"",""days_late"":27,""doc_url"":""https://disclosures-clerk.house.gov/public_disc/ptr-pdfs/2026/20034954.pdf""},{""member"":""McCormick, Hon. Richard Dean Dr"",""party"":null,""direction"":""buy"",""amount_range"":""$1,001 - $15,000"",""transaction_date"":""2026-06-12"",""days_late"":27,""doc_url"":""https://disclosures-clerk.house.gov/public_disc/ptr-pdfs/2026/20034954.pdf""},{""member"":""McCormick, Hon. Richard Dean Dr"",""party"":null,""direction"":""sell_partial"",""amount_range"":""$1,001 - $15,000"",""transaction_date"":""2026-03-19"",""days_late"":19,""doc_url"":""https://disclosures-clerk.house.gov/public_disc/ptr-pdfs/2026/20033648.pdf""},{""member"":""McCormick, Hon. Richard Dean Dr"",""party"":null,""direction"":""sell_partial"",""amount_range"":""$1,001 - $15,000"",""transaction_date"":""2026-03-19"",""days_late"":19,""doc_url"":""https://disclosures-clerk.house.gov/public_disc/ptr-pdfs/2026/20033648.pdf""},{""member"":""Walberg, Hon. Tim"",""party"":""R"",""direction"":""buy"",""amount_range"":""$15,001 - $50,000"",""transaction_date"":""2025-02-07"",""days_late"":481,""doc_url"":""https://disclosures-clerk.house.gov/public_disc/ptr-pdfs/2026/20034660.pdf""}]"
PPG,us,PPG INDUSTRIES INC,"Paints, Varnishes, Lacquers, Enamels & Allied Prods",-0.871,0.532,352,492,3,"[-1.195,-1.257,-1.378,-1.546,-1.244,-1.23,-1.713,-1.3,-0.892,-0.937,-1.162,-0.871,null,null]",,,,,,3,2026-06-12,"[{""member"":""Doggett, Hon. Lloyd"",""party"":""D"",""direction"":""buy"",""amount_range"":""$1,001 - $15,000"",""transaction_date"":""2026-06-12"",""days_late"":24,""doc_url"":""https://disclosures-clerk.house.gov/public_disc/ptr-pdfs/2026/20034923.pdf""},{""member"":""Doggett, Hon. Lloyd"",""party"":""D"",""direction"":""buy"",""amount_range"":""$1,001 - $15,000"",""transaction_date"":""2026-03-12"",""days_late"":25,""doc_url"":""https://disclosures-clerk.house.gov/public_disc/ptr-pdfs/2026/20034292.pdf""},{""member"":""Doggett, Hon. Lloyd"",""party"":""D"",""direction"":""buy"",""amount_range"":""$1,001 - $15,000"",""transaction_date"":""2025-12-12"",""days_late"":21,""doc_url"":""https://disclosures-clerk.house.gov/public_disc/ptr-pdfs/2026/20033713.pdf""}]"
JCI,us,Johnson Controls International plc,Air-Cond & Warm Air Heatg Equip & Comm & Indl Refrig Equip,-0.89,0.533,353,492,53,"[-0.698,-1.047,-1.275,-1.259,-0.498,-1.308,-1.384,-1.184,-0.998,-1.086,-1.286,-0.89,null,null]",,,,,,3,2025-10-02,"[{""member"":""Letlow, Hon. Julia"",""party"":""R"",""direction"":""sell_full"",""amount_range"":""$1,001 - $15,000"",""transaction_date"":""2025-10-02"",""days_late"":103,""doc_url"":""https://disclosures-clerk.house.gov/public_disc/ptr-pdfs/2026/20030977.pdf""},{""member"":""Letlow, Hon. Julia"",""party"":""R"",""direction"":""sell_partial"",""amount_range"":""$1,001 - $15,000"",""transaction_date"":""2025-07-25"",""days_late"":172,""doc_url"":""https://disclosures-clerk.house.gov/public_disc/ptr-pdfs/2026/20030977.pdf""},{""member"":""Letlow, Hon. Julia"",""party"":""R"",""direction"":""buy"",""amount_range"":""$1,001 - $15,000"",""transaction_date"":""2025-03-19"",""days_late"":300,""doc_url"":""https://disclosures-clerk.house.gov/public_disc/ptr-pdfs/2026/20030977.pdf""}]"
VLTO,us,Veralto Corp,Instruments For Meas & Testing of  Electricity & Elec Signals,-0.894,0.533,354,492,138,"[-1.162,-1.12,-1.303,-1.559,-1.211,-1.358,-1.735,-1.16,-1.088,-1.149,-1.567,-0.894,null,null]",,,,,,6,2026-06-24,"[{""member"":""Cisneros, Hon. Gilbert"",""party"":""D"",""direction"":""buy"",""amount_range"":""$1,001 - $15,000"",""transaction_date"":""2026-06-24"",""days_late"":8,""doc_url"":""https://disclosures-clerk.house.gov/public_disc/ptr-pdfs/2026/20034906.pdf""},{""member"":""Cisneros, Hon. Gilbert"",""party"":""D"",""direction"":""buy"",""amount_range"":""$1,001 - $15,000"",""transaction_date"":""2026-05-11"",""days_late"":28,""doc_url"":""https://disclosures-clerk.house.gov/public_disc/ptr-pdfs/2026/20034713.pdf""},{""member"":""Cisneros, Hon. Gilbert"",""party"":""D"",""direction"":""buy"",""amount_range"":""$1,001 - $15,000"",""transaction_date"":""2026-05-01"",""days_late"":7,""doc_url"":""https://disclosures-clerk.house.gov/public_disc/ptr-pdfs/2026/20034500.pdf""},{""member"":""Cisneros, Hon. Gilbert"",""party"":""D"",""direction"":""buy"",""amount_range"":""$1,001 - $15,000"",""transaction_date"":""2026-04-13"",""days_late"":25,""doc_url"":""https://disclosures-clerk.house.gov/public_disc/ptr-pdfs/2026/20034500.pdf""},{""member"":""Cisneros, Hon. Gilbert"",""party"":""D"",""direction"":""buy"",""amount_range"":""$1,001 - $15,000"",""transaction_date"":""2026-04-06"",""days_late"":32,""doc_url"":""https://disclosures-clerk.house.gov/public_disc/ptr-pdfs/2026/20034500.pdf""},{""member"":""Cisneros, Hon. Gilbert"",""party"":""D"",""direction"":""sell_partial"",""amount_range"":""$1,001 - $15,000"",""transaction_date"":""2026-01-28"",""days_late"":16,""doc_url"":""https://disclosures-clerk.house.gov/public_disc/ptr-pdfs/2026/20033983.pdf""}]"
EXR,us,Extra Space Storage Inc.,Real Estate Investment Trusts,-0.895,0.533,355,492,76,"[-1.076,-1.137,-1.192,-1.277,-1.148,-1.343,-1.733,-1.225,-1.097,-1.229,-1.333,-0.895,null,null]",,,,,,3,2026-02-12,"[{""member"":""Letlow, Hon. Julia"",""party"":""R"",""direction"":""buy"",""amount_range"":""$1,001 - $15,000"",""transaction_date"":""2026-02-12"",""days_late"":28,""doc_url"":""https://disclosures-clerk.house.gov/public_disc/ptr-pdfs/2026/20034106.pdf""},{""member"":""Letlow, Hon. Julia"",""party"":""R"",""direction"":""sell_full"",""amount_range"":""$1,001 - $15,000"",""transaction_date"":""2025-11-03"",""days_late"":71,""doc_url"":""https://disclosures-clerk.house.gov/public_disc/ptr-pdfs/2026/20030977.pdf""},{""member"":""Letlow, Hon. Julia"",""party"":""R"",""direction"":""buy"",""amount_range"":""$1,001 - $15,000"",""transaction_date"":""2025-02-07"",""days_late"":340,""doc_url"":""https://disclosures-clerk.house.gov/public_disc/ptr-pdfs/2026/20030977.pdf""}]"
HON,us,HONEYWELL INTERNATIONAL INC,Aircraft Engines & Engine Parts,-0.895,0.533,356,492,34,"[-1.008,-1.333,-1.467,-1.321,-1.215,-1.262,-1.72,-1.599,-1.243,-1.244,-1.249,-0.895,null,null]",,,,,,4,2026-07-10,"[{""member"":""Newhouse, Hon. Dan"",""party"":""R"",""direction"":""buy"",""amount_range"":""$1,001 - $15,000"",""transaction_date"":""2026-07-10"",""days_late"":7,""doc_url"":""https://disclosures-clerk.house.gov/public_disc/ptr-pdfs/2026/20034998.pdf""},{""member"":""Salazar, Hon. Maria Elvira"",""party"":""R"",""direction"":""buy"",""amount_range"":""$15,001 - $50,000"",""transaction_date"":""2026-03-24"",""days_late"":28,""doc_url"":""https://disclosures-clerk.house.gov/public_disc/ptr-pdfs/2026/20033993.pdf""},{""member"":""Johnson, Hon. Julie"",""party"":""D"",""direction"":""sell_full"",""amount_range"":""$1,001 - $15,000"",""transaction_date"":""2025-09-23"",""days_late"":316,""doc_url"":""https://disclosures-clerk.house.gov/public_disc/ptr-pdfs/2026/20035035.pdf""},{""member"":""Johnson, Hon. Julie"",""party"":""D"",""direction"":""buy"",""amount_range"":""$1,001 - $15,000"",""transaction_date"":""2025-09-23"",""days_late"":316,""doc_url"":""https://disclosures-clerk.house.gov/public_disc/ptr-pdfs/2026/20035035.pdf""}]"
LYV,us,"Live Nation Entertainment, Inc.",Services-Amusement & Recreation Services,-0.904,0.533,358,492,-11,"[-1,-1.188,-0.999,-1.274,-1.064,-1.039,-0.75,-1.177,-0.91,-0.884,-1.125,-0.904,null,null]",,,,,,6,2026-07-21,"[{""member"":""Delaney, Hon. April McClain"",""party"":null,""direction"":""sell_partial"",""amount_range"":""$1,001 - $15,000"",""transaction_date"":""2026-07-21"",""days_late"":13,""doc_url"":""https://disclosures-clerk.house.gov/public_disc/ptr-pdfs/2026/20035118.pdf""},{""member"":""Delaney, Hon. April McClain"",""party"":null,""direction"":""sell_partial"",""amount_range"":""$1,001 - $15,000"",""transaction_date"":""2026-07-20"",""days_late"":14,""doc_url"":""https://disclosures-clerk.house.gov/public_disc/ptr-pdfs/2026/20035118.pdf""},{""member"":""Delaney, Hon. April McClain"",""party"":null,""direction"":""sell_partial"",""amount_range"":""$1,001 - $15,000"",""transaction_date"":""2026-06-12"",""days_late"":25,""doc_url"":""https://disclosures-clerk.house.gov/public_disc/ptr-pdfs/2026/20034932.pdf""},{""member"":""Delaney, Hon. April McClain"",""party"":null,""direction"":""sell_partial"",""amount_range"":""$1,001 - $15,000"",""transaction_date"":""2026-06-02"",""days_late"":35,""doc_url"":""https://disclosures-clerk.house.gov/public_disc/ptr-pdfs/2026/20034932.pdf""},{""member"":""Delaney, Hon. April McClain"",""party"":null,""direction"":""sell_partial"",""amount_range"":""$1,001 - $15,000"",""transaction_date"":""2026-06-01"",""days_late"":36,""doc_url"":""https://disclosures-clerk.house.gov/public_disc/ptr-pdfs/2026/20034932.pdf""},{""member"":""Delaney, Hon. April McClain"",""party"":null,""direction"":""buy"",""amount_range"":""$1,001 - $15,000"",""transaction_date"":""2025-12-02"",""days_late"":34,""doc_url"":""https://disclosures-clerk.house.gov/public_disc/ptr-pdfs/2026/20033737.pdf""}]"
V,us,VISA INC.,"Services-Business Services, NEC",-0.904,0.533,357,492,-43,"[-0.544,-0.678,-1.195,-1.265,-0.887,-0.457,-1.707,-1.381,-0.642,-1.341,-1.047,-0.904,null,null]",,,2,2026-10-01,,9,2026-07-30,"[{""member"":""McCormick, Hon. Richard Dean Dr"",""party"":null,""direction"":""sell_full"",""amount_range"":""$1,001 - $15,000"",""transaction_date"":""2026-07-30"",""days_late"":15,""doc_url"":""https://disclosures-clerk.house.gov/public_disc/ptr-pdfs/2026/20035204.pdf""},{""member"":""Taylor, Hon. David J."",""party"":""R"",""direction"":""buy"",""amount_range"":""$1,001 - $15,000"",""transaction_date"":""2026-04-27"",""days_late"":10,""doc_url"":""https://disclosures-clerk.house.gov/public_disc/ptr-pdfs/2026/20034489.pdf""},{""member"":""Jackson, Hon. Jonathan"",""party"":""D"",""direction"":""sell_full"",""amount_range"":""$50,001 - $100,000"",""transaction_date"":""2026-04-24"",""days_late"":33,""doc_url"":""https://disclosures-clerk.house.gov/public_disc/ptr-pdfs/2026/20034519.pdf""},{""member"":""Taylor, Hon. David J."",""party"":""R"",""direction"":""buy"",""amount_range"":""$1,001 - $15,000"",""transaction_date"":""2026-02-26"",""days_late"":8,""doc_url"":""https://disclosures-clerk.house.gov/public_disc/ptr-pdfs/2026/20034138.pdf""},{""member"":""Gottheimer, Hon. Josh"",""party"":""D"",""direction"":""sell_partial"",""amount_range"":""$1,001 - $15,000"",""transaction_date"":""2026-02-18"",""days_late"":26,""doc_url"":""https://disclosures-clerk.house.gov/public_disc/ptr-pdfs/2026/20034130.pdf""},{""member"":""Taylor, Hon. David J."",""party"":""R"",""direction"":""buy"",""amount_range"":""$1,001 - $15,000"",""transaction_date"":""2026-02-09"",""days_late"":11,""doc_url"":""https://disclosures-clerk.house.gov/public_disc/ptr-pdfs/2026/20034036.pdf""},{""member"":""Taylor, Hon. David J."",""party"":""R"",""direction"":""buy"",""amount_range"":""$1,001 - $15,000"",""transaction_date"":""2026-01-16"",""days_late"":17,""doc_url"":""https://disclosures-clerk.house.gov/public_disc/ptr-pdfs/2026/20033916.pdf""},{""member"":""Letlow, Hon. Julia"",""party"":""R"",""direction"":""buy"",""amount_range"":""$1,001 - $15,000"",""transaction_date"":""2025-07-24"",""days_late"":173,""doc_url"":""https://disclosures-clerk.house.gov/public_disc/ptr-pdfs/2026/20030977.pdf""}]"
TGT,us,TARGET CORP,Retail-Variety Stores,-0.907,0.533,359,492,41,"[-0.87,-1.055,-1.29,-1.11,-0.961,-1.039,-1.543,-1.227,-0.859,-1.213,-1.275,-0.907,null,null]",,,,,,1,2025-03-10,"[{""member"":""Miller, Hon. Carol Devine"",""party"":""R"",""direction"":""sell_full"",""amount_range"":""$15,001 - $50,000"",""transaction_date"":""2025-03-10"",""days_late"":521,""doc_url"":""https://disclosures-clerk.house.gov/public_disc/ptr-pdfs/2026/20033779.pdf""}]"
DXCM,us,DEXCOM INC,Surgical & Medical Instruments & Apparatus,-0.91,0.533,360,492,-24,"[-0.835,-0.586,-0.508,-0.07,-0.427,-0.598,-0.88,-1.152,-0.623,-1.209,-1.09,-0.91,null,null]",,,,,,,,
GE,us,GENERAL ELECTRIC CO,Electronic & Other Electrical Equipment (No Computer Equip),-0.913,0.533,361,492,-160,"[-0.786,-0.903,-1.081,-1.208,-1.339,-1.205,-1.149,-1.055,-0.476,-0.952,-0.51,-0.913,null,null]",,,,,,8,2026-06-16,"[{""member"":""Van Epps, Hon. Matthew Robert"",""party"":""R"",""direction"":""sell_full"",""amount_range"":""$1,001 - $15,000"",""transaction_date"":""2026-06-16"",""days_late"":1,""doc_url"":""https://disclosures-clerk.house.gov/public_disc/ptr-pdfs/2026/20034807.pdf""},{""member"":""Moskowitz, Hon. Jared"",""party"":""D"",""direction"":""buy"",""amount_range"":""$1,001 - $15,000"",""transaction_date"":""2026-03-31"",""days_late"":30,""doc_url"":""https://disclosures-clerk.house.gov/public_disc/ptr-pdfs/2026/20034274.pdf""},{""member"":""Salazar, Hon. Maria Elvira"",""party"":""R"",""direction"":""buy"",""amount_range"":""$1,001 - $15,000"",""transaction_date"":""2026-03-24"",""days_late"":28,""doc_url"":""https://disclosures-clerk.house.gov/public_disc/ptr-pdfs/2026/20033993.pdf""},{""member"":""Moskowitz, Hon. Jared"",""party"":""D"",""direction"":""buy"",""amount_range"":""$1,001 - $15,000"",""transaction_date"":""2026-03-23"",""days_late"":38,""doc_url"":""https://disclosures-clerk.house.gov/public_disc/ptr-pdfs/2026/20034274.pdf""},{""member"":""Moskowitz, Hon. Jared"",""party"":""D"",""direction"":""buy"",""amount_range"":""$1,001 - $15,000"",""transaction_date"":""2026-03-23"",""days_late"":38,""doc_url"":""https://disclosures-clerk.house.gov/public_disc/ptr-pdfs/2026/20034274.pdf""},{""member"":""Scott, Hon. Austin"",""party"":""R"",""direction"":""sell_full"",""amount_range"":""$1,001 - $15,000"",""transaction_date"":""2026-02-17"",""days_late"":23,""doc_url"":""https://disclosures-clerk.house.gov/public_disc/ptr-pdfs/2026/20032279.pdf""},{""member"":""Cisneros, Hon. Gilbert"",""party"":""D"",""direction"":""sell_partial"",""amount_range"":""$15,001 - $50,000"",""transaction_date"":""2026-02-10"",""days_late"":27,""doc_url"":""https://disclosures-clerk.house.gov/public_disc/ptr-pdfs/2026/20034144.pdf""},{""member"":""Cisneros, Hon. Gilbert"",""party"":""D"",""direction"":""buy"",""amount_range"":""$15,001 - $50,000"",""transaction_date"":""2026-01-09"",""days_late"":35,""doc_url"":""https://disclosures-clerk.house.gov/public_disc/ptr-pdfs/2026/20033983.pdf""}]"
C,us,CITIGROUP INC,National Commercial Banks,-0.917,0.534,362,492,-133,"[-0.796,-0.71,-0.822,-0.777,-1.064,-0.83,-1.176,-0.836,-0.484,-0.472,-0.683,-0.917,null,null]",,,,,,8,2026-03-19,"[{""member"":""Salazar, Hon. Maria Elvira"",""party"":""R"",""direction"":""buy"",""amount_range"":""$15,001 - $50,000"",""transaction_date"":""2026-03-19"",""days_late"":33,""doc_url"":""https://disclosures-clerk.house.gov/public_disc/ptr-pdfs/2026/20033993.pdf""},{""member"":""Salazar, Hon. Maria Elvira"",""party"":""R"",""direction"":""buy"",""amount_range"":""$1,001 - $15,000"",""transaction_date"":""2026-03-19"",""days_late"":33,""doc_url"":""https://disclosures-clerk.house.gov/public_disc/ptr-pdfs/2026/20033993.pdf""},{""member"":""Jackson, Hon. Jonathan"",""party"":""D"",""direction"":""buy"",""amount_range"":""$1,001 - $15,000"",""transaction_date"":""2026-02-11"",""days_late"":29,""doc_url"":""https://disclosures-clerk.house.gov/public_disc/ptr-pdfs/2026/20034113.pdf""},{""member"":""Jackson, Hon. Jonathan"",""party"":""D"",""direction"":""buy"",""amount_range"":""$50,001 - $100,000"",""transaction_date"":""2026-02-05"",""days_late"":35,""doc_url"":""https://disclosures-clerk.house.gov/public_disc/ptr-pdfs/2026/20034113.pdf""},{""member"":""Jackson, Hon. Jonathan"",""party"":""D"",""direction"":""buy"",""amount_range"":""$1,001 - $15,000"",""transaction_date"":""2026-02-04"",""days_late"":36,""doc_url"":""https://disclosures-clerk.house.gov/public_disc/ptr-pdfs/2026/20034113.pdf""},{""member"":""Jackson, Hon. Jonathan"",""party"":""D"",""direction"":""buy"",""amount_range"":""$15,001 - $50,000"",""transaction_date"":""2026-01-30"",""days_late"":24,""doc_url"":""https://disclosures-clerk.house.gov/public_disc/ptr-pdfs/2026/20033929.pdf""},{""member"":""Letlow, Hon. Julia"",""party"":""R"",""direction"":""sell_full"",""amount_range"":""$1,001 - $15,000"",""transaction_date"":""2025-04-11"",""days_late"":277,""doc_url"":""https://disclosures-clerk.house.gov/public_disc/ptr-pdfs/2026/20030977.pdf""},{""member"":""Letlow, Hon. Julia"",""party"":""R"",""direction"":""buy"",""amount_range"":""$1,001 - $15,000"",""transaction_date"":""2025-01-31"",""days_late"":347,""doc_url"":""https://disclosures-clerk.house.gov/public_disc/ptr-pdfs/2026/20030977.pdf""}]"
UPS,us,UNITED PARCEL SERVICE INC,Trucking & Courier Services (No Air),-0.924,0.534,363,492,-15,"[-1.063,-0.946,-1.298,-1.022,-1.183,-1.032,-1.67,-1.298,-0.839,-1.247,-1.133,-0.924,null,null]",,,,,,3,2026-07-10,"[{""member"":""Newhouse, Hon. Dan"",""party"":""R"",""direction"":""sell_full"",""amount_range"":""$1,001 - $15,000"",""transaction_date"":""2026-07-10"",""days_late"":7,""doc_url"":""https://disclosures-clerk.house.gov/public_disc/ptr-pdfs/2026/20034998.pdf""},{""member"":""Cisneros, Hon. Gilbert"",""party"":""D"",""direction"":""sell_partial"",""amount_range"":""$1,001 - $15,000"",""transaction_date"":""2026-03-13"",""days_late"":25,""doc_url"":""https://disclosures-clerk.house.gov/public_disc/ptr-pdfs/2026/20034285.pdf""},{""member"":""Cisneros, Hon. Gilbert"",""party"":""D"",""direction"":""buy"",""amount_range"":""$1,001 - $15,000"",""transaction_date"":""2026-01-09"",""days_late"":35,""doc_url"":""https://disclosures-clerk.house.gov/public_disc/ptr-pdfs/2026/20033983.pdf""}]"
HD,us,"HOME DEPOT, INC.",Retail-Lumber & Other Building Materials Dealers,-0.925,0.534,364,492,106,"[-0.756,-1.077,-1.16,-1.449,-1.324,-1.118,-1.762,-1.12,-1.333,-0.763,-1.427,-0.925,null,null]",,,1,2026-09-10,,19,2026-07-30,"[{""member"":""McCormick, Hon. Richard Dean Dr"",""party"":null,""direction"":""sell_full"",""amount_range"":""$1,001 - $15,000"",""transaction_date"":""2026-07-30"",""days_late"":15,""doc_url"":""https://disclosures-clerk.house.gov/public_disc/ptr-pdfs/2026/20035204.pdf""},{""member"":""Himes, Hon. James A."",""party"":""D"",""direction"":""sell_full"",""amount_range"":""$15,001 - $50,000"",""transaction_date"":""2026-07-20"",""days_late"":0,""doc_url"":""https://disclosures-clerk.house.gov/public_disc/ptr-pdfs/2026/20035047.pdf""},{""member"":""Doggett, Hon. Lloyd"",""party"":""D"",""direction"":""buy"",""amount_range"":""$1,001 - $15,000"",""transaction_date"":""2026-06-18"",""days_late"":18,""doc_url"":""https://disclosures-clerk.house.gov/public_disc/ptr-pdfs/2026/20034923.pdf""},{""member"":""Moskowitz, Hon. Jared"",""party"":""D"",""direction"":""buy"",""amount_range"":""$1,001 - $15,000"",""transaction_date"":""2026-06-17"",""days_late"":39,""doc_url"":""https://disclosures-clerk.house.gov/public_disc/ptr-pdfs/2026/20034963.pdf""},{""member"":""Taylor, Hon. David J."",""party"":""R"",""direction"":""buy"",""amount_range"":""$1,001 - $15,000"",""transaction_date"":""2026-05-15"",""days_late"":13,""doc_url"":""https://disclosures-clerk.house.gov/public_disc/ptr-pdfs/2026/20034650.pdf""},{""member"":""Taylor, Hon. David J."",""party"":""R"",""direction"":""buy"",""amount_range"":""$1,001 - $15,000"",""transaction_date"":""2026-05-15"",""days_late"":13,""doc_url"":""https://disclosures-clerk.house.gov/public_disc/ptr-pdfs/2026/20034650.pdf""},{""member"":""Taylor, Hon. David J."",""party"":""R"",""direction"":""sell_full"",""amount_range"":""$1,001 - $15,000"",""transaction_date"":""2026-04-27"",""days_late"":10,""doc_url"":""https://disclosures-clerk.house.gov/public_disc/ptr-pdfs/2026/20034489.pdf""},{""member"":""Taylor, Hon. David J."",""party"":""R"",""direction"":""buy"",""amount_range"":""$1,001 - $15,000"",""transaction_date"":""2026-04-27"",""days_late"":10,""doc_url"":""https://disclosures-clerk.house.gov/public_disc/ptr-pdfs/2026/20034489.pdf""}]"
REGN,us,"REGENERON PHARMACEUTICALS, INC.",Pharmaceutical Preparations,-0.926,0.534,365,492,-58,"[-0.969,-1.179,-1.115,-1.396,-1.107,-1.171,-1.727,-1.408,-0.979,-1.409,-1.024,-0.926,null,null]",,,,,,2,2026-05-15,"[{""member"":""Cisneros, Hon. Gilbert"",""party"":""D"",""direction"":""sell_full"",""amount_range"":""$1,001 - $15,000"",""transaction_date"":""2026-05-15"",""days_late"":24,""doc_url"":""https://disclosures-clerk.house.gov/public_disc/ptr-pdfs/2026/20034713.pdf""},{""member"":""Letlow, Hon. Julia"",""party"":""R"",""direction"":""buy"",""amount_range"":""$1,001 - $15,000"",""transaction_date"":""2026-02-12"",""days_late"":28,""doc_url"":""https://disclosures-clerk.house.gov/public_disc/ptr-pdfs/2026/20034106.pdf""}]"
NTAP,us,"NetApp, Inc.",Computer Storage Devices,-0.929,0.534,366,492,-191,"[-0.948,-0.87,-0.984,-1.122,-1.149,-1.11,-1.121,-0.968,-0.596,-0.827,-0.39,-0.929,null,null]",,,,,,,,
DHI,us,HORTON D R INC /DE/,Operative Builders,-0.93,0.534,367,492,16,"[-0.838,-0.725,-1,-1.002,-0.533,-1.087,-1.434,-1.171,-0.932,-0.912,-1.227,-0.93,null,null]",,,,,,1,2026-01-09,"[{""member"":""Cisneros, Hon. Gilbert"",""party"":""D"",""direction"":""sell_partial"",""amount_range"":""$1,001 - $15,000"",""transaction_date"":""2026-01-09"",""days_late"":35,""doc_url"":""https://disclosures-clerk.house.gov/public_disc/ptr-pdfs/2026/20033983.pdf""}]"
ISRG,us,INTUITIVE SURGICAL INC,"Orthopedic, Prosthetic & Surgical Appliances & Supplies",-0.949,0.535,368,492,59,"[-0.723,-0.982,-1.324,-1.068,-0.981,-0.942,-1.83,-1.133,-0.9,-1.32,-1.323,-0.949,null,null]",,,,,,2,2026-01-30,"[{""member"":""Cisneros, Hon. Gilbert"",""party"":""D"",""direction"":""buy"",""amount_range"":""$1,001 - $15,000"",""transaction_date"":""2026-01-30"",""days_late"":14,""doc_url"":""https://disclosures-clerk.house.gov/public_disc/ptr-pdfs/2026/20033983.pdf""},{""member"":""Cisneros, Hon. Gilbert"",""party"":""D"",""direction"":""buy"",""amount_range"":""$1,001 - $15,000"",""transaction_date"":""2025-12-10"",""days_late"":33,""doc_url"":""https://disclosures-clerk.house.gov/public_disc/ptr-pdfs/2026/20033762.pdf""}]"
CPAY,us,"CORPAY, INC.","Services-Business Services, NEC",-0.952,0.535,369,492,-113,"[-0.638,-0.282,-0.896,-1.03,-0.835,-0.922,-1.086,-1.258,0.166,-0.724,-0.79,-0.952,null,null]",,,,,,7,2026-07-31,"[{""member"":""Delaney, Hon. April McClain"",""party"":null,""direction"":""sell_partial"",""amount_range"":""$1,001 - $15,000"",""transaction_date"":""2026-07-31"",""days_late"":3,""doc_url"":""https://disclosures-clerk.house.gov/public_disc/ptr-pdfs/2026/20035118.pdf""},{""member"":""Delaney, Hon. April McClain"",""party"":null,""direction"":""sell_partial"",""amount_range"":""$1,001 - $15,000"",""transaction_date"":""2026-07-30"",""days_late"":4,""doc_url"":""https://disclosures-clerk.house.gov/public_disc/ptr-pdfs/2026/20035118.pdf""},{""member"":""Delaney, Hon. April McClain"",""party"":null,""direction"":""sell_partial"",""amount_range"":""$1,001 - $15,000"",""transaction_date"":""2026-07-28"",""days_late"":6,""doc_url"":""https://disclosures-clerk.house.gov/public_disc/ptr-pdfs/2026/20035118.pdf""},{""member"":""Delaney, Hon. April McClain"",""party"":null,""direction"":""sell_partial"",""amount_range"":""$1,001 - $15,000"",""transaction_date"":""2026-07-17"",""days_late"":17,""doc_url"":""https://disclosures-clerk.house.gov/public_disc/ptr-pdfs/2026/20035118.pdf""},{""member"":""Delaney, Hon. April McClain"",""party"":null,""direction"":""sell_partial"",""amount_range"":""$1,001 - $15,000"",""transaction_date"":""2026-07-16"",""days_late"":18,""doc_url"":""https://disclosures-clerk.house.gov/public_disc/ptr-pdfs/2026/20035118.pdf""},{""member"":""Delaney, Hon. April McClain"",""party"":null,""direction"":""sell_partial"",""amount_range"":""$1,001 - $15,000"",""transaction_date"":""2026-07-15"",""days_late"":19,""doc_url"":""https://disclosures-clerk.house.gov/public_disc/ptr-pdfs/2026/20035118.pdf""},{""member"":""Delaney, Hon. April McClain"",""party"":null,""direction"":""sell_partial"",""amount_range"":""$1,001 - $15,000"",""transaction_date"":""2026-06-12"",""days_late"":25,""doc_url"":""https://disclosures-clerk.house.gov/public_disc/ptr-pdfs/2026/20034932.pdf""}]"
TTWO,us,TAKE TWO INTERACTIVE SOFTWARE INC,Services-Prepackaged Software,-0.955,0.535,370,492,47,"[-1.138,-1.221,-1.204,-1.351,-1.188,-1.135,-1.466,-0.884,-0.981,-1.146,-1.308,-0.955,null,null]",,,,,,4,2026-04-21,"[{""member"":""Kean, Hon. Thomas H., Jr"",""party"":""R"",""direction"":""sell_full"",""amount_range"":""$1,001 - $15,000"",""transaction_date"":""2026-04-21"",""days_late"":31,""doc_url"":""https://disclosures-clerk.house.gov/public_disc/ptr-pdfs/2026/20034616.pdf""},{""member"":""Letlow, Hon. Julia"",""party"":""R"",""direction"":""sell_full"",""amount_range"":""$1,001 - $15,000"",""transaction_date"":""2026-02-12"",""days_late"":28,""doc_url"":""https://disclosures-clerk.house.gov/public_disc/ptr-pdfs/2026/20034106.pdf""},{""member"":""Letlow, Hon. Julia"",""party"":""R"",""direction"":""buy"",""amount_range"":""$1,001 - $15,000"",""transaction_date"":""2025-07-29"",""days_late"":168,""doc_url"":""https://disclosures-clerk.house.gov/public_disc/ptr-pdfs/2026/20030977.pdf""},{""member"":""Letlow, Hon. Julia"",""party"":""R"",""direction"":""buy"",""amount_range"":""$1,001 - $15,000"",""transaction_date"":""2025-04-14"",""days_late"":274,""doc_url"":""https://disclosures-clerk.house.gov/public_disc/ptr-pdfs/2026/20030977.pdf""}]"
RTX,us,RTX Corp,Aircraft Engines & Engine Parts,-0.956,0.535,371,492,-6,"[-0.642,-1.186,-1.185,-1.322,-1.136,-1.029,-1.58,-1.07,-1.122,-1.06,-1.179,-0.956,null,null]",,,,,,3,2026-01-09,"[{""member"":""Cisneros, Hon. Gilbert"",""party"":""D"",""direction"":""buy"",""amount_range"":""$1,001 - $15,000"",""transaction_date"":""2026-01-09"",""days_late"":35,""doc_url"":""https://disclosures-clerk.house.gov/public_disc/ptr-pdfs/2026/20033983.pdf""},{""member"":""Williams, Hon. Roger"",""party"":""R"",""direction"":""buy"",""amount_range"":""$1,001 - $15,000"",""transaction_date"":""2025-12-22"",""days_late"":24,""doc_url"":""https://disclosures-clerk.house.gov/public_disc/ptr-pdfs/2026/20033783.pdf""},{""member"":""Johnson, Hon. Julie"",""party"":""D"",""direction"":""sell_full"",""amount_range"":""$1,001 - $15,000"",""transaction_date"":""2025-12-18"",""days_late"":28,""doc_url"":""https://disclosures-clerk.house.gov/public_disc/ptr-pdfs/2026/20033789.pdf""}]"
AMCR,us,Amcor plc,Miscellaneous Manufacturing Industries,-0.958,0.535,372,492,-45,"[-1.014,-0.874,-1.207,-1.336,-1.076,-1.154,-1.621,-1.177,-0.668,-0.85,-1.077,-0.958,null,null]",,,,,,4,2026-07-10,"[{""member"":""Newhouse, Hon. Dan"",""party"":""R"",""direction"":""buy"",""amount_range"":""$1,001 - $15,000"",""transaction_date"":""2026-07-10"",""days_late"":7,""doc_url"":""https://disclosures-clerk.house.gov/public_disc/ptr-pdfs/2026/20034998.pdf""},{""member"":""Kean, Hon. Thomas H., Jr"",""party"":""R"",""direction"":""buy"",""amount_range"":""$1,001 - $15,000"",""transaction_date"":""2026-05-14"",""days_late"":35,""doc_url"":""https://disclosures-clerk.house.gov/public_disc/ptr-pdfs/2026/20034783.pdf""},{""member"":""Kean, Hon. Thomas H., Jr"",""party"":""R"",""direction"":""buy"",""amount_range"":""$1,001 - $15,000"",""transaction_date"":""2026-03-31"",""days_late"":13,""doc_url"":""https://disclosures-clerk.house.gov/public_disc/ptr-pdfs/2026/20034327.pdf""},{""member"":""Cisneros, Hon. Gilbert"",""party"":""D"",""direction"":""sell_partial"",""amount_range"":""$1,001 - $15,000"",""transaction_date"":""2025-12-19"",""days_late"":24,""doc_url"":""https://disclosures-clerk.house.gov/public_disc/ptr-pdfs/2026/20033762.pdf""}]"
HUBB,us,HUBBELL INC,Electronic Components & Accessories,-0.96,0.535,373,492,114,"[-1.192,-1.201,-1.292,-1.344,-1.261,-1.318,-1.684,-1.448,-1.01,-1.086,-1.505,-0.96,null,null]",,,,,,11,2026-07-23,"[{""member"":""Delaney, Hon. April McClain"",""party"":null,""direction"":""buy"",""amount_range"":""$15,001 - $50,000"",""transaction_date"":""2026-07-23"",""days_late"":11,""doc_url"":""https://disclosures-clerk.house.gov/public_disc/ptr-pdfs/2026/20035118.pdf""},{""member"":""Delaney, Hon. April McClain"",""party"":null,""direction"":""buy"",""amount_range"":""$1,001 - $15,000"",""transaction_date"":""2026-06-17"",""days_late"":20,""doc_url"":""https://disclosures-clerk.house.gov/public_disc/ptr-pdfs/2026/20034932.pdf""},{""member"":""Delaney, Hon. April McClain"",""party"":null,""direction"":""buy"",""amount_range"":""$1,001 - $15,000"",""transaction_date"":""2026-06-09"",""days_late"":28,""doc_url"":""https://disclosures-clerk.house.gov/public_disc/ptr-pdfs/2026/20034932.pdf""},{""member"":""Delaney, Hon. April McClain"",""party"":null,""direction"":""buy"",""amount_range"":""$1,001 - $15,000"",""transaction_date"":""2026-06-08"",""days_late"":29,""doc_url"":""https://disclosures-clerk.house.gov/public_disc/ptr-pdfs/2026/20034932.pdf""},{""member"":""Delaney, Hon. April McClain"",""party"":null,""direction"":""buy"",""amount_range"":""$1,001 - $15,000"",""transaction_date"":""2026-06-04"",""days_late"":33,""doc_url"":""https://disclosures-clerk.house.gov/public_disc/ptr-pdfs/2026/20034932.pdf""},{""member"":""Delaney, Hon. April McClain"",""party"":null,""direction"":""buy"",""amount_range"":""$1,001 - $15,000"",""transaction_date"":""2026-06-03"",""days_late"":34,""doc_url"":""https://disclosures-clerk.house.gov/public_disc/ptr-pdfs/2026/20034932.pdf""},{""member"":""Delaney, Hon. April McClain"",""party"":null,""direction"":""buy"",""amount_range"":""$1,001 - $15,000"",""transaction_date"":""2026-05-29"",""days_late"":7,""doc_url"":""https://disclosures-clerk.house.gov/public_disc/ptr-pdfs/2026/20034718.pdf""},{""member"":""Delaney, Hon. April McClain"",""party"":null,""direction"":""buy"",""amount_range"":""$1,001 - $15,000"",""transaction_date"":""2026-05-28"",""days_late"":8,""doc_url"":""https://disclosures-clerk.house.gov/public_disc/ptr-pdfs/2026/20034718.pdf""}]"
SCHW,us,SCHWAB CHARLES CORP,"Security Brokers, Dealers & Flotation Companies",-0.963,0.535,374,492,100,"[-0.358,-1.102,-1.246,-1.192,-1.145,-0.991,-1.601,-1.276,-0.863,-0.997,-1.438,-0.963,null,null]",,,,,,5,2026-03-27,"[{""member"":""Cisneros, Hon. Gilbert"",""party"":""D"",""direction"":""sell_partial"",""amount_range"":""$1,001 - $15,000"",""transaction_date"":""2026-03-27"",""days_late"":11,""doc_url"":""https://disclosures-clerk.house.gov/public_disc/ptr-pdfs/2026/20034285.pdf""},{""member"":""Cisneros, Hon. Gilbert"",""party"":""D"",""direction"":""buy"",""amount_range"":""$1,001 - $15,000"",""transaction_date"":""2026-01-09"",""days_late"":35,""doc_url"":""https://disclosures-clerk.house.gov/public_disc/ptr-pdfs/2026/20033983.pdf""},{""member"":""Johnson, Hon. Julie"",""party"":""D"",""direction"":""sell_full"",""amount_range"":""$1,001 - $15,000"",""transaction_date"":""2025-12-18"",""days_late"":28,""doc_url"":""https://disclosures-clerk.house.gov/public_disc/ptr-pdfs/2026/20033789.pdf""},{""member"":""Newhouse, Hon. Dan"",""party"":""R"",""direction"":""buy"",""amount_range"":""$1,001 - $15,000"",""transaction_date"":""2025-12-11"",""days_late"":35,""doc_url"":""https://disclosures-clerk.house.gov/public_disc/ptr-pdfs/2026/20033654.pdf""},{""member"":""Cisneros, Hon. Gilbert"",""party"":""D"",""direction"":""sell_partial"",""amount_range"":""$1,001 - $15,000"",""transaction_date"":""2025-12-10"",""days_late"":33,""doc_url"":""https://disclosures-clerk.house.gov/public_disc/ptr-pdfs/2026/20033762.pdf""}]"
DE,us,DEERE & CO,Farm Machinery & Equipment,-0.964,0.535,375,492,26,"[-1.054,-1.075,-1.281,-1.424,-1.194,-1.415,-1.598,-1.086,-1.177,-0.974,-1.278,-0.964,null,null]",,,,,,5,2026-07-10,"[{""member"":""Newhouse, Hon. Dan"",""party"":""R"",""direction"":""sell_partial"",""amount_range"":""$1,001 - $15,000"",""transaction_date"":""2026-07-10"",""days_late"":7,""doc_url"":""https://disclosures-clerk.house.gov/public_disc/ptr-pdfs/2026/20034998.pdf""},{""member"":""Johnson, Hon. Julie"",""party"":""D"",""direction"":""sell_full"",""amount_range"":""$1,001 - $15,000"",""transaction_date"":""2025-12-18"",""days_late"":28,""doc_url"":""https://disclosures-clerk.house.gov/public_disc/ptr-pdfs/2026/20033789.pdf""},{""member"":""Johnson, Hon. Julie"",""party"":""D"",""direction"":""buy"",""amount_range"":""$1,001 - $15,000"",""transaction_date"":""2025-10-21"",""days_late"":288,""doc_url"":""https://disclosures-clerk.house.gov/public_disc/ptr-pdfs/2026/20035035.pdf""},{""member"":""Letlow, Hon. Julia"",""party"":""R"",""direction"":""sell_full"",""amount_range"":""$1,001 - $15,000"",""transaction_date"":""2025-09-22"",""days_late"":113,""doc_url"":""https://disclosures-clerk.house.gov/public_disc/ptr-pdfs/2026/20030977.pdf""},{""member"":""Letlow, Hon. Julia"",""party"":""R"",""direction"":""buy"",""amount_range"":""$1,001 - $15,000"",""transaction_date"":""2025-01-31"",""days_late"":347,""doc_url"":""https://disclosures-clerk.house.gov/public_disc/ptr-pdfs/2026/20030977.pdf""}]"
HBAN,us,HUNTINGTON BANCSHARES INC /MD/,National Commercial Banks,-0.964,0.535,377,492,25,"[-0.983,-0.991,-1.122,-1.004,-1.103,-1.157,-1.45,-1.138,-0.817,-0.967,-1.28,-0.964,null,null]",,,,,,,,
NWSA,us,NEWS CORP,Newspapers: Publishing or  Publishing & Printing,-0.964,0.535,376,492,61,"[-0.816,-1.282,-1.199,-1.252,-1.147,-1.237,-1.737,-1.125,-0.972,-1.13,-1.346,-0.964,null,null]",,,,,,,,
ABNB,us,"Airbnb, Inc.",Services-To Dwellings & Other Buildings,-0.967,0.535,378,492,72,"[-0.633,-0.429,-1.128,-1.142,-1.231,-1.121,-1.555,-1.102,-0.739,-0.77,-1.383,-0.967,null,null]",,,,,,1,2025-12-16,"[{""member"":""Guest, Hon. Michael Patrick"",""party"":""R"",""direction"":""sell_full"",""amount_range"":""$1,001 - $15,000"",""transaction_date"":""2025-12-16"",""days_late"":241,""doc_url"":""https://disclosures-clerk.house.gov/public_disc/ptr-pdfs/2026/20035130.pdf""}]"
UNH,us,UNITEDHEALTH GROUP INC,Hospital & Medical Service Plans,-0.971,0.535,379,492,-110,"[0.405,-0.688,-0.119,-0.434,-0.56,-0.686,0.101,-0.021,-1.085,-0.398,-0.872,-0.971,null,null]",,,,,,18,2026-07-30,"[{""member"":""McCormick, Hon. Richard Dean Dr"",""party"":null,""direction"":""sell_full"",""amount_range"":""$1,001 - $15,000"",""transaction_date"":""2026-07-30"",""days_late"":15,""doc_url"":""https://disclosures-clerk.house.gov/public_disc/ptr-pdfs/2026/20035204.pdf""},{""member"":""Newhouse, Hon. Dan"",""party"":""R"",""direction"":""sell_full"",""amount_range"":""$1,001 - $15,000"",""transaction_date"":""2026-07-10"",""days_late"":7,""doc_url"":""https://disclosures-clerk.house.gov/public_disc/ptr-pdfs/2026/20034998.pdf""},{""member"":""McCormick, Hon. Richard Dean Dr"",""party"":null,""direction"":""sell_partial"",""amount_range"":""$1,001 - $15,000"",""transaction_date"":""2026-06-12"",""days_late"":27,""doc_url"":""https://disclosures-clerk.house.gov/public_disc/ptr-pdfs/2026/20034954.pdf""},{""member"":""McCormick, Hon. Richard Dean Dr"",""party"":null,""direction"":""sell_partial"",""amount_range"":""$1,001 - $15,000"",""transaction_date"":""2026-06-12"",""days_late"":27,""doc_url"":""https://disclosures-clerk.house.gov/public_disc/ptr-pdfs/2026/20034954.pdf""},{""member"":""Salazar, Hon. Maria Elvira"",""party"":""R"",""direction"":""sell_full"",""amount_range"":""$1,001 - $15,000"",""transaction_date"":""2026-06-04"",""days_late"":33,""doc_url"":""https://disclosures-clerk.house.gov/public_disc/ptr-pdfs/2026/20034928.pdf""},{""member"":""Salazar, Hon. Maria Elvira"",""party"":""R"",""direction"":""buy"",""amount_range"":""$1,001 - $15,000"",""transaction_date"":""2026-04-22"",""days_late"":16,""doc_url"":""https://disclosures-clerk.house.gov/public_disc/ptr-pdfs/2026/20034479.pdf""},{""member"":""Salazar, Hon. Maria Elvira"",""party"":""R"",""direction"":""buy"",""amount_range"":""$1,001 - $15,000"",""transaction_date"":""2026-04-22"",""days_late"":16,""doc_url"":""https://disclosures-clerk.house.gov/public_disc/ptr-pdfs/2026/20034479.pdf""},{""member"":""Cisneros, Hon. Gilbert"",""party"":""D"",""direction"":""buy"",""amount_range"":""$1,001 - $15,000"",""transaction_date"":""2026-04-14"",""days_late"":24,""doc_url"":""https://disclosures-clerk.house.gov/public_disc/ptr-pdfs/2026/20034500.pdf""}]"
TSCO,us,TRACTOR SUPPLY CO /DE/,"Retail-Building Materials, Hardware, Garden Supply",-0.977,0.535,380,492,-164,"[-0.893,-1.115,-0.976,-1.134,-0.957,-1.178,-1.419,-1.096,-0.783,-0.298,-0.62,-0.977,null,null]",,,,,,17,2026-07-27,"[{""member"":""Delaney, Hon. April McClain"",""party"":null,""direction"":""sell_partial"",""amount_range"":""$15,001 - $50,000"",""transaction_date"":""2026-07-27"",""days_late"":7,""doc_url"":""https://disclosures-clerk.house.gov/public_disc/ptr-pdfs/2026/20035118.pdf""},{""member"":""Delaney, Hon. April McClain"",""party"":null,""direction"":""sell_partial"",""amount_range"":""$1,001 - $15,000"",""transaction_date"":""2026-05-28"",""days_late"":8,""doc_url"":""https://disclosures-clerk.house.gov/public_disc/ptr-pdfs/2026/20034718.pdf""},{""member"":""Delaney, Hon. April McClain"",""party"":null,""direction"":""sell_partial"",""amount_range"":""$1,001 - $15,000"",""transaction_date"":""2026-05-27"",""days_late"":9,""doc_url"":""https://disclosures-clerk.house.gov/public_disc/ptr-pdfs/2026/20034718.pdf""},{""member"":""Delaney, Hon. April McClain"",""party"":null,""direction"":""sell_partial"",""amount_range"":""$1,001 - $15,000"",""transaction_date"":""2026-05-26"",""days_late"":10,""doc_url"":""https://disclosures-clerk.house.gov/public_disc/ptr-pdfs/2026/20034718.pdf""},{""member"":""Delaney, Hon. April McClain"",""party"":null,""direction"":""sell_partial"",""amount_range"":""$1,001 - $15,000"",""transaction_date"":""2026-05-22"",""days_late"":14,""doc_url"":""https://disclosures-clerk.house.gov/public_disc/ptr-pdfs/2026/20034718.pdf""},{""member"":""Delaney, Hon. April McClain"",""party"":null,""direction"":""sell_partial"",""amount_range"":""$1,001 - $15,000"",""transaction_date"":""2026-05-18"",""days_late"":18,""doc_url"":""https://disclosures-clerk.house.gov/public_disc/ptr-pdfs/2026/20034718.pdf""},{""member"":""Delaney, Hon. April McClain"",""party"":null,""direction"":""sell_partial"",""amount_range"":""$1,001 - $15,000"",""transaction_date"":""2026-05-15"",""days_late"":21,""doc_url"":""https://disclosures-clerk.house.gov/public_disc/ptr-pdfs/2026/20034718.pdf""},{""member"":""Gottheimer, Hon. Josh"",""party"":""D"",""direction"":""sell_full"",""amount_range"":""$15,001 - $50,000"",""transaction_date"":""2026-04-09"",""days_late"":40,""doc_url"":""https://disclosures-clerk.house.gov/public_disc/ptr-pdfs/2026/20034585.pdf""}]"
UBER,us,"Uber Technologies, Inc","Services-Business Services, NEC",-0.978,0.535,381,492,-62,"[-0.88,-0.843,-0.894,-0.99,-1.111,-0.817,-1.11,-1.092,-0.791,-0.93,-1.06,-0.978,null,null]",,,,,,8,2026-07-10,"[{""member"":""Newhouse, Hon. Dan"",""party"":""R"",""direction"":""buy"",""amount_range"":""$1,001 - $15,000"",""transaction_date"":""2026-07-10"",""days_late"":7,""doc_url"":""https://disclosures-clerk.house.gov/public_disc/ptr-pdfs/2026/20034998.pdf""},{""member"":""Cisneros, Hon. Gilbert"",""party"":""D"",""direction"":""sell_partial"",""amount_range"":""$1,001 - $15,000"",""transaction_date"":""2026-05-15"",""days_late"":24,""doc_url"":""https://disclosures-clerk.house.gov/public_disc/ptr-pdfs/2026/20034713.pdf""},{""member"":""Cisneros, Hon. Gilbert"",""party"":""D"",""direction"":""buy"",""amount_range"":""$1,001 - $15,000"",""transaction_date"":""2026-04-14"",""days_late"":24,""doc_url"":""https://disclosures-clerk.house.gov/public_disc/ptr-pdfs/2026/20034500.pdf""},{""member"":""Cisneros, Hon. Gilbert"",""party"":""D"",""direction"":""sell_full"",""amount_range"":""$1,001 - $15,000"",""transaction_date"":""2026-03-13"",""days_late"":25,""doc_url"":""https://disclosures-clerk.house.gov/public_disc/ptr-pdfs/2026/20034285.pdf""},{""member"":""Cisneros, Hon. Gilbert"",""party"":""D"",""direction"":""sell_partial"",""amount_range"":""$1,001 - $15,000"",""transaction_date"":""2026-02-24"",""days_late"":13,""doc_url"":""https://disclosures-clerk.house.gov/public_disc/ptr-pdfs/2026/20034144.pdf""},{""member"":""Gottheimer, Hon. Josh"",""party"":""D"",""direction"":""sell_partial"",""amount_range"":""$1,001 - $15,000"",""transaction_date"":""2026-01-30"",""days_late"":27,""doc_url"":""https://disclosures-clerk.house.gov/public_disc/ptr-pdfs/2026/20033930.pdf""},{""member"":""Cisneros, Hon. Gilbert"",""party"":""D"",""direction"":""buy"",""amount_range"":""$1,001 - $15,000"",""transaction_date"":""2025-12-19"",""days_late"":24,""doc_url"":""https://disclosures-clerk.house.gov/public_disc/ptr-pdfs/2026/20033762.pdf""},{""member"":""Gottheimer, Hon. Josh"",""party"":""D"",""direction"":""sell_partial"",""amount_range"":""$1,001 - $15,000"",""transaction_date"":""2025-12-11"",""days_late"":34,""doc_url"":""https://disclosures-clerk.house.gov/public_disc/ptr-pdfs/2026/20033756.pdf""}]"
TKO,us,"TKO Group Holdings, Inc.",Services-Amusement & Recreation Services,-0.979,0.535,382,492,47,"[-1.208,-1.165,-1.213,-1.435,-1.172,-1.296,-1.661,-1.144,-1.115,-1.121,-1.326,-0.979,null,null]",,,,,,,,
FFIV,us,"F5, INC.",Computer Communications Equipment,-0.984,0.536,383,492,-57,"[-1.042,-1.007,-1.161,-0.856,-0.953,-1.056,-1.336,-1.036,-0.916,-0.979,-1.076,-0.984,null,null]",,,,,,2,2025-10-21,"[{""member"":""Johnson, Hon. Julie"",""party"":""D"",""direction"":""buy"",""amount_range"":""$1,001 - $15,000"",""transaction_date"":""2025-10-21"",""days_late"":288,""doc_url"":""https://disclosures-clerk.house.gov/public_disc/ptr-pdfs/2026/20035035.pdf""},{""member"":""Johnson, Hon. Julie"",""party"":""D"",""direction"":""sell_full"",""amount_range"":""$1,001 - $15,000"",""transaction_date"":""2025-10-21"",""days_late"":288,""doc_url"":""https://disclosures-clerk.house.gov/public_disc/ptr-pdfs/2026/20035035.pdf""}]"
MA,us,Mastercard Inc,"Services-Business Services, NEC",-0.986,0.536,385,492,-39,"[-0.788,-0.38,-1.024,-1.256,-0.879,-0.708,-1.497,-1.292,-0.821,-1.377,-1.124,-0.986,null,null]",,,,,,1,2026-06-05,"[{""member"":""Cisneros, Hon. Gilbert"",""party"":""D"",""direction"":""sell_partial"",""amount_range"":""$1,001 - $15,000"",""transaction_date"":""2026-06-05"",""days_late"":27,""doc_url"":""https://disclosures-clerk.house.gov/public_disc/ptr-pdfs/2026/20034906.pdf""}]"
CHRW,us,"C. H. ROBINSON WORLDWIDE, INC.",Arrangement of  Transportation of  Freight & Cargo,-0.986,0.536,384,492,-59,"[-0.714,-0.964,-1.104,-1.44,-0.716,-1.035,-1.326,-1.156,-0.742,-0.893,-1.075,-0.986,null,null]",,,,,,14,2026-07-31,"[{""member"":""Delaney, Hon. April McClain"",""party"":null,""direction"":""buy"",""amount_range"":""$15,001 - $50,000"",""transaction_date"":""2026-07-31"",""days_late"":3,""doc_url"":""https://disclosures-clerk.house.gov/public_disc/ptr-pdfs/2026/20035118.pdf""},{""member"":""Delaney, Hon. April McClain"",""party"":null,""direction"":""buy"",""amount_range"":""$1,001 - $15,000"",""transaction_date"":""2026-07-28"",""days_late"":6,""doc_url"":""https://disclosures-clerk.house.gov/public_disc/ptr-pdfs/2026/20035118.pdf""},{""member"":""Delaney, Hon. April McClain"",""party"":null,""direction"":""buy"",""amount_range"":""$15,001 - $50,000"",""transaction_date"":""2026-07-27"",""days_late"":7,""doc_url"":""https://disclosures-clerk.house.gov/public_disc/ptr-pdfs/2026/20035118.pdf""},{""member"":""Delaney, Hon. April McClain"",""party"":null,""direction"":""buy"",""amount_range"":""$1,001 - $15,000"",""transaction_date"":""2026-07-24"",""days_late"":10,""doc_url"":""https://disclosures-clerk.house.gov/public_disc/ptr-pdfs/2026/20035118.pdf""},{""member"":""Delaney, Hon. April McClain"",""party"":null,""direction"":""buy"",""amount_range"":""$1,001 - $15,000"",""transaction_date"":""2026-07-20"",""days_late"":14,""doc_url"":""https://disclosures-clerk.house.gov/public_disc/ptr-pdfs/2026/20035118.pdf""},{""member"":""Delaney, Hon. April McClain"",""party"":null,""direction"":""buy"",""amount_range"":""$1,001 - $15,000"",""transaction_date"":""2026-05-28"",""days_late"":8,""doc_url"":""https://disclosures-clerk.house.gov/public_disc/ptr-pdfs/2026/20034718.pdf""},{""member"":""Delaney, Hon. April McClain"",""party"":null,""direction"":""buy"",""amount_range"":""$1,001 - $15,000"",""transaction_date"":""2026-05-21"",""days_late"":15,""doc_url"":""https://disclosures-clerk.house.gov/public_disc/ptr-pdfs/2026/20034718.pdf""},{""member"":""Delaney, Hon. April McClain"",""party"":null,""direction"":""sell_partial"",""amount_range"":""$1,001 - $15,000"",""transaction_date"":""2026-05-18"",""days_late"":18,""doc_url"":""https://disclosures-clerk.house.gov/public_disc/ptr-pdfs/2026/20034718.pdf""}]"
WST,us,WEST PHARMACEUTICAL SERVICES INC,Surgical & Medical Instruments & Apparatus,-0.99,0.536,386,492,-45,"[-0.967,-1.225,-1.272,-1.327,-0.89,-1.241,-0.912,-1.094,-0.91,-1.39,-1.106,-0.99,null,null]",,,,,,,,
SYF,us,Synchrony Financial,Finance Services,-0.991,0.536,388,492,-68,"[-0.222,-0.645,-0.136,-0.572,-0.225,-0.7,0.275,0,-0.247,-0.424,-1.06,-0.991,null,null]",,,,,,2,2026-04-09,"[{""member"":""Gottheimer, Hon. Josh"",""party"":""D"",""direction"":""sell_full"",""amount_range"":""$15,001 - $50,000"",""transaction_date"":""2026-04-09"",""days_late"":40,""doc_url"":""https://disclosures-clerk.house.gov/public_disc/ptr-pdfs/2026/20034585.pdf""},{""member"":""Letlow, Hon. Julia"",""party"":""R"",""direction"":""buy"",""amount_range"":""$1,001 - $15,000"",""transaction_date"":""2025-07-02"",""days_late"":195,""doc_url"":""https://disclosures-clerk.house.gov/public_disc/ptr-pdfs/2026/20030977.pdf""}]"
DHR,us,DANAHER CORP /DE/,"Industrial Instruments For Measurement, Display, and Control",-0.991,0.536,387,492,49,"[-0.961,-1.067,-1.344,-1.353,-1.142,-1.19,-1.666,-1.338,-1.02,-1.11,-1.344,-0.991,null,null]",,,,,,2,2025-12-18,"[{""member"":""Johnson, Hon. Julie"",""party"":""D"",""direction"":""sell_full"",""amount_range"":""$1,001 - $15,000"",""transaction_date"":""2025-12-18"",""days_late"":28,""doc_url"":""https://disclosures-clerk.house.gov/public_disc/ptr-pdfs/2026/20033789.pdf""},{""member"":""Letlow, Hon. Julia"",""party"":""R"",""direction"":""buy"",""amount_range"":""$1,001 - $15,000"",""transaction_date"":""2025-04-28"",""days_late"":260,""doc_url"":""https://disclosures-clerk.house.gov/public_disc/ptr-pdfs/2026/20030977.pdf""}]"
BKR,us,Baker Hughes Co,Oil & Gas Field Machinery & Equipment,-0.991,0.536,389,492,-101,"[-0.978,-0.86,-1.03,-1.17,-0.778,-0.984,-1.504,-0.536,-0.583,-1.282,-0.966,-0.991,null,null]",,,,,,2,2026-01-09,"[{""member"":""Cisneros, Hon. Gilbert"",""party"":""D"",""direction"":""sell_partial"",""amount_range"":""$1,001 - $15,000"",""transaction_date"":""2026-01-09"",""days_late"":35,""doc_url"":""https://disclosures-clerk.house.gov/public_disc/ptr-pdfs/2026/20033983.pdf""},{""member"":""Cisneros, Hon. Gilbert"",""party"":""D"",""direction"":""buy"",""amount_range"":""$1,001 - $15,000"",""transaction_date"":""2025-12-19"",""days_late"":24,""doc_url"":""https://disclosures-clerk.house.gov/public_disc/ptr-pdfs/2026/20033762.pdf""}]"
PYPL,us,"PayPal Holdings, Inc.","Services-Business Services, NEC",-0.993,0.536,390,492,-123,"[-1.001,-0.988,-1.095,-1.156,-1.007,-0.998,-1.61,-0.46,-0.568,-0.684,-0.862,-0.993,null,null]",,,,,,8,2026-05-15,"[{""member"":""Cisneros, Hon. Gilbert"",""party"":""D"",""direction"":""sell_partial"",""amount_range"":""$1,001 - $15,000"",""transaction_date"":""2026-05-15"",""days_late"":24,""doc_url"":""https://disclosures-clerk.house.gov/public_disc/ptr-pdfs/2026/20034713.pdf""},{""member"":""Alford, Hon. Mark"",""party"":""R"",""direction"":""sell_partial"",""amount_range"":""$1,001 - $15,000"",""transaction_date"":""2026-03-16"",""days_late"":15,""doc_url"":""https://disclosures-clerk.house.gov/public_disc/ptr-pdfs/2026/20034201.pdf""},{""member"":""Donalds, Hon. Byron"",""party"":""R"",""direction"":""buy"",""amount_range"":""$1,001 - $15,000"",""transaction_date"":""2026-03-13"",""days_late"":26,""doc_url"":""https://disclosures-clerk.house.gov/public_disc/ptr-pdfs/2026/20034297.pdf""},{""member"":""Donalds, Hon. Byron"",""party"":""R"",""direction"":""buy"",""amount_range"":""$1,001 - $15,000"",""transaction_date"":""2026-03-13"",""days_late"":26,""doc_url"":""https://disclosures-clerk.house.gov/public_disc/ptr-pdfs/2026/20034297.pdf""},{""member"":""Cisneros, Hon. Gilbert"",""party"":""D"",""direction"":""buy"",""amount_range"":""$1,001 - $15,000"",""transaction_date"":""2026-03-13"",""days_late"":25,""doc_url"":""https://disclosures-clerk.house.gov/public_disc/ptr-pdfs/2026/20034285.pdf""},{""member"":""Donalds, Hon. Byron"",""party"":""R"",""direction"":""sell_full"",""amount_range"":""$1,001 - $15,000"",""transaction_date"":""2026-02-10"",""days_late"":24,""doc_url"":""https://disclosures-clerk.house.gov/public_disc/ptr-pdfs/2026/20034134.pdf""},{""member"":""Donalds, Hon. Byron"",""party"":""R"",""direction"":""sell_full"",""amount_range"":""$1,001 - $15,000"",""transaction_date"":""2026-02-10"",""days_late"":24,""doc_url"":""https://disclosures-clerk.house.gov/public_disc/ptr-pdfs/2026/20034134.pdf""},{""member"":""Pelosi, Hon. Nancy"",""party"":""D"",""direction"":""sell_full"",""amount_range"":""$250,001 - $500,000"",""transaction_date"":""2025-12-30"",""days_late"":24,""doc_url"":""https://disclosures-clerk.house.gov/public_disc/ptr-pdfs/2026/20033725.pdf""}]"
BAC,us,BANK OF AMERICA CORP /DE/,National Commercial Banks,-0.999,0.536,391,492,-87,"[-0.461,-0.791,-0.939,-0.988,-0.935,-0.484,-1.401,-1.41,-0.858,-0.93,-1.014,-0.999,null,null]",2,2026-10-05,,,,4,2026-07-20,"[{""member"":""Himes, Hon. James A."",""party"":""D"",""direction"":""sell_full"",""amount_range"":""$1,001 - $15,000"",""transaction_date"":""2026-07-20"",""days_late"":0,""doc_url"":""https://disclosures-clerk.house.gov/public_disc/ptr-pdfs/2026/20035047.pdf""},{""member"":""Lee, Hon. Laurel"",""party"":""R"",""direction"":""sell_partial"",""amount_range"":""$1,001 - $15,000"",""transaction_date"":""2026-06-02"",""days_late"":47,""doc_url"":""https://disclosures-clerk.house.gov/public_disc/ptr-pdfs/2026/20034694.pdf""},{""member"":""Johnson, Hon. Julie"",""party"":""D"",""direction"":""sell_full"",""amount_range"":""$1,001 - $15,000"",""transaction_date"":""2025-12-18"",""days_late"":28,""doc_url"":""https://disclosures-clerk.house.gov/public_disc/ptr-pdfs/2026/20033789.pdf""},{""member"":""Walberg, Hon. Tim"",""party"":""R"",""direction"":""buy"",""amount_range"":""$15,001 - $50,000"",""transaction_date"":""2025-02-07"",""days_late"":481,""doc_url"":""https://disclosures-clerk.house.gov/public_disc/ptr-pdfs/2026/20034660.pdf""}]"
BKNG,us,Booking Holdings Inc.,Transportation Services,-1.002,0.536,393,492,-61,"[-0.852,-0.938,-1.353,-1.056,-1.334,-0.659,-1.556,-0.652,-0.544,-0.86,-1.085,-1.002,null,null]",,,,,,6,2026-06-01,"[{""member"":""Gottheimer, Hon. Josh"",""party"":""D"",""direction"":""sell_full"",""amount_range"":""$1,001 - $15,000"",""transaction_date"":""2026-06-01"",""days_late"":36,""doc_url"":""https://disclosures-clerk.house.gov/public_disc/ptr-pdfs/2026/20034938.pdf""},{""member"":""Cisneros, Hon. Gilbert"",""party"":""D"",""direction"":""sell_partial"",""amount_range"":""$1,001 - $15,000"",""transaction_date"":""2026-05-15"",""days_late"":24,""doc_url"":""https://disclosures-clerk.house.gov/public_disc/ptr-pdfs/2026/20034713.pdf""},{""member"":""Cisneros, Hon. Gilbert"",""party"":""D"",""direction"":""buy"",""amount_range"":""$1,001 - $15,000"",""transaction_date"":""2026-04-14"",""days_late"":24,""doc_url"":""https://disclosures-clerk.house.gov/public_disc/ptr-pdfs/2026/20034500.pdf""},{""member"":""Cisneros, Hon. Gilbert"",""party"":""D"",""direction"":""buy"",""amount_range"":""$1,001 - $15,000"",""transaction_date"":""2026-03-13"",""days_late"":25,""doc_url"":""https://disclosures-clerk.house.gov/public_disc/ptr-pdfs/2026/20034285.pdf""},{""member"":""Cisneros, Hon. Gilbert"",""party"":""D"",""direction"":""sell_partial"",""amount_range"":""$1,001 - $15,000"",""transaction_date"":""2026-02-10"",""days_late"":27,""doc_url"":""https://disclosures-clerk.house.gov/public_disc/ptr-pdfs/2026/20034144.pdf""},{""member"":""Cisneros, Hon. Gilbert"",""party"":""D"",""direction"":""buy"",""amount_range"":""$1,001 - $15,000"",""transaction_date"":""2025-12-19"",""days_late"":24,""doc_url"":""https://disclosures-clerk.house.gov/public_disc/ptr-pdfs/2026/20033762.pdf""}]"
NDAQ,us,"NASDAQ, INC.","Security & Commodity Brokers, Dealers, Exchanges & Services",-1.002,0.536,392,492,23,"[-1.095,-1.311,-1.391,-1.408,-1.149,-1.287,-1.676,-1.098,-0.844,-1.144,-1.305,-1.002,null,null]",,,,,,8,2026-04-24,"[{""member"":""Delaney, Hon. April McClain"",""party"":null,""direction"":""buy"",""amount_range"":""$1,001 - $15,000"",""transaction_date"":""2026-04-24"",""days_late"":12,""doc_url"":""https://disclosures-clerk.house.gov/public_disc/ptr-pdfs/2026/20034487.pdf""},{""member"":""Delaney, Hon. April McClain"",""party"":null,""direction"":""buy"",""amount_range"":""$1,001 - $15,000"",""transaction_date"":""2026-03-31"",""days_late"":6,""doc_url"":""https://disclosures-clerk.house.gov/public_disc/ptr-pdfs/2026/20034299.pdf""},{""member"":""Delaney, Hon. April McClain"",""party"":null,""direction"":""buy"",""amount_range"":""$1,001 - $15,000"",""transaction_date"":""2026-03-18"",""days_late"":19,""doc_url"":""https://disclosures-clerk.house.gov/public_disc/ptr-pdfs/2026/20034299.pdf""},{""member"":""Delaney, Hon. April McClain"",""party"":null,""direction"":""buy"",""amount_range"":""$1,001 - $15,000"",""transaction_date"":""2026-03-10"",""days_late"":27,""doc_url"":""https://disclosures-clerk.house.gov/public_disc/ptr-pdfs/2026/20034299.pdf""},{""member"":""Delaney, Hon. April McClain"",""party"":null,""direction"":""buy"",""amount_range"":""$1,001 - $15,000"",""transaction_date"":""2026-03-09"",""days_late"":28,""doc_url"":""https://disclosures-clerk.house.gov/public_disc/ptr-pdfs/2026/20034299.pdf""},{""member"":""Delaney, Hon. April McClain"",""party"":null,""direction"":""buy"",""amount_range"":""$1,001 - $15,000"",""transaction_date"":""2026-03-04"",""days_late"":33,""doc_url"":""https://disclosures-clerk.house.gov/public_disc/ptr-pdfs/2026/20034299.pdf""},{""member"":""Delaney, Hon. April McClain"",""party"":null,""direction"":""buy"",""amount_range"":""$1,001 - $15,000"",""transaction_date"":""2026-03-03"",""days_late"":34,""doc_url"":""https://disclosures-clerk.house.gov/public_disc/ptr-pdfs/2026/20034299.pdf""},{""member"":""Delaney, Hon. April McClain"",""party"":null,""direction"":""buy"",""amount_range"":""$1,001 - $15,000"",""transaction_date"":""2026-02-27"",""days_late"":11,""doc_url"":""https://disclosures-clerk.house.gov/public_disc/ptr-pdfs/2026/20034159.pdf""}]"
WAB,us,WESTINGHOUSE AIR BRAKE TECHNOLOGIES CORP,Railroad Equipment,-1.003,0.536,394,492,10,"[-1.095,-1.351,-1.205,-1.487,-1.231,-1.315,-1.777,-1.313,-1.206,-1.395,-1.282,-1.003,null,null]",,,,,,9,2026-07-28,"[{""member"":""Delaney, Hon. April McClain"",""party"":null,""direction"":""sell_partial"",""amount_range"":""$1,001 - $15,000"",""transaction_date"":""2026-07-28"",""days_late"":6,""doc_url"":""https://disclosures-clerk.house.gov/public_disc/ptr-pdfs/2026/20035118.pdf""},{""member"":""Delaney, Hon. April McClain"",""party"":null,""direction"":""sell_partial"",""amount_range"":""$15,001 - $50,000"",""transaction_date"":""2026-07-23"",""days_late"":11,""doc_url"":""https://disclosures-clerk.house.gov/public_disc/ptr-pdfs/2026/20035118.pdf""},{""member"":""Delaney, Hon. April McClain"",""party"":null,""direction"":""sell_partial"",""amount_range"":""$1,001 - $15,000"",""transaction_date"":""2026-06-15"",""days_late"":22,""doc_url"":""https://disclosures-clerk.house.gov/public_disc/ptr-pdfs/2026/20034932.pdf""},{""member"":""Delaney, Hon. April McClain"",""party"":null,""direction"":""sell_partial"",""amount_range"":""$1,001 - $15,000"",""transaction_date"":""2026-06-12"",""days_late"":25,""doc_url"":""https://disclosures-clerk.house.gov/public_disc/ptr-pdfs/2026/20034932.pdf""},{""member"":""Delaney, Hon. April McClain"",""party"":null,""direction"":""sell_partial"",""amount_range"":""$1,001 - $15,000"",""transaction_date"":""2026-06-10"",""days_late"":27,""doc_url"":""https://disclosures-clerk.house.gov/public_disc/ptr-pdfs/2026/20034932.pdf""},{""member"":""Delaney, Hon. April McClain"",""party"":null,""direction"":""sell_partial"",""amount_range"":""$1,001 - $15,000"",""transaction_date"":""2026-06-04"",""days_late"":33,""doc_url"":""https://disclosures-clerk.house.gov/public_disc/ptr-pdfs/2026/20034932.pdf""},{""member"":""Delaney, Hon. April McClain"",""party"":null,""direction"":""sell_partial"",""amount_range"":""$1,001 - $15,000"",""transaction_date"":""2026-01-30"",""days_late"":3,""doc_url"":""https://disclosures-clerk.house.gov/public_disc/ptr-pdfs/2026/20033921.pdf""},{""member"":""Delaney, Hon. April McClain"",""party"":null,""direction"":""sell_partial"",""amount_range"":""$1,001 - $15,000"",""transaction_date"":""2026-01-22"",""days_late"":11,""doc_url"":""https://disclosures-clerk.house.gov/public_disc/ptr-pdfs/2026/20033921.pdf""}]"
SHW,us,SHERWIN WILLIAMS CO,"Retail-Building Materials, Hardware, Garden Supply",-1.005,0.536,395,492,30,"[-0.727,-1.009,-1.225,-1.295,-1.255,-1.348,-1.668,-1.165,-1.155,-1,-1.321,-1.005,null,null]",,,,,,,,
CSCO,us,"CISCO SYSTEMS, INC.",Computer Communications Equipment,-1.007,0.536,396,492,-256,"[-0.338,-0.986,-1.134,-1.17,-0.945,-0.486,-1.461,-0.829,-0.657,-1.067,-0.174,-1.007,null,null]",,,4,2026-09-14,,9,2026-07-30,"[{""member"":""McCormick, Hon. Richard Dean Dr"",""party"":null,""direction"":""sell_full"",""amount_range"":""$1,001 - $15,000"",""transaction_date"":""2026-07-30"",""days_late"":15,""doc_url"":""https://disclosures-clerk.house.gov/public_disc/ptr-pdfs/2026/20035204.pdf""},{""member"":""McCormick, Hon. Richard Dean Dr"",""party"":null,""direction"":""sell_partial"",""amount_range"":""$1,001 - $15,000"",""transaction_date"":""2026-06-12"",""days_late"":27,""doc_url"":""https://disclosures-clerk.house.gov/public_disc/ptr-pdfs/2026/20034954.pdf""},{""member"":""McCormick, Hon. Richard Dean Dr"",""party"":null,""direction"":""sell_partial"",""amount_range"":""$1,001 - $15,000"",""transaction_date"":""2026-06-12"",""days_late"":27,""doc_url"":""https://disclosures-clerk.house.gov/public_disc/ptr-pdfs/2026/20034954.pdf""},{""member"":""Salazar, Hon. Maria Elvira"",""party"":""R"",""direction"":""buy"",""amount_range"":""$1,001 - $15,000"",""transaction_date"":""2026-03-19"",""days_late"":33,""doc_url"":""https://disclosures-clerk.house.gov/public_disc/ptr-pdfs/2026/20033993.pdf""},{""member"":""Salazar, Hon. Maria Elvira"",""party"":""R"",""direction"":""buy"",""amount_range"":""$15,001 - $50,000"",""transaction_date"":""2026-03-19"",""days_late"":33,""doc_url"":""https://disclosures-clerk.house.gov/public_disc/ptr-pdfs/2026/20033993.pdf""},{""member"":""Letlow, Hon. Julia"",""party"":""R"",""direction"":""buy"",""amount_range"":""$1,001 - $15,000"",""transaction_date"":""2026-02-02"",""days_late"":38,""doc_url"":""https://disclosures-clerk.house.gov/public_disc/ptr-pdfs/2026/20034106.pdf""},{""member"":""Cisneros, Hon. Gilbert"",""party"":""D"",""direction"":""buy"",""amount_range"":""$1,001 - $15,000"",""transaction_date"":""2026-01-09"",""days_late"":35,""doc_url"":""https://disclosures-clerk.house.gov/public_disc/ptr-pdfs/2026/20033983.pdf""},{""member"":""Sanchez, Hon. Linda T."",""party"":""D"",""direction"":""sell_full"",""amount_range"":""$1,001 - $15,000"",""transaction_date"":""2025-10-28"",""days_late"":73,""doc_url"":""https://disclosures-clerk.house.gov/public_disc/ptr-pdfs/2026/20033755.pdf""}]"
GD,us,GENERAL DYNAMICS CORP,Ship & Boat Building & Repairing,-1.008,0.536,397,492,43,"[-1.111,-1.329,-1.273,-1.52,-1.263,-1.338,-1.698,-1.277,-1.181,-1.322,-1.363,-1.008,null,null]",1,2026-10-06,,,,7,2026-06-10,"[{""member"":""Evans, Hon. Dwight"",""party"":""D"",""direction"":""sell_full"",""amount_range"":""$1,001 - $15,000"",""transaction_date"":""2026-06-10"",""days_late"":14,""doc_url"":""https://disclosures-clerk.house.gov/public_disc/ptr-pdfs/2026/20034851.pdf""},{""member"":""Moskowitz, Hon. Jared"",""party"":""D"",""direction"":""buy"",""amount_range"":""$1,001 - $15,000"",""transaction_date"":""2026-03-31"",""days_late"":30,""doc_url"":""https://disclosures-clerk.house.gov/public_disc/ptr-pdfs/2026/20034274.pdf""},{""member"":""Moskowitz, Hon. Jared"",""party"":""D"",""direction"":""buy"",""amount_range"":""$1,001 - $15,000"",""transaction_date"":""2026-03-23"",""days_late"":38,""doc_url"":""https://disclosures-clerk.house.gov/public_disc/ptr-pdfs/2026/20034274.pdf""},{""member"":""Moskowitz, Hon. Jared"",""party"":""D"",""direction"":""buy"",""amount_range"":""$1,001 - $15,000"",""transaction_date"":""2026-03-23"",""days_late"":38,""doc_url"":""https://disclosures-clerk.house.gov/public_disc/ptr-pdfs/2026/20034274.pdf""},{""member"":""Cisneros, Hon. Gilbert"",""party"":""D"",""direction"":""sell_full"",""amount_range"":""$1,001 - $15,000"",""transaction_date"":""2026-02-10"",""days_late"":27,""doc_url"":""https://disclosures-clerk.house.gov/public_disc/ptr-pdfs/2026/20034144.pdf""},{""member"":""Cisneros, Hon. Gilbert"",""party"":""D"",""direction"":""buy"",""amount_range"":""$1,001 - $15,000"",""transaction_date"":""2026-01-09"",""days_late"":35,""doc_url"":""https://disclosures-clerk.house.gov/public_disc/ptr-pdfs/2026/20033983.pdf""},{""member"":""Johnson, Hon. Julie"",""party"":""D"",""direction"":""sell_full"",""amount_range"":""$1,001 - $15,000"",""transaction_date"":""2025-12-18"",""days_late"":28,""doc_url"":""https://disclosures-clerk.house.gov/public_disc/ptr-pdfs/2026/20033789.pdf""}]"
COO,us,"COOPER COMPANIES, INC.",Ophthalmic Goods,-1.011,0.536,398,492,79,"[-0.823,-1.016,-1.265,-1.213,-1.176,-1.095,-1.656,-1.222,-1.039,-0.972,-1.454,-1.011,null,null]",,,,,,3,2026-06-05,"[{""member"":""Cisneros, Hon. Gilbert"",""party"":""D"",""direction"":""buy"",""amount_range"":""$1,001 - $15,000"",""transaction_date"":""2026-06-05"",""days_late"":27,""doc_url"":""https://disclosures-clerk.house.gov/public_disc/ptr-pdfs/2026/20034906.pdf""},{""member"":""Cisneros, Hon. Gilbert"",""party"":""D"",""direction"":""buy"",""amount_range"":""$1,001 - $15,000"",""transaction_date"":""2026-05-29"",""days_late"":10,""doc_url"":""https://disclosures-clerk.house.gov/public_disc/ptr-pdfs/2026/20034713.pdf""},{""member"":""Cisneros, Hon. Gilbert"",""party"":""D"",""direction"":""buy"",""amount_range"":""$1,001 - $15,000"",""transaction_date"":""2025-12-10"",""days_late"":33,""doc_url"":""https://disclosures-clerk.house.gov/public_disc/ptr-pdfs/2026/20033762.pdf""}]"
SLB,us,SLB LIMITED/NV,"Oil & Gas Field Services, NEC",-1.011,0.536,400,492,-29,"[-0.856,-0.999,-1.082,-1.304,-1.22,-1.138,-1.086,-0.896,-0.607,-1.175,-1.19,-1.011,null,null]",,,,,,2,2025-02-24,"[{""member"":""Letlow, Hon. Julia"",""party"":""R"",""direction"":""sell_full"",""amount_range"":""$1,001 - $15,000"",""transaction_date"":""2025-02-24"",""days_late"":323,""doc_url"":""https://disclosures-clerk.house.gov/public_disc/ptr-pdfs/2026/20030977.pdf""},{""member"":""Letlow, Hon. Julia"",""party"":""R"",""direction"":""buy"",""amount_range"":""$1,001 - $15,000"",""transaction_date"":""2024-10-23"",""days_late"":447,""doc_url"":""https://disclosures-clerk.house.gov/public_disc/ptr-pdfs/2026/20030977.pdf""}]"
PSA,us,Public Storage,Real Estate Investment Trusts,-1.011,0.536,399,492,54,"[-1.123,-1.378,-1.276,-1.476,-1.326,-1.142,-1.723,-1.183,-1.151,-1.307,-1.394,-1.011,null,null]",,,,,,2,2026-01-12,"[{""member"":""Foxx, Hon. Virginia"",""party"":""R"",""direction"":""sell_full"",""amount_range"":""$1,001 - $15,000"",""transaction_date"":""2026-01-12"",""days_late"":25,""doc_url"":""https://disclosures-clerk.house.gov/public_disc/ptr-pdfs/2026/20033947.pdf""},{""member"":""Cisneros, Hon. Gilbert"",""party"":""D"",""direction"":""sell_partial"",""amount_range"":""$1,001 - $15,000"",""transaction_date"":""2025-12-19"",""days_late"":24,""doc_url"":""https://disclosures-clerk.house.gov/public_disc/ptr-pdfs/2026/20033762.pdf""}]"
FDX,us,FEDEX CORP,Air Courier Services,-1.021,0.537,401,492,-14,"[-0.966,-1.039,-1.283,-1.401,-1.153,-1.2,-1.681,-1.084,-1.065,-1.273,-1.238,-1.021,null,null]",,,,,,3,2026-03-25,"[{""member"":""Salazar, Hon. Maria Elvira"",""party"":""R"",""direction"":""buy"",""amount_range"":""$1,001 - $15,000"",""transaction_date"":""2026-03-25"",""days_late"":27,""doc_url"":""https://disclosures-clerk.house.gov/public_disc/ptr-pdfs/2026/20033993.pdf""},{""member"":""Salazar, Hon. Maria Elvira"",""party"":""R"",""direction"":""buy"",""amount_range"":""$15,001 - $50,000"",""transaction_date"":""2026-03-19"",""days_late"":33,""doc_url"":""https://disclosures-clerk.house.gov/public_disc/ptr-pdfs/2026/20033993.pdf""},{""member"":""Cisneros, Hon. Gilbert"",""party"":""D"",""direction"":""buy"",""amount_range"":""$1,001 - $15,000"",""transaction_date"":""2026-01-09"",""days_late"":35,""doc_url"":""https://disclosures-clerk.house.gov/public_disc/ptr-pdfs/2026/20033983.pdf""}]"
EBAY,us,EBAY INC,"Services-Business Services, NEC",-1.021,0.537,402,492,-87,"[-0.757,-0.627,-1.232,-1.017,-0.38,-1.134,-1.451,-0.81,-1.098,-1.057,-1.052,-1.021,null,null]",,,,,,,,
FTNT,us,"Fortinet, Inc.","Computer Peripheral Equipment, NEC",-1.025,0.537,403,492,-207,"[-0.977,-0.585,-0.857,-0.838,-1.212,-1.009,-1.073,-0.905,-0.905,-0.956,-0.492,-1.025,null,null]",,,,,,3,2026-07-10,"[{""member"":""Newhouse, Hon. Dan"",""party"":""R"",""direction"":""sell_partial"",""amount_range"":""$1,001 - $15,000"",""transaction_date"":""2026-07-10"",""days_late"":7,""doc_url"":""https://disclosures-clerk.house.gov/public_disc/ptr-pdfs/2026/20034998.pdf""},{""member"":""Cisneros, Hon. Gilbert"",""party"":""D"",""direction"":""sell_full"",""amount_range"":""$1,001 - $15,000"",""transaction_date"":""2026-04-14"",""days_late"":24,""doc_url"":""https://disclosures-clerk.house.gov/public_disc/ptr-pdfs/2026/20034500.pdf""},{""member"":""Cisneros, Hon. Gilbert"",""party"":""D"",""direction"":""buy"",""amount_range"":""$1,001 - $15,000"",""transaction_date"":""2026-03-13"",""days_late"":25,""doc_url"":""https://disclosures-clerk.house.gov/public_disc/ptr-pdfs/2026/20034285.pdf""}]"
J,us,JACOBS SOLUTIONS INC.,Heavy Construction Other Than Bldg Const - Contractors,-1.028,0.537,404,492,-9,"[-1.125,-1.22,-1.297,-1.428,-0.692,-1.124,-1.692,-0.888,-0.942,-1.153,-1.261,-1.028,null,null]",,,,,,1,2025-02-07,"[{""member"":""Walberg, Hon. Tim"",""party"":""R"",""direction"":""buy"",""amount_range"":""$15,001 - $50,000"",""transaction_date"":""2025-02-07"",""days_late"":481,""doc_url"":""https://disclosures-clerk.house.gov/public_disc/ptr-pdfs/2026/20034660.pdf""}]"
BDX,us,BECTON DICKINSON & CO,Surgical & Medical Instruments & Apparatus,-1.035,0.537,405,492,-53,"[-0.877,-1.023,-1.255,-1.488,-1.089,-1.168,-1.604,-1.264,-1.213,-1.145,-1.143,-1.035,null,null]",,,,,,2,2026-05-21,"[{""member"":""Kean, Hon. Thomas H., Jr"",""party"":""R"",""direction"":""sell_full"",""amount_range"":""$1,001 - $15,000"",""transaction_date"":""2026-05-21"",""days_late"":28,""doc_url"":""https://disclosures-clerk.house.gov/public_disc/ptr-pdfs/2026/20034783.pdf""},{""member"":""Hern, Hon. Kevin"",""party"":""R"",""direction"":""sell_full"",""amount_range"":""$15,001 - $50,000"",""transaction_date"":""2026-03-17"",""days_late"":17,""doc_url"":""https://disclosures-clerk.house.gov/public_disc/ptr-pdfs/2026/20034262.pdf""}]"
GPC,us,GENUINE PARTS CO,Wholesale-Motor Vehicle Supplies & New Parts,-1.036,0.537,406,492,65,"[-1.163,-1.358,-1.19,-1.681,-1.28,-1.274,-1.765,-0.851,-0.627,-1.12,-1.427,-1.036,null,null]",,,,,,,,
DECK,us,DECKERS OUTDOOR CORP,Rubber & Plastics Footwear,-1.04,0.537,407,492,-278,"[-0.228,0.038,-0.532,0.308,-0.743,-0.684,-0.445,-0.983,-0.248,-0.153,-0.121,-1.04,null,null]",,,,,,,,
FIS,us,"Fidelity National Information Services, Inc.","Services-Business Services, NEC",-1.042,0.537,408,492,-39,"[-1.153,-0.887,-1.078,-1.073,-1.174,-1.199,-0.898,-1.011,-0.946,-0.847,-1.189,-1.042,null,null]",,,,,,7,2026-07-10,"[{""member"":""Newhouse, Hon. Dan"",""party"":""R"",""direction"":""buy"",""amount_range"":""$1,001 - $15,000"",""transaction_date"":""2026-07-10"",""days_late"":7,""doc_url"":""https://disclosures-clerk.house.gov/public_disc/ptr-pdfs/2026/20034998.pdf""},{""member"":""Cisneros, Hon. Gilbert"",""party"":""D"",""direction"":""buy"",""amount_range"":""$1,001 - $15,000"",""transaction_date"":""2026-06-16"",""days_late"":16,""doc_url"":""https://disclosures-clerk.house.gov/public_disc/ptr-pdfs/2026/20034906.pdf""},{""member"":""Cisneros, Hon. Gilbert"",""party"":""D"",""direction"":""sell_full"",""amount_range"":""$1,001 - $15,000"",""transaction_date"":""2026-04-14"",""days_late"":24,""doc_url"":""https://disclosures-clerk.house.gov/public_disc/ptr-pdfs/2026/20034500.pdf""},{""member"":""Cisneros, Hon. Gilbert"",""party"":""D"",""direction"":""buy"",""amount_range"":""$1,001 - $15,000"",""transaction_date"":""2026-03-13"",""days_late"":25,""doc_url"":""https://disclosures-clerk.house.gov/public_disc/ptr-pdfs/2026/20034285.pdf""},{""member"":""Cisneros, Hon. Gilbert"",""party"":""D"",""direction"":""sell_full"",""amount_range"":""$1,001 - $15,000"",""transaction_date"":""2026-02-10"",""days_late"":27,""doc_url"":""https://disclosures-clerk.house.gov/public_disc/ptr-pdfs/2026/20034144.pdf""},{""member"":""Cisneros, Hon. Gilbert"",""party"":""D"",""direction"":""buy"",""amount_range"":""$1,001 - $15,000"",""transaction_date"":""2025-12-19"",""days_late"":24,""doc_url"":""https://disclosures-clerk.house.gov/public_disc/ptr-pdfs/2026/20033762.pdf""},{""member"":""Johnson, Hon. Julie"",""party"":""D"",""direction"":""sell_full"",""amount_range"":""$1,001 - $15,000"",""transaction_date"":""2025-12-18"",""days_late"":28,""doc_url"":""https://disclosures-clerk.house.gov/public_disc/ptr-pdfs/2026/20033789.pdf""}]"
PCAR,us,PACCAR INC,Motor Vehicles & Passenger Car Bodies,-1.044,0.537,409,492,59,"[-0.946,-1.106,-1.214,-1.498,-1.191,-1.153,-1.614,-1.245,-1.16,-1.344,-1.424,-1.044,null,null]",,,,,,,,
WFC,us,WELLS FARGO & COMPANY/MN,National Commercial Banks,-1.067,0.538,410,492,-43,"[-0.823,-0.919,-1.08,-1.056,-1.023,-1.012,-1.622,-1.484,-0.889,-0.87,-1.182,-1.067,null,null]",,,,,,4,2026-03-13,"[{""member"":""Cisneros, Hon. Gilbert"",""party"":""D"",""direction"":""sell_partial"",""amount_range"":""$1,001 - $15,000"",""transaction_date"":""2026-03-13"",""days_late"":25,""doc_url"":""https://disclosures-clerk.house.gov/public_disc/ptr-pdfs/2026/20034285.pdf""},{""member"":""Johnson, Hon. Julie"",""party"":""D"",""direction"":""sell_full"",""amount_range"":""$1,001 - $15,000"",""transaction_date"":""2025-12-18"",""days_late"":28,""doc_url"":""https://disclosures-clerk.house.gov/public_disc/ptr-pdfs/2026/20033789.pdf""},{""member"":""Walberg, Hon. Tim"",""party"":""R"",""direction"":""buy"",""amount_range"":""$15,001 - $50,000"",""transaction_date"":""2025-02-07"",""days_late"":481,""doc_url"":""https://disclosures-clerk.house.gov/public_disc/ptr-pdfs/2026/20034660.pdf""},{""member"":""Letlow, Hon. Julia"",""party"":""R"",""direction"":""buy"",""amount_range"":""$1,001 - $15,000"",""transaction_date"":""2024-10-23"",""days_late"":447,""doc_url"":""https://disclosures-clerk.house.gov/public_disc/ptr-pdfs/2026/20030977.pdf""}]"
GILD,us,"GILEAD SCIENCES, INC.","Biological Products, (No Diagnostic Substances)",-1.067,0.538,411,492,-20,"[-0.879,-1.026,-1.2,-1.26,-1.181,-0.852,-1.557,-1.161,-1.122,-1.178,-1.249,-1.067,null,null]",,,,,,3,2026-05-06,"[{""member"":""Moskowitz, Hon. Jared"",""party"":""D"",""direction"":""buy"",""amount_range"":""$1,001 - $15,000"",""transaction_date"":""2026-05-06"",""days_late"":44,""doc_url"":""https://disclosures-clerk.house.gov/public_disc/ptr-pdfs/2026/20034749.pdf""},{""member"":""Moskowitz, Hon. Jared"",""party"":""D"",""direction"":""buy"",""amount_range"":""$1,001 - $15,000"",""transaction_date"":""2026-05-06"",""days_late"":44,""doc_url"":""https://disclosures-clerk.house.gov/public_disc/ptr-pdfs/2026/20034749.pdf""},{""member"":""Gottheimer, Hon. Josh"",""party"":""D"",""direction"":""buy"",""amount_range"":""$1,001 - $15,000"",""transaction_date"":""2026-01-27"",""days_late"":30,""doc_url"":""https://disclosures-clerk.house.gov/public_disc/ptr-pdfs/2026/20033930.pdf""}]"
AXP,us,AMERICAN EXPRESS CO,Finance Services,-1.07,0.538,412,492,-39,"[-0.594,-0.492,-0.912,-0.902,-1.172,-0.785,-1.542,-0.476,-0.623,-0.927,-1.196,-1.07,null,null]",1,2026-10-01,,,,3,2026-05-08,"[{""member"":""Allen, Hon. Richard W."",""party"":""R"",""direction"":""buy"",""amount_range"":""$1,001 - $15,000"",""transaction_date"":""2026-05-08"",""days_late"":39,""doc_url"":""https://disclosures-clerk.house.gov/public_disc/ptr-pdfs/2026/20034740.pdf""},{""member"":""Moskowitz, Hon. Jared"",""party"":""D"",""direction"":""buy"",""amount_range"":""$1,001 - $15,000"",""transaction_date"":""2026-03-31"",""days_late"":30,""doc_url"":""https://disclosures-clerk.house.gov/public_disc/ptr-pdfs/2026/20034274.pdf""},{""member"":""Johnson, Hon. Julie"",""party"":""D"",""direction"":""sell_full"",""amount_range"":""$1,001 - $15,000"",""transaction_date"":""2025-12-18"",""days_late"":28,""doc_url"":""https://disclosures-clerk.house.gov/public_disc/ptr-pdfs/2026/20033789.pdf""}]"
TMO,us,THERMO FISHER SCIENTIFIC INC.,"Measuring & Controlling Devices, NEC",-1.07,0.538,413,492,-116,"[-0.737,-0.965,-1.217,-1.279,-1.043,-1.121,-1.664,-1.326,-0.975,-0.979,-1.001,-1.07,null,null]",,,,,,6,2026-07-10,"[{""member"":""Newhouse, Hon. Dan"",""party"":""R"",""direction"":""sell_full"",""amount_range"":""$1,001 - $15,000"",""transaction_date"":""2026-07-10"",""days_late"":7,""doc_url"":""https://disclosures-clerk.house.gov/public_disc/ptr-pdfs/2026/20034998.pdf""},{""member"":""Evans, Hon. Dwight"",""party"":""D"",""direction"":""sell_partial"",""amount_range"":""$1,001 - $15,000"",""transaction_date"":""2026-05-07"",""days_late"":8,""doc_url"":""https://disclosures-clerk.house.gov/public_disc/ptr-pdfs/2026/20034556.pdf""},{""member"":""Letlow, Hon. Julia"",""party"":""R"",""direction"":""buy"",""amount_range"":""$1,001 - $15,000"",""transaction_date"":""2025-07-25"",""days_late"":172,""doc_url"":""https://disclosures-clerk.house.gov/public_disc/ptr-pdfs/2026/20030977.pdf""},{""member"":""Letlow, Hon. Julia"",""party"":""R"",""direction"":""sell_full"",""amount_range"":""$1,001 - $15,000"",""transaction_date"":""2025-04-28"",""days_late"":260,""doc_url"":""https://disclosures-clerk.house.gov/public_disc/ptr-pdfs/2026/20030977.pdf""},{""member"":""Rulli, Hon. Michael"",""party"":""R"",""direction"":""sell_full"",""amount_range"":""$1,001 - $15,000"",""transaction_date"":""2024-12-12"",""days_late"":603,""doc_url"":""https://disclosures-clerk.house.gov/public_disc/ptr-pdfs/2026/20035147.pdf""},{""member"":""Letlow, Hon. Julia"",""party"":""R"",""direction"":""buy"",""amount_range"":""$1,001 - $15,000"",""transaction_date"":""2024-10-23"",""days_late"":447,""doc_url"":""https://disclosures-clerk.house.gov/public_disc/ptr-pdfs/2026/20030977.pdf""}]"
AMGN,us,AMGEN INC,"Biological Products, (No Diagnostic Substances)",-1.071,0.538,414,492,-96,"[-0.902,-0.923,-0.981,-1.368,-0.904,-1.079,-1.383,-0.686,-1.069,-0.961,-1.058,-1.071,null,null]",,,,,,8,2026-06-05,"[{""member"":""Taylor, Hon. David J."",""party"":""R"",""direction"":""buy"",""amount_range"":""$1,001 - $15,000"",""transaction_date"":""2026-06-05"",""days_late"":7,""doc_url"":""https://disclosures-clerk.house.gov/public_disc/ptr-pdfs/2026/20034780.pdf""},{""member"":""Salazar, Hon. Maria Elvira"",""party"":""R"",""direction"":""sell_full"",""amount_range"":""$15,001 - $50,000"",""transaction_date"":""2026-04-17"",""days_late"":21,""doc_url"":""https://disclosures-clerk.house.gov/public_disc/ptr-pdfs/2026/20034479.pdf""},{""member"":""Salazar, Hon. Maria Elvira"",""party"":""R"",""direction"":""buy"",""amount_range"":""$15,001 - $50,000"",""transaction_date"":""2026-03-24"",""days_late"":28,""doc_url"":""https://disclosures-clerk.house.gov/public_disc/ptr-pdfs/2026/20033993.pdf""},{""member"":""Taylor, Hon. David J."",""party"":""R"",""direction"":""sell_full"",""amount_range"":""$1,001 - $15,000"",""transaction_date"":""2026-02-26"",""days_late"":8,""doc_url"":""https://disclosures-clerk.house.gov/public_disc/ptr-pdfs/2026/20034138.pdf""},{""member"":""Taylor, Hon. David J."",""party"":""R"",""direction"":""sell_full"",""amount_range"":""$1,001 - $15,000"",""transaction_date"":""2026-01-29"",""days_late"":4,""doc_url"":""https://disclosures-clerk.house.gov/public_disc/ptr-pdfs/2026/20033916.pdf""},{""member"":""Taylor, Hon. David J."",""party"":""R"",""direction"":""buy"",""amount_range"":""$1,001 - $15,000"",""transaction_date"":""2026-01-16"",""days_late"":17,""doc_url"":""https://disclosures-clerk.house.gov/public_disc/ptr-pdfs/2026/20033916.pdf""},{""member"":""Letlow, Hon. Julia"",""party"":""R"",""direction"":""sell_full"",""amount_range"":""$1,001 - $15,000"",""transaction_date"":""2024-11-19"",""days_late"":420,""doc_url"":""https://disclosures-clerk.house.gov/public_disc/ptr-pdfs/2026/20030977.pdf""},{""member"":""Letlow, Hon. Julia"",""party"":""R"",""direction"":""buy"",""amount_range"":""$1,001 - $15,000"",""transaction_date"":""2024-10-23"",""days_late"":447,""doc_url"":""https://disclosures-clerk.house.gov/public_disc/ptr-pdfs/2026/20030977.pdf""}]"
HWM,us,Howmet Aerospace Inc.,Rolling Drawing & Extruding of  Nonferrous Metals,-1.072,0.538,415,492,-93,"[-0.772,-1.089,-1.169,-1.184,-1.232,-1.2,-1.587,-0.629,-0.805,-0.922,-1.065,-1.072,null,null]",,,,,,1,2026-01-08,"[{""member"":""Donalds, Hon. Byron"",""party"":""R"",""direction"":""sell_partial"",""amount_range"":""$1,001 - $15,000"",""transaction_date"":""2026-01-08"",""days_late"":35,""doc_url"":""https://disclosures-clerk.house.gov/public_disc/ptr-pdfs/2026/20033981.pdf""}]"
JBHT,us,HUNT J B TRANSPORT SERVICES INC,Trucking (No Local),-1.074,0.538,416,492,-117,"[-1.022,-1.215,-1.289,-1.118,-1.163,-1.198,-1.727,-1.168,-1.136,-1.284,-1.008,-1.074,null,null]",,,,,,,,
PKG,us,PACKAGING CORP OF AMERICA,Paperboard Containers & Boxes,-1.077,0.539,417,492,56,"[-1.154,-1.091,-1.28,-1.497,-1.252,-1.294,-1.687,-1.396,-1.231,-1.21,-1.432,-1.077,null,null]",,,,,,6,2026-05-06,"[{""member"":""Delaney, Hon. April McClain"",""party"":null,""direction"":""buy"",""amount_range"":""$1,001 - $15,000"",""transaction_date"":""2026-05-06"",""days_late"":30,""doc_url"":""https://disclosures-clerk.house.gov/public_disc/ptr-pdfs/2026/20034718.pdf""},{""member"":""Delaney, Hon. April McClain"",""party"":null,""direction"":""buy"",""amount_range"":""$1,001 - $15,000"",""transaction_date"":""2026-04-29"",""days_late"":7,""doc_url"":""https://disclosures-clerk.house.gov/public_disc/ptr-pdfs/2026/20034487.pdf""},{""member"":""Delaney, Hon. April McClain"",""party"":null,""direction"":""buy"",""amount_range"":""$1,001 - $15,000"",""transaction_date"":""2026-04-24"",""days_late"":12,""doc_url"":""https://disclosures-clerk.house.gov/public_disc/ptr-pdfs/2026/20034487.pdf""},{""member"":""Delaney, Hon. April McClain"",""party"":null,""direction"":""buy"",""amount_range"":""$1,001 - $15,000"",""transaction_date"":""2026-03-20"",""days_late"":17,""doc_url"":""https://disclosures-clerk.house.gov/public_disc/ptr-pdfs/2026/20034299.pdf""},{""member"":""Delaney, Hon. April McClain"",""party"":null,""direction"":""buy"",""amount_range"":""$1,001 - $15,000"",""transaction_date"":""2026-03-17"",""days_late"":20,""doc_url"":""https://disclosures-clerk.house.gov/public_disc/ptr-pdfs/2026/20034299.pdf""},{""member"":""Johnson, Hon. Julie"",""party"":""D"",""direction"":""sell_full"",""amount_range"":""$1,001 - $15,000"",""transaction_date"":""2025-12-18"",""days_late"":28,""doc_url"":""https://disclosures-clerk.house.gov/public_disc/ptr-pdfs/2026/20033789.pdf""}]"
ULTA,us,"Ulta Beauty, Inc.","Retail-Retail Stores, NEC",-1.082,0.539,418,492,-97,"[-0.992,-1.2,-1.215,-1.364,-1.283,-1.165,-1.56,-1.14,-0.584,-1.168,-1.063,-1.082,null,null]",,,,,,2,2026-03-19,"[{""member"":""Salazar, Hon. Maria Elvira"",""party"":""R"",""direction"":""buy"",""amount_range"":""$15,001 - $50,000"",""transaction_date"":""2026-03-19"",""days_late"":33,""doc_url"":""https://disclosures-clerk.house.gov/public_disc/ptr-pdfs/2026/20033993.pdf""},{""member"":""Newhouse, Hon. Dan"",""party"":""R"",""direction"":""sell_partial"",""amount_range"":""$1,001 - $15,000"",""transaction_date"":""2025-12-11"",""days_late"":35,""doc_url"":""https://disclosures-clerk.house.gov/public_disc/ptr-pdfs/2026/20033654.pdf""}]"
HLT,us,Hilton Worldwide Holdings Inc.,Hotels & Motels,-1.083,0.539,419,492,-41,"[-0.954,-0.919,-1.344,-1.194,-1.13,-1.028,-0.947,-1.291,-1.091,-1.112,-1.218,-1.083,null,null]",,,,,,1,2026-06-15,"[{""member"":""Jackson, Hon. Jonathan"",""party"":""D"",""direction"":""buy"",""amount_range"":""$1,001 - $15,000"",""transaction_date"":""2026-06-15"",""days_late"":30,""doc_url"":""https://disclosures-clerk.house.gov/public_disc/ptr-pdfs/2026/20034908.pdf""}]"
MAR,us,MARRIOTT INTERNATIONAL INC /MD/,Hotels & Motels,-1.084,0.539,420,492,-31,"[-0.855,-0.668,-0.993,-0.506,-0.771,-0.947,-0.481,-0.813,-0.587,-0.84,-1.245,-1.084,null,null]",,,,,,,,
PNR,us,PENTAIR plc,Special Industry Machinery (No Metalworking Machinery),-1.087,0.539,421,492,-40,"[-0.962,-1.251,-1.31,-1.551,-1.349,-1.335,-1.733,-1.375,-0.929,-0.993,-1.224,-1.087,null,null]",,,,,,,,
NWS,us,NEWS CORP,Newspapers: Publishing or  Publishing & Printing,-1.088,0.539,422,492,26,"[-1.012,-1.285,-1.332,-1.157,-1.274,-1.355,-1.783,-0.873,-1.035,-1.236,-1.37,-1.088,null,null]",,,,,,1,2026-04-14,"[{""member"":""Cisneros, Hon. Gilbert"",""party"":""D"",""direction"":""buy"",""amount_range"":""$1,001 - $15,000"",""transaction_date"":""2026-04-14"",""days_late"":24,""doc_url"":""https://disclosures-clerk.house.gov/public_disc/ptr-pdfs/2026/20034500.pdf""}]"
MLM,us,MARTIN MARIETTA MATERIALS INC,Mining & Quarrying of  Nonmetallic Minerals (No Fuels),-1.092,0.539,423,492,65,"[-1.138,-1.208,-1.354,-1.464,-1.297,-1.404,-1.623,-1.414,-1.132,-1.369,-1.505,-1.092,null,null]",,,,,,7,2026-07-24,"[{""member"":""Delaney, Hon. April McClain"",""party"":null,""direction"":""buy"",""amount_range"":""$15,001 - $50,000"",""transaction_date"":""2026-07-24"",""days_late"":10,""doc_url"":""https://disclosures-clerk.house.gov/public_disc/ptr-pdfs/2026/20035118.pdf""},{""member"":""Delaney, Hon. April McClain"",""party"":null,""direction"":""buy"",""amount_range"":""$1,001 - $15,000"",""transaction_date"":""2026-07-20"",""days_late"":14,""doc_url"":""https://disclosures-clerk.house.gov/public_disc/ptr-pdfs/2026/20035118.pdf""},{""member"":""Delaney, Hon. April McClain"",""party"":null,""direction"":""buy"",""amount_range"":""$1,001 - $15,000"",""transaction_date"":""2026-07-17"",""days_late"":17,""doc_url"":""https://disclosures-clerk.house.gov/public_disc/ptr-pdfs/2026/20035118.pdf""},{""member"":""Delaney, Hon. April McClain"",""party"":null,""direction"":""buy"",""amount_range"":""$1,001 - $15,000"",""transaction_date"":""2026-05-28"",""days_late"":8,""doc_url"":""https://disclosures-clerk.house.gov/public_disc/ptr-pdfs/2026/20034718.pdf""},{""member"":""Gottheimer, Hon. Josh"",""party"":""D"",""direction"":""sell_full"",""amount_range"":""$15,001 - $50,000"",""transaction_date"":""2026-04-09"",""days_late"":40,""doc_url"":""https://disclosures-clerk.house.gov/public_disc/ptr-pdfs/2026/20034585.pdf""},{""member"":""Delaney, Hon. April McClain"",""party"":null,""direction"":""buy"",""amount_range"":""$1,001 - $15,000"",""transaction_date"":""2026-03-09"",""days_late"":28,""doc_url"":""https://disclosures-clerk.house.gov/public_disc/ptr-pdfs/2026/20034299.pdf""},{""member"":""Delaney, Hon. April McClain"",""party"":null,""direction"":""buy"",""amount_range"":""$1,001 - $15,000"",""transaction_date"":""2025-12-02"",""days_late"":34,""doc_url"":""https://disclosures-clerk.house.gov/public_disc/ptr-pdfs/2026/20033737.pdf""}]"
SOLV,us,Solventum Corp,Surgical & Medical Instruments & Apparatus,-1.102,0.539,424,492,57,"[-1.168,-1.244,-1.244,-1.55,-1.087,-1.396,-1.697,-1.201,-1.012,-1.204,-1.485,-1.102,null,null]",,,,,,1,2025-12-31,"[{""member"":""Hill, Hon. James French"",""party"":""R"",""direction"":""sell_full"",""amount_range"":""$15,001 - $50,000"",""transaction_date"":""2025-12-31"",""days_late"":23,""doc_url"":""https://disclosures-clerk.house.gov/public_disc/ptr-pdfs/2026/20033661.pdf""}]"
CZR,us,"Caesars Entertainment, Inc.",Hotels & Motels,-1.104,0.539,425,492,-97,"[-0.276,-0.305,0.038,1.054,0.18,-0.54,0.048,0.129,-0.705,-1.121,-1.078,-1.104,null,null]",,,,,,,,
TFC,us,TRUIST FINANCIAL CORP,National Commercial Banks,-1.108,0.539,426,492,-28,"[-1.08,-1.124,-1.25,-1.165,-1.064,-1.094,-1.595,-1.149,-0.923,-1.161,-1.266,-1.108,null,null]",,,,,,2,2026-04-17,"[{""member"":""Smucker, Hon. Lloyd K."",""party"":""R"",""direction"":""sell_full"",""amount_range"":""$1,001 - $15,000"",""transaction_date"":""2026-04-17"",""days_late"":13,""doc_url"":""https://disclosures-clerk.house.gov/public_disc/ptr-pdfs/2026/20019182.pdf""},{""member"":""Newhouse, Hon. Dan"",""party"":""R"",""direction"":""sell_full"",""amount_range"":""$1,001 - $15,000"",""transaction_date"":""2025-12-11"",""days_late"":35,""doc_url"":""https://disclosures-clerk.house.gov/public_disc/ptr-pdfs/2026/20033654.pdf""}]"
EW,us,Edwards Lifesciences Corp,"Orthopedic, Prosthetic & Surgical Appliances & Supplies",-1.115,0.54,427,492,-1,"[-0.856,-1.107,-1.388,-1.277,-0.898,-1.185,-1.754,-1.112,-1.138,-1.168,-1.323,-1.115,null,null]",,,,,,,,
USB,us,US BANCORP DE,National Commercial Banks,-1.117,0.54,428,492,39,"[-0.799,-1.042,-1.173,-1.12,-1.111,-1.168,-1.757,-1.279,-1.011,-1.158,-1.422,-1.117,null,null]",,,,,,1,2025-03-10,"[{""member"":""Miller, Hon. Carol Devine"",""party"":""R"",""direction"":""sell_full"",""amount_range"":""$15,001 - $50,000"",""transaction_date"":""2025-03-10"",""days_late"":521,""doc_url"":""https://disclosures-clerk.house.gov/public_disc/ptr-pdfs/2026/20033779.pdf""}]"
DD,us,"DuPont de Nemours, Inc.","Plastic Materials, Synth Resins & Nonvulcan Elastomers",-1.119,0.54,429,492,-33,"[-1.19,-1.186,-1.231,-1.161,-0.756,-1.089,-1.297,-1.21,-0.829,-1.276,-1.264,-1.119,null,null]",,,,,,1,2026-01-09,"[{""member"":""Cisneros, Hon. Gilbert"",""party"":""D"",""direction"":""buy"",""amount_range"":""$1,001 - $15,000"",""transaction_date"":""2026-01-09"",""days_late"":35,""doc_url"":""https://disclosures-clerk.house.gov/public_disc/ptr-pdfs/2026/20033983.pdf""}]"
HII,us,"HUNTINGTON INGALLS INDUSTRIES, INC.",Ship & Boat Building & Repairing,-1.123,0.54,430,492,-176,"[-1.133,-1.216,-1.258,-1.346,-1.182,-1.321,-1.291,-0.991,-0.725,-1.071,-0.781,-1.123,null,null]",,,,,,1,2026-05-05,"[{""member"":""Babin, Hon. Brian"",""party"":""R"",""direction"":""sell_partial"",""amount_range"":""$15,001 - $50,000"",""transaction_date"":""2026-05-05"",""days_late"":13,""doc_url"":""https://disclosures-clerk.house.gov/public_disc/ptr-pdfs/2026/20034522.pdf""}]"
VRTX,us,VERTEX PHARMACEUTICALS INC / MA,Pharmaceutical Preparations,-1.126,0.54,432,492,-102,"[-0.713,-1.018,-0.845,-1.089,-0.964,-1.022,-1.409,-1.119,-0.754,-1.359,-1.084,-1.126,null,null]",,,,,,2,2026-01-29,"[{""member"":""Taylor, Hon. David J."",""party"":""R"",""direction"":""sell_full"",""amount_range"":""$1,001 - $15,000"",""transaction_date"":""2026-01-29"",""days_late"":4,""doc_url"":""https://disclosures-clerk.house.gov/public_disc/ptr-pdfs/2026/20033916.pdf""},{""member"":""Letlow, Hon. Julia"",""party"":""R"",""direction"":""buy"",""amount_range"":""$1,001 - $15,000"",""transaction_date"":""2024-10-23"",""days_late"":447,""doc_url"":""https://disclosures-clerk.house.gov/public_disc/ptr-pdfs/2026/20030977.pdf""}]"
RF,us,REGIONS FINANCIAL CORP,National Commercial Banks,-1.126,0.54,431,492,-38,"[-1.03,-1.091,-1.11,-1.158,-1.133,-1.079,-1.613,-1.275,-0.939,-1.256,-1.258,-1.126,null,null]",,,,,,,,
CSX,us,CSX CORP,"Railroads, Line-Haul Operating",-1.13,0.54,433,492,-41,"[-0.782,-1.264,-1.212,-1.167,-1.141,-1.089,-1.47,-1.164,-1.07,-0.883,-1.251,-1.13,null,null]",,,,,,1,2026-07-10,"[{""member"":""Newhouse, Hon. Dan"",""party"":""R"",""direction"":""sell_partial"",""amount_range"":""$1,001 - $15,000"",""transaction_date"":""2026-07-10"",""days_late"":7,""doc_url"":""https://disclosures-clerk.house.gov/public_disc/ptr-pdfs/2026/20034998.pdf""}]"
EXPD,us,EXPEDITORS INTERNATIONAL OF WASHINGTON INC,Arrangement of  Transportation of  Freight & Cargo,-1.131,0.54,434,492,-18,"[-1.042,-1.228,-1.201,-1.426,-0.919,-1.122,-1.626,-1.122,-0.976,-1.04,-1.307,-1.131,null,null]",,,,,,,,
TT,us,Trane Technologies plc,Auto Controls For Regulating Residential & Comml Environments,-1.132,0.54,435,492,-12,"[-1.191,-1.416,-1.381,-1.457,-1.273,-1.343,-1.599,-1.207,-1.187,-1.571,-1.316,-1.132,null,null]",,,,,,,,
GEN,us,Gen Digital Inc.,Services-Prepackaged Software,-1.133,0.54,436,492,-172,"[-1.096,-0.927,-1.472,-1.611,-1.199,-1.348,-1.575,-1.058,-0.048,-0.628,-0.849,-1.133,null,null]",,,,,,3,2026-04-14,"[{""member"":""Cisneros, Hon. Gilbert"",""party"":""D"",""direction"":""buy"",""amount_range"":""$1,001 - $15,000"",""transaction_date"":""2026-04-14"",""days_late"":24,""doc_url"":""https://disclosures-clerk.house.gov/public_disc/ptr-pdfs/2026/20034500.pdf""},{""member"":""Johnson, Hon. Julie"",""party"":""D"",""direction"":""buy"",""amount_range"":""$1,001 - $15,000"",""transaction_date"":""2025-10-21"",""days_late"":288,""doc_url"":""https://disclosures-clerk.house.gov/public_disc/ptr-pdfs/2026/20035035.pdf""},{""member"":""Johnson, Hon. Julie"",""party"":""D"",""direction"":""sell_full"",""amount_range"":""$1,001 - $15,000"",""transaction_date"":""2025-10-21"",""days_late"":288,""doc_url"":""https://disclosures-clerk.house.gov/public_disc/ptr-pdfs/2026/20035035.pdf""}]"
HST,us,"HOST HOTELS & RESORTS, INC.",Real Estate Investment Trusts,-1.138,0.54,437,492,-87,"[-0.988,-1.007,-1.084,-1.281,-1.1,-1.117,-1.609,-1.173,-0.797,-1.019,-1.137,-1.138,null,null]",,,,,,1,2026-01-09,"[{""member"":""Cisneros, Hon. Gilbert"",""party"":""D"",""direction"":""buy"",""amount_range"":""$1,001 - $15,000"",""transaction_date"":""2026-01-09"",""days_late"":35,""doc_url"":""https://disclosures-clerk.house.gov/public_disc/ptr-pdfs/2026/20033983.pdf""}]"
MCO,us,MOODYS CORP /DE/,"Services-Consumer Credit Reporting, Collection Agencies",-1.14,0.54,438,492,-39,"[-0.991,-1.143,-1.367,-1.499,-1.308,-1.366,-1.621,-1.257,-1.034,-1.034,-1.274,-1.14,null,null]",,,,,,,,
TXT,us,TEXTRON INC,Aircraft & Parts,-1.146,0.541,439,492,-36,"[-0.977,-1.287,-1.202,-1.531,-1.204,-1.237,-1.582,-1.265,-0.878,-1.353,-1.281,-1.146,null,null]",,,,,,1,2025-12-11,"[{""member"":""Newhouse, Hon. Dan"",""party"":""R"",""direction"":""buy"",""amount_range"":""$1,001 - $15,000"",""transaction_date"":""2025-12-11"",""days_late"":35,""doc_url"":""https://disclosures-clerk.house.gov/public_disc/ptr-pdfs/2026/20033654.pdf""}]"
ECL,us,ECOLAB INC.,"Soap, Detergents, Cleang Preparations, Perfumes, Cosmetics",-1.149,0.541,440,492,-29,"[-1.027,-1.137,-1.265,-1.334,-1.108,-1.232,-1.732,-1.231,-1.19,-1.267,-1.297,-1.149,null,null]",,,,,,,,
NUE,us,NUCOR CORP,"Steel Works, Blast Furnaces & Rolling Mills (Coke Ovens)",-1.151,0.541,441,492,-101,"[-0.916,-0.939,-1.158,-1.042,-1.121,-1.178,-1.654,-1.227,-0.976,-1.135,-1.104,-1.151,null,null]",,,,,,1,2024-10-23,"[{""member"":""Letlow, Hon. Julia"",""party"":""R"",""direction"":""buy"",""amount_range"":""$1,001 - $15,000"",""transaction_date"":""2024-10-23"",""days_late"":447,""doc_url"":""https://disclosures-clerk.house.gov/public_disc/ptr-pdfs/2026/20030977.pdf""}]"
RMD,us,RESMED INC,Surgical & Medical Instruments & Apparatus,-1.159,0.541,442,492,47,"[-1.105,-1.144,-1.2,-1.393,-1.146,-1.32,-1.726,-1.22,-0.984,-1.267,-1.528,-1.159,null,null]",,,,,,,,
EQIX,us,EQUINIX INC,Real Estate Investment Trusts,-1.166,0.541,444,492,-34,"[-1.156,-1.291,-1.456,-1.651,-1.347,-1.464,-1.835,-1.176,-0.917,-1.302,-1.293,-1.166,null,null]",,,,,,2,2025-09-23,"[{""member"":""Johnson, Hon. Julie"",""party"":""D"",""direction"":""sell_full"",""amount_range"":""$1,001 - $15,000"",""transaction_date"":""2025-09-23"",""days_late"":316,""doc_url"":""https://disclosures-clerk.house.gov/public_disc/ptr-pdfs/2026/20035035.pdf""},{""member"":""Johnson, Hon. Julie"",""party"":""D"",""direction"":""buy"",""amount_range"":""$1,001 - $15,000"",""transaction_date"":""2025-09-23"",""days_late"":316,""doc_url"":""https://disclosures-clerk.house.gov/public_disc/ptr-pdfs/2026/20035035.pdf""}]"
FITB,us,FIFTH THIRD BANCORP,State Commercial Banks,-1.166,0.541,443,492,0,"[-1.014,-1.243,-1.301,-1.103,-1.162,-1.122,-1.745,-1.157,-0.978,-1.211,-1.365,-1.166,null,null]",,,,,,4,2026-07-24,"[{""member"":""Taylor, Hon. David J."",""party"":""R"",""direction"":""sell_full"",""amount_range"":""$1,001 - $15,000"",""transaction_date"":""2026-07-24"",""days_late"":13,""doc_url"":""https://disclosures-clerk.house.gov/public_disc/ptr-pdfs/2026/20035146.pdf""},{""member"":""Taylor, Hon. David J."",""party"":""R"",""direction"":""sell_full"",""amount_range"":""$1,001 - $15,000"",""transaction_date"":""2026-07-24"",""days_late"":13,""doc_url"":""https://disclosures-clerk.house.gov/public_disc/ptr-pdfs/2026/20035146.pdf""},{""member"":""Taylor, Hon. David J."",""party"":""R"",""direction"":""buy"",""amount_range"":""$1,001 - $15,000"",""transaction_date"":""2026-03-11"",""days_late"":9,""doc_url"":""https://disclosures-clerk.house.gov/public_disc/ptr-pdfs/2026/20034207.pdf""},{""member"":""Taylor, Hon. David J."",""party"":""R"",""direction"":""sell_full"",""amount_range"":""$1,001 - $15,000"",""transaction_date"":""2026-02-26"",""days_late"":8,""doc_url"":""https://disclosures-clerk.house.gov/public_disc/ptr-pdfs/2026/20034138.pdf""}]"
FAST,us,FASTENAL CO,"Retail-Building Materials, Hardware, Garden Supply",-1.167,0.541,445,492,-68,"[-0.86,-1.122,-1.133,-0.987,-0.73,-1.011,-1.156,-1.007,-0.77,-0.999,-1.204,-1.167,null,null]",,,,,,,,
EMN,us,EASTMAN CHEMICAL CO,"Plastic Materials, Synth Resins & Nonvulcan Elastomers",-1.168,0.541,448,492,-60,"[-1.119,-0.554,-1.202,-1.169,-1.09,-1.111,-1.444,-1.086,-0.565,-1.177,-1.241,-1.168,null,null]",,,,,,,,
GRMN,us,GARMIN LTD,"Search, Detection, Navigation, Guidance, Aeronautical Sys",-1.168,0.541,446,492,-90,"[-1.215,-1.219,-1.185,-0.767,-1.056,-1.2,-1.785,-0.808,-0.832,-1.195,-1.163,-1.168,null,null]",,,,,,,,
PH,us,Parker-Hannifin Corp,Miscellaneous Fabricated Metal Products,-1.168,0.541,447,492,29,"[-0.706,-0.665,-1.033,-0.945,-1.352,-1.308,-1.387,-1.317,-1.012,-1.154,-1.453,-1.168,null,null]",,,,,,11,2026-05-15,"[{""member"":""Taylor, Hon. David J."",""party"":""R"",""direction"":""buy"",""amount_range"":""$1,001 - $15,000"",""transaction_date"":""2026-05-15"",""days_late"":13,""doc_url"":""https://disclosures-clerk.house.gov/public_disc/ptr-pdfs/2026/20034650.pdf""},{""member"":""Taylor, Hon. David J."",""party"":""R"",""direction"":""buy"",""amount_range"":""$1,001 - $15,000"",""transaction_date"":""2026-05-15"",""days_late"":13,""doc_url"":""https://disclosures-clerk.house.gov/public_disc/ptr-pdfs/2026/20034650.pdf""},{""member"":""Moskowitz, Hon. Jared"",""party"":""D"",""direction"":""buy"",""amount_range"":""$1,001 - $15,000"",""transaction_date"":""2026-03-23"",""days_late"":38,""doc_url"":""https://disclosures-clerk.house.gov/public_disc/ptr-pdfs/2026/20034274.pdf""},{""member"":""Moskowitz, Hon. Jared"",""party"":""D"",""direction"":""buy"",""amount_range"":""$1,001 - $15,000"",""transaction_date"":""2026-03-23"",""days_late"":38,""doc_url"":""https://disclosures-clerk.house.gov/public_disc/ptr-pdfs/2026/20034274.pdf""},{""member"":""Taylor, Hon. David J."",""party"":""R"",""direction"":""buy"",""amount_range"":""$1,001 - $15,000"",""transaction_date"":""2026-03-12"",""days_late"":8,""doc_url"":""https://disclosures-clerk.house.gov/public_disc/ptr-pdfs/2026/20034207.pdf""},{""member"":""Taylor, Hon. David J."",""party"":""R"",""direction"":""sell_full"",""amount_range"":""$1,001 - $15,000"",""transaction_date"":""2026-02-26"",""days_late"":8,""doc_url"":""https://disclosures-clerk.house.gov/public_disc/ptr-pdfs/2026/20034138.pdf""},{""member"":""Taylor, Hon. David J."",""party"":""R"",""direction"":""sell_full"",""amount_range"":""$1,001 - $15,000"",""transaction_date"":""2026-02-26"",""days_late"":8,""doc_url"":""https://disclosures-clerk.house.gov/public_disc/ptr-pdfs/2026/20034138.pdf""},{""member"":""Taylor, Hon. David J."",""party"":""R"",""direction"":""sell_full"",""amount_range"":""$1,001 - $15,000"",""transaction_date"":""2026-02-09"",""days_late"":11,""doc_url"":""https://disclosures-clerk.house.gov/public_disc/ptr-pdfs/2026/20034036.pdf""}]"
MET,us,METLIFE INC,Life Insurance,-1.171,0.541,449,492,-30,"[-1.112,-1.098,-1.123,-0.999,-1.08,-1.164,-1.647,-1.48,-0.873,-1.204,-1.313,-1.171,null,null]",,,,,,,,
BEN,us,FRANKLIN TEMPLETON INC,Investment Advice,-1.172,0.542,450,492,-142,"[-1.109,-1.306,-1.331,-1.112,-1.241,-1.275,-1.809,-1.252,-1.022,-0.681,-1.035,-1.172,null,null]",1,2026-10-02,,,,,,
AMP,us,AMERIPRISE FINANCIAL INC,Investment Advice,-1.173,0.542,452,492,-18,"[-1.047,-1.129,-1.249,-1.288,-1.214,-1.299,-1.685,-1.1,-0.826,-1.046,-1.339,-1.173,null,null]",,,,,,2,2026-04-15,"[{""member"":""Allen, Hon. Richard W."",""party"":""R"",""direction"":""sell_full"",""amount_range"":""$50,001 - $100,000"",""transaction_date"":""2026-04-15"",""days_late"":51,""doc_url"":""https://disclosures-clerk.house.gov/public_disc/ptr-pdfs/2026/20034473.pdf""},{""member"":""Fletcher, Hon. Elizabeth"",""party"":""D"",""direction"":""sell_partial"",""amount_range"":""$1,001 - $15,000"",""transaction_date"":""2026-04-08"",""days_late"":23,""doc_url"":""https://disclosures-clerk.house.gov/public_disc/ptr-pdfs/2026/20034413.pdf""}]"
NVR,us,NVR INC,Operative Builders,-1.173,0.542,451,492,13,"[-1.003,-1.119,-1.118,-1.304,-1.203,-1.219,-1.694,-1.175,-1.027,-1.315,-1.421,-1.173,null,null]",,,,,,1,2026-03-19,"[{""member"":""Salazar, Hon. Maria Elvira"",""party"":""R"",""direction"":""buy"",""amount_range"":""$1,001 - $15,000"",""transaction_date"":""2026-03-19"",""days_late"":33,""doc_url"":""https://disclosures-clerk.house.gov/public_disc/ptr-pdfs/2026/20033993.pdf""}]"
MMM,us,3M CO,Surgical & Medical Instruments & Apparatus,-1.174,0.542,453,492,-81,"[-0.905,-1.042,-1.172,-1.376,-1.125,-1.305,-1.632,-1.107,-1.048,-1.22,-1.191,-1.174,null,null]",,,,,,6,2026-04-28,"[{""member"":""Gottheimer, Hon. Josh"",""party"":""D"",""direction"":""sell_partial"",""amount_range"":""$1,001 - $15,000"",""transaction_date"":""2026-04-28"",""days_late"":21,""doc_url"":""https://disclosures-clerk.house.gov/public_disc/ptr-pdfs/2026/20034585.pdf""},{""member"":""Letlow, Hon. Julia"",""party"":""R"",""direction"":""sell_full"",""amount_range"":""$1,001 - $15,000"",""transaction_date"":""2026-02-04"",""days_late"":36,""doc_url"":""https://disclosures-clerk.house.gov/public_disc/ptr-pdfs/2026/20034106.pdf""},{""member"":""Letlow, Hon. Julia"",""party"":""R"",""direction"":""sell_partial"",""amount_range"":""$1,001 - $15,000"",""transaction_date"":""2026-02-02"",""days_late"":38,""doc_url"":""https://disclosures-clerk.house.gov/public_disc/ptr-pdfs/2026/20034106.pdf""},{""member"":""Johnson, Hon. Julie"",""party"":""D"",""direction"":""sell_full"",""amount_range"":""$1,001 - $15,000"",""transaction_date"":""2025-12-18"",""days_late"":28,""doc_url"":""https://disclosures-clerk.house.gov/public_disc/ptr-pdfs/2026/20033789.pdf""},{""member"":""Johnson, Hon. Julie"",""party"":""D"",""direction"":""buy"",""amount_range"":""$1,001 - $15,000"",""transaction_date"":""2025-03-15"",""days_late"":508,""doc_url"":""https://disclosures-clerk.house.gov/public_disc/ptr-pdfs/2026/20035035.pdf""},{""member"":""Letlow, Hon. Julia"",""party"":""R"",""direction"":""buy"",""amount_range"":""$1,001 - $15,000"",""transaction_date"":""2025-01-17"",""days_late"":361,""doc_url"":""https://disclosures-clerk.house.gov/public_disc/ptr-pdfs/2026/20030977.pdf""}]"
AOS,us,SMITH A O CORP,Household Appliances,-1.175,0.542,454,492,-9,"[-0.975,-1.144,-1.192,-1.517,-1.115,-1.319,-1.682,-1.153,-0.926,-1.448,-1.369,-1.175,null,null]",,,,,,2,2025-09-23,"[{""member"":""Johnson, Hon. Julie"",""party"":""D"",""direction"":""sell_full"",""amount_range"":""$1,001 - $15,000"",""transaction_date"":""2025-09-23"",""days_late"":316,""doc_url"":""https://disclosures-clerk.house.gov/public_disc/ptr-pdfs/2026/20035035.pdf""},{""member"":""Johnson, Hon. Julie"",""party"":""D"",""direction"":""buy"",""amount_range"":""$1,001 - $15,000"",""transaction_date"":""2025-09-23"",""days_late"":316,""doc_url"":""https://disclosures-clerk.house.gov/public_disc/ptr-pdfs/2026/20035035.pdf""}]"
BLK,us,"BlackRock, Inc.","Security Brokers, Dealers & Flotation Companies",-1.18,0.542,455,492,-162,"[-1.131,-1.204,-1.268,-1.319,-1.28,-1.308,-1.675,-1.396,-0.939,-1.035,-0.988,-1.18,null,null]",,,,,,6,2026-07-30,"[{""member"":""McCormick, Hon. Richard Dean Dr"",""party"":null,""direction"":""sell_full"",""amount_range"":""$1,001 - $15,000"",""transaction_date"":""2026-07-30"",""days_late"":15,""doc_url"":""https://disclosures-clerk.house.gov/public_disc/ptr-pdfs/2026/20035204.pdf""},{""member"":""McGuire, Hon. John J Mr, III"",""party"":""R"",""direction"":""sell_full"",""amount_range"":""$1,001 - $15,000"",""transaction_date"":""2026-07-14"",""days_late"":27,""doc_url"":""https://disclosures-clerk.house.gov/public_disc/ptr-pdfs/2026/20035180.pdf""},{""member"":""McGuire, Hon. John J Mr, III"",""party"":""R"",""direction"":""sell_partial"",""amount_range"":""$1,001 - $15,000"",""transaction_date"":""2026-07-10"",""days_late"":31,""doc_url"":""https://disclosures-clerk.house.gov/public_disc/ptr-pdfs/2026/20035180.pdf""},{""member"":""McGuire, Hon. John"",""party"":""R"",""direction"":""sell_partial"",""amount_range"":""$1,001 - $15,000"",""transaction_date"":""2026-07-07"",""days_late"":1,""doc_url"":""https://disclosures-clerk.house.gov/public_disc/ptr-pdfs/2026/20034942.pdf""},{""member"":""McCormick, Hon. Richard Dean Dr"",""party"":null,""direction"":""sell_partial"",""amount_range"":""$1,001 - $15,000"",""transaction_date"":""2026-06-12"",""days_late"":27,""doc_url"":""https://disclosures-clerk.house.gov/public_disc/ptr-pdfs/2026/20034954.pdf""},{""member"":""McCormick, Hon. Richard Dean Dr"",""party"":null,""direction"":""buy"",""amount_range"":""$1,001 - $15,000"",""transaction_date"":""2026-03-19"",""days_late"":19,""doc_url"":""https://disclosures-clerk.house.gov/public_disc/ptr-pdfs/2026/20033648.pdf""}]"
DOV,us,DOVER Corp,"Construction, Mining & Materials Handling Machinery & Equip",-1.184,0.542,456,492,22,"[-1.095,-1.255,-1.369,-1.334,-1.248,-1.182,-1.694,-1.259,-1.158,-1.312,-1.455,-1.184,null,null]",,,,,,2,2025-12-18,"[{""member"":""Johnson, Hon. Julie"",""party"":""D"",""direction"":""sell_full"",""amount_range"":""$1,001 - $15,000"",""transaction_date"":""2025-12-18"",""days_late"":28,""doc_url"":""https://disclosures-clerk.house.gov/public_disc/ptr-pdfs/2026/20033789.pdf""},{""member"":""Letlow, Hon. Julia"",""party"":""R"",""direction"":""sell_full"",""amount_range"":""$1,001 - $15,000"",""transaction_date"":""2025-04-11"",""days_late"":277,""doc_url"":""https://disclosures-clerk.house.gov/public_disc/ptr-pdfs/2026/20030977.pdf""}]"
VMC,us,Vulcan Materials CO,Mining & Quarrying of  Nonmetallic Minerals (No Fuels),-1.187,0.542,457,492,-13,"[-1.042,-1.338,-1.199,-1.498,-1.262,-1.348,-1.707,-1.247,-0.971,-1.336,-1.366,-1.187,null,null]",,,,,,,,
PLD,us,"Prologis, Inc.",Real Estate Investment Trusts,-1.188,0.542,458,492,3,"[-1.046,-1.15,-1.248,-1.461,-1.2,-1.199,-1.72,-1.29,-1.09,-1.144,-1.417,-1.188,null,null]",,,,,,4,2026-03-20,"[{""member"":""Hern, Hon. Kevin"",""party"":""R"",""direction"":""sell_full"",""amount_range"":""$50,001 - $100,000"",""transaction_date"":""2026-03-20"",""days_late"":14,""doc_url"":""https://disclosures-clerk.house.gov/public_disc/ptr-pdfs/2026/20034262.pdf""},{""member"":""Taylor, Hon. David J."",""party"":""R"",""direction"":""sell_full"",""amount_range"":""$1,001 - $15,000"",""transaction_date"":""2026-02-26"",""days_late"":8,""doc_url"":""https://disclosures-clerk.house.gov/public_disc/ptr-pdfs/2026/20034138.pdf""},{""member"":""Taylor, Hon. David J."",""party"":""R"",""direction"":""buy"",""amount_range"":""$1,001 - $15,000"",""transaction_date"":""2026-01-29"",""days_late"":4,""doc_url"":""https://disclosures-clerk.house.gov/public_disc/ptr-pdfs/2026/20033916.pdf""},{""member"":""Taylor, Hon. David J."",""party"":""R"",""direction"":""sell_full"",""amount_range"":""$1,001 - $15,000"",""transaction_date"":""2026-01-16"",""days_late"":17,""doc_url"":""https://disclosures-clerk.house.gov/public_disc/ptr-pdfs/2026/20033916.pdf""}]"
AME,us,AMETEK INC/,"Industrial Instruments For Measurement, Display, and Control",-1.196,0.542,459,492,-50,"[-0.96,-1.329,-1.323,-1.382,-1.155,-1.227,-1.751,-1.184,-1.084,-1.4,-1.293,-1.196,null,null]",,,,,,2,2026-02-10,"[{""member"":""Cisneros, Hon. Gilbert"",""party"":""D"",""direction"":""sell_partial"",""amount_range"":""$1,001 - $15,000"",""transaction_date"":""2026-02-10"",""days_late"":27,""doc_url"":""https://disclosures-clerk.house.gov/public_disc/ptr-pdfs/2026/20034144.pdf""},{""member"":""Cisneros, Hon. Gilbert"",""party"":""D"",""direction"":""buy"",""amount_range"":""$1,001 - $15,000"",""transaction_date"":""2026-01-09"",""days_late"":35,""doc_url"":""https://disclosures-clerk.house.gov/public_disc/ptr-pdfs/2026/20033983.pdf""}]"
CFG,us,CITIZENS FINANCIAL GROUP INC/RI,State Commercial Banks,-1.196,0.542,460,492,-21,"[-1.071,-0.991,-1.065,-0.836,-1.225,-1.118,-1.727,-1.187,-0.889,-0.955,-1.356,-1.196,null,null]",,,,,,,,
CBRE,us,"CBRE GROUP, INC.",Real Estate,-1.204,0.543,461,492,-20,"[-1.239,-1.212,-1.276,-1.449,-1.097,-1.218,-1.741,-0.761,-0.709,-1.276,-1.363,-1.204,null,null]",,,,,,,,
AVY,us,Avery Dennison Corp,Converted Paper & Paperboard Prods (No Contaners/Boxes),-1.205,0.543,462,492,-4,"[-1.278,-1.235,-1.493,-1.471,-1.189,-1.252,-1.717,-1.389,-1.188,-1.228,-1.409,-1.205,null,null]",,,,,,,,
DIS,us,Walt Disney Co,Services-Miscellaneous Amusement & Recreation,-1.216,0.543,463,492,-95,"[-0.582,-1.083,-1.315,-1.27,-1.021,-0.927,-1.427,-1.167,-0.928,-1.183,-1.186,-1.216,null,null]",,,,,,,,
KEY,us,KEYCORP /NEW/,National Commercial Banks,-1.226,0.543,464,492,16,"[-0.699,-0.759,-1.145,-1.025,-1.222,-1.124,-1.629,-1.302,-0.936,-1.105,-1.47,-1.226,null,null]",,,,,,4,2026-03-13,"[{""member"":""Cisneros, Hon. Gilbert"",""party"":""D"",""direction"":""sell_full"",""amount_range"":""$1,001 - $15,000"",""transaction_date"":""2026-03-13"",""days_late"":25,""doc_url"":""https://disclosures-clerk.house.gov/public_disc/ptr-pdfs/2026/20034285.pdf""},{""member"":""Cisneros, Hon. Gilbert"",""party"":""D"",""direction"":""buy"",""amount_range"":""$1,001 - $15,000"",""transaction_date"":""2026-01-09"",""days_late"":35,""doc_url"":""https://disclosures-clerk.house.gov/public_disc/ptr-pdfs/2026/20033983.pdf""},{""member"":""Johnson, Hon. Julie"",""party"":""D"",""direction"":""sell_full"",""amount_range"":""$1,001 - $15,000"",""transaction_date"":""2025-09-23"",""days_late"":316,""doc_url"":""https://disclosures-clerk.house.gov/public_disc/ptr-pdfs/2026/20035035.pdf""},{""member"":""Johnson, Hon. Julie"",""party"":""D"",""direction"":""buy"",""amount_range"":""$1,001 - $15,000"",""transaction_date"":""2025-09-23"",""days_late"":316,""doc_url"":""https://disclosures-clerk.house.gov/public_disc/ptr-pdfs/2026/20035035.pdf""}]"
JPM,us,JPMORGAN CHASE & CO,National Commercial Banks,-1.233,0.543,465,492,-102,"[-0.292,-0.51,-0.909,-1.012,-1.351,-0.782,-1.557,-1.125,-0.597,-1.003,-1.173,-1.233,null,null]",,,1,2026-09-10,,6,2026-04-08,"[{""member"":""Fletcher, Hon. Elizabeth"",""party"":""D"",""direction"":""sell_partial"",""amount_range"":""$1,001 - $15,000"",""transaction_date"":""2026-04-08"",""days_late"":23,""doc_url"":""https://disclosures-clerk.house.gov/public_disc/ptr-pdfs/2026/20034413.pdf""},{""member"":""Taylor, Hon. David J."",""party"":""R"",""direction"":""buy"",""amount_range"":""$1,001 - $15,000"",""transaction_date"":""2026-01-29"",""days_late"":4,""doc_url"":""https://disclosures-clerk.house.gov/public_disc/ptr-pdfs/2026/20033916.pdf""},{""member"":""Taylor, Hon. David J."",""party"":""R"",""direction"":""buy"",""amount_range"":""$1,001 - $15,000"",""transaction_date"":""2026-01-29"",""days_late"":4,""doc_url"":""https://disclosures-clerk.house.gov/public_disc/ptr-pdfs/2026/20033918.pdf""},{""member"":""Jackson, Hon. Jonathan"",""party"":""D"",""direction"":""buy"",""amount_range"":""$1,001 - $15,000"",""transaction_date"":""2026-01-20"",""days_late"":34,""doc_url"":""https://disclosures-clerk.house.gov/public_disc/ptr-pdfs/2026/20033929.pdf""},{""member"":""Williams, Hon. Roger"",""party"":""R"",""direction"":""buy"",""amount_range"":""$1,001 - $15,000"",""transaction_date"":""2025-12-22"",""days_late"":24,""doc_url"":""https://disclosures-clerk.house.gov/public_disc/ptr-pdfs/2026/20033783.pdf""},{""member"":""Letlow, Hon. Julia"",""party"":""R"",""direction"":""buy"",""amount_range"":""$1,001 - $15,000"",""transaction_date"":""2024-10-23"",""days_late"":447,""doc_url"":""https://disclosures-clerk.house.gov/public_disc/ptr-pdfs/2026/20030977.pdf""}]"
ALLE,us,Allegion plc,"Services-Detective, Guard & Armored Car Services",-1.243,0.544,466,492,9,"[-1.194,-1.221,-1.245,-1.485,-1.297,-1.416,-1.7,-0.967,-1.212,-0.927,-1.452,-1.243,null,null]",,,,,,,,
GWW,us,"W.W. GRAINGER, INC.",Wholesale-Durable Goods,-1.254,0.544,467,492,-34,"[-1.116,-1.169,-1.358,-1.473,-1.25,-1.246,-1.656,-1.008,-1.031,-1.074,-1.338,-1.254,null,null]",,,,,,,,
ITW,us,ILLINOIS TOOL WORKS INC,General Industrial Machinery & Equipment,-1.267,0.544,468,492,22,"[-1.118,-1.157,-1.313,-1.532,-1.354,-1.349,-1.642,-1.225,-1.169,-1.199,-1.535,-1.267,null,null]",,,,,,1,2026-07-30,"[{""member"":""McCormick, Hon. Richard Dean Dr"",""party"":null,""direction"":""sell_full"",""amount_range"":""$1,001 - $15,000"",""transaction_date"":""2026-07-30"",""days_late"":15,""doc_url"":""https://disclosures-clerk.house.gov/public_disc/ptr-pdfs/2026/20035204.pdf""}]"
SBUX,us,STARBUCKS CORP,Retail-Eating & Drinking Places,-1.271,0.545,469,492,-105,"[-1.143,-0.984,-1.251,-1.308,-0.926,-1.015,-1.242,-1.055,-0.869,-1.112,-1.173,-1.271,null,null]",,,,,,1,2025-12-11,"[{""member"":""Newhouse, Hon. Dan"",""party"":""R"",""direction"":""sell_full"",""amount_range"":""$1,001 - $15,000"",""transaction_date"":""2025-12-11"",""days_late"":35,""doc_url"":""https://disclosures-clerk.house.gov/public_disc/ptr-pdfs/2026/20033654.pdf""}]"
NDSN,us,NORDSON CORP,"General Industrial Machinery & Equipment, NEC",-1.272,0.545,470,492,2,"[-1.166,-1.184,-1.448,-1.508,-1.341,-1.511,-1.904,-1.371,-1.258,-1.394,-1.431,-1.272,null,null]",,,,,,,,
FTV,us,Fortive Corp,"Industrial Instruments For Measurement, Display, and Control",-1.275,0.545,471,492,-16,"[-1.079,-1.179,-1.242,-1.117,-1.042,-1.211,-1.761,-1.114,-1.057,-1.34,-1.395,-1.275,null,null]",,,,,,,,
TDY,us,TELEDYNE TECHNOLOGIES INC,"Search, Detection, Navigation, Guidance, Aeronautical Sys",-1.28,0.545,472,492,-25,"[-1.033,-1.366,-1.402,-1.453,-1.23,-1.375,-1.754,-1.129,-1.098,-1.308,-1.37,-1.28,null,null]",,,,,,1,2025-12-02,"[{""member"":""Delaney, Hon. April McClain"",""party"":null,""direction"":""sell_partial"",""amount_range"":""$1,001 - $15,000"",""transaction_date"":""2025-12-02"",""days_late"":34,""doc_url"":""https://disclosures-clerk.house.gov/public_disc/ptr-pdfs/2026/20033737.pdf""}]"
XYL,us,Xylem Inc.,Pumps & Pumping Equipment,-1.281,0.545,473,492,-13,"[-1.315,-1.349,-1.288,-1.572,-1.114,-1.326,-1.756,-1.328,-0.952,-1.249,-1.414,-1.281,null,null]",,,,,,,,
WBD,us,"Warner Bros. Discovery, Inc.",Cable & Other Pay Television Services,-1.283,0.545,474,492,-157,"[-1.075,0.716,0.457,1.664,0.025,0.931,0.447,0.03,-0.407,-1.05,-1.058,-1.283,null,null]",,,,,,6,2026-02-10,"[{""member"":""Pfluger, Hon. August Lee, II"",""party"":""R"",""direction"":""sell_full"",""amount_range"":""$1,001 - $15,000"",""transaction_date"":""2026-02-10"",""days_late"":37,""doc_url"":""https://disclosures-clerk.house.gov/public_disc/ptr-pdfs/2026/20034054.pdf""},{""member"":""Cisneros, Hon. Gilbert"",""party"":""D"",""direction"":""sell_partial"",""amount_range"":""$1,001 - $15,000"",""transaction_date"":""2026-02-10"",""days_late"":27,""doc_url"":""https://disclosures-clerk.house.gov/public_disc/ptr-pdfs/2026/20034144.pdf""},{""member"":""Cisneros, Hon. Gilbert"",""party"":""D"",""direction"":""buy"",""amount_range"":""$1,001 - $15,000"",""transaction_date"":""2026-01-09"",""days_late"":35,""doc_url"":""https://disclosures-clerk.house.gov/public_disc/ptr-pdfs/2026/20033983.pdf""},{""member"":""Letlow, Hon. Julia"",""party"":""R"",""direction"":""sell_full"",""amount_range"":""$1,001 - $15,000"",""transaction_date"":""2025-12-08"",""days_late"":36,""doc_url"":""https://disclosures-clerk.house.gov/public_disc/ptr-pdfs/2026/20030977.pdf""},{""member"":""Letlow, Hon. Julia"",""party"":""R"",""direction"":""sell_partial"",""amount_range"":""$1,001 - $15,000"",""transaction_date"":""2025-07-25"",""days_late"":172,""doc_url"":""https://disclosures-clerk.house.gov/public_disc/ptr-pdfs/2026/20030977.pdf""},{""member"":""Letlow, Hon. Julia"",""party"":""R"",""direction"":""buy"",""amount_range"":""$1,001 - $15,000"",""transaction_date"":""2024-11-01"",""days_late"":438,""doc_url"":""https://disclosures-clerk.house.gov/public_disc/ptr-pdfs/2026/20030977.pdf""}]"
BXP,us,"BXP, Inc.",Real Estate Investment Trusts,-1.284,0.545,475,492,-19,"[-1.17,-1.284,-1.191,-1.371,-1.093,-1.257,-1.799,-1.211,-0.997,-1.162,-1.396,-1.284,null,null]",,,,,,3,2026-02-20,"[{""member"":""Letlow, Hon. Julia"",""party"":""R"",""direction"":""sell_full"",""amount_range"":""$1,001 - $15,000"",""transaction_date"":""2026-02-20"",""days_late"":20,""doc_url"":""https://disclosures-clerk.house.gov/public_disc/ptr-pdfs/2026/20034106.pdf""},{""member"":""Cisneros, Hon. Gilbert"",""party"":""D"",""direction"":""sell_full"",""amount_range"":""$1,001 - $15,000"",""transaction_date"":""2025-12-19"",""days_late"":24,""doc_url"":""https://disclosures-clerk.house.gov/public_disc/ptr-pdfs/2026/20033762.pdf""},{""member"":""Letlow, Hon. Julia"",""party"":""R"",""direction"":""buy"",""amount_range"":""$1,001 - $15,000"",""transaction_date"":""2024-10-23"",""days_late"":447,""doc_url"":""https://disclosures-clerk.house.gov/public_disc/ptr-pdfs/2026/20030977.pdf""}]"
AES,us,AES CORP,Cogeneration Services & Small Power Producers,-1.291,0.545,476,492,-119,"[-0.627,-0.845,-0.75,-0.918,-0.921,-1.152,-1.4,-0.814,-0.826,-0.958,-1.163,-1.291,null,null]",,,,,,,,
IEX,us,IDEX CORP /DE/,Pumps & Pumping Equipment,-1.3,0.545,477,492,8,"[-1.111,-1.1,-1.262,-1.515,-1.338,-1.294,-1.743,-1.322,-1.273,-1.435,-1.494,-1.3,null,null]",,,,,,,,
NTRS,us,NORTHERN TRUST CORP,State Commercial Banks,-1.309,0.546,478,492,-29,"[-1.057,-1.059,-1.202,-1.278,-1.21,-1.288,-1.754,-1.326,-0.918,-1.575,-1.375,-1.309,null,null]",,,,,,,,
PNC,us,"PNC FINANCIAL SERVICES GROUP, INC.",National Commercial Banks,-1.318,0.546,479,492,-17,"[-0.722,-1.209,-1.219,-1.21,-1.136,-1.28,-1.749,-1.271,-1.02,-1.156,-1.417,-1.318,null,null]",,,,,,1,2024-10-23,"[{""member"":""Letlow, Hon. Julia"",""party"":""R"",""direction"":""buy"",""amount_range"":""$1,001 - $15,000"",""transaction_date"":""2024-10-23"",""days_late"":447,""doc_url"":""https://disclosures-clerk.house.gov/public_disc/ptr-pdfs/2026/20030977.pdf""}]"
IDXX,us,IDEXX LABORATORIES INC /DE,In Vitro & In Vivo Diagnostic Substances,-1.321,0.546,480,492,-258,"[-1.184,-0.998,-1.082,-1.491,-1.019,-1.231,-1.614,-1.197,-1.105,-0.744,-0.655,-1.321,null,null]",,,,,,1,2026-01-13,"[{""member"":""Delaney, Hon. April McClain"",""party"":null,""direction"":""sell_full"",""amount_range"":""$1,001 - $15,000"",""transaction_date"":""2026-01-13"",""days_late"":20,""doc_url"":""https://disclosures-clerk.house.gov/public_disc/ptr-pdfs/2026/20033921.pdf""}]"
MTB,us,M&T BANK CORP,State Commercial Banks,-1.334,0.547,481,492,-2,"[-1.127,-1.171,-1.309,-1.387,-1.318,-1.24,-1.757,-1.282,-1.177,-1.328,-1.468,-1.334,null,null]",,,,,,,,
STE,us,STERIS plc,"Orthopedic, Prosthetic & Surgical Appliances & Supplies",-1.337,0.547,482,492,9,"[-1.147,-1.264,-1.302,-1.502,-1.271,-1.285,-1.744,-1.389,-1.048,-1.275,-1.56,-1.337,null,null]",,,,,,12,2026-07-31,"[{""member"":""Delaney, Hon. April McClain"",""party"":null,""direction"":""sell_partial"",""amount_range"":""$1,001 - $15,000"",""transaction_date"":""2026-07-31"",""days_late"":3,""doc_url"":""https://disclosures-clerk.house.gov/public_disc/ptr-pdfs/2026/20035118.pdf""},{""member"":""Delaney, Hon. April McClain"",""party"":null,""direction"":""sell_partial"",""amount_range"":""$1,001 - $15,000"",""transaction_date"":""2026-07-29"",""days_late"":5,""doc_url"":""https://disclosures-clerk.house.gov/public_disc/ptr-pdfs/2026/20035118.pdf""},{""member"":""Delaney, Hon. April McClain"",""party"":null,""direction"":""sell_partial"",""amount_range"":""$1,001 - $15,000"",""transaction_date"":""2026-07-27"",""days_late"":7,""doc_url"":""https://disclosures-clerk.house.gov/public_disc/ptr-pdfs/2026/20035118.pdf""},{""member"":""Delaney, Hon. April McClain"",""party"":null,""direction"":""sell_partial"",""amount_range"":""$1,001 - $15,000"",""transaction_date"":""2026-07-24"",""days_late"":10,""doc_url"":""https://disclosures-clerk.house.gov/public_disc/ptr-pdfs/2026/20035118.pdf""},{""member"":""Cisneros, Hon. Gilbert"",""party"":""D"",""direction"":""buy"",""amount_range"":""$1,001 - $15,000"",""transaction_date"":""2026-05-13"",""days_late"":26,""doc_url"":""https://disclosures-clerk.house.gov/public_disc/ptr-pdfs/2026/20034713.pdf""},{""member"":""Cisneros, Hon. Gilbert"",""party"":""D"",""direction"":""buy"",""amount_range"":""$1,001 - $15,000"",""transaction_date"":""2026-05-11"",""days_late"":28,""doc_url"":""https://disclosures-clerk.house.gov/public_disc/ptr-pdfs/2026/20034713.pdf""},{""member"":""Cisneros, Hon. Gilbert"",""party"":""D"",""direction"":""buy"",""amount_range"":""$1,001 - $15,000"",""transaction_date"":""2026-05-01"",""days_late"":7,""doc_url"":""https://disclosures-clerk.house.gov/public_disc/ptr-pdfs/2026/20034500.pdf""},{""member"":""Delaney, Hon. April McClain"",""party"":null,""direction"":""buy"",""amount_range"":""$1,001 - $15,000"",""transaction_date"":""2026-04-30"",""days_late"":6,""doc_url"":""https://disclosures-clerk.house.gov/public_disc/ptr-pdfs/2026/20034487.pdf""}]"
LVS,us,LAS VEGAS SANDS CORP,Hotels & Motels,-1.342,0.547,483,492,-14,"[-0.832,-0.916,-1.267,-1.115,-0.686,-1.11,0.196,-0.978,-0.959,-0.708,-1.424,-1.342,null,null]",,,,,,2,2025-05-08,"[{""member"":""Letlow, Hon. Julia"",""party"":""R"",""direction"":""sell_full"",""amount_range"":""$1,001 - $15,000"",""transaction_date"":""2025-05-08"",""days_late"":250,""doc_url"":""https://disclosures-clerk.house.gov/public_disc/ptr-pdfs/2026/20030977.pdf""},{""member"":""Letlow, Hon. Julia"",""party"":""R"",""direction"":""buy"",""amount_range"":""$1,001 - $15,000"",""transaction_date"":""2024-10-23"",""days_late"":447,""doc_url"":""https://disclosures-clerk.house.gov/public_disc/ptr-pdfs/2026/20030977.pdf""}]"
SNA,us,Snap-on Inc,"Cutlery, Handtools & General Hardware",-1.345,0.547,484,492,0,"[-1.121,-1.217,-1.362,-1.518,-1.274,-1.268,-1.803,-1.278,-1.087,-1.502,-1.492,-1.345,null,null]",,,,,,,,
PRU,us,PRUDENTIAL FINANCIAL INC,Life Insurance,-1.347,0.547,485,492,-2,"[-1.214,-1.136,-1.181,-0.973,-1.053,-1.2,-1.599,-1.316,-0.989,-1.188,-1.489,-1.347,null,null]",,,,,,4,2026-04-23,"[{""member"":""Smucker, Hon. Lloyd K."",""party"":""R"",""direction"":""sell_full"",""amount_range"":""$1,001 - $15,000"",""transaction_date"":""2026-04-23"",""days_late"":7,""doc_url"":""https://disclosures-clerk.house.gov/public_disc/ptr-pdfs/2026/20019182.pdf""},{""member"":""Cisneros, Hon. Gilbert"",""party"":""D"",""direction"":""sell_full"",""amount_range"":""$1,001 - $15,000"",""transaction_date"":""2026-02-10"",""days_late"":27,""doc_url"":""https://disclosures-clerk.house.gov/public_disc/ptr-pdfs/2026/20034144.pdf""},{""member"":""Cisneros, Hon. Gilbert"",""party"":""D"",""direction"":""buy"",""amount_range"":""$1,001 - $15,000"",""transaction_date"":""2026-01-09"",""days_late"":35,""doc_url"":""https://disclosures-clerk.house.gov/public_disc/ptr-pdfs/2026/20033983.pdf""},{""member"":""Rulli, Hon. Michael"",""party"":""R"",""direction"":""sell_full"",""amount_range"":""$1,001 - $15,000"",""transaction_date"":""2025-05-07"",""days_late"":457,""doc_url"":""https://disclosures-clerk.house.gov/public_disc/ptr-pdfs/2026/20035147.pdf""}]"
DLR,us,"DIGITAL REALTY TRUST, INC.",Real Estate Investment Trusts,-1.361,0.547,486,492,-29,"[-0.916,-1.284,-1.102,-1.257,-1.085,-1.206,-1.751,-1.308,-1.135,-1.242,-1.398,-1.361,null,null]",,,,,,,,
RJF,us,RAYMOND JAMES FINANCIAL INC,"Security Brokers, Dealers & Flotation Companies",-1.368,0.548,487,492,-93,"[-1.019,-0.989,-1.018,-1.152,-0.973,-1.066,-1.654,-1.084,-0.709,-1.109,-1.259,-1.368,null,null]",,,,,,,,
HSIC,us,HENRY SCHEIN INC,"Wholesale-Medical, Dental & Hospital Equipment & Supplies",-1.369,0.548,488,492,-36,"[-1.163,-1.089,-1.339,-1.433,-1.131,-1.213,-1.667,-1.228,-1.134,-1.317,-1.386,-1.369,null,null]",,,,,,,,
PFG,us,PRINCIPAL FINANCIAL GROUP INC,Accident & Health Insurance,-1.371,0.548,489,492,-26,"[-1.141,-1.248,-1.161,-1.353,-1.067,-1.321,-1.75,-1.218,-1.015,-1.503,-1.418,-1.371,null,null]",,,,,,,,
STT,us,STATE STREET CORP,State Commercial Banks,-1.374,0.548,490,492,-72,"[-0.967,-1.111,-1.205,-1.335,-1.124,-1.333,-1.696,-1.273,-1.019,-1.279,-1.309,-1.374,null,null]",,,,,,5,2026-05-18,"[{""member"":""Auchincloss, Hon. Jake"",""party"":""D"",""direction"":""sell_partial"",""amount_range"":""$15,001 - $50,000"",""transaction_date"":""2026-05-18"",""days_late"":4,""doc_url"":""https://disclosures-clerk.house.gov/public_disc/ptr-pdfs/2026/20034622.pdf""},{""member"":""Auchincloss, Hon. Jake"",""party"":""D"",""direction"":""sell_partial"",""amount_range"":""$15,001 - $50,000"",""transaction_date"":""2026-05-18"",""days_late"":4,""doc_url"":""https://disclosures-clerk.house.gov/public_disc/ptr-pdfs/2026/20034622.pdf""},{""member"":""Auchincloss, Hon. Jake"",""party"":""D"",""direction"":""sell_partial"",""amount_range"":""$15,001 - $50,000"",""transaction_date"":""2026-02-17"",""days_late"":2,""doc_url"":""https://disclosures-clerk.house.gov/public_disc/ptr-pdfs/2026/20034024.pdf""},{""member"":""Letlow, Hon. Julia"",""party"":""R"",""direction"":""sell_partial"",""amount_range"":""$1,001 - $15,000"",""transaction_date"":""2025-11-21"",""days_late"":53,""doc_url"":""https://disclosures-clerk.house.gov/public_disc/ptr-pdfs/2026/20030977.pdf""},{""member"":""Letlow, Hon. Julia"",""party"":""R"",""direction"":""buy"",""amount_range"":""$1,001 - $15,000"",""transaction_date"":""2025-05-27"",""days_late"":231,""doc_url"":""https://disclosures-clerk.house.gov/public_disc/ptr-pdfs/2026/20030977.pdf""}]"
ROST,us,"ROSS STORES, INC.",Retail-Family Clothing Stores,-1.385,0.548,491,492,-178,"[-1.061,-1.079,-1.199,-1.334,-1.162,-1.109,-1.657,-1.269,-0.969,-0.924,-1.046,-1.385,null,null]",,,,,,,,
TROW,us,PRICE T ROWE GROUP INC,Investment Advice,-1.446,0.55,492,492,-78,"[-1.023,-1.275,-1.365,-1.192,-1.115,-1.196,-1.593,-1.298,-0.863,-1.163,-1.303,-1.446,null,null]",,,,,,1,2026-03-20,"[{""member"":""Hern, Hon. Kevin"",""party"":""R"",""direction"":""sell_full"",""amount_range"":""$15,001 - $50,000"",""transaction_date"":""2026-03-20"",""days_late"":14,""doc_url"":""https://disclosures-clerk.house.gov/public_disc/ptr-pdfs/2026/20034262.pdf""}]"
